Institute,City,Degree,Duration,Fee,Deadline,Subject
School Of Nursing And Midwifery,Muzafargarh,B.Sc.,1 Years,0,31-03-2020,Accident Emergency
The Islamia University Of Bahawalpur,Bahawal Pur,BS,4 Years,48115,30-06-2025,Administrative Sciences
Kasb [ Khadim Ali Shah Bukhari ]  Institute Of Technology,Karachi,AD,2 Years,0,01-10-2022,Administrative Sciences
Institute Of Space Technology,Islamabad,BS,4 Years,147659,31-07-2025,Aerospace Engineering
College Of Aeronautical Engineering,Risalpur,BE,4 Years,174050,25-01-2026,Aerospace Engineering
Aeroline Institute Of Aviation Studies,Lahore,BS,4 Years,0,27-04-2018,Aerospace Engineering
University Of Haripur,Haripur,BS,4 Years,48829,26-01-2026,Aesthetics And Cosmetology
Bolan University Of Medical & Health Sciences,Quetta,BS,4 Years,0,20-01-2026,Aesthetics And Cosmetology
Khawaja Fareed University Of Engineering & Information Technology,Rahim Yar Khan,BS,4 Years,40250,05-01-2026,Aesthetics And Cosmetology
Pir Mahar Ali Shah Arid Agriculture University,Rawalpindi,BS,4 Years,0,08-08-2025,Aesthetics And Cosmetology
Rashid Latif Khan University,Lahore,BS,4 Years,0,25-10-2025,Aesthetics And Cosmetology
The Superior University,Lahore,BS,4 Years,0,31-01-2026,Aesthetics And Cosmetology
University Of Management And Technology,Lahore,BS,4 Years,0,16-11-2024,Aesthetics And Cosmetology
Gandhara University,Peshawar,BS,4 Years,0,25-10-2025,Aesthetics And Cosmetology
Health Services Academy,Islamabad,BS,4 Years,0,31-01-2026,Aesthetics And Cosmetology
University Of Agriculture,Faisalabad,B.Sc. [Hons],4 Years,46200,28-07-2025,Agricultural Resource Economics
Muhammad Nawaz Sharif University Of Agriculture,Multan,BS,4 Years,25200,29-09-2025,Agricultural Resource Economics
University Of Sargodha,Sargodha,BS,4 Years,30000,15-12-2025,Agricultural Resource Economics
Sindh Agriculture University,Tando Jam,BSC (AGRI.) HON,4 Years,25000,30-09-2025,Agricultural Education Extension
University Of Agriculture,Faisalabad,BS,4 Years,0,28-07-2025,Agricultural Biotechnology
University Of Layyah,Layyah,BS,4 Years,0,17-07-2023,Agricultural Biotechnology
The Islamia University Of Bahawalpur,Bahawal Pur,BS,4 Years,48115,30-06-2025,Agricultural Business
Ghazi University,D.g.khan,BS,4 Years,0,04-07-2025,Agricultural Business
University Of Agriculture,Faisalabad,BBA,4 Years,46200,28-07-2025,Agricultural Business
"Bahauddin Zakariya University, Multan",Multan,B.Sc.,4 Years,25150,02-01-2026,Agricultural Business
Muhammad Nawaz Sharif University Of Agriculture,Multan,BBA,4 Years,25200,29-09-2025,Agricultural Business
"Unversity Of The Poonch, Rawala Kot",Rawala Kot,BS,4 Years,0,20-08-2025,Agricultural Business
Sukkur Iba University,Sukkur,BBA,4 Years,120000,26-06-2023,Agricultural Business
"University Of Agriculture Faisalabad, Sub Campu",Burewala,BBA,4 Years,46200,28-07-2025,Agricultural Business
University Of Agriculture Faisalabad[sub Campus],Depal Pur,BS,4 Years,60000,28-07-2025,Agricultural Business
Sindh Agriculture University,Tando Jam,BSC (AGRI.) HON,4 Years,25000,30-09-2025,Agricultural Economics Statistics
University Of Agriculture,Faisalabad,BS,4 Years,0,28-07-2025,Agricultural Extension
Allama Iqbal Open University,Islamabad,BS,4 Years,0,10-02-2026,Agricultural Extension
"Lasbela University Of Agriculture, Water And Marine Sciences, Wadh Campus",Wadh,BS,4 Years,17000,15-10-2022,Agricultural Extension
University Of The Punjab,Lahore,BS,4 Years,41940,25-09-2025,Agricultural Sciences
The University Of Larkano,Larkana,BS,4 Years,0,27-08-2025,Agricultural Sciences
"University Of Agriculture Faisalabad, Sub Campu",Burewala,B.Sc. [Hons],4 Years,46200,28-07-2025,Agricultural Sciences
University Of Karachi,Karachi,BS (HONS),4 Years,38500,28-11-2025,Agriculture Agribusiness Management
The Islamia University Of Bahawalpur,Bahawal Pur,B.Sc. [Hons],4 Years,49665,30-06-2025,Agriculture
Bacha Khan University,Charsadda,B.Sc. [Hons],4 Years,37000,22-09-2025,Agriculture
Ghazi University,D.g.khan,B.Sc. [Hons],4 Years,21300,04-07-2025,Agriculture
Gomal University,D.i. Khan,B.Sc. [Hons],4 Years,46600,31-07-2025,Agriculture
University Of Agriculture,Faisalabad,B.Sc. [Hons],4 Years,46200,28-07-2025,Agriculture
University Of Haripur,Haripur,BS,4 Years,20109,26-01-2026,Agriculture
Allama Iqbal Open University,Islamabad,B.Sc. [Hons],4 Years,16060,10-02-2026,Agriculture
"Lasbela University Of Agriculture, Water And Marine Sciences, Uthal",Lasbela,BS,4 Years,21500,20-10-2025,Agriculture
University Of Layyah,Layyah,B.Sc. [Hons],4 Years,22230,17-07-2023,Agriculture
University Of Loralai,Loralai,BS,4 Years,11300,18-08-2025,Agriculture
Hazara University,Mansehra,BS,4 Years,38980,01-09-2025,Agriculture
"Abdul Wali Khan University, Mardan",Mardan,BSC (AGRI.) HON,4 Years,45000,18-08-2025,Agriculture
"Bahauddin Zakariya University, Multan",Multan,B.Sc. [Hons],4 Years,25150,02-01-2026,Agriculture
Muhammad Nawaz Sharif University Of Agriculture,Multan,B.Sc. [Hons],4 Years,25200,29-09-2025,Agriculture
University Of Okara,Okara,BS,4 Years,0,18-07-2025,Agriculture
The University Of Agriculture,Peshawar,B.Sc. [Hons],4 Years,23000,09-01-2026,Agriculture
Khawaja Fareed University Of Engineering & Information Technology,Rahim Yar Khan,BS,4 Years,40250,05-01-2026,Agriculture
"Unversity Of The Poonch, Rawala Kot",Rawala Kot,BS (HONS),4 Years,35200,20-08-2025,Agriculture
Pir Mahar Ali Shah Arid Agriculture University,Rawalpindi,B.Sc. [Hons],4 Years,23150,08-08-2025,Agriculture
University Of Sargodha,Sargodha,B.Sc. [Hons],4 Years,30000,15-12-2025,Agriculture
Mir Chakar Khan Rind University,Sibi,BS (HONS),4 Years,0,31-07-2025,Agriculture
Muhammad Nawazaz Sharif University Of Agriculture,Universal City Code,B.Sc. [Hons],4 Years,0,15-10-2012,Agriculture
"Shaheed Benazir Bhutto University, Sheringal",Upper Dir,BS,4 Years,30010,10-10-2025,Agriculture
"Pir Mehr Ali Shah Arid Agriculture University Rawalpindi, Sub Campus",Attock,B.Sc. [Hons],4 Years,0,08-08-2025,Agriculture
The Islamia University Of Bahawalpur[sub Campus],Bahawal Nagar,B.Sc. [Hons],4 Years,48115,10-02-2022,Agriculture
University Of Agriculture Faisalabad[sub Campus],Depal Pur,B.Sc. [Hons],4 Years,46200,28-07-2025,Agriculture
"Lasbela University Of Agriculture, Water And Marine Sciences ( Dera Murad Jamali Campus)",Dera Murad Jamali,BS,4 Years,0,14-10-2023,Agriculture
"Government College University Lahore, Kala Shah Kaku Campus",Kala Shah Kaku,BS,4 Years,0,11-12-2025,Agriculture
Arid Agriculture University Rawalpindi ( Khushab Campus ),Khushab,B.Sc. [Hons],4 Years,23150,08-08-2025,Agriculture
The University Of Agriculture Peshawar (amir Muhammad Khan Campus),Mardan,B.Sc. [Hons],4 Years,32000,25-11-2024,Agriculture
The Islamic University Of Bahawalpur[rahimyar Khan Campus],Rahim Yar Khan,B.Sc. [Hons],4 Years,49665,10-02-2022,Agriculture
Comsats University Islamabad ( Sahiwal Campus ),Sahiwal,BS,4 Years,112200,15-08-2025,Agriculture
Comsats University Islamabad ( Vehari Campus ),Vehari,BS,4 Years,112200,16-01-2026,Agriculture
University College Of Agriculture,D.i. Khan,B.Sc. [Hons],4 Years,0,01-01-1970,Agriculture
Shaheed Zulfiqar Ali Bhutto Agricultural College,Dokri,BSC (AGRI.) HON,4 Years,0,06-10-2023,Agriculture
Shaheed Zulfiqar Ali Bhutto Agricultural College Dokri,Larkana,B.Sc. [Hons],4 Years,0,07-01-2012,Agriculture
Agriculture College Panjgur,Panjgur,B.Sc. [Hons],4 Years,0,30-09-2025,Agriculture
Balochistan Agriculture College,Quetta,B.Sc. [Hons],4 Years,0,31-10-2025,Agriculture
University College Of Agriculture,Rawala Kot,B.Sc. [Hons],4 Years,0,01-01-1970,Agriculture
Abdul Wali Khan University [palosa Campus],Charsadda,B.Sc. [Hons],2 Years,41794,30-11--0001,Agriculture
"Abdul Wali Khan University ( Anbar Campus, Swabi )",Swabi,B.Sc.,4 Years,0,13-08-2012,Agriculture
College Of Agriculture,D.g.khan,B.Sc. [Hons],4 Years,0,05-10-2013,Agriculture
The University Of Agriculture,Peshawar,BS,4 Years,42100,15-08-2025,Agriculture Business Management
University Of Agriculture,Faisalabad,B.Sc. [Engg.],4 Years,60500,28-07-2025,Agriculture Engineering
"Bahauddin Zakariya University, Multan",Multan,B.Sc. [Engg.],4 Years,25150,18-08-2025,Agriculture Engineering
Muhammad Nawaz Sharif University Of Agriculture,Multan,BS,4 Years,25200,29-09-2025,Agriculture Engineering
"University Of Engineering & Technology, Peshawar",Peshawar,B.Sc. [Engg.],4 Years,85000,19-08-2025,Agriculture Engineering
Khawaja Fareed University Of Engineering & Information Technology,Rahim Yar Khan,BS,4 Years,40250,05-01-2026,Agriculture Engineering
Pir Mahar Ali Shah Arid Agriculture University,Rawalpindi,B.Sc. [Hons],4 Years,32000,08-08-2025,Agriculture Engineering
Sindh Agriculture University,Tando Jam,B.Sc. [Engg.],4 Years,25000,30-09-2025,Agriculture Engineering
Khairpur College Of Agricultural Engineering And Technology,Khair Pur,BE,4 Years,0,30-09-2025,Agriculture Engineering
University Of Agriculture,Faisalabad,BS,4 Years,0,28-07-2025,Agronomy
Karakuram International University,Gilgit,BS,4 Years,41900,03-08-2023,Agronomy
The University Of Larkano,Larkana,BSC (AGRI.) HON,4 Years,0,24-06-2025,Agronomy
"Bahauddin Zakariya University, Multan",Multan,BS,4 Years,0,15-09-2025,Agronomy
University Of Sargodha,Sargodha,BS,4 Years,30000,12-07-2024,Agronomy
University Of Swabi,Swabi,B.Sc. [Hons],4 Years,51270,16-09-2025,Agronomy
Sindh Agriculture University,Tando Jam,BSC (AGRI.) HON,4 Years,25000,30-09-2025,Agronomy
"Sindh Agriculture University, Umerkot Campus",Umerkot,B.Sc. [Hons],4 Years,0,30-09-2025,Agronomy
King Edward Medical University / Mayo Hospital,Lahore,B.Sc. [Hons],4 Years,54000,10-12-2025,Anaesthesia Technician
University Of Azad Jammu & Kashmir,Muzaffarabad,BS,4 Years,0,08-08-2025,Anaesthesia Technician
Northwest Institute Of Healths Ciences,Peshawar,B.Sc. [Hons],4 Years,0,27-09-2025,Anaesthesia Technician
School Of Health Sciences,Peshawar,BS,4 Years,0,30-11-2020,Anaesthesia Technician
Gomal University,D.i. Khan,BS,4 Years,0,31-07-2025,Anaesthesiology
Khyber Medical University,Peshawar,B.Sc.,4 Years,80000,30-10-2025,Anaesthesiology
The University Of Faisalabad,Faisalabad,BS,4 Years,198000,07-10-2023,Anaesthesiology
Shifa Tameer-e-millat University,Islamabad,B.Sc.,4 Years,188000,18-11-2025,Anaesthesiology
Shifa Tameer-e-millat University,Islamabad,AD,2.5 Years,14000,18-11-2025,Anaesthesiology
Green International University,Lahore,BS,4 Years,0,02-09-2025,Anaesthesiology
Northern University,Nowshera,BS,4 Years,30250,16-02-2026,Anaesthesiology
Abasyn University,Peshawar,BS,4 Years,0,01-02-2026,Anaesthesiology
City University Of Science & Information Technology,Peshawar,BS,4 Years,0,10-11-2025,Anaesthesiology
Gandhara University,Peshawar,BS,4 Years,0,25-10-2025,Anaesthesiology
Iqra National University,Peshawar,BS,4 Years,73134,07-02-2026,Anaesthesiology
Amanullah Khan Medical Institute,Abbottabad,BS,4 Years,0,05-11-2022,Anaesthesiology
Hafeez Institute Of Medical Sciences,Peshawar,BS,4 Years,0,13-12-2021,Anaesthesiology
Institute Of Health Care Management And Development,Peshawar,BS,4 Years,0,28-02-2024,Anaesthesiology
Nisa Institute Of Science & Arts,Quetta,BS,4 Years,0,19-09-2024,Anaesthesiology
Kings Institute Of Nursing And Allied Health Sciences,Saidu Sharif,BS,4 Years,0,26-11-2022,Anaesthesiology
Bashir Institute Of Health Sciences,Islamabad,BS,4 Years,0,08-03-2023,Anaesthesiology
National Institute Of Health And Management Sciences,Peshawar,BS (HONS),4 Years,0,20-12-2025,Anaesthesiology
Premier Institute Of Health And Management Sciences,Peshawar,BS,4 Years,0,17-09-2024,Anaesthesiology
Karakuram International University,Gilgit,BS,4 Years,0,10-08-2025,Analytical Chemistry
"Shaheed Benazir Bhutto University, Nawab Shah",Nawab Shah,BS,4 Years,18000,30-10-2018,Analytical Chemistry
The University Of Lahore ( Main Campus ),Lahore,BS,4 Years,130000,18-01-2020,Analytical Chemistry
University Of Science & Technology,Bannu,BS,4 Years,0,20-09-2025,Anesthesia Technology
The University Of Buner,Buner,BS,4 Years,0,18-09-2025,Anesthesia Technology
University Of Haripur,Haripur,BS,4 Years,59434,26-01-2026,Anesthesia Technology
"Shaheed Zulfiqar Ali Bhutto Medical University, Pims",Islamabad,BS,4 Years,0,22-10-2025,Anesthesia Technology
University Of Loralai,Loralai,BS,4 Years,11300,18-08-2025,Anesthesia Technology
Nishtar Medical College / Nishter Hospital,Multan,BS,4 Years,0,06-01-2026,Anesthesia Technology
Peoples University Of Medical And Health Sciences For Women,Nawab Shah,BS,4 Years,0,16-12-2024,Anesthesia Technology
Bolan University Of Medical & Health Sciences,Quetta,BS,4 Years,0,20-01-2026,Anesthesia Technology
University Of Swabi,Swabi,BS,4 Years,51270,16-09-2025,Anesthesia Technology
Muslim Youth University,Islamabad,BS,4 Years,0,29-10-2025,Anesthesia Technology
Lahore University Of Biological & Applied Sciences,Lahore,BS,4 Years,0,31-01-2026,Anesthesia Technology
The Superior University,Lahore,BS,4 Years,0,31-01-2026,Anesthesia Technology
The University Of Lahore ( Main Campus ),Lahore,BS,4 Years,0,03-01-2026,Anesthesia Technology
University Of Management And Technology,Lahore,BS,4 Years,0,16-11-2024,Anesthesia Technology
Cecos University Of Information Tech. & Emerging Sciences,Peshawar,BS,4 Years,0,28-07-2025,Anesthesia Technology
Sarhad University Of Science & Information Technology,Peshawar,BBS,2 Years,56500,05-12-2025,Anesthesia Technology
Al- Hamd Islamic University,Quetta,BS,4 Years,0,18-08-2024,Anesthesia Technology
"Kmu Institute Of Health Sciences, G. I. Khan Campus",D.i. Khan,BS,4 Years,0,11-09-2025,Anesthesia Technology
"Kmu Institute Of Health Sciences, Kohat",Kohat,BS,4 Years,0,11-09-2025,Anesthesia Technology
"Kmu Institute Of Health Sciences, Hazara",Mansehra,BS,4 Years,0,11-09-2025,Anesthesia Technology
"Institute Of Health Sciences, Kurram",Para Chinar,BS,4 Years,0,11-09-2025,Anesthesia Technology
Kmu Institute Of Health Sciences,Swabi,BS,4 Years,0,11-09-2025,Anesthesia Technology
Kmu Institute Of Health Sciences,Swat,BS,4 Years,0,11-09-2025,Anesthesia Technology
"Riphah International University, Faisalabad Campus",Faisalabad,BS,4 Years,0,18-10-2025,Anesthesia Technology
Alhamd Islamic University [ibd],Islamabad,BS,4 Years,0,28-02-2023,Anesthesia Technology
"Iqra University, Chak Shahzad Campus",Islamabad,BS,4 Years,111180,29-02-2024,Anesthesia Technology
Riphah International University Lahore,Lahore,BS,4 Years,0,25-01-2026,Anesthesia Technology
"Iqra National Univesity, Swat Campus",Swat,BS,4 Years,73638,30-09-2025,Anesthesia Technology
Institute Of Health Sciences,Islamabad,BS,4 Years,0,11-09-2025,Anesthesia Technology
Bacha Khan Medical College,Mardan,BS,4 Years,0,28-11-2025,Anesthesia Technology
Khyber Institute Of Medical Sciences,Charsadda,BS,4 Years,0,18-12-2022,Anesthesia Technology
Capital College Of Health Sciences,Islamabad,BS,4 Years,0,20-09-2022,Anesthesia Technology
College Of Medical Technology/pims,Islamabad,BS,4 Years,0,18-09-2025,Anesthesia Technology
Hbs Medical And Dental College,Islamabad,BS,4 Years,0,27-12-2025,Anesthesia Technology
Prime Institute Of Health & Management Sciences,Mardan,BS,4 Years,0,19-01-2023,Anesthesia Technology
Ahmad Medical Institute,Peshawar,BS,4 Years,0,28-11-2020,Anesthesia Technology
Asian Institute Of Medical & Management Sciences,Peshawar,BS,4 Years,0,28-12-2023,Anesthesia Technology
Ghazali Institute Of Medical Sciences,Peshawar,BS,4 Years,0,08-09-2025,Anesthesia Technology
Hallmark College Of Pharmacy,Peshawar,BS,4 Years,0,29-01-2021,Anesthesia Technology
Hefa Foundation,Peshawar,BS,4 Years,0,05-11-2020,Anesthesia Technology
Institute Of Health Sciences,Peshawar,BS,4 Years,0,22-01-2022,Anesthesia Technology
International College Of Health Sciences,Peshawar,BS,4 Years,0,19-11-2022,Anesthesia Technology
Khyber Pakhtunkhwa Institute Of Medical Sciences,Peshawar,BS,4 Years,0,15-01-2022,Anesthesia Technology
National College Of Nursing,Peshawar,BS,4 Years,0,20-12-2025,Anesthesia Technology
Razi Institute Of Medical Sciences,Peshawar,BS,4 Years,0,01-12-2021,Anesthesia Technology
Pir Abdul Qadir Shah Jeelani Institute Of Medical Sciences,Gambat,BS,4 Years,0,07-03-2025,Anesthesia Technology
Health Services Academy,Islamabad,BS,4 Years,0,31-01-2026,Anesthesia Technology
Sindh Institute Of Urology And Transplantation,Karachi,BS,4 Years,0,03-12-2025,Anesthesia Technology
Kmu Institute Of Medical Sciences,Kohat,BS,4 Years,0,18-10-2024,Anesthesia Technology
The Childrens Hospital & The Institute Of Child Health,Lahore,BS,4 Years,0,29-11-2024,Anesthesia Technology
Vertex Institute Of Science & Technology,Abbottabad,BS,4,0,18-04-2025,Anesthesia Technology
Dr. Ihsanullah Khan Medical Institute,Charsadda,BS,4 Years,0,02-10-2022,Anesthesia Technology
Aman Medical Institute,Islamabad,BS,4 Years,0,01-01-2022,Anesthesia Technology
Prime Institute Of Health Sciences,Islamabad,BS,4 Years,0,01-10-2025,Anesthesia Technology
Kmu Institute Of Health Sciences,Mardan,BS,4 Years,0,11-09-2025,Anesthesia Technology
Rehman Medical Institute,Peshawar,BS,4 Years,0,13-09-2025,Anesthesia Technology
Seena Institute Of Medical Sciences,Swabi,BS,4 Years,0,09-01-2022,Anesthesia Technology
Cholistan University Of  Veterinary & Animal Sciences,Bahawal Pur,AD,2 Years,37500,15-08-2024,Animal Sciences
Cholistan University Of  Veterinary & Animal Sciences,Bahawal Pur,BS (HONS),4 Years,37500,15-08-2024,Animal Sciences
The Islamia University Of Bahawalpur,Bahawal Pur,BS,4 Years,49665,30-06-2025,Animal Sciences
Azad Jammu & Kashmir University Of Bhimber,Bhimber,BS,4 Years,0,08-09-2024,Animal Sciences
Gomal University,D.i. Khan,BS,4 Years,46600,31-07-2025,Animal Sciences
University Of Agriculture,Faisalabad,B.Sc. [Hons],4 Years,46200,28-07-2025,Animal Sciences
Karakuram International University,Gilgit,BS,4 Years,41900,03-08-2023,Animal Sciences
"Abdul Wali Khan University, Mardan",Mardan,BS,4 Years,35000,18-08-2025,Animal Sciences
Muhammad Nawaz Sharif University Of Agriculture,Multan,BS,4 Years,25200,29-09-2025,Animal Sciences
The University Of Agriculture,Peshawar,BS,4 Years,33000,20-09-2024,Animal Sciences
"Unversity Of The Poonch, Rawala Kot",Rawala Kot,BS,4 Years,0,27-09-2024,Animal Sciences
Pir Mahar Ali Shah Arid Agriculture University,Rawalpindi,BS,4 Years,45650,08-08-2025,Animal Sciences
University Of Baltistan,Sakardu,BS,4 Years,0,10-11-2017,Animal Sciences
University Of Sargodha,Sargodha,BS,4 Years,30000,15-12-2025,Animal Sciences
"Mirpur University Of Science & Technology, Bhimber Campus",Bhimber,BS (HONS),4 Years,0,31-07-2023,Animal Sciences
Arid Agriculture University Rawalpindi ( Khushab Campus ),Khushab,BS,4 Years,45650,08-08-2025,Animal Sciences
University Of Agriculture Faisal Abad[toba Tek Singh Campus],Toba Tek Singh,BS,4 Years,0,28-07-2025,Animal Sciences
National Textile University,Faisalabad,BS,4 Years,86000,31-07-2023,Animation
Ned University Of Engineering & Technology,Karachi,BS,4 Years,46670,20-05-2025,Animation
"University Of Engineering & Technology, Lahore",Lahore,BS,4 Years,0,22-03-2026,Animation
Baba Guru Nanak University,Nankana Sahib,BS,4 Years,30150,19-09-2025,Animation
The University Of Lahore ( Main Campus ),Lahore,BS,4 Years,0,14-09-2024,Animation
"Iqra University, H-9 Campus",Islamabad,AD,2 Years,0,10-09-2025,Animation
"Pak- Austria Fachhuochschule, Institute Of Applied Sciences And Technology",Haripur,BS,4 Years,0,31-12-2025,Animation
Institute For Art And Culture,Lahore,BS,4 Years,0,03-09-2025,Animation
The Islamia University Of Bahawalpur,Bahawal Pur,BS,4 Years,43015,30-06-2025,Anthropology
Karakuram International University,Gilgit,BS,4 Years,36400,10-08-2025,Anthropology
International Islamic University,Islamabad,BS,4 Years,50400,31-12-2025,Anthropology
Quaid-e-azam University,Islamabad,BS,4 Years,54565,29-07-2025,Anthropology
University Of Sindh,Jamshoro,BS,4 Years,15200,14-09-2025,Anthropology
"Bahauddin Zakariya University, Multan",Multan,BS,4 Years,25150,15-09-2025,Anthropology
University Of Okara,Okara,BS,4 Years,0,18-07-2025,Anthropology
University Of Balochistan,Quetta,BS,4 Years,32000,11-08-2025,Anthropology
Fatima Jinnah Women University,Rawalpindi,BS,4 Years,52050,18-08-2025,Anthropology
Pir Mahar Ali Shah Arid Agriculture University,Rawalpindi,BS,4 Years,45650,08-08-2025,Anthropology
Lahore University Of Management Sciences,Lahore,B.Sc. [Hons],4 Years,680400,10-03-2026,Anthropology Sociology
National Textile University,Faisalabad,BS,4 Years,80000,31-07-2023,Apparel Manufacturing Merchandizing
Textile Institute Of Pakistan,Karachi,BBA (H),4 Years,180000,30-06-2024,Apparel Manufacturing Merchandizing
The Government Sadiq College Women University,Bahawal Pur,BS,4 Years,27340,28-01-2026,Applied Psychology
The Islamia University Of Bahawalpur,Bahawal Pur,BS,4 Years,44015,30-06-2025,Applied Psychology
Gomal University,D.i. Khan,BS,4 Years,0,09-01-2026,Applied Psychology
Government College University,Faisalabad,AD,2 Years,24300,24-06-2025,Applied Psychology
Government College University,Faisalabad,BA [HONS],4 Years,24300,24-06-2025,Applied Psychology
Lahore College For Women University,Lahore,BBA,4 Years,51430,25-09-2025,Applied Psychology
University Of The Punjab,Lahore,BS,4 Years,41940,25-09-2025,Applied Psychology
University Of Layyah,Layyah,BS,4 Years,28460,17-07-2023,Applied Psychology
"Bahauddin Zakariya University, Multan",Multan,BS,4 Years,20150,15-09-2025,Applied Psychology
The Women University,Multan,BS,4 Years,25750,23-09-2024,Applied Psychology
University Of Sahiwal,Sahiwal,BS,4 Years,31440,31-07-2025,Applied Psychology
Riphah International University,Islamabad,BS,4 Years,127118,30-07-2025,Applied Psychology
Beaconhouse National University,Lahore,B.Sc.,4 Years,169050,22-08-2025,Applied Psychology
Forman Christian College,Lahore,BS,4 Years,358200,30-11-2025,Applied Psychology
Lahore Garrison University,Lahore,BS,4 Years,174635,30-11--0001,Applied Psychology
"The Islamia University Of Bahawalpur, Ahmadpur East Campus",Ahmadpur East,BS,4 Years,44015,30-06-2024,Applied Psychology
The Islamia University Of Bahawalpur[sub Campus],Bahawal Nagar,BS,4 Years,36600,30-06-2025,Applied Psychology
"The Islamia University Of Bahawalpur, Liaqatpur Campus",Liaqatpur,BS,4 Years,44015,30-06-2025,Applied Psychology
National University Of Modern Languages ( Quetta Campus ),Quetta,BS,4 Years,84580,13-08-2025,Applied Psychology
The Islamic University Of Bahawalpur[rahimyar Khan Campus],Rahim Yar Khan,BS,4 Years,44015,30-06-2025,Applied Psychology
"Bahauddin Zakariya University, ( Vehari Campus )",Vehari,BS,4 Years,20150,02-01-2026,Applied Psychology
"Riphah International University, Faisalabad Campus",Faisalabad,BS,4 Years,98000,18-10-2025,Applied Psychology
Government Post Graduate College Of Science,Faisalabad,BS,4 Years,0,23-10-2021,Applied Psychology
Government Post Graduate College For Women [satellite Town],Gujranwala,BS,4 Years,0,10-09-2024,Applied Psychology
Apwa Degree College For Women[jail Road],Lahore,CERT,4 Years,3500,02-10-2024,Applied Psychology
Government College For Women [gulberg],Lahore,BS,4 Years,0,15-05-2024,Applied Psychology
Government College For Women[gulberg],Lahore,BS,4 Years,0,28-10-2022,Applied Psychology
Government College Of Science[wahdat Road],Lahore,BS,4 Years,0,14-09-2024,Applied Psychology
Government College [township],Lahore,CERT,4 Years,0,07-09-2024,Applied Psychology
Government Fatima Jinnah College For Women,Lahore,BS (HONS),4 Years,0,05-10-2020,Applied Psychology
Government Islamia Post Graduate College For Women,Lahore,BS,4 Years,0,17-09-2019,Applied Psychology
Government Islamia Post Graduate College For Women [cooper Road],Lahore,BS,4 Years,0,21-09-2023,Applied Psychology
Government M.a.o College,Lahore,BS (HONS),4 Years,0,31-12-2022,Applied Psychology
Government Post Graduate College For Women [samanabad],Lahore,BS (HONS),4 Years,0,28-10-2021,Applied Psychology
University Of Home Economics,Lahore,BS,4 Years,0,25-07-2025,Applied Psychology
Emerson University Multan,Multan,BS,4 Years,0,15-08-2025,Applied Psychology
Government Post Graduate College[asghar Mall ],Rawalpindi,BS,4 Years,0,17-08-2025,Applied Psychology
Vertex College Of Science & Technology,Abbottabad,BS,4 Years,0,28-02-2020,Applied Psychology
King College Of Health Sciences,Bahawal Pur,BS (HONS),4 Years,0,30-11-2016,Applied Psychology
Layallpur Institute Of Management & Sciences ( Lims ),Faisalabad,BS,4 Years,0,14-10-2017,Applied Psychology
"Mustafa College For Women,jamia Qadria Rizvia Campus",Faisalabad,BS,4 Years,0,10-08-2024,Applied Psychology
Advance Life College Of Medical Sciences,Lahore,BS,4 Years,0,30-11-2016,Applied Psychology
Hussain College Of Health Sciences,Lahore,BS,4 Years,0,31-08-2025,Applied Psychology
Center Of Advanced Studies In Health & Technology,Rawalpindi,BS,4 Years,0,05-10-2023,Applied Psychology
Kings College Of Health Sciences,Sahiwal,BS,4 Years,0,30-11-2016,Applied Psychology
Vertex Institute Of Science & Technology,Abbottabad,BS,4 Years,0,01-10-2024,Applied Psychology
Faisal Institute Of Health Sciences,Faisalabad,BS,4 Years,0,25-10-2025,Applied Psychology
Women Institute Of Science & Humanities,Islamabad,BS,4 Years,0,12-01-2018,Applied Psychology
Afro-asian Institute,Lahore,BS,4 Years,0,10-08-2023,Applied Psychology
Multan Institute Of Health Sciences,Multan,BS,4 Years,0,17-09-2017,Applied Psychology
"Bahauddin Zakariya University, Lahore Campus",Lahore,BS (HONS),4 Years,32000,30-11--0001,Applied Psychology
Government College University,Faisalabad,BS,4 Years,28200,12-01-2026,Applied Chemistry
National Textile University,Faisalabad,BS,4 Years,47000,31-07-2023,Applied Chemistry
University Of Sindh,Jamshoro,BS,4 Years,15200,14-09-2025,Applied Chemistry
"Abdul Wali Khan University, Mardan",Mardan,BS,4 Years,55000,31-08-2024,Applied Chemistry
University Of Okara,Okara,CERT,4 Years,46000,18-07-2025,Applied Chemistry
Khawaja Fareed University Of Engineering & Information Technology,Rahim Yar Khan,BS,4 Years,40250,05-01-2026,Applied Chemistry
University Of Sahiwal,Sahiwal,BS,4 Years,31440,31-07-2025,Applied Chemistry
Government College Women University,Sialkot,BS,4 Years,25000,22-01-2026,Applied Chemistry
The University Of Lahore ( Main Campus ),Lahore,BS,4 Hours,130000,31-01-2026,Applied Chemistry
University Of Wah,Wah Cantt,BS,4 Years,0,20-09-2023,Applied Chemistry
"Government College University Faisalabad, Sahiwal Campus",Sahiwal,BS,4 Years,0,04-09-2023,Applied Chemistry
"Pak- Austria Fachhuochschule, Institute Of Applied Sciences And Technology",Haripur,BS,4 Years,0,03-01-2025,Applied Chemistry
Cholistan University Of  Veterinary & Animal Sciences,Bahawal Pur,BS,4 Years,37500,31-01-2026,Applied Microbiology
The Islamia University Of Bahawalpur,Bahawal Pur,BS,4 Years,47115,30-06-2025,Applied Microbiology
University Of Veterinary And Animal Sciences,Lahore,BS (HONS),4 Years,45500,12-09-2025,Applied Microbiology
College Of Veterinary And Animal Sciences,Jhang,BS (HONS),4 Years,22750,12-09-2025,Applied Microbiology
The Islamic University Of Bahawalpur[rahimyar Khan Campus],Rahim Yar Khan,BS,4 Years,47115,25-12-2023,Applied Microbiology
Khan Bahadur Chaudhary Mushtaq Ahmad College Of Veterinary And Animal Sciences,Narowal,BS (HONS),4 Years,22750,12-09-2025,Applied Microbiology
Riphah College Of Veterinary Sciences,Lahore,BS,4 Years,0,03-12-2022,Applied Microbiology
National Textile University,Faisalabad,BS,4 Years,47000,31-07-2023,Applied Statistics
The Islamia University Of Bahawalpur,Bahawal Pur,BS,4 Years,49665,30-06-2025,Archaeology
University Of Malakand,Chakdara,BS,4 Years,0,15-09-2025,Archaeology
Quaid-e-azam University,Islamabad,BS,4 Years,54565,29-07-2025,Archaeology
University Of Sindh,Jamshoro,BS,4 Years,15200,14-09-2025,Archaeology
Shah Abdul Latif University,Khair Pur,B.Sc. [Hons],4 Years,13000,22-09-2025,Archaeology
University Of Education,Lahore,BS,4 Years,20214,09-01-2026,Archaeology
University Of The Punjab,Lahore,BS,4 Years,32940,25-09-2025,Archaeology
Hazara University,Mansehra,BA [HONS],4 Years,38980,01-09-2025,Archaeology
"Abdul Wali Khan University, Mardan",Mardan,BS,4 Years,35000,18-08-2025,Archaeology
University Of Peshawar,Peshawar,BS,4 Hours,71000,23-09-2025,Archaeology
University Of Balochistan,Quetta,BS,4 Years,32000,11-08-2025,Archaeology
"Aror University Of Art, Architecture, Design And Heritage",Sukkur,BS,4 Years,54000,14-01-2026,Archaeology
University Of Swat,Swat,BS,4 Years,19730,12-10-2023,Archaeology
"Government College University Lahore, Kala Shah Kaku Campus",Kala Shah Kaku,BS,4 Years,0,11-12-2025,Archives
"National University Of Modern Languages, Islamabad",Islamabad,BS,4 Years,32700,09-12-2025,Area Studies
Cholistan University Of  Veterinary & Animal Sciences,Bahawal Pur,BS,4 Years,46500,15-08-2024,Artificial Intelligence
The Government Sadiq College Women University,Bahawal Pur,BS,4 Years,31340,28-01-2026,Artificial Intelligence
The Islamia University Of Bahawalpur,Bahawal Pur,BS,4 Years,49665,30-06-2025,Artificial Intelligence
University Of Science & Technology,Bannu,BS,4 Years,16400,31-08-2024,Artificial Intelligence
The University Of Buner,Buner,BS,4 Years,0,15-08-2025,Artificial Intelligence
University Of Malakand,Chakdara,BS,4 Years,20000,15-09-2025,Artificial Intelligence
Bacha Khan University,Charsadda,BS,4 Years,37000,22-09-2025,Artificial Intelligence
Ghazi University,D.g.khan,BS,4 Years,0,4/7/2025,Artificial Intelligence
Mir Chakar Khan Rind University Of Technology,D.g.khan,BS,4 Years,0,31-07-2025,Artificial Intelligence
Gomal University,D.i. Khan,BS,4 Years,0,31-07-2025,Artificial Intelligence
National Textile University,Faisalabad,BS,4 Years,80000,31-07-2023,Artificial Intelligence
University Of Agriculture,Faisalabad,BS,4 Years,0,28-07-2025,Artificial Intelligence
Karakuram International University,Gilgit,BS,4 Years,0,10/8/2025,Artificial Intelligence
University Of Gujrat,Gujrat,BS,4 Years,0,15-08-2025,Artificial Intelligence
The University Of Sufism  And Modern Sciences,Hala,BS,4 Years,23000,10/7/2023,Artificial Intelligence
University Of Haripur,Haripur,BS,4 Years,53358,26-01-2026,Artificial Intelligence
Government College University Hyderabad,Hyderabad,BS,4 Years,0,15-09-2025,Artificial Intelligence
Air University,Islamabad,BS,4 Years,115500,25-07-2025,Artificial Intelligence
Allama Iqbal Open University,Islamabad,BS,4 Years,47300,10/2/2026,Artificial Intelligence
"Bahria University, E-8 Campus",Islamabad,BS,4 Years,104144,24-07-2025,Artificial Intelligence
Comsats University Islamabad,Islamabad,BS,4 Years,121150,17-12-2025,Artificial Intelligence
Federal Urdu University Of Arts Science & Technology Islamabad,Islamabad,BS,4 Years,75000,30-01-2026,Artificial Intelligence
Institute Of Space Technology,Islamabad,BS,4 Years,126229,31-07-2025,Artificial Intelligence
"National University Of Computer And Emerging Sciences, Islamabad",Islamabad,BS,4 Years,160000,4/7/2025,Artificial Intelligence
"National University Of Modern Languages, Islamabad",Islamabad,BS,4 Years,104400,9/12/2025,Artificial Intelligence
National University Of Technology,Islamabad,BS,4 Years,115000,12/7/2025,Artificial Intelligence
Mehran University Of Engineering & Technology,Jamshoro,BS,4 Years,38600,10/5/2025,Artificial Intelligence
University Of Sindh,Jamshoro,BS,4 Years,15200,17-09-2024,Artificial Intelligence
"Benazir Bhutto Shaheed University, Lyari",Karachi,BS,4 Years,28100,17-11-2025,Artificial Intelligence
Dawood University Of Engineering And Technology,Karachi,BS,4 Years,70000,15-07-2025,Artificial Intelligence
Ned University Of Engineering & Technology,Karachi,BS,4 Years,46670,20-05-2025,Artificial Intelligence
Sindh Madressatul Islam University,Karachi,BS,4 Years,47050,1/12/2025,Artificial Intelligence
Uit University,Karachi,BS,4 Years,0,18-07-2025,Artificial Intelligence
University Of Karachi,Karachi,BS,4 Years,0,10/10/2025,Artificial Intelligence
Khushal Khan Khattak University,Karak,BS,4 Years,0,19-01-2026,Artificial Intelligence
The Benazir Butto Shaheed University Of Technology & Skill Development,Khair Pur,BS,4 Years,23250,23-06-2025,Artificial Intelligence
Kohat University Of Science & Technology,Kohat,BS,4 Years,0,15-09-2025,Artificial Intelligence
University Of Kotli,Kotli,BS,4 Years,0,15-08-2025,Artificial Intelligence
Government College University Lahore,Lahore,BS,4 Years,0,8/8/2025,Artificial Intelligence
Information Technology University,Lahore,BS,4 Years,206000,18-06-2025,Artificial Intelligence
Lahore College For Women University,Lahore,BS,4 Years,54650,25-09-2025,Artificial Intelligence
University Of Education,Lahore,BS,4 Years,0,9/1/2026,Artificial Intelligence
"University Of Engineering & Technology, Lahore",Lahore,BS,4 Years,0,22-03-2026,Artificial Intelligence
"University Of Engineering & Technology, Lahore",Lahore,AD,2 Years,0,22-03-2026,Artificial Intelligence
The University Of Larkano,Larkana,BS,4 Years,0,27-08-2025,Artificial Intelligence
University Of Loralai,Loralai,BS,4 Years,11300,18-08-2025,Artificial Intelligence
Punjab University Of Technology  [ Rasul],Mandi Baha-ud-din,BS,4 Years,0,25-09-2025,Artificial Intelligence
Hazara University,Mansehra,BS,4 Years,69211,1/9/2025,Artificial Intelligence
"Abdul Wali Khan University, Mardan",Mardan,BS,4 Years,65000,18-08-2025,Artificial Intelligence
"University Of Engineering & Technology ,mardan",Mardan,BS,4 Years,51013,7/7/2025,Artificial Intelligence
The University Of Mirpur Khas,Mir Pur Khas,BS,4 Years,0,10/10/2025,Artificial Intelligence
Multan University Of Science And Technology,Multan,BS,4 Years,0,24-01-2026,Artificial Intelligence
Nfc Institute Of Engineering & Technology,Multan,BS,4 Years,79300,1/8/2025,Artificial Intelligence
University Of Azad Jammu & Kashmir,Muzaffarabad,BS,4 Years,0,8/8/2025,Artificial Intelligence
Baba Guru Nanak University,Nankana Sahib,BS,4 Years,30150,19-09-2025,Artificial Intelligence
"Quaid-e-awam University Of Engineering, Sciences & Technology",Nawab Shah,BS,4 Years,20000,31-05-2025,Artificial Intelligence
University Of Okara,Okara,BS,4 Years,46000,18-07-2025,Artificial Intelligence
Islamia College University,Peshawar,BS,4 Years,0,16-09-2025,Artificial Intelligence
The University Of Agriculture,Peshawar,BS,4 Years,42000,15-08-2025,Artificial Intelligence
"University Of Engineering & Technology, Peshawar",Peshawar,BS,4 Years,85000,4/7/2025,Artificial Intelligence
"University Of Engineering & Technology, Peshawar",Peshawar,B.TECH,4 Years,0,3/10/2025,Artificial Intelligence
University Of Peshawar,Peshawar,BS,4 Years,0,11/8/2025,Artificial Intelligence
University Of Balochistan,Quetta,BS,4 Years,0,6/9/2025,Artificial Intelligence
Khawaja Fareed University Of Engineering & Information Technology,Rahim Yar Khan,BS,4 Years,40250,5/1/2026,Artificial Intelligence
"Unversity Of The Poonch, Rawala Kot",Rawala Kot,BS,4 Years,0,20-08-2025,Artificial Intelligence
University Of Sargodha,Sargodha,BS,4 Years,43000,15-12-2025,Artificial Intelligence
University Of Sialkot,Sialkot,BS,4 Years,129000,1/11/2024,Artificial Intelligence
"Aror University Of Art, Architecture, Design And Heritage",Sukkur,BS,4 Years,54000,14-01-2026,Artificial Intelligence
Sukkur Iba University,Sukkur,BS,4 Years,120000,7/2/2026,Artificial Intelligence
The Begum Nusrat Bhutto Women University,Sukkur,BS,4 Years,43000,4/6/2025,Artificial Intelligence
University Of Swabi,Swabi,BS,4 Years,51270,16-09-2025,Artificial Intelligence
The University Of Veterinary & Animal Sciences,Swat,BS,4 Years,18000,30-09-2025,Artificial Intelligence
University Of Engineering And Applied Sciences,Swat,BS,4 Years,0,7/7/2025,Artificial Intelligence
"Shaheed Benazir Bhutto University, Sheringal",Upper Dir,BS,4 Years,30010,10/10/2025,Artificial Intelligence
The University Of Faisalabad,Faisalabad,BS,4 Years,222750,7/10/2023,Artificial Intelligence
Capital University Of Science And Technology,Islamabad,BS,4 Years,0,2/9/2025,Artificial Intelligence
Ibadat International University Islamabad,Islamabad,BS,4 Years,103500,10/9/2023,Artificial Intelligence
Muslim Youth University,Islamabad,BS,4 Years,0,29-10-2025,Artificial Intelligence
Riphah International University,Islamabad,BS,4 Years,160500,30-07-2025,Artificial Intelligence
Sir Syed Case Institute Of Technology,Islamabad,BS,4 Years,173000,13-01-2026,Artificial Intelligence
Dha Suffa University(main Campus),Karachi,BS,4 Years,0,14-06-2025,Artificial Intelligence
Greenwich University,Karachi,BS,4 Years,0,14-07-2024,Artificial Intelligence
Hamdard University,Karachi,BS,4 Years,0,13-07-2024,Artificial Intelligence
Iqra University [kch],Karachi,BS,4 Years,189000,14-02-2026,Artificial Intelligence
Muhammad Ali Jinnah University,Karachi,BS,4 Years,152000,12/1/2024,Artificial Intelligence
Nazeer Hussain University,Karachi,AD,2 Years,0,17-12-2023,Artificial Intelligence
Shaheed Benazir Bhutto Dewan University,Karachi,BS,4 Years,0,15-02-2026,Artificial Intelligence
Shaheed Zulfiqar Ali Bhutto Institute Of Science & Technology,Karachi,BS,4 Years,139000,12/2/2026,Artificial Intelligence
Green International University,Lahore,BS,4 Years,0,2/9/2025,Artificial Intelligence
Imperial College Of Business Studies,Lahore,BS,4 Years,0,21-08-2023,Artificial Intelligence
Lahore Leads University,Lahore,BS,4 Years,0,4/9/2025,Artificial Intelligence
Minhaj University,Lahore,AD,2 Years,93750,31-10-2025,Artificial Intelligence
Qarshi University (lhr),Lahore,BS,4 Years,0,12/7/2025,Artificial Intelligence
The Superior University,Lahore,BS,4 Years,230000,31-01-2026,Artificial Intelligence
The University Of Lahore ( Main Campus ),Lahore,BS,4 Years,247000,3/1/2026,Artificial Intelligence
University Of Central Punjab,Lahore,BS,4 Years,0,10/10/2024,Artificial Intelligence
University Of Management And Technology,Lahore,BS,4 Years,299750,31-07-2024,Artificial Intelligence
Institute Of Southern Punjab,Multan,BS,4 Years,0,31-01-2025,Artificial Intelligence
Northern University,Nowshera,BS,4 Years,30250,16-02-2026,Artificial Intelligence
Abasyn University,Peshawar,BS,4 Years,0,1/2/2026,Artificial Intelligence
Cecos University Of Information Tech. & Emerging Sciences,Peshawar,BS,4 Years,0,28-07-2025,Artificial Intelligence
City University Of Science & Information Technology,Peshawar,BS,4 Years,160000,10/11/2025,Artificial Intelligence
Iqra National University,Peshawar,BS,4 Years,82824,30-09-2025,Artificial Intelligence
Sarhad University Of Science & Information Technology,Peshawar,BS,4 Years,0,5/12/2025,Artificial Intelligence
Grand Asian University Sialkot,Sialkot,B.Sc.,4 Years,0,21-09-2024,Artificial Intelligence
Ghulam Ishaq Khan  Institute Of Engineering Sciences & Technology,Swabi,BS,4 Years,695000,30-05-2024,Artificial Intelligence
Hitec University,Taxila,BS,4 Years,162000,30-08-2025,Artificial Intelligence
University Of Wah,Wah Cantt,BS,4 Years,0,20-09-2023,Artificial Intelligence
Comsats University Islamabad ( Attock Campus ),Attock,BS,4 Years,121150,11/8/2025,Artificial Intelligence
University Of Engineering & Technology ( Bannu Campus ),Bannu,BS,4 Years,0,4/7/2025,Artificial Intelligence
National University Of Modern Languages ( Faisalabad Campus ),Faisalabad,BS,4 Years,0,9/12/2025,Artificial Intelligence
Universtiy Of Engineering And Technology (sub Campus),Kala Shah Kaku,BS,4 Years,0,22-12-2025,Artificial Intelligence
Bahria University ( Karachi Campus ),Karachi,BS,4 Years,104144,22-05-2025,Artificial Intelligence
Bahria University ( Lahore Campus ),Lahore,BS,4 Years,122196,7/8/2025,Artificial Intelligence
Comsats University Islamabad( Lahore Campus ),Lahore,BS,4 Years,121150,29-12-2025,Artificial Intelligence
"Air University, Multan Campus",Multan,BS,4 Years,86100,18-08-2025,Artificial Intelligence
National University Of Computer & Emerging Sciences ( Multan Campus ),Multan,BS,4 Years,160000,4/7/2025,Artificial Intelligence
National University Of Modern Language ( Multan Campus ),Multan,BS,4 Years,0,31-01-2026,Artificial Intelligence
National University Of Modern Languages ( Peshawar Campus ),Peshawar,BS,4 Years,0,9/12/2025,Artificial Intelligence
The Islamic University Of Bahawalpur[rahimyar Khan Campus],Rahim Yar Khan,BS,4 Years,49665,30-06-2025,Artificial Intelligence
"The University Of Agriculture, Swat",Swat,BS,4 Years,0,19-01-2026,Artificial Intelligence
Comsats University Islamabad ( Wah Campus ),Wah,BS,4 Years,121150,1/8/2024,Artificial Intelligence
National College Of Business Administration And Economics ( Bahwal Pur Campus ),Bahawal Pur,BS,4,0,19-10-2025,Artificial Intelligence
National University Of Computer And Emerging Sciences ( Faisalabad Campus ),Faisalabad,BS,4 Years,160000,4/7/2025,Artificial Intelligence
Shaheed Zulfikar Ali Bhutto Institute Of Science & Technology [hyderabad],Hyderabad,BS,4 Years,120400,30-12-2025,Artificial Intelligence
Abasyn University (sub Campus),Islamabad,BS,4 Years,0,28-12-2025,Artificial Intelligence
"Bahria University, H-11 Campus",Islamabad,BS,4 Years,104144,24-07-2025,Artificial Intelligence
"Iqra University, Chak Shahzad Campus",Islamabad,BS,4 Years,155080,29-02-2024,Artificial Intelligence
Shaheed Zulfiqar Ali Bhutto Institute Of Science And Technology,Islamabad,BS,4 Years,121200,19-12-2025,Artificial Intelligence
"Air University, Karachi Campus",Karachi,BS,4 Years,0,25-08-2025,Artificial Intelligence
National University Of Computer And Emerging Sciences ( Karachi Campus ),Karachi,BS,4 Years,160000,4/7/2025,Artificial Intelligence
National University Of Computer And Emerging Sciences ( Lahore ),Lahore,BS,4 Years,160000,4/7/2025,Artificial Intelligence
Riphah International University Lahore,Lahore,BS,4 Years,0,25-01-2026,Artificial Intelligence
National College Of Business Administration And Economics ( Multan Campus ),Multan,BS,4 Years,0,19-10-2025,Artificial Intelligence
National University Of Computer And Emerging Sciences ( Peshawar Campus ),Peshawar,BS,4 Years,160000,4/7/2025,Artificial Intelligence
"Iqra National Univesity, Swat Campus",Swat,BS,4 Years,71730,30-09-2025,Artificial Intelligence
"Pak- Austria Fachhuochschule, Institute Of Applied Sciences And Technology",Haripur,BS,4 Years,0,3/1/2025,Artificial Intelligence
Emerson University Multan,Multan,BS,4 Years,0,15-08-2025,Artificial Intelligence
Lyallpur Institute Of Advance Studies,Faisalabad,BS,4 Years,0,1/10/2024,Artificial Intelligence
Al-shifa Institute Of Health Sciences,Narowal,BS,4 Years,0,20-12-2025,Artificial Intelligence
Bilquis College Of Eduacton For Women [chaklala],Rawalpindi,BS,4 Years,0,5/1/2026,Artificial Intelligence
Nfc Institute Of Engineering & Fertilizer Research,Faisalabad,BS,4 Years,0,22-07-2025,Artificial Intelligence
Health Services Academy,Islamabad,BS,4 Years,0,31-01-2026,Artificial Intelligence
Barani Institute Of Management Sciences,Rawalpindi,BS,4 Years,0,31-01-2026,Artificial Intelligence
Institute For Art And Culture,Lahore,BS,4 Years,0,3/9/2025,Artificial Intelligence
Nastp Institute Of Information Technology,Lahore,BS,4 Years,0,22-08-2025,Artificial Intelligence
The Institute Of Management Sciences,Lahore,BS,4 Years,0,17-10-2025,Artificial Intelligence
Brains Institute,Peshawar,BBA,4 Years,0,30-08-2024,Artificial Intelligence
Times Institute,Multan,BS,4 Years,60000,18-08-2025,Artificial Intelligence
Jamal International Public School & College,Peshawar,BS,4 Years,0,13-09-2025,Artificial Intelligence
Government College University,Faisalabad,BA [PASS],2 Years,24300,18-09-2024,Arts
University Of Karachi,Karachi,AD,2 Years,0,31-01-2025,Arts
Forman Christian College,Lahore,BA [PASS],2 Years,358200,30-11-2025,Arts
Imperial College Of Business Studies,Lahore,AD,2 Years,0,21-08-2023,Arts
Minhaj University,Lahore,AD,2 Years,99800,31-10-2025,Arts
Sarhad University Of Science & Information Technology,Peshawar,AD,2 Years,0,05-12-2025,Arts
Government Boys Degree College,Abbaspur [ajk],BA [PASS],2 Years,0,02-05-2013,Arts
Government Girls Degree College,Abbaspur [ajk],BA [PASS],2 Years,0,01-01-1970,Arts
Government Degree College ( Havellian),Abbottabad,BA [PASS],2 Years,0,01-01-1970,Arts
Government Degree College For Women No.1,Abbottabad,BA [PASS],2 Years,0,01-01-1970,Arts
Government Degree College For Women No.2,Abbottabad,BA [PASS],2 Years,0,01-01-1970,Arts
Government Postgraduate College,Abbottabad,BA [PASS],2 Years,0,01-01-1970,Arts
Government Postgraduate College ( Mandian),Abbottabad,BA [PASS],2 Years,0,01-01-1970,Arts
Government Degree College,Abdul Hakeem,BA [PASS],2 Years,0,02-01-1970,Arts
Government Degree College,Ahmadabad,BA [PASS],2 Years,0,02-07-2014,Arts
Government Postgraduate College,Ahmadabad,BA [PASS],2 Years,0,01-01-1970,Arts
Government Khushal Khan Khattak College,Akhorakhatak,BA [PASS],2 Years,0,21-08-2012,Arts
Government Degree College,Ali Pur,AD,2 Years,0,31-10-2022,Arts
Government Degree College,Alpuri,BA [PASS],2 Years,0,02-01-1970,Arts
Government Degree College For Women,Arif Wala,BA [PASS],2 Years,0,30-11--0001,Arts
Government Post Graduate College,Arif Wala,BA [PASS],2 Years,0,01-01-1970,Arts
Government Commercial Training Institute,Attock,BA [PASS],2 Years,0,01-01-1970,Arts
Government Degree College For Women (jand),Attock,BA [PASS],2 Years,0,01-01-1970,Arts
Government Postgraduate College,Attock,BA [PASS],2 Years,0,01-01-1970,Arts
Army Public School & College,Badin,BA [PASS],2 Years,0,24-05-2006,Arts
Government Girls College,Badin,BA [PASS],2 Years,0,01-01-1970,Arts
Government Islamia College,Badin,BA [PASS],2 Years,0,30-11--0001,Arts
Government Degree College Khouta,Bagh,BA [PASS],2 Years,0,01-01-1970,Arts
Government Postgraduate Boys College,Bagh,BA [PASS],2 Years,0,01-01-1970,Arts
Government Postgraduate College For Women,Bagh,BA [PASS],2 Years,0,01-01-1970,Arts
Government Degree College[dahranwala],Bahawal Nagar,BA [PASS],2 Years,0,01-01-1970,Arts
Government Post Graduate College For Women,Bahawal Nagar,BA [PASS],2 Years,0,01-01-1970,Arts
Government Degree College For Women,Bahawal Pur,BA [PASS],2 Years,0,01-01-1970,Arts
Government Postgraduate College[baghdad Road],Bahawal Pur,BA [PASS],2 Years,0,01-01-1970,Arts
Government Islamia Degree College,Bajra Ghari,BA [PASS],2 Years,0,01-01-1970,Arts
Government College,Bakhshali,BA [PASS],2 Years,0,01-01-1970,Arts
Government Degree College,Balakot,BA [PASS],2 Years,0,01-01-1970,Arts
F.g Degree College For Women,Bannu,BA [PASS],2 Years,0,01-01-1970,Arts
Government Postgraduate College,Bannu,BA [PASS],2 Years,0,01-01-1970,Arts
Government Boys Degree College,Barnala [ajk],BA [PASS],2 Years,0,01-01-1970,Arts
Government Degree College For Boys,Basirpur,BA [PASS],2 Years,0,01-01-1970,Arts
Government Inter College,Bhag,AD,2 Years,0,15-11-2021,Arts
Government Degree College,Bhai Pheru,BA [PASS],2 Years,0,01-01-1970,Arts
Government Degree College For Women,Bhakkar,BA [PASS],2 Years,0,01-01-1970,Arts
Government College For Women,Bhalwal,BA [PASS],2 Years,0,01-01-1970,Arts
"Government Degree College , Boys",Bhalwal,BA [PASS],2 Years,0,01-01-1970,Arts
Government Boys Degree College,Bhimber,BA [PASS],2 Years,0,01-01-1970,Arts
Government Degree College For Women,Bhimber,BA [PASS],2 Years,0,01-01-1970,Arts
Government Degree College,Booni,BA [PASS],2 Years,0,01-01-1970,Arts
Government College,Buchal Kalan,B.Sc.,2 Years,0,01-01-1970,Arts
Government Degree College,Buchal Kalan,BA [PASS],2 Years,0,01-01-1970,Arts
Government Degree College For Women,Burewala,BA [PASS],2 Years,0,01-01-1970,Arts
Government Boys Degree College,Chakar [ajk],BA [PASS],2 Years,0,01-01-1970,Arts
Frontier Education Foundation Degree College,Chakdara,BA [PASS],2 Years,0,01-01-1970,Arts
Government Degree College,Chakesar,BA [PASS],2 Years,0,01-01-1970,Arts
Government Boys Degree College,Chaksawari [ajk],BA [PASS],2 Years,0,01-01-1970,Arts
Government College For Women,Chakwal,BA [PASS],2 Years,0,01-01-1970,Arts
Government Postgraduate College,Chakwal,BA [PASS],2 Years,0,01-01-1970,Arts
Government Degree College,Chaman,AD,2 Years,0,05-04-2025,Arts
Government S.a. Degree College Dera Nawab Shah,Chani Goth,BA [PASS],2 Years,0,01-07-2013,Arts
Government College For Boys (tangi),Charsadda,BA [PASS],2 Years,0,01-01-1970,Arts
Government College For Boys( Shab Qadar),Charsadda,BA [PASS],2 Years,0,01-01-1970,Arts
Government Girls College,Charsadda,BA [PASS],2 Years,0,01-01-1970,Arts
Government Crescent College For Women,Chichawatni,BA [PASS],2 Years,0,01-01-1970,Arts
Government Degree College,Chichawatni,BA [PASS],2 Years,0,01-01-1970,Arts
Government Jamia Nusrat College For Women,Chinab Nagar,BA [PASS],2 Years,0,01-01-1970,Arts
Government Degree College For Women,Chiniot,BA [PASS],2 Years,0,01-01-1970,Arts
Government Islamia Post Graduate College,Chiniot,BA [PASS],2 Years,0,01-01-1970,Arts
Government Degree College,Chishtian,BA [PASS],2 Years,0,01-01-1970,Arts
Government Degree College For Women,Chishtian,BA [PASS],2 Years,0,01-01-1970,Arts
Government Degree College,Chitral,BA [PASS],2 Years,0,01-01-1970,Arts
Government Degree College For Women,Chitral,BA [PASS],2 Years,0,01-01-1970,Arts
Government Boys Degree College,Chori [ajk],BA [PASS],2 Years,0,01-01-1970,Arts
Government College For Women,Chunian,BA [PASS],2 Years,0,01-01-1970,Arts
Government Degree College For Women[choti Zarren],D.g.khan,BA [PASS],2 Years,0,01-01-1970,Arts
Government Degree College For Women[company Bagh],D.g.khan,BA [PASS],2 Years,0,01-01-1970,Arts
Government Post Graduate College,D.g.khan,BA [PASS],2 Years,0,01-01-1970,Arts
Government Degree College ( Kulachi),D.i. Khan,BA [PASS],2 Years,0,01-01-1970,Arts
Government Degree College For Women No.1,D.i. Khan,BA [PASS],2 Years,0,01-01-1970,Arts
Government Degree College For Women No.2,D.i. Khan,BA [PASS],2 Years,0,01-01-1970,Arts
Government Degree College No.1,D.i. Khan,BA [PASS],2 Years,0,01-01-1970,Arts
Government Degree College No.2,D.i. Khan,BA [PASS],2 Years,0,01-01-1970,Arts
Government Girls College,Dadu,BA [PASS],2 Years,0,01-01-1970,Arts
Government Boys Degree College,Dadyal,BA [PASS],2 Years,0,01-01-1970,Arts
Government Girls Degree College,Dadyal,BA [PASS],2 Years,0,01-01-1970,Arts
Government Degree College,Daggar,BA [PASS],2 Years,0,01-01-1970,Arts
Government Inter College,Dal Bandin,AD,2 Years,0,15-11-2021,Arts
Government Boys Degree College,Danna [ajk],BA [PASS],2 Years,0,01-01-1970,Arts
Government Degree College,Dargai,BA [PASS],2 Years,0,01-01-1970,Arts
Government Girls Degree College,Dargai,BA [PASS],2 Years,0,01-01-1970,Arts
"Government Degree College, Boys",Darya Khan,BA [PASS],2 Years,0,01-01-1970,Arts
Government College For Women,Daska,BA [PASS],2 Years,0,01-01-1970,Arts
Government Degree College,Daska,BA [PASS],2 Years,0,01-01-1970,Arts
Ustad Bukhari Government Boys Degree College,Daur,BA [PASS],2 Years,0,01-01-1970,Arts
Government Degree College For Boys,Depal Pur,BA [PASS],2 Years,0,01-01-1970,Arts
Government Degree College For Women,Depal Pur,BA [PASS],2 Years,0,01-01-1970,Arts
Government Degree College,Dera Allah Yar,AD,2 Years,0,15-11-2021,Arts
Government Girls Degree College,Dera Allah Yar,AD,2 Years,0,15-11-2021,Arts
Government Degree College,Dera Bugti,AD,2 Years,0,15-11-2021,Arts
Government Degree College,Dera Murad Jamali,AD,2 Years,0,15-11-2021,Arts
Government Boys Degree College,Dhirkot,BA [PASS],2 Years,0,01-01-1970,Arts
Government Girls Degree College,Dhirkot,BA [PASS],2 Years,0,01-01-1970,Arts
Government College For Women Ghulam Muhammad Abad,Faisalabad,BA [PASS],2 Years,0,01-01-1970,Arts
Government College For Women [d-type Colony No.2],Faisalabad,BA [PASS],2 Years,0,01-01-1970,Arts
Government College For Women [dijkot],Faisalabad,BA [PASS],2 Years,0,01-01-1970,Arts
Government College For Women [gulistan Colony],Faisalabad,BA [PASS],2 Years,0,30-11--0001,Arts
Government College For Women [karkhana Bazar],Faisalabad,BA [PASS],2 Years,0,01-01-1970,Arts
Government College For Women [madina Town],Faisalabad,BA [PASS],2 Years,0,01-01-1970,Arts
Government College For Women [peoples Colony No. 2],Faisalabad,BA [PASS],2 Years,0,01-01-1970,Arts
Government Islamia College For Women[eidgah Road],Faisalabad,BA [PASS],2 Years,0,01-01-1970,Arts
Government Millat Degree College[ghulam Muhammad Abad],Faisalabad,BA [PASS],2 Years,0,01-01-1970,Arts
Government Municipal Degree College,Faisalabad,BA [PASS],2 Years,0,01-01-1970,Arts
Government Postgraduate Islamia College,Faisalabad,BA [PASS],2 Years,0,01-01-1970,Arts
Government College For Women,Farooqa,BA [PASS],2 Years,0,01-01-1970,Arts
Government Degree College,Farooqa,BA [PASS],2 Years,0,01-01-1970,Arts
Government Girls Degree College,Fatah Jang,BA [PASS],2 Years,0,01-01-1970,Arts
Government Degree College,Fatehpur [ajk],BA [PASS],2 Years,0,01-01-1970,Arts
Government Degree College[fort Abbas],Fort Abbas,BA [PASS],2 Years,0,01-01-1970,Arts
Government Science Degree College,Gambat,BA [PASS],2 Years,0,01-01-1970,Arts
Government Boys Degree College,Gharidopatta,BA [PASS],2 Years,0,01-01-1970,Arts
Government Degree College,Ghazni Khel,BA [PASS],2 Years,0,01-01-1970,Arts
Government Degree College,Ghotki,BA [PASS],2 Years,0,01-01-1970,Arts
F.g Degree College,Gilgit,BA [PASS],2 Years,0,01-01-1970,Arts
Government Degree College,Gilgit,BA [PASS],2 Years,0,01-01-1970,Arts
Government Muncipal Degree College For Women,Gojra,BA [PASS],2 Years,0,01-01-1970,Arts
Government Post Gradaute College,Gojra,BA [PASS],2 Years,0,01-01-1970,Arts
Government Degree Science College,Guddu,BA [PASS],2 Years,0,01-01-1970,Arts
Government College For Women,Gujar Khan,BA [PASS],2 Years,0,01-01-1970,Arts
Government Ss(n.h) Degree College,Gujar Khan,BA [PASS],2 Years,0,01-01-1970,Arts
Sarwar Shaheed (nishan-e-haider) Government Degree College,Gujar Khan,BA [PASS],2 Years,0,05-07-2010,Arts
F.g Degree College,Gujranwala,BA [PASS],2 Years,0,01-01-1970,Arts
Government College For Women [city],Gujranwala,BA [PASS],2 Years,0,01-01-1970,Arts
Government College For Women [model Town],Gujranwala,BA [PASS],2 Years,0,01-01-1970,Arts
Government Degree College For Women [rahwali],Gujranwala,BA [PASS],2 Years,0,01-01-1970,Arts
Government College,Gujrat,BA [PASS],2 Years,0,01-01-1970,Arts
Government College For Women [city],Gujrat,BA [PASS],2 Years,0,01-01-1970,Arts
Government College For Women [marghazar Colony],Gujrat,BA [PASS],2 Years,0,01-01-1970,Arts
Government College For Women [railway Road],Gujrat,BA [PASS],2 Years,0,01-01-1970,Arts
Government Zamindar Post Graduate College,Gujrat,BA [PASS],2 Years,0,01-01-1970,Arts
Government Degree College [gul Abad],Gul Abad,BA [PASS],2 Years,0,01-01-1970,Arts
Government Degree College,Gwadar,AD,2 Years,0,05-04-2025,Arts
Government College,Hafizabad,BA [PASS],2 Years,0,01-01-1970,Arts
Government Islamia College For Women,Hafizabad,BA [PASS],2 Years,0,01-01-1970,Arts
Government Boys Degree College,Hajira,BA [PASS],2 Years,0,01-01-1970,Arts
Government Sarwari Islamia College,Hala,BA [PASS],2 Years,0,01-01-1970,Arts
Government Shah Wali Ullah Oriental Degree College,Hala,BA [PASS],2 Years,0,01-01-1970,Arts
Government Degree College,Hangu,BA [PASS],2 Years,0,01-01-1970,Arts
Government Degree College For Women,Haripur,BA [PASS],2 Years,0,01-01-1970,Arts
Government Postgraduate College,Haripur,BA [PASS],2 Years,0,01-01-1970,Arts
Wapda Degree College,Haripur,BA [PASS],2 Years,0,01-01-1970,Arts
Government Degree College,Harnai,AD,2 Years,0,15-11-2021,Arts
Government Degree College For Women,Haroon Abad,BA [PASS],2 Years,0,01-01-1970,Arts
Government Degree College For Women,Hassanabdal,BA [PASS],2 Years,0,30-11--0001,Arts
Government Degree College,Havelian,BA [PASS],2 Years,0,30-11--0001,Arts
Government College,Hazro,BA [PASS],2 Years,0,01-01-1970,Arts
Government College For Women,Hazro,BA [PASS],2 Years,0,01-01-1970,Arts
Government College For Women,Hazro,B.Sc.,2 Years,0,01-01-1970,Arts
Government Degree College,Hub,AD,2 Years,0,15-11-2021,Arts
Government College,Hujra Shah Muqeem,BA [PASS],2 Years,0,01-01-1970,Arts
Government College For Women,Hujra Shah Muqeem,BA [PASS],2 Years,0,01-01-1970,Arts
"Government Boys College, Phuleli",Hyderabad,BA [PASS],2 Years,0,13-07-2013,Arts
Government City College,Hyderabad,BA [PASS],2 Years,0,01-01-1970,Arts
Government Degree College And Pg Centre,Hyderabad,BA [PASS],2 Years,0,01-01-1970,Arts
Government Ghazali College,Hyderabad,BA [PASS],2 Years,0,01-01-1970,Arts
Government Girls College [jail Road],Hyderabad,BA [PASS],2 Years,0,01-01-1970,Arts
Government Girls College [latifabad],Hyderabad,BA [PASS],2 Years,0,01-01-1970,Arts
Government Girls College [qasimabad],Hyderabad,BA [PASS],2 Years,0,01-01-1970,Arts
Government K.b.m.s. Girls College,Hyderabad,BA [PASS],2 Years,0,01-01-1970,Arts
Government Khan Bahadur Muhammad Siddique Girls College,Hyderabad,BA [PASS],2 Years,0,01-01-1970,Arts
Government M.b. And G.f. Girls College,Hyderabad,BA [PASS],2 Years,0,01-01-1970,Arts
Government Muslim Science College,Hyderabad,BA [PASS],2 Years,0,01-01-1970,Arts
Government Postgraduate College,Hyderabad,BA [PASS],2 Years,0,01-01-1970,Arts
Government Sachal Sarmast Arts & Commerce College,Hyderabad,BA [PASS],2 Years,0,01-01-1970,Arts
Government Shah Latif Girls College,Hyderabad,BA [PASS],2 Years,0,01-01-1970,Arts
Government Zubeda Girls College,Hyderabad,BA [PASS],2 Years,0,01-01-1970,Arts
Mb&gf Government Girls Colege,Hyderabad,BA [PASS],2 Years,0,01-01-1970,Arts
Government Degree College For Boys,Isa Khel,BA [PASS],2 Years,0,01-01-1970,Arts
Islamabad College For Girls Shalimar F-6/2,Islamabad,BA [PASS],2 Years,0,30-11--0001,Arts
Islamabad Model College For Girls F-10/2,Islamabad,BA [PASS],2 Years,0,10-09-2018,Arts
"Islamabad Model College For Girls, I-14/3",Islamabad,BA [PASS],2 Years,0,30-11--0001,Arts
Opf Girls College,Islamabad,BA [PASS],2 Years,0,27-10-2017,Arts
Government Boys Degree College,Islamghar,BA [PASS],2 Years,0,01-01-1970,Arts
Government Degree College For Women,Islamghar,BA [PASS],2 Years,0,01-01-1970,Arts
Government Degree College,Jaccobabad,BA [PASS],2 Years,0,01-01-1970,Arts
Government Girls Degree College,Jaccobabad,BA [PASS],2 Years,0,01-01-1970,Arts
Ibn-e-ameer Government College For Women,Jalal Pur Jattan,BA [PASS],2 Years,0,01-01-1970,Arts
Government College For Women,Jaranwala,BA [PASS],2 Years,0,30-11--0001,Arts
Government Post Graduate College,Jaranwala,BA [PASS],2 Years,0,01-01-1970,Arts
Government College For Women,Jhang,BA [PASS],2 Years,0,01-01-1970,Arts
Government Degree College [chak No. 170 J.b],Jhang,BA [PASS],2 Years,0,01-01-1970,Arts
Government College,Jhelum,BA [PASS],2 Years,0,01-01-1970,Arts
Government College For Women,Jhelum,BA [PASS],2 Years,0,01-01-1970,Arts
Government Post Gradute College[jhelum City],Jhelum,BA [PASS],2 Years,0,01-01-1970,Arts
Government Degree College For Women,Joharabad,BA [PASS],2 Years,0,01-01-1970,Arts
Government Degree College [no.2],Joharabad,B.Sc.,2 Years,0,01-01-1970,Arts
Government Post Graduate  College,Joharabad,BA [PASS],2 Years,0,01-01-1970,Arts
Government College For Women,Kabirwala,BA [PASS],2 Years,0,01-01-1970,Arts
Government College,Kahuta,BA [PASS],2 Years,0,01-01-1970,Arts
Government Degree College For Women,Kahuta,BA [PASS],2 Years,0,01-01-1970,Arts
Government Degree College,Kalat,AD,2 Years,0,15-10-2024,Arts
Government Degree College For Women,Kamalia,BA [PASS],2 Years,0,01-01-1970,Arts
Government P S T Post Graduate College,Kamalia,BA [PASS],2 Years,0,01-01-1970,Arts
Government Mehran Arts Degree College,Kambar Ali Khan,BA [PASS],2 Years,0,01-01-1970,Arts
Government Shah Latif Oriental Degree College,Kambar Ali Khan,BA [PASS],2 Years,0,01-01-1970,Arts
Government College For Women,Kamoki,BA [PASS],2 Years,0,01-01-1970,Arts
Government Degree College,Kamoki,BA [PASS],2 Years,0,01-01-1970,Arts
"Fazaia Inter College, Minhas",Kamra,BA [PASS],2 Years,0,01-01-1970,Arts
Shaheen Degree College,Kamra,BA [PASS],2 Years,0,01-01-1970,Arts
Government Degree College,Kandh Kot,BA [PASS],2 Years,0,01-01-1970,Arts
Abdullah Governement College For Women,Karachi,BA [PASS],2 Years,0,01-01-1970,Arts
Allama Iqbal Government Arts And Commerce College,Karachi,BA [PASS],2 Years,0,01-01-1970,Arts
Allama Iqbal Government Girls Degree College,Karachi,BA [PASS],2 Years,0,01-01-1970,Arts
Apwa Government College For Women,Karachi,BA [PASS],2 Years,0,01-01-1970,Arts
Government College For Men[nazimabad],Karachi,BA [PASS],2 Years,0,01-01-1970,Arts
Government College For Women[korangi No.4],Karachi,BA [PASS],2 Years,0,01-01-1970,Arts
Government College For Women[korangi No.6],Karachi,BA [PASS],2 Years,0,01-01-1970,Arts
Government College For Women[nazimabad]ist Chowrangi  Nazimabad  Karachi,Karachi,BA [PASS],2 Years,0,01-01-1970,Arts
Government College For Women[saudabad],Karachi,BA [PASS],2 Years,0,01-01-1970,Arts
Government College For Women[sector 11-f  New Karach],Karachi,BA [PASS],2 Years,0,01-01-1970,Arts
Government College For Women[shahrah-e-liaquat],Karachi,BA [PASS],2 Years,0,01-01-1970,Arts
Government Degree College Of Science  Arts  And Commerce,Karachi,BA [PASS],2 Years,0,01-01-1970,Arts
Government Karachi College For Women,Karachi,BA [PASS],2 Years,0,01-01-1970,Arts
Government National College,Karachi,BA [PASS],2 Years,0,01-01-1970,Arts
Government St. Patrick's College No.2,Karachi,BA [PASS],2 Years,0,01-01-1970,Arts
Haji Abdullah Haroon Government College For Women,Karachi,BA [PASS],2 Years,0,01-01-1970,Arts
Hi Osmania Government College For Women,Karachi,BA [PASS],2 Years,0,01-01-1970,Arts
Hrh Aga Khan Government Girls College,Karachi,BA [PASS],2 Years,0,01-01-1970,Arts
Jamia Millia Government Degree College,Karachi,BA [PASS],2 Years,0,07-07-2009,Arts
Jinnah Government College,Karachi,BA [PASS],2 Years,0,01-01-1970,Arts
Jinnah Postgraduate College For Girls,Karachi,BA [PASS],2 Years,0,01-01-1970,Arts
Khatoon-e-pakistan Government Degree College For Women,Karachi,BA [PASS],2 Years,0,01-01-1970,Arts
Khursheed Government Girls Degree College,Karachi,BA [PASS],2 Years,0,01-01-1970,Arts
Liaquat Government Girls College[malir],Karachi,BA [PASS],2 Years,0,01-01-1970,Arts
Madar-e-millat Girls Degree College,Karachi,BA [PASS],2 Years,0,01-01-1970,Arts
Pechs Government College For Women,Karachi,BA [PASS],2 Years,0,01-01-1970,Arts
Quaid-i-azam Millat Government College,Karachi,BA [PASS],2 Years,0,01-01-1970,Arts
Raunaq-i-islam Government College For Women,Karachi,BA [PASS],2 Years,0,01-01-1970,Arts
Sindh Muslim Government Arts & Commerce College,Karachi,BA [PASS],2 Years,0,01-01-1970,Arts
Sir Syed Government Girls College,Karachi,BA [PASS],2 Years,0,01-01-1970,Arts
Siraj-ud-daullah Government College,Karachi,BA [PASS],2 Years,0,01-01-1970,Arts
Smb Fatima Jinnah Government Girls Degree College,Karachi,BA [PASS],2 Years,0,01-01-1970,Arts
St. Joseph's Government College For Women,Karachi,BA [PASS],2 Years,0,01-01-1970,Arts
Government Degree College (banda Daud Shah),Karak,BA [PASS],2 Years,0,01-01-1970,Arts
Government Islamia College,Kasur,BA [PASS],2 Years,3000,23-09-2014,Arts
Government Post Graduate College For Women,Kasur,BA [PASS],2 Years,0,26-09-2012,Arts
Government Degree College For Women,Khair Pur,BA [PASS],2 Years,0,01-01-1970,Arts
Government Mumtaz Degree College,Khair Pur,BA [PASS],2 Years,0,01-01-1970,Arts
Government Pakistan Degree College,Khair Pur,BA [PASS],2 Years,0,01-01-1970,Arts
Government College,Khairabad,BA [PASS],2 Years,0,01-01-1970,Arts
Government Boys College,Khairpur Nathan Shah,BA [PASS],2 Years,0,01-01-1970,Arts
Government Islamia Degree College,Khanewal,BA [PASS],2 Years,0,01-01-1970,Arts
Government Post Graduate College For Women,Khanewal,BA [PASS],2 Years,0,03-10-2014,Arts
Government Degree College For Women,Khanpur,BA [PASS],2 Years,0,01-01-1970,Arts
Government T T  College[model Town],Khanpur,BA [PASS],2 Years,0,01-01-1970,Arts
Government Degree College,Khar (bajor Agency),BA [PASS],2 Years,0,01-01-1970,Arts
Government Degree College,Kharan,AD,2 Years,0,15-11-2021,Arts
Federal Government College For Men,Kharian,BA [PASS],2 Years,0,01-01-1970,Arts
Federal Government Degree College For Women,Kharian,BA [PASS],2 Years,0,01-01-1970,Arts
Government Degree College For Women,Kharian,BA [PASS],2 Years,0,01-01-1970,Arts
Government Girls Degree College,Khawaza Khela,BA [PASS],2 Years,0,01-01-1970,Arts
Government Degree College,Khipru,BA [PASS],2 Years,0,01-01-1970,Arts
Government Boys Degree College,Khuiratta [ajk],BA [PASS],2 Years,0,01-01-1970,Arts
Government Degree College,Khuzdar,AD,2 Years,0,15-11-2021,Arts
Government Grils Degree College,Khuzdar,AD,2 Years,0,15-11-2021,Arts
Government Degree College,Killa Saifullah,AD,2 Years,0,05-04-2025,Arts
F.g College For Women,Kohat,BA [PASS],2 Years,0,01-01-1970,Arts
Government Degree College,Kohat,BA [PASS],2 Years,0,01-01-1970,Arts
Government Degree College For Women,Kohat,BA [PASS],2 Years,0,01-01-1970,Arts
Government College[g T Road],Kot Addu,BA [PASS],2 Years,0,01-01-1970,Arts
Government Degree College For Women[ward No 4],Kot Addu,BA [PASS],2 Years,0,01-01-1970,Arts
Government College For Boys,Kot Radha Kishan,BA [PASS],2 Years,0,01-01-1970,Arts
Government College For Women,Kot Radha Kishan,BA [PASS],2 Years,0,01-01-1970,Arts
Government Boys Degree College,Kotli,BA [PASS],2 Years,0,01-01-1970,Arts
Government Degree College For Women,Kotli,BA [PASS],2 Years,0,01-01-1970,Arts
Government Boys College,Kotri,BA [PASS],2 Years,0,01-01-1970,Arts
Government Girls College,Kotri,BA [PASS],2 Years,0,01-01-1970,Arts
"F.g Degree College, Aziz Bhatti Road",Lahore,BA [PASS],2 Years,0,30-08-2009,Arts
Fatima Jinnah Collge For Women,Lahore,BA [PASS],2 Years,0,01-01-1970,Arts
Garrison Science Degree College For Boys,Lahore,BA [PASS],2 Years,0,01-01-1970,Arts
Garrison Science Degree College For Women,Lahore,BA [PASS],2 Years,0,26-09-2018,Arts
Government Ayesha Degree College For Women,Lahore,BA [PASS],2 Years,0,25-09-2014,Arts
Government College For Boys[gulberg],Lahore,AD,2 Years,0,06-11-2021,Arts
Government College For Special Education,Lahore,BA [PASS],2 Years,0,01-01-1970,Arts
Government College For Women [kot Khawaja Saeed],Lahore,BA [PASS],2 Years,0,01-01-1970,Arts
Government College For Women [shadbagh],Lahore,BA [PASS],2 Years,0,01-01-1970,Arts
Government College [baghbanpura],Lahore,BA [PASS],2 Years,0,01-01-1970,Arts
Government College [ravi Road  Shdara],Lahore,BA [PASS],2 Years,0,25-09-2018,Arts
Government Degree College For Women (g Mandi),Lahore,BA [PASS],2 Years,0,22-09-2017,Arts
Government Degree College For Women [baghabanpura],Lahore,BA [PASS],2 Years,0,24-09-2016,Arts
Government Degree College For Women [bilal Gunj],Lahore,BA [PASS],2 Years,0,24-09-2011,Arts
Government Degree College For Women [gulshan Ravi],Lahore,BA [PASS],2 Years,0,03-10-2013,Arts
Government Dyal Singh College[laxmi Chowk],Lahore,AD,2 Years,3500,31-10-2022,Arts
Government Fatima Jinnah College For Women,Lahore,BA [PASS],2 Years,0,05-10-2020,Arts
Government Islamia College For Women [lahore Cantt],Lahore,BA [PASS],2 Years,0,15-09-2019,Arts
Government Islamia College [civil Lines],Lahore,BA [PASS],2 Years,0,26-09-2011,Arts
Government Islamia College [railway Road],Lahore,AD,2 Years,0,15-10-2021,Arts
Government Islamia Post Graduate College For Women,Lahore,BA [PASS],2 Years,0,17-09-2019,Arts
Government Jinnah Degree College For Women[mozang],Lahore,AD,2 Years,0,20-10-2021,Arts
Government Khwaja Rafique Shaheed College,Lahore,BA [PASS],2 Years,0,03-10-2015,Arts
Government Kulliyat Ul Binat College For Women,Lahore,BA [PASS],2 Years,0,20-09-2012,Arts
Government Model College For Women,Lahore,BA [PASS],2 Years,0,01-01-1970,Arts
Government Model Degree College For Boys,Lahore,BA [PASS],2 Years,0,17-08-2013,Arts
Government Queen Marry College,Lahore,AD,2 Years,0,15-07-2024,Arts
"Government Rabia Basri College For Women, Walton Road",Lahore,BA [PASS],2 Years,0,28-09-2015,Arts
Queen Marry College,Lahore,AD,2 Years,0,03-10-2020,Arts
Government Id Janjua College For Women,Lala Musa,BA [PASS],2 Years,0,01-01-1970,Arts
Government College For Boys,Landi Kotal,BA [PASS],2 Years,0,01-01-1970,Arts
Government Arts & Commerce College,Larkana,BA [PASS],2 Years,0,01-01-1970,Arts
Government Degree College,Larkana,BA [PASS],2 Years,0,01-01-1970,Arts
Government Girls Degree College,Larkana,BA [PASS],2 Years,0,01-01-1970,Arts
Government S.s Degree College,Larkana,BA [PASS],2 Years,0,01-01-1970,Arts
Government College For Women,Layyah,BA [PASS],2 Years,0,01-01-1970,Arts
Government Degree College,Layyah,BA [PASS],2 Years,0,01-01-1970,Arts
Government Postgraduate College,Layyah,BA [PASS],2 Years,0,01-01-1970,Arts
Government College,Liaqatabad,BA [PASS],2 Years,0,01-01-1970,Arts
Government College For Women,Liaqatpur,BA [PASS],2 Years,0,01-01-1970,Arts
Government Degree College,Liaqatpur,BA [PASS],2 Years,0,01-01-1970,Arts
Government Degree College,Lodhran,BA [PASS],2 Years,0,01-01-1970,Arts
Government Degree College For Women 365/w.b[dunyapur],Lodhran,BOL,2 Years,0,01-01-1970,Arts
Government Degree College,Loralai,AD,2 Years,0,15-10-2024,Arts
Government Girls Degree College,Loralai,AD,2 Years,0,15-10-2024,Arts
Government College,Lund Khawar,BA [PASS],2 Years,0,01-01-1970,Arts
Government Degree College,Mailsi,BA [PASS],2 Years,0,01-01-1970,Arts
Government Degree College For Women,Mailsi,BA [PASS],2 Years,0,01-01-1970,Arts
Government College For Women,Malikwal,BA [PASS],2 Years,0,01-01-1970,Arts
Federal Government Inter College,Mangla,BA [PASS],2 Years,0,01-01-1970,Arts
Government Degree College ( Oghi),Mansehra,BA [PASS],2 Years,0,01-01-1970,Arts
Government Degree College For Women,Mansehra,BA [PASS],2 Years,0,01-01-1970,Arts
Government College Boys,Mardan,BA [PASS],2 Years,0,01-01-1970,Arts
Government College For Boys [katlang],Mardan,BA [PASS],2 Years,0,01-01-1970,Arts
Government College No.2,Mardan,BA [PASS],2 Years,0,01-01-1970,Arts
Government Girls College (shaikh Maltoon),Mardan,BA [PASS],2 Years,0,01-01-1970,Arts
Government College,Mastung,AD,2 Years,0,15-11-2021,Arts
Government Girls College,Mastung,AD,2 Years,0,15-10-2024,Arts
Government Boys Degree College,Matiari,BA [PASS],2 Years,0,01-01-1970,Arts
Government Boys College,Matli,BA [PASS],2 Years,0,01-01-1970,Arts
Government Degree College,Matta,BA [PASS],2 Years,0,01-01-1970,Arts
Government Boys College,Mehar,BA [PASS],2 Years,0,01-01-1970,Arts
Government College For Women,Mian Channu,BA [PASS],2 Years,0,01-01-1970,Arts
Government Degree College,Mian Channu,BA [PASS],2 Years,0,01-01-1970,Arts
Government College For Boys,Mianwali,BA [PASS],2 Years,0,01-01-1970,Arts
Government College For Women,Mianwali,BA [PASS],2 Years,0,01-01-1970,Arts
Pakistan Atomic Energy Commission Model College For Boys,Mianwali,BA [PASS],2 Years,0,01-01-1970,Arts
Government Degree College,Mingora,BA [PASS],2 Years,0,01-01-1970,Arts
Govenrment College,Mir Pur (ajk),BA [PASS],2 Years,0,26-09-2017,Arts
Government Postgraduate Boys College,Mir Pur (ajk),BA [PASS],2 Years,0,28-09-2014,Arts
Government M.d. Oriental & Degree College [m. Alim Palli],Mir Pur Khas,BA [PASS],2 Years,0,01-01-1970,Arts
Government Model College,Mir Pur Khas,BA [PASS],2 Years,0,01-01-1970,Arts
Government Degree College,Mir Pur Mathelo,BA [PASS],2 Years,0,01-01-1970,Arts
Government Degree College,Miran Shah,BA [PASS],2 Years,0,01-01-1970,Arts
Government Mehran Degree College,Moro,BA [PASS],2 Years,0,01-01-1970,Arts
Government Alamdar Hussain Islamia College,Multan,BA [PASS],2 Years,0,01-01-1970,Arts
Government College,Multan,BA [PASS],2 Years,0,01-01-1970,Arts
Government College For Women,Multan,BA [PASS],2 Years,0,01-01-1970,Arts
Government College For Women[makhdoom Rashid],Multan,BA [PASS],2 Years,0,01-01-1970,Arts
Government College[civil Lines],Multan,BA [PASS],2 Years,0,01-01-1970,Arts
Government Degree College Of Special Education,Multan,BA [PASS],4 Years,0,20-09-2025,Arts
Government Wilayat Hussain Islamia Degree College,Multan,BA [PASS],2 Years,0,10-10-2017,Arts
Government Degree College,Murree,BA [PASS],2 Years,0,01-01-1970,Arts
Government Degree College For Women,Murree,BA [PASS],2 Years,0,01-01-1970,Arts
Government Degree College,Musakhel,AD,2 Years,0,15-11-2021,Arts
Government Degree College,Muslim Bagh,AD,2 Years,0,15-11-2021,Arts
Government College For Women,Muzafargarh,BA [PASS],2 Years,0,01-01-1970,Arts
Government Degree College,Muzafargarh,BA [PASS],2 Years,0,01-01-1970,Arts
Government Degree College Authmaqam,Muzaffarabad,BA [PASS],2 Years,0,01-01-1970,Arts
Government Degree College Chanari,Muzaffarabad,BA [PASS],2 Years,0,01-01-1970,Arts
Government Postgraduate Boys College,Muzaffarabad,BA [PASS],2 Years,0,01-01-1970,Arts
Government Postgraduate College For Women,Muzaffarabad,BA [PASS],2 Years,0,01-01-1970,Arts
Government G N Degree College For Boys,Nankana Sahib,BA [PASS],2 Years,0,01-01-1970,Arts
Government G N Degree College For Women,Nankana Sahib,BA [PASS],2 Years,0,01-01-1970,Arts
Government Degree College For Women [baddomalhi],Narowal,BA [PASS],2 Years,0,01-01-1970,Arts
Government Islamia Degree College,Narowal,BA [PASS],2 Years,0,01-01-1970,Arts
Government Islamia Degree College [baddomailhi],Narowal,BA [PASS],2 Years,0,01-01-1970,Arts
Government Muslim College For Women,Narowal,BA [PASS],2 Years,0,01-01-1970,Arts
Government Degree College,Naudero,BA [HONS],2 Years,0,01-01-1970,Arts
Government Degree College,Naushero Feroze,BA [PASS],2 Years,0,01-01-1970,Arts
Government Boys College,Nawab Shah,BA [PASS],2 Years,0,01-01-1970,Arts
Government Girls College,Nawab Shah,BA [PASS],2 Years,0,01-01-1970,Arts
Government Sachal Sarmast Degree College,Nawab Shah,BA [PASS],2 Years,0,01-01-1970,Arts
Ghulam M. Ort. Degree College,New Jatoi,BA [PASS],2 Years,0,01-01-1970,Arts
Government College,Noorpur Thal,BA [PASS],2 Years,0,01-01-1970,Arts
Government Degree College For Women,Noshehra Virkan,BA [PASS],2 Years,0,01-01-1970,Arts
"F. G. Degree College For Boys, Nowshera Cantt",Nowshera,AD,2 Years,0,07-09-2019,Arts
Government College For Boys,Nowshera,BA [PASS],2 Years,0,01-01-1970,Arts
Government College For Girls,Nowshera,BA [PASS],2 Years,0,01-01-1970,Arts
Government Degree College,Nowshera,BA [PASS],2 Years,0,01-01-1970,Arts
Government Degree College For Boys,Nushki,AD,2 Years,0,15-11-2021,Arts
Government Girls College,Nushki,AD,2 Years,0,15-11-2021,Arts
F.g Degree College,Okara,BA [PASS],2 Years,0,01-01-1970,Arts
Government College For Boys [havei Lakha],Okara,BA [PASS],2 Years,0,01-01-1970,Arts
Government College For Women No.2,Okara,BA [PASS],2 Years,0,01-01-1970,Arts
Government College For Women [haveli Lakha],Okara,BA [PASS],2 Years,0,01-01-1970,Arts
Government Degree College For Women,Okara,BA [PASS],2 Years,0,01-01-1970,Arts
Government Degree College For Women [renala Khurd],Okara,BA [PASS],2 Years,0,01-01-1970,Arts
Government Post Graduate College,Okara,BA [PASS],2 Years,0,01-01-1970,Arts
Government Degree College,Pabbi,BA [PASS],2 Years,0,01-01-1970,Arts
Government College For Women[kachery Road],Pak Pattan,BA [PASS],2 Years,0,01-01-1970,Arts
Government Faridia Post Graduate College,Pak Pattan,BA [PASS],2 Years,0,01-01-1970,Arts
Government Boys Degree College,Pallandri,BA [PASS],2 Years,0,01-01-1970,Arts
Government Girls Degree College,Pallandri,BA [PASS],2 Years,0,01-01-1970,Arts
Government Degree College,Panjgur,AD,2 Years,0,15-11-2021,Arts
Government Girls Degree College,Panjgur,AD,2 Years,0,15-11-2021,Arts
Government Degree College,Pano Aqil,BA [PASS],2 Years,0,01-01-1970,Arts
Government Degree College,Para Chinar,BA [PASS],2 Years,0,01-01-1970,Arts
Government College,Pasroor,BA [PASS],2 Years,0,01-01-1970,Arts
Government College For Women,Pasroor,BA [PASS],2 Years,0,01-01-1970,Arts
Government College For Women,Pattoki,BA [PASS],2 Years,0,01-01-1970,Arts
Government Municipal College,Pattoki,BA [PASS],2 Years,0,01-01-1970,Arts
City District Government Degree College For Women,Peshawar,BA [PASS],2 Years,0,01-01-1970,Arts
Education Employees Foundation Degree College,Peshawar,B.Sc.,2 Years,0,01-01-1970,Arts
F.g Girls College,Peshawar,BA [PASS],2 Years,0,01-01-1970,Arts
Frontier Education Foundation Degree College For Girls [nahaqi],Peshawar,BA [PASS],2 Years,0,01-01-1970,Arts
Frontier Education Foundation Degree College For Girls [pakha Ghulam],Peshawar,BA [PASS],2 Years,0,01-01-1970,Arts
Frontier Education Foundation Degree College For Girls[dabgari Garden],Peshawar,BA [PASS],2 Years,0,30-11--0001,Arts
Government City Girls College,Peshawar,BA [PASS],2 Years,0,01-01-1970,Arts
Government Degree College For Bys[hayatabad],Peshawar,BA [PASS],2 Years,0,30-11--0001,Arts
Government Degree College [mathra],Peshawar,BA [PASS],2 Years,0,01-01-1970,Arts
Government Frontier College For Women,Peshawar,BA [PASS],2 Years,0,01-01-1970,Arts
Government Girls Degree College (gulshan Rehman Colony ),Peshawar,BA [PASS],2 Years,0,01-01-1970,Arts
Islamia Girls College,Peshawar,BA [PASS],2 Years,0,02-11-2019,Arts
Jinnah College For Women,Peshawar,AD,2 Years,0,07-09-2024,Arts
Government Degree College Pys [phalia],Phalia,BA [PASS],2 Years,0,01-01-1970,Arts
Al-beiruni Government College,Pind Dadan Khan,BA [PASS],2 Years,0,01-01-1970,Arts
Government College For Women,Pind Dadan Khan,BA [PASS],2 Years,0,01-01-1970,Arts
Government Degree College,Pindi Bhattian,BA [PASS],2 Years,0,01-01-1970,Arts
Government College For Men,Pindi Gheb,BA [PASS],2 Years,0,01-01-1970,Arts
Government College For Women,Pindi Gheb,BA [PASS],2 Years,0,01-01-1970,Arts
Government Degree College,Pir Jo Goth,BA [PASS],2 Years,0,01-01-1970,Arts
Government Degree College For Women,Pir Mehal,BA [PASS],2 Years,0,01-01-1970,Arts
Government Girls Degree College,Pir Pai,BA [PASS],2 Years,0,01-01-1970,Arts
Government Degree College,Pishin,AD,2 Years,0,15-11-2021,Arts
Government Degree College [khanozai],Pishin,AD,2 Years,0,15-11-2021,Arts
Government Girls Degree College,Pishin,AD,2 Years,0,20-08-2022,Arts
Government Degree College,Puran,BA [PASS],2 Years,0,01-01-1970,Arts
Government Degree College,Qila Didar Singh,BA [PASS],2 Years,0,01-01-1970,Arts
Government Girls College Brewery Road,Quetta,AD,2 Years,0,15-11-2021,Arts
Government Girls Degree College Jinnah Town,Quetta,AD,2 Years,0,15-11-2021,Arts
Government Girls Degree College Kachi Beig,Quetta,AD,2 Years,0,15-11-2021,Arts
Government Girls Digree College,Quetta,AD,2 Years,0,15-11-2021,Arts
Government Sardar Hassan Musa Degree Girls College,Quetta,AD,2 Years,0,15-11-2021,Arts
Government Talim-ul-islam College,Rabwah,BA [PASS],2 Years,0,01-01-1970,Arts
Government Degree College,Rai Wind,BA [PASS],2 Years,0,01-01-1970,Arts
Government College For Women,Rajanpur,BA [PASS],2 Years,0,01-01-1970,Arts
Government Degree College,Rajanpur,BA [PASS],2 Years,0,01-01-1970,Arts
Government Sachal Sarmast Degree College,Rani Pur,BA [PASS],2 Years,0,01-01-1970,Arts
Government Degree College,Ratto Dero,BA [PASS],2 Years,0,01-01-1970,Arts
Government Postgraduate Boys College,Rawala Kot,BA [PASS],2 Years,0,01-01-1970,Arts
Government Postgraduate College For Women,Rawala Kot,BA [PASS],2 Years,0,01-01-1970,Arts
"F. G. Liaqat Ali Degree College For Boys, Peshawar Road",Rawalpindi,BA [PASS],2 Years,0,03-10-2023,Arts
F.g Post Graduate College For Women,Rawalpindi,BA [PASS],2 Years,0,03-10-2023,Arts
"F.g Quid-e-azam College, Chaklala",Rawalpindi,BA [PASS],2 Years,0,03-10-2023,Arts
F.g Sir Syed Degree College,Rawalpindi,BA [PASS],2 Years,0,03-10-2023,Arts
"Federal Kintaar College For Boys, Harley Street",Rawalpindi,AD,2 Years,0,30-09-2019,Arts
Government College,Rawalpindi,BA [PASS],2 Years,0,01-01-1970,Arts
Government College For Women [dhoke Elahi Bakhsh],Rawalpindi,BA [PASS],2 Years,0,13-11-2021,Arts
Government College For Women [dhoke Hassu],Rawalpindi,BA [PASS],2 Years,0,01-01-1970,Arts
Government College For Women [f-block  Satellite Town],Rawalpindi,BA [PASS],2 Years,0,10-09-2011,Arts
Government College For Women [kallar Syedan],Rawalpindi,BA [PASS],2 Years,0,01-01-1970,Arts
Government College For Women [muslim Town],Rawalpindi,BA [PASS],2 Years,0,01-01-1970,Arts
Government Degree College For Special Education,Rawalpindi,BA [PASS],2 Years,0,25-09-2022,Arts
Government Degree College For Women [b- Block Satellite Town],Rawalpindi,BA [PASS],2 Years,0,30-11--0001,Arts
Government Degree College For Women [dhok Hukam Dad],Rawalpindi,BA [PASS],2 Years,0,01-01-1970,Arts
Government Degree College For Women [dhoke Ratta],Rawalpindi,BA [PASS],2 Years,0,01-01-1970,Arts
Government Degree College For Women [jhanda Chichi],Rawalpindi,BA [PASS],2 Years,0,01-01-1970,Arts
Government Degree College For Women [mohan Pura],Rawalpindi,BA [PASS],2 Years,0,01-01-1970,Arts
Government Degree College For Women [peshawar Road],Rawalpindi,BA [PASS],2 Years,0,07-10-2023,Arts
Government Postgraduate College For Women[satellite Town],Rawalpindi,BA [PASS],2 Years,0,01-01-1970,Arts
Government Vaqar- Un -nisa Postgraduate College For Women,Rawalpindi,BA [PASS],2 Years,0,26-09-2017,Arts
Government Atta Hussain Shjah Degree College,Rohri,BA [PASS],2 Years,0,01-01-1970,Arts
Government Degree College,Sabirabad,BA [PASS],2 Years,0,01-01-1970,Arts
Government Degree College,Sadiqabad,BA [PASS],2 Years,0,01-01-1970,Arts
Government Degree College For Women,Sadiqabad,BA [PASS],2 Years,0,01-01-1970,Arts
Government Islamia College,Sahiwal,BA [PASS],2 Years,0,01-01-1970,Arts
Government Post Graduate College,Sahiwal,BA [PASS],2 Years,0,01-01-1970,Arts
Government Boys Degree College,Sahnsa,BA [PASS],2 Years,0,01-01-1970,Arts
Government Girls Degree College,Saidu Sharif,BA [PASS],2 Years,0,01-01-1970,Arts
Government Jehanzeb Postgraduate College,Saidu Sharif,BA [PASS],2 Years,0,01-01-1970,Arts
F.g Degree College,Sakardu,BA [PASS],2 Years,0,01-01-1970,Arts
Government Boys College,Sakrand,BA [PASS],2 Years,0,01-01-1970,Arts
Government Girls College,Sakrand,BA [PASS],2 Years,0,01-01-1970,Arts
Raja Budhay Khan Government Degree College,Samahni,BA [PASS],2 Years,0,01-01-1970,Arts
Government College For Women,Sammandri,BA [PASS],2 Years,0,01-01-1970,Arts
Government Boys College,Sanghar,BA [PASS],2 Years,0,01-01-1970,Arts
Government Girls College,Sanghar,BA [PASS],2 Years,0,01-01-1970,Arts
Government Girls College,Sangla Hill,BA [PASS],2 Years,0,01-01-1970,Arts
Government Islamia College,Sangla Hill,BA [PASS],2 Years,0,01-01-1970,Arts
Government Degree College [bara],Sarap Zehri,BA [PASS],2 Years,0,01-01-1970,Arts
Government Ambala Muslim College,Sargodha,BA [PASS],2 Years,0,01-01-1970,Arts
Government College For Women [bhagtanwala],Sargodha,BA [PASS],2 Years,0,01-01-1970,Arts
Government College For Women [farooq Colony],Sargodha,BA [PASS],2 Years,0,01-01-1970,Arts
Government College For Women [sahiwal Distt. Sargodha],Sargodha,BA [PASS],2 Years,0,01-01-1970,Arts
Government Degree College For Women [chak No.36/sb],Sargodha,BA [PASS],2 Years,0,01-01-1970,Arts
Government Degree College [bhagtanwala],Sargodha,BA [PASS],2 Years,0,01-01-1970,Arts
Government Degree College[chak No 90/sb],Sargodha,BA [PASS],2 Years,0,01-01-1970,Arts
Government Post Graduate College For Women [chandni Chowk],Sargodha,BA [PASS],2 Years,0,01-01-1970,Arts
Government Boys College,Sehwan Sharif,BA [PASS],2 Years,0,01-01-1970,Arts
Government College,Shah Pur Saddar,BA [PASS],2 Years,0,01-01-1970,Arts
Government College For Women,Shah Pur Saddar,BA [PASS],2 Years,0,01-01-1970,Arts
Government Degree College,Shahdad Kot,BA [PASS],2 Years,0,01-01-1970,Arts
Government Degree College,Shahdad Pur,BA [PASS],2 Years,0,01-01-1970,Arts
Government Degree College,Shakar Garh,BA [PASS],2 Years,0,01-01-1970,Arts
Government Post Graduate College,Sheikhupura,BA [PASS],2 Years,0,25-09-2012,Arts
Government Post Graduate College For Women,Sheikhupura,BA [PASS],2 Years,0,01-01-1970,Arts
Government Waris Shah Degeee College,Sheikhupura,BA [PASS],2 Years,0,01-01-1970,Arts
Government C&s Degree College,Shikar Pur,BA [PASS],2 Years,0,01-01-1970,Arts
Government Girls Degree College,Shikar Pur,BA [PASS],2 Years,0,01-01-1970,Arts
Government Shah Latif Degree College,Shikar Pur,BA [PASS],2 Years,0,01-01-1970,Arts
Government College For Women,Shorkot,BA [PASS],2 Years,0,01-01-1970,Arts
Government Degree College,Shorkot,BA [PASS],2 Years,0,01-01-1970,Arts
Government Allama Iqbal College,Sialkot,BA [PASS],2 Years,0,01-01-1970,Arts
Government College For Women,Sialkot,BA [PASS],2 Years,0,01-01-1970,Arts
Government College For Women [hajipur],Sialkot,BA [PASS],2 Years,0,01-01-1970,Arts
Government College For Women [sambrial],Sialkot,BA [PASS],2 Years,0,01-01-1970,Arts
Government Jinnah Islamia College,Sialkot,BA [PASS],2 Years,0,01-01-1970,Arts
Government Postgraduate College For Women,Sialkot,BA [PASS],2 Years,0,01-01-1970,Arts
Government Degree College,Sibi,AD,2 Years,0,05-04-2025,Arts
Government Girls Degree College,Sibi,AD,2 Years,0,05-04-2025,Arts
Government Boys College,Sijawal,BA [PASS],2 Years,0,01-01-1970,Arts
Government Degree College,Sillanwali,BA [PASS],2 Years,0,01-01-1970,Arts
Government Degree College,Sohawa,BA [PASS],2 Years,0,01-01-1970,Arts
Government Agha Nizamuddin Degree College,Sukkur,BA [PASS],2 Years,0,01-01-1970,Arts
Government Degree College And Postgraduate Studies Centre,Sukkur,BA [PASS],2 Years,0,01-01-1970,Arts
Government Islamia Arts & Commerce College,Sukkur,BA [PASS],2 Years,0,01-01-1970,Arts
Frontier Education Foundation Degree College For Girls [topi],Swabi,BA [PASS],2 Years,0,01-01-1970,Arts
Frontier Education Foundation Degree College For Girls [zaida],Swabi,BA [PASS],2 Years,0,01-01-1970,Arts
Government College,Swabi,BA [PASS],2 Years,0,01-01-1970,Arts
Government College For Women [maneri],Swabi,BA [PASS],2 Years,0,01-01-1970,Arts
Government College [shewa Kalay],Swabi,BA [PASS],2 Years,0,01-01-1970,Arts
Government Degree College[chota Lahore],Swabi,BA [PASS],2 Years,0,30-11--0001,Arts
Government Girls College,Swabi,BA [PASS],2 Years,0,01-01-1970,Arts
Government Girls College [manki],Swabi,BA [PASS],2 Years,0,01-01-1970,Arts
Government Girls Degree College,Swabi,BA [PASS],2 Years,0,01-01-1970,Arts
Government Sahibzada Khursheed Memorial College [kohta],Swabi,BA [PASS],2 Years,0,01-01-1970,Arts
Government Sir Sahibzada Abdul Qayyum College,Swabi,BA [PASS],2 Years,0,01-01-1970,Arts
Government Degree College,Takhat Bhai,BA [PASS],2 Years,0,01-01-1970,Arts
Government College For Women[sargoda Road],Talagang,BA [PASS],2 Years,0,01-01-1970,Arts
Government Degree College,Talagang,B.Sc.,2 Years,0,01-01-1970,Arts
Government College For Women,Tandlian Wala,BA [PASS],2 Years,0,01-01-1970,Arts
Government Degree College,Tandlian Wala,BA [PASS],2 Years,0,01-01-1970,Arts
Government Girls Degree College,Tando Adam,BA [PASS],2 Years,0,01-01-1970,Arts
Government S.m. College,Tando Allah Yar,BA [PASS],2 Years,0,01-01-1970,Arts
Government N. Shah Bukhari Boys College,Tando Jam,BA [PASS],2 Years,0,01-01-1970,Arts
Government Boys College,Tando Muhammad Khan,BA [PASS],2 Years,0,01-01-1970,Arts
Government Degree College,Tank,BA [PASS],2 Years,0,01-01-1970,Arts
Government Degree College For Women,Taxila,BA [PASS],2 Years,0,01-01-1970,Arts
Hit Degree College,Taxila,BA [PASS],2 Years,0,01-01-1970,Arts
Government College [lakaro],Thana,BA [PASS],2 Years,0,01-01-1970,Arts
Government Degree College,Thana,BA [PASS],2 Years,0,01-01-1970,Arts
Government Degree College For Boys [jamrud],Thana,BA [PASS],2 Years,0,01-01-1970,Arts
Government Degree College [ekkaghund],Thana,BA [PASS],2 Years,0,01-01-1970,Arts
Government Girls Degree College,Thana,BA [PASS],2 Years,0,01-01-1970,Arts
Government Boys College,Thatta,BA [PASS],2 Years,0,01-01-1970,Arts
Government Girls College,Thatta,BA [PASS],2 Years,0,01-01-1970,Arts
Government Boys Degree College,Thorare [ajk],BA [PASS],2 Years,0,01-01-1970,Arts
Government Degree College,Thul,BA [PASS],2 Years,0,01-01-1970,Arts
Government Girls Degree College,Timergara,BA [PASS],2 Years,0,01-01-1970,Arts
Government Degree College For Women,Toba Tek Singh,BA [PASS],2 Years,0,01-01-1970,Arts
Government F B Ghousia Degree College [faridabad],Toba Tek Singh,BA [PASS],2 Years,0,01-01-1970,Arts
Government Post Graduate Municipal Degree College,Toba Tek Singh,BA [PASS],2 Years,0,01-01-1970,Arts
Government College,Toru,BA [PASS],2 Years,0,01-01-1970,Arts
Government Atta Shad Degree College,Turbat,AD,2 Years,0,15-11-2021,Arts
Government Girls Degree College,Turbat,AD,2 Years,0,15-11-2021,Arts
Government Degree College,Upper Dir,BA [PASS],2 Years,0,01-01-1970,Arts
Government Degree College,Usta Mohammad,AD,2 Years,0,15-11-2021,Arts
Government College For Women,Vehari,BA [PASS],2 Years,0,01-01-1970,Arts
Government Post Graduate College,Vehari,BA [PASS],2 Years,0,01-01-1970,Arts
F.g Post Graduate College For Women,Wah,BA [PASS],2 Years,0,30-11--0001,Arts
Federal Government Post Graduate College For Women,Wah Cantt,BA [PASS],2 Years,0,29-08-2014,Arts
Government College For Women,Wazirabad,BA [PASS],2 Years,0,01-01-1970,Arts
Government Maulana Zafar Ali Khan  Degree College,Wazirabad,BA [PASS],2 Years,0,01-01-1970,Arts
Government Degree College,Zhob,AD,2 Years,0,15-10-2024,Arts
Government Boys College,Ziarat,AD,2 Years,0,15-10-2024,Arts
Global Postgraduate College,Abbottabad,BA [PASS],2 Years,0,02-11-2021,Arts
"Iqra Public School & College, Supply",Abbottabad,BA [PASS],2 Years,0,21-09-2019,Arts
Islamia Modern School & College,Abbottabad,BA [PASS],2 Years,0,27-07-2018,Arts
Lims College,Abbottabad,BA [PASS],2 Years,0,08-12-2019,Arts
Modern Public School And College,Abbottabad,BA [PASS],2 Years,0,01-01-1970,Arts
Heritage College,Arif Wala,BA [PASS],2 Years,0,31-12-2016,Arts
"Horizon Degree College, Bhoun Road",Chakwal,AD,2 Years,0,28-02-2023,Arts
Din College For Women,Chiniot,BA [PASS],2 Years,0,14-07-2010,Arts
Ali Fatimah College Of Science & Management,Faisalabad,BA [PASS],2 Years,0,20-10-2020,Arts
Ayesha Girls College Of Arts & Commerce,Faisalabad,BA [PASS],2 Years,0,01-01-1970,Arts
Edison College,Faisalabad,BA [PASS],2 Years,0,07-08-2017,Arts
Faisalabad College For Women[main Samanabad Road],Faisalabad,BA [PASS],2 Years,0,20-09-2019,Arts
Faisalabad College Of Arts And Sciences,Faisalabad,BA [PASS],2 Years,0,20-10-2018,Arts
Fatima Jinnah Degree College For Women,Faisalabad,BA [PASS],2 Years,0,01-01-1970,Arts
Ilm College,Faisalabad,AD,2 Years,0,14-03-2020,Arts
Islamic Sciece College For Women,Faisalabad,BA [PASS],2 Years,0,01-01-1970,Arts
Kingston College Of Science And Commerce,Faisalabad,BA [PASS],2 Years,0,14-11-2017,Arts
Shiblee College For Women,Faisalabad,BA [PASS],2 Years,0,24-10-2020,Arts
Shiblee College Of Commerce & Science,Faisalabad,AD,2 Years,0,24-10-2020,Arts
Shiblee College Of Commerce For Women[gulberg Campus],Faisalabad,BA [PASS],2 Years,0,24-10-2020,Arts
Shiblee College Of Commerce For Women[koh-i-noor Town],Faisalabad,BA [PASS],2 Years,0,20-10-2017,Arts
Shiblee College Of Commerce [peoples Colony],Faisalabad,BA [PASS],2 Years,0,20-10-2018,Arts
"Superior College , Girls",Faisalabad,BA [PASS],2 Years,0,07-09-2019,Arts
"Superior College, Boys",Faisalabad,BA [PASS],2 Years,0,02-12-2022,Arts
The City College,Faisalabad,BA [PASS],2 Years,0,09-11-2019,Arts
The City College Of Commerce,Faisalabad,BA [PASS],2 Years,0,30-11-2018,Arts
Public School & College,Gilgit,BA [PASS],2 Years,0,01-01-1970,Arts
Nisa Girls College,Gujar Khan,BA [PASS],2 Years,0,08-01-2022,Arts
"Concorida Colleges, Gujranwala",Gujranwala,AD,2 Years,0,30-09-2019,Arts
Punjab College For Women,Gujranwala,BA [PASS],2 Years,0,01-01-1970,Arts
Royal Gorup Of Colleges,Gujranwala,AD,2 Years,0,31-10-2020,Arts
Wisdom Degree College For Women [channan],Gujrat,BA [PASS],2 Years,0,15-11-2014,Arts
Ayub Degree College,Haripur,BA [PASS],2 Years,0,01-01-1970,Arts
Global International Degree College,Haripur,BA [PASS],2 Years,0,21-11-2011,Arts
President Postgraduate Girls College,Haripur,BA [PASS],2 Years,0,04-10-2018,Arts
Sir Syed College Of Education,Haripur,BA [PASS],2 Years,0,04-11-2019,Arts
Sir Syed Girls Degree College,Haripur,BA [PASS],2 Years,0,01-01-1970,Arts
Zakia Memorial Girls College,Haripur,BA [PASS],2 Years,0,01-01-1970,Arts
F C College Of Management & Sciences,Islamabad,BA [PASS],2 Years,0,11-08-2018,Arts
"Falak College, Bhara Kahu",Islamabad,BA [PASS],2 Years,0,01-09-2014,Arts
Jinnah College Islamabad,Islamabad,BA [PASS],2 Years,0,01-01-1970,Arts
Jinnah Muslim College Of Commerce,Islamabad,BA [PASS],2 Years,0,25-08-2018,Arts
Nishat Degree College[khanna Pul],Islamabad,BA [PASS],2 Years,0,07-11-2020,Arts
Prince Salman College Of Professional Education,Islamabad,BA [PASS],2 Years,0,01-01-1970,Arts
Princess Sultana Degree College For Women,Islamabad,BA [PASS],2 Years,0,01-01-1970,Arts
Sciential University College,Islamabad,BA [PASS],2 Years,0,07-10-2017,Arts
"Simsit College Of Arts & Sciences, I & T Centre",Islamabad,BA [PASS],2 Years,0,07-01-2017,Arts
The Leads College,Islamabad,BA [PASS],2 Years,0,31-10-2016,Arts
"Wise School And College ( New Abadi,barakahu)",Islamabad,BA [PASS],2 Years,0,29-08-2014,Arts
Bright Eaglets Qurtuba College,Jhang,BA [PASS],2 Years,0,30-11--0001,Arts
Millat College,Jhang,BA [PASS],2 Years,0,01-11-2018,Arts
"Litra Valley College, Jango",Jhelum,BA [PASS],2 Years,0,15-10-2016,Arts
Punjab College Of Science,Joharabad,BA [PASS],2 Years,0,01-10-2017,Arts
Public Arts College,Kambar Ali Khan,BA [PASS],2 Years,0,01-01-1970,Arts
Fazaia Degree College [mrf],Kamra,BA [PASS],2 Years,0,01-01-1970,Arts
Bright Star Degree College College For Girls,Karachi,BA [PASS],2 Years,0,01-01-1970,Arts
Central Degree College For Women,Karachi,BA [PASS],2 Years,0,01-01-1970,Arts
Dha Degree College For Women,Karachi,BA [PASS],2 Years,0,10-02-2019,Arts
Hayat-ul-islam Degree Girls College,Karachi,BA [PASS],2 Years,0,09-02-2019,Arts
Ideal Degree College,Karachi,BA [PASS],2 Years,0,30-11--0001,Arts
Kma Girls College,Karachi,BA [PASS],2 Years,0,01-01-1970,Arts
Mehran Degree College,Karachi,BA [PASS],2 Years,0,01-01-1970,Arts
Penta College Of Information Technology,Karachi,BA [PASS],2 Years,0,01-01-1970,Arts
Progressive Girls Degree College,Karachi,BA [PASS],2 Years,0,01-01-1970,Arts
Recknors College,Karachi,BA [PASS],2 Years,0,27-09-2016,Arts
The American College,Karachi,BA [PASS],2 Years,0,31-08-2015,Arts
"Concordia Colleges, Kasur",Kasur,AD,2 Years,0,30-09-2019,Arts
"Concorida Colleges, Boys,  Khudian Khas",Kasur,AD,2 Years,0,27-09-2019,Arts
"Concorida Colleges, Girls, Khudian Khas",Kasur,AD,2 Years,0,27-09-2019,Arts
Sachal Sarmast Oriental Degree College,Khair Pur,BA [PASS],2 Years,0,01-01-1970,Arts
Nisa Girls College [kharian],Kharian,BA [PASS],2 Years,0,08-01-2022,Arts
Paf Degree College,Kohat,BA [PASS],2 Years,0,01-01-1970,Arts
Ali Garh College For Women,Lahore,BA [PASS],2 Years,0,30-11--0001,Arts
Alley Group Of Colleges,Lahore,AD,2 Years,0,12-08-2023,Arts
Apwa Youth College For Women,Lahore,AD,2 Years,0,08-10-2022,Arts
Aspire College,Lahore,AD,2 Years,0,24-10-2020,Arts
Ch. Rahmat Ali Memorial Trust Akhtar Majeed Girls Degree College,Lahore,BA [PASS],2 Years,0,01-01-1970,Arts
City Institute Of Management & Emerging Sciences,Lahore,BA [PASS],2 Years,0,26-10-2019,Arts
Concordia College (boys Campus),Lahore,AD,2 Years,0,27-09-2019,Arts
Concordia College (girls Campus),Lahore,AD,2 Years,0,27-09-2019,Arts
Concordia Colleges,Lahore,BA [PASS],2 Years,0,28-10-2020,Arts
Defense Degree College For Women,Lahore,BA [PASS],2 Years,0,24-09-2016,Arts
Gates College Of Arts & Commerce,Lahore,BA [PASS],2 Years,0,20-09-2014,Arts
Ghazali College For Women,Lahore,BA [PASS],2 Years,0,01-01-1970,Arts
Gordon College,Lahore,BA [PASS],2 Years,0,01-01-1970,Arts
Hazrat Aysha Siddiqa Model College College For Women,Lahore,BA [PASS],2 Years,0,01-01-1970,Arts
Himayat-e- Islam Khwateen College,Lahore,AD,2 Years,0,13-11-2022,Arts
Himayat-i-islam Degree College For Women,Lahore,BA [PASS],2 Years,0,10-08-2019,Arts
Ikhwan Science College,Lahore,BA [PASS],2 Years,0,17-08-2019,Arts
"Ilm Group Of Colleges, Umt Campus",Lahore,BA [PASS],2 Years,0,01-09-2015,Arts
Informatics Group Of Colleges,Lahore,AD,2 Years,0,31-07-2024,Arts
Jinnah Islamia College For Girls,Lahore,BA [PASS],2 Years,0,09-11-2019,Arts
Jinnah Memorial College Of Information Technology,Lahore,AD,2 Years,0,15-10-2020,Arts
Lahore Grammar College For Women,Lahore,BA [PASS],2 Years,0,01-01-1970,Arts
Leadership College,Lahore,BA [PASS],2 Years,0,14-09-2013,Arts
"Leads Group Of College, Girls",Lahore,BA [PASS],2 Years,0,04-08-2019,Arts
Mansoora Model Degree College,Lahore,BA [PASS],2 Years,0,30-09-2017,Arts
Nisa Girls College [lhr],Lahore,BA [PASS],2 Years,0,08-01-2022,Arts
Pak Vision College,Lahore,BA [PASS],2 Years,0,12-12-2014,Arts
Punjab Group Of Colleges,Lahore,AD,2 Years,0,13-12-2022,Arts
Quaid-e-azam College Of Accountancy,Lahore,BA [PASS],2 Years,0,31-10-2020,Arts
Queens College For Girls,Lahore,BA [PASS],2 Years,0,01-01-1970,Arts
Qurban Degree College For Women,Lahore,BA [PASS],2 Years,0,31-10-2016,Arts
Rise Group Of Colleges,Lahore,BA [PASS],2 Years,0,30-09-2015,Arts
"Superior College Of Commerce[tipu Block,new Garden Town]",Lahore,BA [PASS],2 Years,0,12-10-2018,Arts
The International College,Lahore,BA [PASS],2 Years,0,01-01-1970,Arts
The Limit Group Of Colleges,Lahore,BA [PASS],2 Years,0,05-09-2014,Arts
Baqa Institute Of Commerce & Technology,Larkana,BA [PASS],2 Years,0,01-01-1970,Arts
Punjab College,Lodhran,AD,2 Years,0,16-11-2024,Arts
Defense College For Girls,Mardan,BA [PASS],2 Years,0,31-07-2017,Arts
Mardan Model School And College,Mardan,BA [PASS],2 Years,0,30-11--0001,Arts
Mardan School And Collgege,Mardan,BA [PASS],2 Years,0,01-01-1970,Arts
Islamia Degree College For Women,Mian Channu,BA [PASS],2 Years,0,01-01-1970,Arts
The Brains College,Mir Pur (ajk),BA [PASS],2 Years,0,06-09-2014,Arts
Britain International College Network,Multan,BA [PASS],2 Years,0,06-10-2018,Arts
City College,Multan,AD,2 Years,0,01-10-2019,Arts
Concordia Colleges,Multan,BA [PASS],2 Years,0,15-10-2016,Arts
Ilm College,Multan,BA [PASS],2 Years,0,02-03-2019,Arts
Mamoona Post Graduate College For Women,Multan,BA [PASS],2 Years,0,20-03-2021,Arts
"Rise Group Of Colleges, Boys",Multan,BA [PASS],2 Years,0,30-09-2015,Arts
Noor Arts Degree College,Nasirabad Balochistan,BA [PASS],2 Years,0,01-01-1970,Arts
City Degree College,Nowshera,BA [PASS],2 Years,0,01-01-1970,Arts
Islamia Degree College For Girls,Nowshera,BA [PASS],2 Years,0,01-01-1970,Arts
Concordia College,Okara,BA [PASS],2 Years,0,27-10-2018,Arts
Madrissa-tul-fuyooz Oriental Degree College,Ormarah,BA [PASS],2 Years,0,01-01-1970,Arts
Aisha Institute Of Modern Sciences,Peshawar,BA [PASS],2 Years,0,03-08-2019,Arts
Amina Degree College For Women,Peshawar,BA [PASS],2 Years,0,16-09-2017,Arts
Army Public College Of Education For Women,Peshawar,BA [PASS],2 Years,0,29-10-2016,Arts
Army Public School & College,Peshawar,BA [PASS],2 Years,0,01-01-1970,Arts
Capital Degree College,Peshawar,BA [PASS],2 Years,0,07-01-2022,Arts
Central Science College,Peshawar,AD,2 Years,0,28-12-2024,Arts
Country Grammer School And College,Peshawar,BA [PASS],2 Years,0,01-01-1970,Arts
Farabi College [tehkal Payan],Peshawar,BA [PASS],2 Years,25000,29-11-2025,Arts
Farabi Girls College,Peshawar,BA [PASS],2 Years,0,07-09-2025,Arts
Fazaia Degree College,Peshawar,AD,2 Years,0,31-07-2023,Arts
Forward Degree College,Peshawar,BA [PASS],2 Years,0,21-09-2019,Arts
Islamia Degree College Of Commerce & Sciences,Peshawar,CERT,2 Years,0,03-08-2019,Arts
Islamia Degree College Of Commerce And Computer Science,Peshawar,BA [PASS],2 Years,0,31-10-2015,Arts
Islamic Institute Of Modern Studies,Peshawar,BA [PASS],2 Years,0,01-01-1970,Arts
Jinnah International College,Peshawar,BA [PASS],2 Years,0,28-11-2015,Arts
Jinnah Islamia Degree College For Girls,Peshawar,BA [PASS],2 Years,0,31-10-2021,Arts
Leeds College,Peshawar,AD,2 Years,0,30-11-2024,Arts
Oriental Degree College,Peshawar,BA [PASS],2 Years,0,03-01-2026,Arts
Paf Degree College,Peshawar,BA [PASS],2 Years,0,01-01-1970,Arts
Superior College,Peshawar,AD,2 Years,0,08-10-2022,Arts
"Garrison Degree College, Quetta Cantt",Quetta,BA [PASS],2 Years,0,19-09-2014,Arts
Islamia Boys College,Quetta,BA [PASS],2 Years,0,31-10-2016,Arts
Brookfield College,Rahim Yar Khan,BA [PASS],2 Years,0,31-10-2018,Arts
Nice Degree College,Rahim Yar Khan,AD,2 Years,0,30-09-2019,Arts
Alqa'a Postgraduate Girls College,Rawalpindi,BA [PASS],2 Years,0,12-09-2014,Arts
Askari College For Girls,Rawalpindi,BA [PASS],2 Years,0,02-10-2017,Arts
Citi College,Rawalpindi,BA [PASS],2 Years,0,05-04-2016,Arts
Fatima Jinnah College Of Commerce And Technology For Women,Rawalpindi,BA [PASS],2 Years,0,01-01-1970,Arts
Fatima Jinnah College Of Education,Rawalpindi,BA [PASS],2 Years,0,30-09-2014,Arts
Harley College For Girls,Rawalpindi,BA [PASS],4 Years,0,01-01-1970,Arts
"Ilqa Post Graduate Girls College,rahim Abad",Rawalpindi,BA [PASS],2 Years,0,04-11-2016,Arts
Jinnah Islamia College Of Commerce,Rawalpindi,BA [PASS],2 Years,0,23-09-2018,Arts
Leadership College Of Commerce,Rawalpindi,BA [PASS],2 Years,0,01-01-1970,Arts
National College,Rawalpindi,BA [PASS],2 Years,0,03-09-2014,Arts
Nicon Group Of Colleges,Rawalpindi,BA [PASS],2 Years,0,31-03-2016,Arts
Raees-ul-ahrar College Of Commerce,Rawalpindi,BA [PASS],2 Years,0,30-08-2018,Arts
Raees-ul-ahrar College Of Commerce,Rawalpindi,BA [PASS],2 Years,0,30-11--0001,Arts
"Rawalpind College Of Commerce[301, Peshawar Road]",Rawalpindi,BA [PASS],2 Years,0,05-08-2017,Arts
Rawalpind College Of Commerce[saidpur Road],Rawalpindi,BA [PASS],2 Years,0,03-12-2021,Arts
Rawalpindi College Of Commerce [murree Road],Rawalpindi,BA [PASS],2 Years,0,05-08-2017,Arts
The Brain College,Rawalpindi,BA [PASS],2 Years,0,22-10-2016,Arts
Paf Degree College,Risalpur,BA [PASS],2 Years,0,01-01-1970,Arts
Iqra Post Graduate College For Boys,Sadiqabad,BA [PASS],2 Years,0,01-01-1970,Arts
Iqra Post Graduate College For Women,Sadiqabad,BA [PASS],2 Years,0,01-01-1970,Arts
Comand College,Sahiwal,AD,2 Years,0,03-10-2019,Arts
Iqra Girls College,Sargodha,BA [PASS],2 Years,0,02-01-2023,Arts
Nisa Girls College,Sargodha,BA [PASS],2 Years,0,08-01-2022,Arts
Punjab College For Women,Sargodha,BA [PASS],2 Years,0,01-01-1970,Arts
"The Readers Group Of Colleges, Boys",Sargodha,AD,2 Years,0,16-10-2020,Arts
Shaheed Rafique Ahmed Wadho Arts College,Shahdad Kot,BA [PASS],2 Years,0,01-01-1970,Arts
Paf Degree College,Shorkot Cantt,BA [PASS],2 Years,0,01-01-1970,Arts
Nisa Girls College,Sialkot,BA [PASS],2 Years,0,08-01-2022,Arts
Superior College For Boys,Sillanwali,AD,2 Years,0,18-09-2021,Arts
Superior College For Girls,Sillanwali,AD,2 Years,0,18-09-2021,Arts
Abdul Hussain Shah Oriental College,Sukkur,BA [PASS],2 Years,0,01-01-1970,Arts
Islamia College Of Management Sciences,Talagang,BA [PASS],2 Years,0,09-11-2019,Arts
Islamia College Of Management Sciences,Talagang,AD,2,0,09-11-2019,Arts
Makkah Science Degree College,Talagang,BA [PASS],2 Years,0,01-01-1970,Arts
Vip Girls Degree College [talagang],Talagang,BA [PASS],2 Years,0,01-01-1970,Arts
Pof Science Degree College,Wah Cantt,BA [PASS],2 Years,0,01-01-1970,Arts
Wsso Degree College For Women,Wah Cantt,BA [PASS],2 Years,0,01-01-1970,Arts
Zarghona College For Women,Wah Cantt,BA [PASS],2 Years,0,01-01-1970,Arts
Sindh Arts Degree College,Warah,BA [PASS],2 Years,0,01-01-1970,Arts
Almanara Institute Of Management And Sciences,Islamabad,BA [PASS],2 Years,0,08-02-2014,Arts
Jfk Institute Of Technology And Management,Islamabad,BA [PASS],2 Years,0,24-09-2013,Arts
Mahd-ullughat-ul-arabia,Islamabad,BA [PASS],2 Years,0,01-01-1970,Arts
National Institute Of Science & Arts,Islamabad,BA [PASS],2 Years,0,27-09-2014,Arts
Pakistan Institute Of Professional Sciences,Karachi,BA [PASS],2 Years,0,30-03-2019,Arts
Aims Institute Of Management Sciences,Lahore,BA [PASS],2 Years,0,30-11-2017,Arts
Global Institute Lahore,Lahore,BA [PASS],2 Years,0,10-09-2016,Arts
Lahore Institute For Social Sciences,Lahore,BA [PASS],2 Years,0,20-09-2013,Arts
Punjab Institute Of Contemporary Sciences,Lahore,AD,2 Years,0,10-10-2020,Arts
Toppers Institute Of Management & Sciences,Lahore,BA [PASS],2 Years,0,20-08-2018,Arts
The Resource Excellence Institute,Multan,BA [PASS],2 Years,0,30-10-2015,Arts
Frontier Institute Of Management Sciences,Peshawar,BA [PASS],2 Years,0,13-09-2014,Arts
"Jinnah Islamia Degree College, Zaryab Colony",Peshawar,BA [PASS],2 Years,0,31-10-2021,Arts
National Institute Of Science & Arts,Quetta,BA [PASS],2 Years,0,27-09-2014,Arts
National Institute Of Computer And Advanced Studies,Rahim Yar Khan,AD,2 Years,0,05-11-2022,Arts
"Jinnah Institute Of Informatics, Science & Commerce",Rawalpindi,BA [PASS],2 Years,0,03-12-2021,Arts
Government College,Babuzai,BA [PASS],2 Years,0,01-01-1970,Arts
Islamabad Model College For Boys Humak,Islamabad,AD,2 Years,0,15-09-2022,Arts
Iqra Army Public School And College,Quetta,BA [PASS],2 Years,0,01-01-1970,Arts
Frontier Science Academy,Peshawar,BA [PASS],2 Years,0,28-11-2015,Arts
Sir Syed Academy,Rawalpindi,BA [PASS],2 Years,0,01-01-1970,Arts
Center Of Excellence,Lahore,BA [PASS],2 Years,0,05-01-2013,Arts
Social Educational And Peace Organization,Peshawar,BA [PASS],2 Years,0,15-11-2014,Arts
W. Jamiat-ul-binnat,Gujranwala,BA [PASS],2 Years,0,01-01-1970,Arts
"Iqra Public School & College, Havelian",Havelian,BA [PASS],2 Years,0,01-09-2019,Arts
The Vision Academy,Islamabad,BA [PASS],2 Years,0,01-01-1970,Arts
Ibl Group Of Colleges,Lahore,BA [PASS],2 Years,0,16-04-2016,Arts
Pakistan College Of Commerce,Lahore,BA [PASS],2 Years,0,30-11--0001,Arts
Al-meezan Commerce College,Rawalpindi,BA [PASS],2 Years,0,31-07-2020,Arts
Rubicon School & College,Saidu Sharif,BA [PASS],2 Years,0,01-01-1970,Arts
Aga Khan University,Karachi,BS,4 Years,978500,30-09-2024,Asian Studies
Aga Khan University,Karachi,BS,4 Years,0,17-12-2024,Asian Studies
University Of Karachi,Karachi,BS,4 Years,16500,28-11-2025,Audiology Speech Pathology
Liaquat National Medical College,Karachi,BS,4 Years,0,30-12-2025,Audiology Speech Pathology
King Edward Medical University / Mayo Hospital,Lahore,B.Sc. [Hons],4 Years,54000,10-12-2025,Audiology
Khyber Medical University,Peshawar,BS,4 Years,80000,30-10-2025,Audiology
Ibadat International University Islamabad,Islamabad,BS,4 Years,49800,10-09-2023,Audiology
Shifa Tameer-e-millat University,Islamabad,BS,4 Years,188000,02-08-2022,Audiology
The University Of Lahore ( Main Campus ),Lahore,BS,4 Years,128000,03-01-2026,Audiology
Bahawal Pur Medical & Dental College,Bahawal Pur,BS,4 Years,0,28-01-2021,Audiology
Fmh College Of Medicine & Dentistry,Lahore,B.Sc. [Hons],4 Years,0,17-12-2022,Audiology
Pir Abdul Qadir Shah Jeelani Institute Of Medical Sciences,Gambat,BS,4 Years,0,07-03-2025,Audiology
Pakistan Institute Of Rehabilitation Sciences,Islamabad,BS,4 Years,0,20-03-2022,Audiology
Fmh Institute Of Allied Health Sciences,Lahore,B.Sc. [Hons],4 Years,0,23-11-2023,Audiology
Hamza Foundation Academy For The Deaf,Lahore,B.Sc. [Hons],4 Years,0,15-11-2023,Audiology
Zia-ud-din Medical University,Karachi,BS,4 Years,285500,26-08-2025,Audiology Speech Language Therapy
Zia-ud-din Medical University,Karachi,AD,2 Years,0,26-08-2025,Audiology Speech Language Therapy
Bilawal Medical College,Jamshoro,BS,4 Years,0,15-06-2023,Audiology Speech Language Therapy
Sindh Institute Of Physical Medecine & Rehabilitaion,Karachi,BS,4 Years,0,31-12-2025,Audiology Speech Language Therapy
Ned University Of Engineering & Technology,Karachi,BE,4 Years,46670,20-05-2025,Automotive Engineering
Punjab Tianjin University Of Technology,Lahore,BS,4 Years,25500,08-09-2025,Automotive Engineering
"University Of Engineering & Technology, Lahore",Lahore,BS,4 Years,62427,22-03-2026,Automotive Engineering
Hamdard University,Karachi,BS,4 Years,0,15-03-2025,Automotive Engineering
Institute Of Southern Punjab,Multan,BS,4 Years,0,31-08-2024,Automotive Engineering
The Islamia University Of Bahawalpur,Bahawal Pur,BS,4 Years,53415,30-06-2025,Aviation Management
University Of Sialkot,Sialkot,BS,4 Years,129000,01-11-2024,Aviation Management
The University Of Faisalabad,Faisalabad,BS,4 Years,198000,07-10-2023,Aviation Management
Capital University Of Science And Technology,Islamabad,BS,4 Years,0,02-09-2025,Aviation Management
Iqra University [kch],Karachi,BS,4 Years,0,14-02-2026,Aviation Management
Karachi Institute Of Economics & Technology,Karachi,BBA,4 Years,93450,06-01-2024,Aviation Management
Green International University,Lahore,BS,4 Years,0,02-09-2025,Aviation Management
The Superior University,Lahore,BS,4 Years,237800,31-01-2026,Aviation Management
The University Of Lahore ( Main Campus ),Lahore,BS,4 Years,218000,31-01-2026,Aviation Management
University Of Management And Technology,Lahore,BS,4 Years,374750,19-10-2024,Aviation Management
University Of South Asia,Lahore,BS,4 Years,0,05-11-2022,Aviation Management
Institute Of Southern Punjab,Multan,BS,4 Years,0,31-01-2025,Aviation Management
"Air University, Multan Campus",Multan,BS,4 Years,114840,10-01-2026,Aviation Management
The University Of Lahore ( Chanab Campus),Gujrat,BS,4 Years,0,13-09-2019,Aviation Management
"Air University, H-11 Campus",Islamabad,BS,4 Years,114840,23-12-2025,Aviation Management
"Air University, Aerospace & Aviation Campus Kamra",Kamra,BS,4 Years,114840,15-07-2025,Aviation Management
"Air University, Karachi Campus",Karachi,BS,4 Years,0,27-01-2026,Aviation Management
Foundation University Islamabad (sub Campus),Rawalpindi,BS,4 Years,110000,08-01-2026,Aviation Management
Institute Of Business Administration And Aviation Sciences,Karachi,BBA,4 Years,0,19-04-2014,Aviation Management
"International Institute Of Science, Arts And Technology",Gujranwala,BS,4 Years,0,05-10-2025,Aviation Management
Palpa Institute Of Aviation And Management Sciences,Karachi,BBA,4 Years,0,30-11-2012,Aviation Management
Aeroline Institute Of Aviation Studies,Lahore,BS,4 Years,0,27-04-2018,Aviation Management
Institute Of Aviation And Technology,Lahore,BS,4 Years,0,10-10-2016,Aviation Management
Institute Of Space Technology,Islamabad,BS,4 Years,147659,31-07-2025,Avionics
Karachi Institute Of Economics & Technology,Karachi,BE,4 Years,117600,06-01-2024,Avionics
"Air University, Karachi Campus",Karachi,BS,4 Years,0,25-08-2025,Avionics
College Of Aeronautical Engineering,Risalpur,BE,4 Years,174050,25-01-2026,Avionics
Liaquat University Of Medical And Health Sciences,Jamshoro,BDS,4 Years,31900,17-05-2025,Dentistry
Jinnah Sindh Medical University,Karachi,BDS,4 Years,175000,15-01-2025,Dentistry
Shaheed Mohtarma Benazir Bhutto Medical University,Larkana,BDS,4 Years,27000,18-12-2025,Dentistry
Nishtar Medical College / Nishter Hospital,Multan,BDS,4 Years,15650,21-11-2025,Dentistry
Peoples University Of Medical And Health Sciences For Women,Nawab Shah,BDS,4 Years,16000,15-01-2025,Dentistry
Bolan Medical College / Bolan Hospital,Quetta,BDS,4 Years,70000,31-12-2025,Dentistry
Isra University/hospital,Hyderabad,BDS,4 Years,1250000,10-12-2025,Dentistry
Bahria University Medical & Dental College,Karachi,BDS,4 Years,1500000,10-12-2025,Dentistry
Baqai Medical University,Karachi,BDS,4 Years,806000,10-12-2025,Dentistry
Hamdard University,Karachi,BDS,4 Years,1280000,10-12-2025,Dentistry
Zia-ud-din Medical University,Karachi,BDS,4 Years,1660000,10-12-2025,Dentistry
University College Of Medicine And Dentistry,Lahore,BDS,4 Years,1640000,21-11-2025,Dentistry
Ayub Medical College / Ayub Hospital,Abbottabad,BDS,4 Years,600000,21-11-2025,Dentistry
Punjab Medical College / Allied Hospital,Faisalabad,BDS,4 Years,15650,21-11-2025,Dentistry
Federal Medical And Dental College,Islamabad,BDS,4 Years,24000,10-12-2025,Dentistry
Dow Medical College (dmc Campus),Karachi,BDS,4 Years,160000,30-11--0001,Dentistry
Dr Ishrat Ul Ebad Institute Of Oral Health Sciences (smc Campus),Karachi,BDS,4 Years,160000,15-01-2025,Dentistry
Karachi Medical & Dental College / Abbasi Shaheed Hospital,Karachi,BDS,4 Years,32000,15-01-2025,Dentistry
De'montmorency College Of Dentistry / Dental Hospital,Lahore,BDS,4 Years,15650,21-11-2025,Dentistry
Bacha Khan Medical College,Mardan,BDS,4 Years,0,21-11-2025,Dentistry
Bhitai Dental And Medical College,Mir Pur Khas,BDS,4 Years,1000000,10-12-2025,Dentistry
Khyber College Of Dentistry / Khyber Hospital,Peshawar,BDS,4 Years,110000,21-11-2025,Dentistry
Army Medical College / Cmh,Rawalpindi,BDS,4 Years,220000,28-07-2025,Dentistry
Abbottabad International Medical College,Abbottabad,BDS,4 Years,1500000,08-12-2025,Dentistry
Frontier Medical College,Abbottabad,BDS,4 Years,1400000,08-12-2025,Dentistry
Women Medical And Dental College,Abbottabad,BDS,4 Years,1300000,08-12-2025,Dentistry
University Medical & Dental College,Faisalabad,BDS,4 Years,1700000,21-11-2025,Dentistry
Hbs Medical And Dental College,Islamabad,BDS,4 Years,1640000,10-02-2022,Dentistry
Islamabad Medical & Dental College,Islamabad,BDS,4 Years,1317000,21-02-2022,Dentistry
Islamic International Dental College/hospital,Islamabad,BDS,4 Years,1261000,10-12-2025,Dentistry
Shifa College Of Medicine/hospital,Islamabad,BDS,4 Years,1450000,01-09-2025,Dentistry
Altamash  Institute Of Dental Medicine,Karachi,BDS,4 Years,1175000,10-12-2025,Dentistry
Fatima Jinnah Dental College,Karachi,BDS,4 Years,1150000,10-12-2025,Dentistry
Jinnah Medical & Dental College,Karachi,BDS,4 Years,1470000,12-12-2025,Dentistry
Liaquat College Of Medicine & Dentistry,Karachi,BDS,4 Years,1300000,10-12-2025,Dentistry
Mohammad Bin Qasim Medical And Dental College,Karachi,BDS,4 Years,0,12-11-2022,Dentistry
Sir Syed College Of Medical Sciences For Girls,Karachi,BDS,4 Years,1320000,10-12-2025,Dentistry
Akhtar Saeed Medical And Dental College,Lahore,BDS,4 Years,1750000,21-11-2025,Dentistry
Avicenna Medical College,Lahore,BDS,4 Years,1300000,21-11-2025,Dentistry
Azra Naheed Medical College,Lahore,BDS,4 Years,1390000,21-11-2025,Dentistry
Cmh Lahore Medical College,Lahore,BDS,4 Years,1600000,10-12-2025,Dentistry
Fmh College Of Medicine & Dentistry,Lahore,BDS,4 Years,1520000,21-11-2025,Dentistry
Lahore Medical & Dental College,Lahore,BDS,4 Years,1750000,15-01-2026,Dentistry
Rahbar Medical And Dental College,Lahore,BDS,4 Years,1608000,21-11-2025,Dentistry
Rashid Latif Medical College,Lahore,BDS,4 Years,1500000,21-11-2025,Dentistry
Shalamar Medical & Dental College,Lahore,BDS,4 Years,1640000,21-11-2025,Dentistry
Sharif Medical & Dental College,Lahore,BDS,4 Years,1500000,21-11-2025,Dentistry
Shahida Islam Medical College,Lodhran,BDS,4 Years,1500000,21-11-2025,Dentistry
Muhammad Medical College,Mir Pur Khas,BDS,4 Years,1400000,10-12-2025,Dentistry
Bakhtawar Amin Medical And Dental College,Multan,BDS,4 Years,1875000,21-11-2025,Dentistry
Cmh Multan Institute Of Medical Sciences,Multan,BDS,4 Years,0,10-12-2025,Dentistry
Multan Medical And Dental College,Multan,BDS,4 Years,1717000,21-11-2025,Dentistry
Peshawar Medical And Dental College,Peshawar,BDS,4 Years,1500000,08-12-2025,Dentistry
Rehman Medical College,Peshawar,BDS,4 Years,1300000,08-12-2025,Dentistry
Sardar Begum Dental College,Peshawar,BDS,4 Years,1250000,08-12-2025,Dentistry
Quetta Institute Of Medical Sciences,Quetta,BDS,4 Years,0,10-12-2025,Dentistry
Watim Dental College,Rawalpindi,BDS,4 Years,1260000,21-11-2025,Dentistry
Niazi Medical And Dental College,Sargodha,BDS,4 Years,0,21-11-2025,Dentistry
Amna Inayat Medical College,Sheikhupura,BDS,4 Years,1427000,28-02-2025,Dentistry
Faryal Dental College,Sheikhupura,BDS,4 Years,1400000,21-11-2025,Dentistry
Islam Medical College,Sialkot,BDS,4 Years,1217000,21-11-2025,Dentistry
Kmu Institute Of Medical Sciences,Kohat,BDS,4 Years,110000,21-11-2025,Dentistry
School Of Allied Health Sciences,Lahore,B.Sc.,2 Years,0,30-11--0001,Dentistry
Nishtar Institute Of Dentistry,Multan,MBBS,4 Years,15650,21-11-2025,Dentistry
Hitech Institute Of Medical Sciences,Taxila,BDS,4 Years,1340000,10-12-2025,Dentistry
Rawal Institute Of Health Sciences,Islamabad,BDS,4 Years,1200000,12-11-2022,Dentistry
Margalla Institute Of Health Sciences,Rawalpindi,BDS,4 Years,1300000,21-11-2025,Dentistry
Foundation University Madical College,Islamabad,BDS,4 Years,1300000,10-12-2025,Dentistry
Fatima Jinnah Women University,Rawalpindi,B.Sc.,4 Years,52050,18-08-2025,Behavioural Sciences
Gomal University,D.i. Khan,BS,4 Years,46600,31-07-2025,Bio Science
Comsats University Islamabad,Islamabad,BS,4 Years,112200,17-12-2025,Bio Science
Salim Habib University,Karachi,BS,4 Years,239000,10-01-2023,Bio Science
Shaheed Zulfiqar Ali Bhutto Institute Of Science & Technology,Karachi,BS,4 Years,82620,12-02-2026,Bio Science
Sohail University,Karachi,BS,4 Years,0,17-10-2024,Bio Science
University Of Wah,Wah Cantt,BS,4 Years,116000,20-09-2023,Bio Science
Abbottabad University Of Science And Technology,Abbottabad,BS,4 Years,28500,26-08-2025,Biochemistry
Cholistan University Of  Veterinary & Animal Sciences,Bahawal Pur,BS (HONS),4 Years,37500,15-08-2024,Biochemistry
The Government Sadiq College Women University,Bahawal Pur,BS,4 Years,0,28-01-2026,Biochemistry
The Islamia University Of Bahawalpur,Bahawal Pur,BS,4 Years,47115,30-06-2025,Biochemistry
University Of Science & Technology,Bannu,BS,4 Years,0,20-09-2025,Biochemistry
University Of Malakand,Chakdara,BS,4 Years,0,31-07-2025,Biochemistry
Ghazi University,D.g.khan,BS,4 Years,21300,04-07-2025,Biochemistry
Gomal University,D.i. Khan,B.Sc. [Hons],4 Years,0,09-01-2026,Biochemistry
Government College University,Faisalabad,BS,4 Years,28200,24-06-2025,Biochemistry
Government College Women University,Faisalabad,BS,4 Years,33100,31-07-2025,Biochemistry
University Of Agriculture,Faisalabad,BS,4 Years,60000,28-07-2025,Biochemistry
Karakuram International University,Gilgit,BS,4 Years,41900,10-08-2025,Biochemistry
University Of Haripur,Haripur,BS,4 Years,20113,26-01-2026,Biochemistry
Government College University Hyderabad,Hyderabad,BS,4 Years,0,15-09-2025,Biochemistry
Allama Iqbal Open University,Islamabad,BS,4 Years,45100,10-02-2026,Biochemistry
International Islamic University,Islamabad,BS,4 Years,89685,31-12-2025,Biochemistry
Quaid-e-azam University,Islamabad,BS,4 Years,54565,29-07-2025,Biochemistry
University Of Sindh,Jamshoro,BS,4 Years,15200,14-09-2025,Biochemistry
University Of Jhang,Jhang,BS,4 Years,0,15-09-2025,Biochemistry
University Of Karachi,Karachi,BS,4 Years,21000,28-11-2025,Biochemistry
Shah Abdul Latif University,Khair Pur,BS,4 Years,12150,22-09-2025,Biochemistry
Kohat University Of Science & Technology,Kohat,BS,4 Years,27900,15-09-2025,Biochemistry
University Of Kotli,Kotli,BS,4 Years,0,15-08-2025,Biochemistry
Kinnaird College For Women,Lahore,BS,4 Years,90200,01-12-2025,Biochemistry
University Of The Punjab,Lahore,BS,4 Years,41940,25-09-2025,Biochemistry
University Of Veterinary And Animal Sciences,Lahore,BS (HONS),4 Years,45500,12-09-2025,Biochemistry
Punjab University Of Technology  [ Rasul],Mandi Baha-ud-din,BS,4 Years,0,25-09-2025,Biochemistry
Hazara University,Mansehra,B.Sc. [Hons],4 Years,38980,01-09-2025,Biochemistry
"Abdul Wali Khan University, Mardan",Mardan,BS,4 Years,35000,18-08-2025,Biochemistry
Women University Mardan,Mardan,BS,4 Years,41400,28-01-2026,Biochemistry
"Bahauddin Zakariya University, Multan",Multan,BS,4 Years,27150,02-01-2026,Biochemistry
Muhammad Nawaz Sharif University Of Agriculture,Multan,BS,4 Years,25200,29-09-2025,Biochemistry
The Women University,Multan,BS,4 Years,25750,07-01-2025,Biochemistry
University Of Narowal,Narowal,BS,4 Years,30000,19-02-2026,Biochemistry
University Of Okara,Okara,BS,4 Years,46000,18-07-2025,Biochemistry
Shaheed Benazir Bhutto Women University,Peshawar,BS,4 Years,29513,28-09-2025,Biochemistry
The University Of Agriculture,Peshawar,BS,4 Years,47000,15-08-2025,Biochemistry
Balochistan University Of It & Management Sciences,Quetta,BS,4 Years,39410,16-08-2024,Biochemistry
Sardar Bahadur Khan Women University,Quetta,BS,4 Years,8040,28-02-2025,Biochemistry
University Of Balochistan,Quetta,BS,4 Years,36000,11-08-2025,Biochemistry
Khawaja Fareed University Of Engineering & Information Technology,Rahim Yar Khan,BS,4 Years,40250,05-01-2026,Biochemistry
"Unversity Of The Poonch, Rawala Kot",Rawala Kot,BS,4 Years,0,20-08-2025,Biochemistry
Pir Mahar Ali Shah Arid Agriculture University,Rawalpindi,BS,4 Years,45650,08-08-2025,Biochemistry
Shaheed Benazir Bhutto  International University Of Veterinary And Animal Sciences,Sakrand,BS,4 Years,9300,19-12-2025,Biochemistry
University Of Sargodha,Sargodha,BS,4 Years,30000,15-12-2025,Biochemistry
Government College Women University,Sialkot,BS,4 Years,25000,18-09-2024,Biochemistry
University Of Sialkot,Sialkot,AD,2 Years,0,01-11-2024,Biochemistry
University Of Sialkot,Sialkot,BS,4 Years,121000,01-11-2024,Biochemistry
Women University Swabi,Swabi,BS,4 Years,42460,12-09-2025,Biochemistry
The University Of Veterinary & Animal Sciences,Swat,BS,4 Years,18000,30-09-2025,Biochemistry
The University Of Modern Sciences,Tando Muhammad Khan,BS,4 Years,0,16-12-2024,Biochemistry
University Of Turbat,Turbat,BS,4 Years,24000,21-10-2024,Biochemistry
The University Of Faisalabad,Faisalabad,BS,4 Years,112500,07-10-2023,Biochemistry
Capital University Of Science And Technology,Islamabad,BS,4 Years,262000,02-09-2025,Biochemistry
Jinnah University For Women,Karachi,B.Sc. [Hons],4 Years,42000,15-10-2025,Biochemistry
Sohail University,Karachi,BS,4 Years,0,17-10-2024,Biochemistry
Lahore Garrison University,Lahore,BS,4 Years,174635,30-11--0001,Biochemistry
Lahore University Of Biological & Applied Sciences,Lahore,BS,4 Years,0,13-07-2024,Biochemistry
Rashid Latif Khan University,Lahore,BS,4 Years,0,25-10-2025,Biochemistry
University Of Central Punjab,Lahore,BS,4 Years,197500,20-09-2024,Biochemistry
University Of Management And Technology,Lahore,BS,4 Years,212250,18-10-2024,Biochemistry
Grand Asian University Sialkot,Sialkot,BS,4 Years,0,21-09-2024,Biochemistry
"The Islamia University Of Bahawalpur, Ahmadpur East Campus",Ahmadpur East,BS,4 Years,47115,30-06-2024,Biochemistry
The Islamia University Of Bahawalpur[sub Campus],Bahawal Nagar,BS,4 Years,47115,30-06-2025,Biochemistry
"Federal Urdu University Of Arts  Science & Technology, Karachi",Karachi,B.Sc. [Hons],4 Years,34400,10-01-2025,Biochemistry
"The Islamia University Of Bahawalpur, Liaqatpur Campus",Liaqatpur,BS,4 Years,47115,30-06-2025,Biochemistry
The Islamic University Of Bahawalpur[rahimyar Khan Campus],Rahim Yar Khan,BS,4 Years,47115,30-06-2025,Biochemistry
University Of Agriculture Faisal Abad[toba Tek Singh Campus],Toba Tek Singh,BS,4 Years,0,28-07-2025,Biochemistry
"Riphah International University, Faisalabad Campus",Faisalabad,BS,4 Years,92000,18-10-2025,Biochemistry
"University Of Management And Technology, Sialkot Campus",Sialkot,BS,4 Years,0,30-10-2021,Biochemistry
"Uaf Community Collge, Jhang Road",Faisalabad,BS,4 Years,0,28-07-2025,Biochemistry
University Of Home Economics,Lahore,BS,4 Years,0,25-07-2025,Biochemistry
Emerson University Multan,Multan,BS,4 Years,0,15-08-2025,Biochemistry
King College Of Health Sciences,Bahawal Pur,BS (HONS),4 Years,0,16-09-2017,Biochemistry
Layallpur Institute Of Management & Sciences ( Lims ),Faisalabad,BS,4 Years,0,14-10-2017,Biochemistry
Advance Life College Of Medical Sciences,Lahore,BS,4 Years,0,30-11-2016,Biochemistry
Central Park College Of Allied Health Sciences,Lahore,BS,4 Years,0,30-09-2019,Biochemistry
Gulab Devi Educational Complex,Lahore,BS,4 Years,0,30-11--0001,Biochemistry
Kasur Institute Of Allied Health Sciences,Lahore,BS,4 Years,0,01-12-2022,Biochemistry
Islamic International Institute Of Sciences,Multan,BS,4 Years,0,29-11-2018,Biochemistry
Al-shifa Institute Of Health Sciences,Narowal,BS,4 Years,0,20-12-2025,Biochemistry
Kings College Of Health Sciences,Sahiwal,BS (HONS),4 Years,0,16-09-2017,Biochemistry
Amna Inayat Medical College,Sheikhupura,BS,4 Years,0,18-11-2017,Biochemistry
Sialkot Medical College,Sialkot,BS,4 Years,0,20-08-2018,Biochemistry
Nfc Institute Of Engineering & Fertilizer Research,Faisalabad,BS,4 Years,0,22-07-2025,Biochemistry
Health Services Academy,Islamabad,BS,4 Years,0,25-07-2025,Biochemistry
"International Institute Of Science, Arts And Technology",Gujranwala,BS,4 Years,0,05-10-2025,Biochemistry
Afro-asian Institute,Lahore,BS,4 Years,0,10-08-2023,Biochemistry
Federal Institute Of Health Sciences,Lahore,BS,4 Years,0,01-10-2017,Biochemistry
Gulab Devi Post Graduate Medical Institute,Lahore,BS,4 Years,0,30-11--0001,Biochemistry
Nasjon Institute Of Health Sciences,Lahore,BS,4 Years,0,27-10-2020,Biochemistry
Federal Institute Of Health Sciences,Multan,BS,4 Years,0,01-10-2017,Biochemistry
Kaims International Institute,Multan,BS,4 Years,0,31-07-2019,Biochemistry
Laeeque Rafique Institute Of Medical Sciences & Nursing School,Multan,BS,4 Years,0,30-11-2021,Biochemistry
Muhammad Institute Of Medical & Allied Sciences,Multan,BS,4 Years,0,28-11-2020,Biochemistry
Multan Institute Of Health Sciences,Multan,BS (HONS),4 Years,0,17-09-2017,Biochemistry
Fedral Institute Of Health Sciences,Muzaffarabad,BS,4 Years,0,01-10-2017,Biochemistry
Sargodha Institute Of Health Sciences,Sargodha,BS,4 Years,0,27-10-2018,Biochemistry
Abdul Wali Khan University ( Shankar Campus ),Mardan,BS (HONS),4 Years,35000,30-11--0001,Biochemistry
The University Of Lahore ( Main Campus ),Lahore,BS,4 Years,167000,31-01-2026,Biochemistry Biotechnology
University Of Gujrat,Gujrat,BS,4 Years,68010,15-08-2025,Biochemistry Molecular Biology
University Of Gujrat ( Sialkot Campus),Sialkot,BS,4 Years,0,18-09-2017,Biochemistry Molecular Biology
University Of Peshawar,Peshawar,BS,4 Years,71000,23-09-2025,Biodiversity Plant Conservation
Women University Azad Jammu & Kashmir,Bagh,BS,4 Years,36260,01-09-2025,Bioinformatics
Cholistan University Of  Veterinary & Animal Sciences,Bahawal Pur,BS,4 Years,37500,15-08-2024,Bioinformatics
The Islamia University Of Bahawalpur,Bahawal Pur,BS,4 Years,47115,30-06-2025,Bioinformatics
University Of Malakand,Chakdara,BS,4 Years,20000,31-07-2025,Bioinformatics
Gomal University,D.i. Khan,BS,4 Years,0,31-07-2025,Bioinformatics
Government College University,Faisalabad,BS,4 Years,28200,24-06-2025,Bioinformatics
University Of Agriculture,Faisalabad,BS,4 Years,83600,28-07-2025,Bioinformatics
Air University,Islamabad,BS,4 Years,0,25-07-2025,Bioinformatics
Comsats University Islamabad,Islamabad,BS,4 Years,112200,17-12-2025,Bioinformatics
International Islamic University,Islamabad,BS,4 Years,89685,31-12-2025,Bioinformatics
Quaid-e-azam University,Islamabad,BS,4 Years,54565,29-07-2025,Bioinformatics
Khushal Khan Khattak University,Karak,BS,4 Years,34000,19-01-2026,Bioinformatics
Virtual University Of Pakistan,Lahore,BS,4 Years,21800,30-09-2025,Bioinformatics
Hazara University,Mansehra,BS,4 Years,38980,01-09-2025,Bioinformatics
Baba Guru Nanak University,Nankana Sahib,BS,4 Years,30150,19-09-2025,Bioinformatics
University Of Okara,Okara,CERT,4 Years,46000,18-07-2025,Bioinformatics
Shaheed Benazir Bhutto Women University,Peshawar,BS,4 Years,29513,28-09-2025,Bioinformatics
The University Of Agriculture,Peshawar,BS,4 Years,33000,15-08-2025,Bioinformatics
Khawaja Fareed University Of Engineering & Information Technology,Rahim Yar Khan,BS,4 Years,40250,05-01-2026,Bioinformatics
Fatima Jinnah Women University,Rawalpindi,BS,4 Years,52050,18-08-2025,Bioinformatics
Pir Mahar Ali Shah Arid Agriculture University,Rawalpindi,BS,4 Years,0,14-07-2023,Bioinformatics
Al-khair University,Bhimber,BS,4 Years,0,10-01-2013,Bioinformatics
Baqai Medical University,Karachi,BS,4 Years,67300,13-10-2023,Bioinformatics
Muhammad Ali Jinnah University,Karachi,BS,4 Years,153000,22-07-2024,Bioinformatics
Minhaj University,Lahore,BS,4 Years,0,31-10-2025,Bioinformatics
The University Of Lahore ( Main Campus ),Lahore,BS,4 Years,167000,31-01-2026,Bioinformatics
Comsats University Islamabad ( Sahiwal Campus ),Sahiwal,BS,4 Years,112200,16-01-2026,Bioinformatics
"Shaheed Benazir Bhutto Women University Peshawar, Sub Campus",Swabi,BS,4 Years,0,10-10-2013,Bioinformatics
"Riphah International University, Faisalabad Campus",Faisalabad,BS,4 Years,80000,18-10-2025,Bioinformatics
Government Postgraduate College ( Mandian),Abbottabad,BS,4 Years,0,30-11--0001,Bioinformatics
Emerson University Multan,Multan,BS,4 Years,0,15-08-2025,Bioinformatics
Royal Gorup Of Colleges,Gujranwala,BS,4 Years,0,27-10-2018,Bioinformatics
Baqai Institute Of Information Technology,Karachi,BS,4 Years,67300,14-02-2020,Bioinformatics
Central Park College Of Allied Health Sciences,Lahore,BS,4 Years,0,30-09-2019,Bioinformatics
Federal Institute Of Health Sciences,Lahore,BS,4 Years,0,01-10-2017,Bioinformatics
Gulab Devi Post Graduate Medical Institute,Lahore,BS,4 Years,0,30-11--0001,Bioinformatics
Federal Institute Of Health Sciences,Multan,BS,4 Years,0,01-10-2017,Bioinformatics
Fedral Institute Of Health Sciences,Muzaffarabad,BS,4 Years,0,01-10-2017,Bioinformatics
The Limit Institution Of Health Sciences,Sahiwal,BS,4 Years,0,18-11-2016,Bioinformatics
Cholistan University Of  Veterinary & Animal Sciences,Bahawal Pur,BS (HONS),4 Years,37500,15-08-2024,Biological Sciences
Karakuram International University,Gilgit,BS,4 Years,41900,03-08-2023,Biological Sciences
University Of Veterinary And Animal Sciences,Lahore,BS (HONS),4 Years,45500,12-09-2025,Biological Sciences
"Abdul Wali Khan University, Mardan",Mardan,BS,4 Years,35000,18-08-2025,Biological Sciences
Muslim Youth University,Islamabad,BS,4 Years,0,29-10-2025,Biological Sciences
Shifa Tameer-e-millat University,Islamabad,BS,4 Years,0,20-01-2025,Biological Sciences
Forman Christian College,Lahore,B.Sc. [Hons],4 Years,358200,30-11-2025,Biological Sciences
College Of Veterinary And Animal Sciences,Jhang,BS (HONS),4 Years,22750,12-09-2025,Biological Sciences
University Of Veterinary And Animal Sciences [ Ravi Campus],Pattoki,BS (HONS),4 Years,22750,12-09-2025,Biological Sciences
"Abdul Wali Khan University, Mardan",Mardan,BS,4 Years,35000,18-08-2025,Biomedical Sciences
Khawaja Fareed University Of Engineering & Information Technology,Rahim Yar Khan,BS,4 Years,40250,05-01-2026,Biomedical Sciences
Riphah International University,Islamabad,BS,4 Years,85000,30-07-2025,Biomedical Sciences
"University Of Health Sciences, Kala Shah Kaku Campus",Kala Shah Kaku,BS,4 Years,0,30-01-2020,Biomedical Sciences
"Pak- Austria Fachhuochschule, Institute Of Applied Sciences And Technology",Haripur,BS,4 Years,0,31-12-2025,Biomedical Sciences
University Of The Punjab,Lahore,BS,4 Years,41940,25-09-2025,Biophysics Nano Biotechnology
Ghazi University,D.g.khan,BS,4 Years,21300,15-08-2023,Biostatistics
University Of Agriculture,Faisalabad,BS,4 Years,0,28-07-2025,Biostatistics
University Of Haripur,Haripur,BS,4 Years,41559,17-09-2023,Biostatistics
University Of The Punjab,Lahore,BS,4 Years,37290,25-09-2025,Biostatistics
The University Of Lahore ( Main Campus ),Lahore,BS,4 Years,0,31-01-2026,Biostatistics
Abbottabad University Of Science And Technology,Abbottabad,B.Sc.,4 Years,28500,26-08-2025,Biotechnology
Women University Azad Jammu & Kashmir,Bagh,BS,4 Years,43110,01-09-2025,Biotechnology
Cholistan University Of  Veterinary & Animal Sciences,Bahawal Pur,BS,4 Years,37500,15-08-2024,Biotechnology
The Government Sadiq College Women University,Bahawal Pur,BS,4 Years,0,28-01-2026,Biotechnology
The Islamia University Of Bahawalpur,Bahawal Pur,BS,4 Years,47115,30-06-2025,Biotechnology
University Of Science & Technology,Bannu,BS,4 Years,16400,20-09-2025,Biotechnology
University Of Malakand,Chakdara,BS (HONS),4 Years,20000,15-09-2025,Biotechnology
Bacha Khan University,Charsadda,BS,4 Years,37000,22-09-2025,Biotechnology
Ghazi University,D.g.khan,BS,4 Years,21300,04-07-2025,Biotechnology
Gomal University,D.i. Khan,B.Sc. [Hons],4 Years,52220,09-01-2026,Biotechnology
Government College University,Faisalabad,BS,4 Years,28200,24-06-2025,Biotechnology
Government College Women University,Faisalabad,B.Sc.,4 Years,33100,31-07-2025,Biotechnology
University Of Agriculture,Faisalabad,BS,4 Years,0,28-07-2025,Biotechnology
Karakuram International University,Gilgit,BS,4 Years,41900,10-08-2025,Biotechnology
University Of Gujrat,Gujrat,BS,4 Years,68010,15-08-2025,Biotechnology
Government College University Hyderabad,Hyderabad,BS,4 Years,0,15-09-2025,Biotechnology
Institute Of Space Technology,Islamabad,BS,4 Years,125900,31-07-2025,Biotechnology
International Islamic University,Islamabad,BS,4 Years,89685,31-12-2025,Biotechnology
National Skills University,Islamabad,BS,4 Years,40600,13-09-2025,Biotechnology
National University Of Science & Technology,Islamabad,BS,4 Years,174050,25-01-2026,Biotechnology
Quaid-e-azam University,Islamabad,BS,4 Years,54565,29-07-2025,Biotechnology
University Of Sindh,Jamshoro,BS,4 Years,15200,14-09-2025,Biotechnology
Dow University Of Health Sciences,Karachi,BS,4 Years,186000,13-12-2025,Biotechnology
University Of Karachi,Karachi,BS,4 Years,21000,28-11-2025,Biotechnology
The University Of Management Sciences & Information Technology,Kotli,BS,4 Years,0,10-09-2016,Biotechnology
University Of Kotli,Kotli,BS,4 Years,0,15-08-2025,Biotechnology
Government College University Lahore,Lahore,B.Sc. [Hons],4 Years,90000,08-08-2025,Biotechnology
Kinnaird College For Women,Lahore,BS,4 Years,90200,04-07-2025,Biotechnology
Lahore College For Women University,Lahore,BS,4 Years,54270,25-09-2025,Biotechnology
University Of The Punjab,Lahore,BS,4 Years,41940,25-09-2025,Biotechnology
University Of Veterinary And Animal Sciences,Lahore,BS (HONS),4 Years,45500,12-09-2025,Biotechnology
Virtual University Of Pakistan,Lahore,BS,4 Years,21800,30-09-2025,Biotechnology
Punjab University Of Technology  [ Rasul],Mandi Baha-ud-din,BS,4 Years,0,25-09-2025,Biotechnology
"Abdul Wali Khan University, Mardan",Mardan,BS,4 Years,55000,18-08-2025,Biotechnology
Women University Mardan,Mardan,BS,4 Years,41400,28-01-2026,Biotechnology
University Of Mianwali,Mianwali,BS,4 Years,0,19-01-2026,Biotechnology
Mirpur University Of Science And Technology,Mir Pur (ajk),BS,4 Years,51300,15-08-2024,Biotechnology
"Bahauddin Zakariya University, Multan",Multan,BS,4 Years,27150,18-08-2025,Biotechnology
Muhammad Nawaz Sharif University Of Agriculture,Multan,BS,4 Years,25200,29-09-2025,Biotechnology
The Women University,Multan,BS,4 Years,25750,07-01-2025,Biotechnology
Kohsar University,Murree,BS,4 Years,0,26-02-2026,Biotechnology
University Of Azad Jammu & Kashmir,Muzaffarabad,BS,4 Years,0,08-08-2025,Biotechnology
University Of Narowal,Narowal,BS,4 Years,30000,19-02-2026,Biotechnology
University Of Okara,Okara,BS,4 Years,46000,18-07-2025,Biotechnology
Islamia College University,Peshawar,BS,4 Years,0,16-09-2025,Biotechnology
Shaheed Benazir Bhutto Women University,Peshawar,BS,4 Years,29513,28-09-2025,Biotechnology
The University Of Agriculture,Peshawar,B.Sc. [Hons],4 Years,37000,15-08-2025,Biotechnology
University Of Peshawar,Peshawar,BS,4 Years,71000,23-09-2025,Biotechnology
Balochistan University Of It & Management Sciences,Quetta,BS,4 Years,39410,26-01-2026,Biotechnology
Sardar Bahadur Khan Women University,Quetta,BS,4 Years,10740,15-09-2025,Biotechnology
University Of Balochistan,Quetta,BS,4 Years,36000,10-06-2024,Biotechnology
Khawaja Fareed University Of Engineering & Information Technology,Rahim Yar Khan,BS,4 Years,40250,05-01-2026,Biotechnology
"Unversity Of The Poonch, Rawala Kot",Rawala Kot,BS,4 Years,46000,20-08-2025,Biotechnology
Fatima Jinnah Women University,Rawalpindi,BS,4 Years,52050,18-08-2025,Biotechnology
Pir Mahar Ali Shah Arid Agriculture University,Rawalpindi,BS,4 Years,45650,08-08-2025,Biotechnology
Shaheed Benazir Bhutto  International University Of Veterinary And Animal Sciences,Sakrand,BS,4 Years,9300,19-12-2025,Biotechnology
University Of Sargodha,Sargodha,BS,4 Years,30000,15-12-2025,Biotechnology
Government College Women University,Sialkot,BS,4 Years,25000,27-01-2025,Biotechnology
University Of Sialkot,Sialkot,AD,2 Years,0,01-11-2024,Biotechnology
University Of Sialkot,Sialkot,BS,4 Years,121000,01-11-2024,Biotechnology
The Begum Nusrat Bhutto Women University,Sukkur,BS,4 Years,43000,04-06-2025,Biotechnology
University Of Swabi,Swabi,BS,4 Years,51270,16-09-2025,Biotechnology
Women University Swabi,Swabi,BS,4 Years,42460,12-09-2025,Biotechnology
University Of Swat,Swat,BS,4 Years,30900,12-10-2023,Biotechnology
Sindh Agriculture University,Tando Jam,BSC (AGRI.) HON,4 Years,25000,30-09-2025,Biotechnology
University Of Turbat,Turbat,BS,4 Years,24000,21-10-2024,Biotechnology
"Shaheed Benazir Bhutto University, Sheringal",Upper Dir,BS,4 Years,30010,10-10-2025,Biotechnology
The University Of Faisalabad,Faisalabad,BS,4 Years,112500,07-10-2023,Biotechnology
Capital University Of Science And Technology,Islamabad,BS,4 Years,262000,02-09-2025,Biotechnology
Ibadat International University Islamabad,Islamabad,BS,4 Years,91200,10-09-2023,Biotechnology
Muslim Youth University,Islamabad,BS,4 Years,0,29-10-2025,Biotechnology
Hamdard University,Karachi,BS,4 Years,0,15-03-2025,Biotechnology
Jinnah University For Women,Karachi,BS,4 Years,51000,15-10-2025,Biotechnology
Muhammad Ali Jinnah University,Karachi,BS,4 Years,152000,22-07-2024,Biotechnology
Shaheed Zulfiqar Ali Bhutto Institute Of Science & Technology,Karachi,BS,4 Years,96390,12-02-2026,Biotechnology
Sir Syed University Of Engineering & Technology,Karachi,BS,4 Years,0,19-07-2024,Biotechnology
Sohail University,Karachi,BS,4 Years,0,17-10-2024,Biotechnology
Zia-ud-din Medical University,Karachi,BS,4 Years,150000,26-08-2025,Biotechnology
Forman Christian College,Lahore,B.Sc. [Hons],4 Years,419100,30-11-2025,Biotechnology
Lahore Garrison University,Lahore,BS,4 Years,174635,30-11--0001,Biotechnology
Lahore University Of Biological & Applied Sciences,Lahore,BS,4 Years,0,31-01-2026,Biotechnology
Qarshi University (lhr),Lahore,BS,4 Years,136000,12-07-2025,Biotechnology
Rashid Latif Khan University,Lahore,BS,4 Years,0,25-10-2025,Biotechnology
The University Of Lahore ( Main Campus ),Lahore,BS,4 Years,167000,31-01-2026,Biotechnology
University Of Central Punjab,Lahore,BS,4 Years,206500,10-10-2024,Biotechnology
University Of Management And Technology,Lahore,BS,4 Years,212250,18-10-2024,Biotechnology
Mohi-ud-din Islamic University,Mir Pur (ajk),BS,4 Years,60000,15-02-2024,Biotechnology
Cecos University Of Information Tech. & Emerging Sciences,Peshawar,BS,4 Years,140000,05-10-2024,Biotechnology
Preston University [pesh],Peshawar,CERT,4 Years,0,20-06-2016,Biotechnology
Sarhad University Of Science & Information Technology,Peshawar,BS,4 Years,66000,25-04-2024,Biotechnology
National University Of Medical Sciences,Rawalpindi,BS,4 Years,300000,16-01-2026,Biotechnology
Grand Asian University Sialkot,Sialkot,BS,4 Years,0,21-09-2024,Biotechnology
Comsats University Islamabad ( Abbotabad Campus ),Abbottabad,BS,4 Years,112200,29-01-2026,Biotechnology
"The Islamia University Of Bahawalpur, Ahmadpur East Campus",Ahmadpur East,BS,4 Years,47115,30-06-2024,Biotechnology
The Islamia University Of Bahawalpur[sub Campus],Bahawal Nagar,BS,4 Years,47115,30-06-2025,Biotechnology
College Of Veterinary And Animal Sciences,Jhang,BS,4 Years,22750,12-09-2025,Biotechnology
Bahria University ( Karachi Campus ),Karachi,BS,4 Years,103035,09-01-2026,Biotechnology
"Federal Urdu University Of Arts  Science & Technology, Karachi",Karachi,BS,4 Years,51100,10-01-2025,Biotechnology
"The Islamia University Of Bahawalpur, Liaqatpur Campus",Liaqatpur,BS,4 Years,47115,30-06-2025,Biotechnology
University Of Veterinary And Animal Sciences [ Ravi Campus],Pattoki,BS,4 Years,22750,12-09-2025,Biotechnology
The Islamic University Of Bahawalpur[rahimyar Khan Campus],Rahim Yar Khan,BS,4 Years,47115,30-06-2025,Biotechnology
Comsats University Islamabad ( Sahiwal Campus ),Sahiwal,BS,4 Years,112200,16-01-2026,Biotechnology
Comsats University Islamabad ( Vehari Campus ),Vehari,BS,4 Years,112200,16-01-2026,Biotechnology
"Riphah International University, Faisalabad Campus",Faisalabad,BS,4 Years,92000,18-10-2025,Biotechnology
Preston University [lhr],Lahore,BS,4 Years,0,20-06-2016,Biotechnology
"The University Of Lahore, Sub Campus",Sargodha,BS,4 Years,0,08-02-2025,Biotechnology
"University Of Management And Technology, Sialkot Campus",Sialkot,BS,4 Years,0,30-10-2021,Biotechnology
"Pak- Austria Fachhuochschule, Institute Of Applied Sciences And Technology",Haripur,BS,4 Years,0,31-12-2025,Biotechnology
Khairpur College Of Agricultural Engineering And Technology,Khair Pur,BS,4 Years,0,30-09-2025,Biotechnology
Government College For Women[gulberg],Lahore,BS,4 Years,0,28-10-2022,Biotechnology
Government College Of Science[wahdat Road],Lahore,BS,4 Years,0,14-09-2024,Biotechnology
Government Dyal Singh College[laxmi Chowk],Lahore,BS,4 Years,0,31-10-2022,Biotechnology
Government M.a.o College,Lahore,BS,4 Years,0,30-11-1999,Biotechnology
University Of Home Economics,Lahore,BS,4 Years,0,25-07-2025,Biotechnology
Emerson University Multan,Multan,BS,4 Years,0,15-08-2025,Biotechnology
King College Of Health Sciences,Bahawal Pur,BS (HONS),4 Years,0,30-11-2016,Biotechnology
Royal Gorup Of Colleges,Gujranwala,BS,4 Years,0,31-10-2020,Biotechnology
Allied College Of Health Sciences,Khanewal,BS,4 Years,0,30-09-2021,Biotechnology
Central Park College Of Allied Health Sciences,Lahore,BS,4 Years,0,30-09-2019,Biotechnology
Gulab Devi Educational Complex,Lahore,BS,4 Years,0,30-11--0001,Biotechnology
Jinnah Memorial College Of Information Technology,Lahore,BS,4 Years,0,15-10-2020,Biotechnology
Allied College Of Health Sciences,Multan,BS,4 Years,0,30-09-2021,Biotechnology
Al-shifa Institute Of Health Sciences,Narowal,BS,4 Years,0,20-12-2025,Biotechnology
Sahara College Of Pharmacy & Allied Health Sciences,Narowal,BS,4 Years,0,01-12-2018,Biotechnology
Center Of Advanced Studies In Health & Technology,Rawalpindi,BS,4 Years,0,05-10-2023,Biotechnology
Kings College Of Health Sciences,Sahiwal,BS,4 Years,0,30-11-2016,Biotechnology
Amna Inayat Medical College,Sheikhupura,BS,4 Years,0,18-11-2017,Biotechnology
Health Services Academy,Islamabad,BS,4 Years,0,25-07-2025,Biotechnology
Akhuwat Faisalabad Institute Of Research Science & Technology,Faisalabad,B.Sc. [Hons],4 Years,0,22-09-2019,Biotechnology
Faisalabad Institute Of Research Sciences & Technology,Faisalabad,B.Sc.,4 Years,0,25-09-2017,Biotechnology
"International Institute Of Science, Arts And Technology",Gujranwala,BS,4 Years,0,05-10-2025,Biotechnology
Hayat Institute Of Emerging Sciences,Karachi,BS,4 Years,0,31-03-2018,Biotechnology
Federal Institute Of Health Sciences,Lahore,BS,4 Years,0,01-10-2017,Biotechnology
Gulab Devi Post Graduate Medical Institute,Lahore,BS,4 Years,0,30-11--0001,Biotechnology
Federal Institute Of Health Sciences,Multan,BS,4 Years,0,01-10-2017,Biotechnology
Fedral Institute Of Health Sciences,Muzaffarabad,BS,4 Years,0,01-10-2017,Biotechnology
The Limit Institution Of Health Sciences,Sahiwal,BS,4 Years,0,18-11-2016,Biotechnology
Abdul Wali Khan University [palosa Campus],Charsadda,B.Sc. [Hons],2 Years,41794,30-11--0001,Biotechnology
"Bahauddin Zakariya University, Lahore Campus",Lahore,BS,4 Years,32000,30-11--0001,Biotechnology
University Of Gujrat ( Sialkot Campus),Sialkot,BS,4 Years,0,18-09-2017,Biotechnology
Kohat University Of Science & Technology,Kohat,BS,4 Years,27900,15-09-2025,Biotechnology Genetic
Hazara University,Mansehra,BS,4 Years,38980,01-09-2025,Biotechnology Genetic
Gomal University,D.i. Khan,BS,4 Years,0,31-07-2025,Bio Medical
Air University,Islamabad,BE,4 Years,112050,25-07-2025,Bio Medical
Liaquat University Of Medical And Health Sciences,Jamshoro,BS,4 Years,55000,10-10-2025,Bio Medical
Mehran University Of Engineering & Technology,Jamshoro,BE,4 Years,38600,10-05-2025,Bio Medical
Ned University Of Engineering & Technology,Karachi,BE,5 Years,46670,20-05-2025,Bio Medical
Balochistan University Of Engineering & Technology,Khuzdar,BS,4 Years,0,17-10-2025,Bio Medical
"Quaid-e-awam University Of Engineering, Sciences & Technology",Nawab Shah,BS,4 Years,20000,31-05-2025,Bio Medical
Riphah International University,Islamabad,BS,4 Years,165000,30-07-2025,Bio Medical
Hamdard University,Karachi,BS,4 Years,0,15-03-2025,Bio Medical
Salim Habib University,Karachi,BE,4 Years,239000,10-01-2023,Bio Medical
Sir Syed University Of Engineering & Technology,Karachi,BS,4 Years,83000,19-07-2024,Bio Medical
Zia-ud-din Medical University,Karachi,BE,4 Years,150000,26-08-2025,Bio Medical
Hitec University,Taxila,BS,4 Years,220000,30-08-2025,Bio Medical
Universtiy Of Engineering And Technology (sub Campus),Kala Shah Kaku,BS,4 Years,62427,11-07-2025,Bio Medical
University Of Engineering & Technology (narowal Campus),Narowal,B.Sc. [Engg.],4 Years,62427,22-03-2026,Bio Medical
Quaid-e-azam College Of Engineering And Technology,Sahiwal,B.Sc. [Engg.],4 Years,0,04-09-2023,Bio Medical
University Of Management And Technology,Lahore,BS,4 Years,0,01-10-2025,Block Chain
The University Of Lahore ( Main Campus ),Lahore,BS,4 Hours,0,03-01-2026,Blood Banking
Indus University,Karachi,BS,4 Years,147000,31-10-2025,Blood Transfusion Medicine
Indus Hospital (school Of Nursing) Children Cancer Hospital,Karachi,AD,2 Years,0,24-02-2023,Blood Transfusion Medicine
National University Of Medical Sciences,Rawalpindi,BS,4 Years,0,16-01-2026,Blood Transfusion Technology
Indus College Of Allied Health,Karachi,AD,2 Years,0,22-12-2021,Blood Transfusion Technology
Institute Of Allied Health Sciences,Wah,AD,2 Years,0,30-01-2026,Blood Transfusion Technology
Abbottabad University Of Science And Technology,Abbottabad,B.Sc.,4 Years,28500,26-08-2025,Botany
Women University Azad Jammu & Kashmir,Bagh,BS,4 Years,43110,01-09-2025,Botany
The Government Sadiq College Women University,Bahawal Pur,BS,4 Years,31340,28-01-2026,Botany
The Islamia University Of Bahawalpur,Bahawal Pur,BS,4 Years,47115,30-06-2025,Botany
Kalam Bibi International Women Institute,Bannu,BS,4 Years,0,18-09-2025,Botany
University Of Science & Technology,Bannu,BS,4 Years,16400,20-09-2025,Botany
Thal University,Bhakkar,BS,4 Years,30000,10-01-2025,Botany
Azad Jammu & Kashmir University Of Bhimber,Bhimber,BS,4 Years,0,08-09-2024,Botany
The University Of Buner,Buner,BS,4 Years,0,15-08-2025,Botany
University Of Malakand,Chakdara,BS (HONS),4 Years,20000,15-09-2025,Botany
Bacha Khan University,Charsadda,BS,4 Years,37000,22-09-2025,Botany
University Of Chitral,Chitral,B.Sc.,4 Years,0,30-10-2023,Botany
Ghazi University,D.g.khan,BS,4 Years,21300,04-07-2025,Botany
University Of Education [ D.g. Khan Campus ],D.g.khan,BS,4 Years,20214,02-09-2025,Botany
Gomal University,D.i. Khan,BS,4 Years,0,31-07-2025,Botany
Gomal University,D.i. Khan,AD,2 Years,0,31-07-2025,Botany
Government College University,Faisalabad,BS,4 Years,28200,24-06-2025,Botany
Government College Women University,Faisalabad,BS,4 Years,33100,31-07-2025,Botany
University Of Agriculture,Faisalabad,BS,4 Years,60000,28-07-2025,Botany
University Of Education [ Faisalabad Campus ],Faisalabad,BS,4 Years,20214,02-09-2025,Botany
Karakuram International University,Gilgit,BS,4 Years,0,10-08-2025,Botany
University Of Gujrat,Gujrat,BS,4 Years,68010,15-08-2025,Botany
University Of Haripur,Haripur,BS,4 Years,20113,26-01-2026,Botany
Government College University Hyderabad,Hyderabad,BS,4 Years,11000,15-09-2025,Botany
Allama Iqbal Open University,Islamabad,BS,4 Years,45100,10-02-2026,Botany
Quaid-e-azam University,Islamabad,BS,4 Years,54565,29-07-2025,Botany
University Of Sindh,Jamshoro,BS,4 Years,15200,14-09-2025,Botany
University Of Karachi,Karachi,BS,4 Years,18500,28-11-2025,Botany
Khushal Khan Khattak University,Karak,BS,4 Years,34000,19-01-2026,Botany
Shah Abdul Latif University,Khair Pur,B.Sc. [Hons],4 Years,12150,22-09-2025,Botany
Kohat University Of Science & Technology,Kohat,BS,4 Years,27900,15-09-2025,Botany
The University Of Management Sciences & Information Technology,Kotli,BS,4 Years,0,10-09-2016,Botany
University Of Kotli,Kotli,BS,4 Years,0,15-08-2025,Botany
Government College University Lahore,Lahore,B.Sc. [Hons],4 Years,52000,11-12-2025,Botany
Kinnaird College For Women,Lahore,BS,4 Years,90200,01-12-2025,Botany
Lahore College For Women University,Lahore,BS,4 Years,58190,25-09-2025,Botany
University Of Education,Lahore,BS (HONS),4 Years,20214,09-01-2026,Botany
University Of The Punjab,Lahore,B.Sc. [Hons],4 Years,41940,25-09-2025,Botany
The University Of Lakki Marwat,Lakki Marwat,BS,4 Years,17100,25-09-2024,Botany
University Of Layyah,Layyah,BS,4 Years,0,17-07-2023,Botany
Hazara University,Mansehra,B.Sc. [Hons],4 Years,38980,01-09-2025,Botany
"Abdul Wali Khan University, Mardan",Mardan,BS,4 Years,45000,18-08-2025,Botany
Women University Mardan,Mardan,BS,4 Years,41400,28-01-2026,Botany
University Of Mianwali,Mianwali,BS,4 Years,0,03-10-2025,Botany
Mirpur University Of Science And Technology,Mir Pur (ajk),BS,4 Years,51300,22-07-2020,Botany
"Bahauddin Zakariya University, Multan",Multan,BS,4 Years,27150,02-01-2026,Botany
The Women University,Multan,BS,4 Years,25750,07-01-2025,Botany
Kohsar University,Murree,BS,4 Years,0,26-02-2026,Botany
University Of Azad Jammu & Kashmir,Muzaffarabad,BS,4 Years,0,08-08-2025,Botany
Baba Guru Nanak University,Nankana Sahib,BS,4 Years,21350,19-09-2025,Botany
University Of Narowal,Narowal,BS,4 Years,30000,19-02-2026,Botany
University Of Okara,Okara,BS (HONS),4 Years,46000,18-07-2025,Botany
Islamia College University,Peshawar,BS,4 Years,62000,16-09-2025,Botany
Shaheed Benazir Bhutto Women University,Peshawar,BS,4 Years,29513,28-09-2025,Botany
The University Of Agriculture,Peshawar,BS,4 Years,47000,20-10-2023,Botany
University Of Peshawar,Peshawar,BS,4 Years,71000,23-09-2025,Botany
Balochistan University Of It & Management Sciences,Quetta,BS,4 Years,39410,16-08-2024,Botany
Sardar Bahadur Khan Women University,Quetta,BS,4 Years,8040,15-09-2025,Botany
University Of Balochistan,Quetta,BS,4 Years,36000,11-08-2025,Botany
Khawaja Fareed University Of Engineering & Information Technology,Rahim Yar Khan,BS,4 Years,40250,05-01-2026,Botany
"Unversity Of The Poonch, Rawala Kot",Rawala Kot,BS,4 Years,46000,20-08-2025,Botany
Pir Mahar Ali Shah Arid Agriculture University,Rawalpindi,BS,4 Years,45650,08-08-2025,Botany
Rawalpindi Women University,Rawalpindi,BS,4 Years,33065,03-09-2025,Botany
University Of Sargodha,Sargodha,BS,4 Years,30000,15-12-2025,Botany
Government College Women University,Sialkot,BS,4 Years,25000,22-01-2026,Botany
Mir Chakar Khan Rind University,Sibi,BS,4 Years,0,31-07-2025,Botany
Women University Swabi,Swabi,BS,4 Years,45760,12-09-2025,Botany
University Of Swat,Swat,BS,4 Years,30900,12-10-2023,Botany
University Of Turbat,Turbat,BS,4 Years,24000,21-10-2024,Botany
"Shaheed Benazir Bhutto University, Sheringal",Upper Dir,BS,4 Years,30010,10-10-2025,Botany
University Of Chakwal,Chakwal,BS,4 Years,0,11-08-2025,Botany
Shaheed Benazir Bhutto University [chitral],Chitral,BS,4 Years,0,10-09-2016,Botany
Qurtuba University Of Science & Technology [di Khan],D.i. Khan,BS,4 Years,0,31-10-2024,Botany
Muslim Youth University,Islamabad,BS,4 Years,0,29-10-2025,Botany
Lahore Garrison University,Lahore,BS,4 Years,174635,30-11--0001,Botany
Minhaj University,Lahore,BS,4 Years,147500,31-10-2025,Botany
The University Of Lahore ( Main Campus ),Lahore,BS,4 Years,167000,31-01-2026,Botany
Mohi-ud-din Islamic University,Mir Pur (ajk),BS,4 Years,60000,15-02-2024,Botany
Grand Asian University Sialkot,Sialkot,BS,4 Years,0,21-09-2024,Botany
"The Islamia University Of Bahawalpur, Ahmadpur East Campus",Ahmadpur East,BS,4 Years,47115,30-06-2024,Botany
The Islamia University Of Bahawalpur[sub Campus],Bahawal Nagar,BS,4 Years,47115,30-06-2025,Botany
University Of Sargodha ( Bhakkar Campus ),Bhakkar,BS,4 Years,0,03-11-2021,Botany
"Mirpur University Of Science & Technology, Bhimber Campus",Bhimber,BS,4 Years,0,31-07-2023,Botany
"University Of Agriculture Faisalabad, Sub Campu",Burewala,BS,4 Years,0,28-07-2025,Botany
University College Of Education,Faisalabad,BS,4 Years,0,14-07-2023,Botany
University Of Sargodha ( Women Campus Faisalabad ),Faisalabad,BS,4 Years,0,14-10-2017,Botany
University Of Sargodha (lyallpur Campus),Faisalabad,BS,4 Years,0,30-09-2017,Botany
"University Of The Poonch Rawalakot, Kahuta-haveli Campus",Haveli (ajk),BS,4 Years,0,20-08-2025,Botany
University Of Education [ Jauharabad Campus ],Joharabad,BS,4 Years,20214,02-09-2025,Botany
"Federal Urdu University Of Arts  Science & Technology, Karachi",Karachi,B.Sc. [Hons],4 Years,34400,10-01-2025,Botany
Government College University Faisalabad (layyah Campus),Layyah,BS,4 Years,0,04-09-2023,Botany
"The Islamia University Of Bahawalpur, Liaqatpur Campus",Liaqatpur,BS,4 Years,47115,30-06-2025,Botany
University Of Sargodha ( Mandi Baha-ud-din Campus ),Mandi Baha-ud-din,BS,4 Years,0,30-09-2016,Botany
University Of Gujrat (narowal Campus,Narowal,BS,4 Years,0,17-10-2017,Botany
University Of Education,Okara,BS (HONS),4 Years,9400,21-09-2015,Botany
University Of Makran,Panjgur,AD,2 Years,0,25-10-2024,Botany
University Of Makran,Panjgur,BS,4 Years,8053,25-10-2024,Botany
University Of Veterinary And Animal Sciences [ Ravi Campus],Pattoki,B.Sc. [Hons],4 Years,22750,12-09-2025,Botany
The Islamic University Of Bahawalpur[rahimyar Khan Campus],Rahim Yar Khan,BS,4 Years,47115,30-06-2025,Botany
University Of Gujrat (rawalpindi Campus),Rawalpindi,BS,4 Years,0,26-07-2018,Botany
"Shaheed Benazir Bhutto Women University Peshawar, Sub Campus",Swabi,BS,4 Years,0,02-09-2014,Botany
University Of Swat ( Women Campus ),Swat,BS,4 Years,30900,12-10-2023,Botany
University Of Agriculture Faisal Abad[toba Tek Singh Campus],Toba Tek Singh,BS,4 Years,0,28-07-2025,Botany
University Of Education [ Vehari Campus ],Vehari,BS,4 Years,20214,02-09-2025,Botany
Shaheed Benazir Bhutto University (sub Campus),Wari,BS,4 Years,0,10-10-2025,Botany
"Riphah International University, Faisalabad Campus",Faisalabad,BS,4 Years,80000,18-10-2025,Botany
Qurtuba University Of Science & Information Technology,Peshawar,BS,4 Years,44000,31-10-2024,Botany
Government Degree College,Ali Pur,BS,2 Years,0,31-10-2022,Botany
Government Degree College For Women,Ali Pur,BS,4,3500,18-10-2025,Botany
Government Degree College For Women[dmr],Bahawal Pur,BS,4 Years,3500,07-10-2025,Botany
Government S E College,Bahawal Pur,BS,4 Years,0,26-09-2014,Botany
Government Postgraduate College,Bannu,BS,4 Years,0,31-08-2013,Botany
Government Postgraduate College,Chakwal,BS,4 Years,0,30-11--0001,Botany
Government Abdul Ali Khan Degree College,Charsadda,BS,4 Years,0,27-08-2018,Botany
Government Girls Degree College No1 Charsadda,Charsadda,BS,4 Years,0,27-08-2018,Botany
Government Postgraduate College,Charsadda,BS,4 Years,0,27-08-2018,Botany
Government Degree College For Women[company Bagh],D.g.khan,BS,4 Years,0,30-11--0001,Botany
Government Degree College[block-17],D.g.khan,BS,4 Years,0,05-10-2024,Botany
Government Post Graduate College,D.g.khan,BS,4 Years,0,30-11--0001,Botany
Government College For Women [madina Town],Faisalabad,BS,4 Years,0,30-11--0001,Botany
Government Post Graduate College Of Science,Faisalabad,BS,4 Years,0,23-09-2024,Botany
Government Post Graduate College [samanabad],Faisalabad,BS,4 Years,0,23-09-2023,Botany
Government Postgraduate Islamia College,Faisalabad,BS,4 Years,0,04-10-2014,Botany
"Uaf Community Collge, Jhang Road",Faisalabad,BS,4 Years,0,28-07-2025,Botany
Government Post Graduate College For Women [satellite Town],Gujranwala,BS,4 Years,0,10-09-2024,Botany
Government Post Graduate College[satellite Town],Gujranwala,BS (HONS),4 Months,0,02-10-2025,Botany
"F. G. Degree College, Hyderabad Cantt",Hyderabad,BS,4 Years,0,04-10-2019,Botany
Government Boys College [qasimabad],Hyderabad,BS,4 Years,0,30-01-2026,Botany
Government Post Graduate College,Jhang,BS,4 Years,0,30-09-2025,Botany
Government Post Graduate College  For Women,Kohat,BS,4 Years,0,22-08-2014,Botany
Government Postgraduate College,Kohat,BS,4 Years,0,20-08-2014,Botany
Apwa Degree College For Women[jail Road],Lahore,CERT,4,3500,02-10-2024,Botany
Government College For Women [gulberg],Lahore,BS,4 Years,0,15-05-2024,Botany
Government College For Women[gulberg],Lahore,BS,4 Years,0,28-10-2022,Botany
Government College Of Science[wahdat Road],Lahore,BS,4 Years,0,14-09-2024,Botany
Government College [township],Lahore,CERT,4 Years,0,07-09-2024,Botany
Government Dyal Singh College[laxmi Chowk],Lahore,BS,4 Years,0,31-10-2022,Botany
Government Islamia College [civil Lines],Lahore,BS,4 Years,0,25-09-2023,Botany
Government M.a.o College,Lahore,BS (HONS),4 Years,0,30-11-1999,Botany
Government Post Graduate College For Women [samanabad],Lahore,BS (HONS),4 Years,0,28-10-2021,Botany
Government Postgraduate College For Women [wahdat Conlony],Lahore,BS,4 Years,0,06-11-2021,Botany
Government Queen Marry College,Lahore,BS,4 Years,0,15-07-2024,Botany
Queen Marry College,Lahore,BS (HONS),4 Years,0,03-10-2020,Botany
Government Post Graduate College,Mandi Baha-ud-din,BS,4 Years,0,26-10-2020,Botany
Government Postgraduate College,Mansehra,BS,4 Years,0,22-08-2015,Botany
University College For Women,Mardan,AD,2 Years,52678,18-08-2025,Botany
Govenrment College,Mir Pur (ajk),BS,4 Years,0,26-09-2017,Botany
Government Postgraduate Boys College,Mir Pur (ajk),BS,4 Years,0,28-09-2014,Botany
Emerson University Multan,Multan,BS,4 Years,0,15-08-2025,Botany
Government College For Women [katchery],Multan,BS,4 Years,0,30-11--0001,Botany
Government College For Boys,Peshawar,BS,4 Years,0,30-08-2017,Botany
Government College Peshawar,Peshawar,BS,4 Years,0,31-08-2019,Botany
Government Frontier College For Women,Peshawar,BS,4 Years,0,30-08-2014,Botany
Government Superior Science College,Peshawar,BS,4 Years,0,20-08-2016,Botany
Government Girls College,Quetta,BS,4 Years,0,05-04-2025,Botany
Government Girls Degree College[quarry Road],Quetta,BS,4 Years,0,20-04-2025,Botany
Khawaj Farid Government Post Graduate College,Rahim Yar Khan,BS,4,0,10-10-2020,Botany
Government College For Women [murree Road],Rawalpindi,BS,4 Years,3500,31-12-2021,Botany
Government Post Graduate College[asghar Mall ],Rawalpindi,BS,4 Years,0,30-11--0001,Botany
Government Post Graduate Gordon College,Rawalpindi,BS,4 Years,0,08-09-2023,Botany
Government Post Graduate Gordon College,Rawalpindi,BS,4 Years,0,08-09-2023,Botany
Government Postgraduate College For Women[satellite Town],Rawalpindi,BS,4 Years,0,08-09-2013,Botany
Government Post Graduate College,Sahiwal,BS,4 Years,0,09-10-2013,Botany
Government Post Graduate College,Sammandri,BS,4 Years,0,09-10-2018,Botany
Government Murray College,Sialkot,BS,4 Years,15000,18-08-2023,Botany
Government Postgraduate College For Women,Sialkot,BS,4 Years,0,30-11--0001,Botany
Government Post Graduate College,Swabi,BS,4 Years,0,05-09-2015,Botany
Government Degree College,Timergara,BS,4 Years,0,08-10-2021,Botany
Federal Government Post Graduate College For Women,Wah Cantt,BS,4 Years,0,30-09-2022,Botany
"Riphah Community College, Abbotabad Campus",Abbottabad,AD,2 Years,0,31-08-2023,Botany
"Riphah International College, Bahawlpur",Bahawal Pur,AD,2 Years,0,31-10-2022,Botany
Kalarkahar Science College,Chakwal,BS,4 Years,0,07-10-2016,Botany
Edison College,Faisalabad,BS,4 Years,0,07-08-2017,Botany
Informatics Group Of Colleges,Faisalabad,AD,2 Years,36000,07-01-2023,Botany
Shifa College For Women,Faisalabad,BS,4 Years,0,16-11-2019,Botany
"Superior College , Girls",Faisalabad,BS,4 Years,0,27-12-2021,Botany
"Concorida Colleges, Gujranwala",Gujranwala,BS,4 Years,0,30-09-2019,Botany
Royal Gorup Of Colleges,Gujranwala,BS,4 Years,0,31-10-2020,Botany
"Iqra Degree College, Havelian",Havelian,AD,2 Years,0,04-12-2021,Botany
"Concordia Colleges, Kasur",Kasur,BS,4 Years,0,30-09-2019,Botany
Central Park College Of Allied Health Sciences,Lahore,BS,4 Years,0,30-09-2019,Botany
Concordia Colleges,Lahore,BS,4 Years,0,28-10-2020,Botany
Informatics Group Of Colleges,Lahore,BS,4 Years,0,31-07-2024,Botany
Punjab Group Of Colleges,Lahore,BS,4 Years,0,13-10-2018,Botany
"Riphah International College, Lahore",Lahore,AD,2 Years,0,01-11-2024,Botany
Fgk College,Layyah,BS,4 Years,0,27-10-2018,Botany
Gabriel College,Mandi Baha-ud-din,B.Sc. [Hons],4 Years,0,31-10-2015,Botany
"Rise Group Of Colleges, Girls",Multan,BS,4 Years,0,27-09-2014,Botany
"Misali Zakriya Graduate College, Dinpur",Muzafargarh,BS,4 Years,0,04-12-2021,Botany
Vertex College Of Science And Technology,Peshawar,AD,2 Years,0,27-09-2018,Botany
N I C C A S Postgraduate College,Rahim Yar Khan,BS,4 Years,0,27-09-2019,Botany
Comand College,Sahiwal,BS,4 Years,0,03-10-2019,Botany
"The Readers Group Of Colleges, Boys",Sargodha,BS,4 Years,0,16-10-2020,Botany
Superior College For Boys,Sillanwali,BS,4 Years,0,18-09-2021,Botany
Superior College For Girls,Sillanwali,BS,4 Years,0,18-09-2021,Botany
South Punjab Institute Of Science & Technology,D.g.khan,BS,4 Years,0,30-10-2017,Botany
Gulab Devi Post Graduate Medical Institute,Lahore,BS,4 Years,0,30-11--0001,Botany
Kaims International Institute,Multan,BS,4 Years,0,31-07-2019,Botany
Inama Institute Of Natural And Management Sciences,Rawalpindi,BS,4 Years,0,15-10-2017,Botany
Abdul Wali Khan University ( Shankar Campus ),Mardan,BS,4 Years,45000,30-11--0001,Botany
University Of Gujrat ( Sialkot Campus),Sialkot,BS,4 Years,0,18-09-2017,Botany
Abdulwali Khan University ( Timergara Campus ),Timergara,BS,4 Years,45000,18-08-2025,Botany
"University Of Engineering & Technology, Lahore",Lahore,B.Sc.,4 Years,62427,22-03-2026,Building Architectural Engineering
"Bahauddin Zakariya University, Multan",Multan,B.Sc. [Engg.],4 Years,27150,18-08-2025,Building Architectural Engineering
"Quaid-e-awam University Of Engineering, Sciences & Technology",Nawab Shah,BS,4 Years,20000,31-05-2025,Building Architectural Engineering
University Of Turbat,Turbat,AD,2 Years,0,21-10-2024,Business
Forman Christian College,Lahore,B.Sc. [Hons],4 Years,536700,30-11-2025,Business
Institute Of Southern Punjab,Multan,AD,2 Years,0,31-08-2024,Business
Government Degree College For Women [dhoke Ratta],Rawalpindi,B.Sc.,2 Years,0,01-01-1970,Business
Alta Vista College,Islamabad,B.Sc. [Hons],3 Years,0,18-06-2011,Business
Emaan Institute Of Management & Sciences,Karachi,AD,2 Years,96000,20-07-2024,Business
Abbottabad University Of Science And Technology,Abbottabad,BBA,4 Years,27500,26-08-2025,Business Administration
Women University Azad Jammu & Kashmir,Bagh,BBA,4 Years,36260,01-09-2025,Business Administration
Cholistan University Of  Veterinary & Animal Sciences,Bahawal Pur,BBA,4 Years,46500,15-08-2024,Business Administration
Cholistan University Of  Veterinary & Animal Sciences,Bahawal Pur,AD,2 Years,46500,15-08-2024,Business Administration
The Government Sadiq College Women University,Bahawal Pur,BBA,4 Years,27540,28-01-2026,Business Administration
The Islamia University Of Bahawalpur,Bahawal Pur,BBA (H),4 Years,48115,30-06-2025,Business Administration
University Of Science & Technology,Bannu,BBA (H),4 Years,16400,20-09-2025,Business Administration
Thal University,Bhakkar,BS,4 Years,30000,10-01-2025,Business Administration
The University Of Buner,Buner,BS,4 Years,0,15-08-2025,Business Administration
University Of Malakand,Chakdara,BBA,4 Years,0,15-09-2025,Business Administration
Bacha Khan University,Charsadda,BBA (H),4 Years,37000,22-09-2025,Business Administration
"Bahauddin Zakria University,multan[d.g.khan Campus]",D.g.khan,BBA (H),4 Years,23120,31-01-2015,Business Administration
Ghazi University,D.g.khan,BBA,4 Years,21300,04-07-2025,Business Administration
Mir Chakar Khan Rind University Of Technology,D.g.khan,BS,4 Years,0,31-07-2025,Business Administration
Gomal University,D.i. Khan,BBA,4 Years,46600,09-01-2026,Business Administration
Fata University,Darra Adam Khail,BBA,4 Years,22000,16-08-2025,Business Administration
Government College University,Faisalabad,BBA,4 Years,39300,12-01-2026,Business Administration
Government College University,Faisalabad,AD,2 Years,39300,12-01-2026,Business Administration
Government College Women University,Faisalabad,BBA,4 Years,34000,31-07-2025,Business Administration
National Textile University,Faisalabad,BBA,4 Years,80000,31-07-2023,Business Administration
University Of Agriculture,Faisalabad,BBA,4 Years,83600,28-07-2025,Business Administration
University Of Education [ Faisalabad Campus ],Faisalabad,BBA (H),4 Years,22622,02-09-2025,Business Administration
Karakuram International University,Gilgit,BBA,4 Years,35600,10-08-2025,Business Administration
University Of Gujrat,Gujrat,BBA,4 Years,68010,15-08-2025,Business Administration
University Of Gwadar,Gwadar,BS,4 Years,0,08-08-2025,Business Administration
The University Of Sufism  And Modern Sciences,Hala,BBA (H),4 Years,23000,31-07-2025,Business Administration
University Of Haripur,Haripur,BS,4 Years,42044,26-01-2026,Business Administration
Hazara University [havellian Campus],Havelian,BBA (H),4 Years,0,23-02-2015,Business Administration
Government College University Hyderabad,Hyderabad,BS,4 Years,11000,15-09-2025,Business Administration
Allama Iqbal Open University,Islamabad,BBA,4 Years,16060,10-02-2026,Business Administration
"Bahria University, E-8 Campus",Islamabad,BBA (H),4 Years,143550,18-12-2025,Business Administration
Comsats University Islamabad,Islamabad,BS,4 Years,112200,17-12-2025,Business Administration
Federal Urdu University Of Arts Science & Technology Islamabad,Islamabad,BBA (H),4 Years,75000,30-01-2026,Business Administration
International Islamic University,Islamabad,BBA,2 Years,101700,31-12-2025,Business Administration
International Islamic University,Islamabad,BBA (H),4 Years,101700,31-12-2025,Business Administration
National Skills University,Islamabad,BBA,4 Years,40600,13-09-2025,Business Administration
"National University Of Computer And Emerging Sciences, Islamabad",Islamabad,BBA,4 Years,160000,04-07-2025,Business Administration
"National University Of Modern Languages, Islamabad",Islamabad,BBA,2 Years,97500,09-12-2025,Business Administration
"National University Of Modern Languages, Islamabad",Islamabad,BBA (H),4 Years,97500,09-12-2025,Business Administration
National University Of Science & Technology,Islamabad,BBA (H),4 Years,253080,25-01-2026,Business Administration
Quaid-e-azam University,Islamabad,BBA,2 Years,56355,29-07-2025,Business Administration
Quaid-e-azam University,Islamabad,BBA,4 Years,56355,29-07-2025,Business Administration
Mehran University Of Engineering & Technology,Jamshoro,BBA,4 Years,38600,10-05-2025,Business Administration
University Of Sindh,Jamshoro,BBA (H),4 Years,15950,14-09-2025,Business Administration
University Of Jhang,Jhang,BS,4 Years,0,15-09-2025,Business Administration
"Benazir Bhutto Shaheed University, Lyari",Karachi,BBA,4,28100,17-11-2025,Business Administration
Dow University Of Health Sciences,Karachi,BBA,2 Years,0,19-01-2026,Business Administration
Dow University Of Health Sciences,Karachi,BBA,4 Years,90000,19-01-2026,Business Administration
Institute Of Business Administration [khi],Karachi,BBA,4 Years,237500,11-06-2025,Business Administration
Jinnah Sindh Medical University,Karachi,BBA,4 Years,0,08-01-2026,Business Administration
"Shaheed Zulfiqar Ali Bhutto, University Of Law, Clifton",Karachi,BBA,4 Years,40000,12-01-2026,Business Administration
"Shaheed Zulfiqar Ali Bhutto, University Of Law, Clifton",Karachi,AD,2 Years,40000,12-01-2026,Business Administration
Sindh Madressatul Islam University,Karachi,BBA,4 Years,53500,01-12-2025,Business Administration
Sindh Madressatul Islam University,Karachi,BBA,2 Years,66000,01-12-2025,Business Administration
Uit University,Karachi,BS,4 Years,0,09-01-2026,Business Administration
University Of Karachi,Karachi,BBA (H),4 Years,55500,28-11-2025,Business Administration
Khushal Khan Khattak University,Karak,BBA (H),4 Years,34000,19-01-2026,Business Administration
Shah Abdul Latif University,Khair Pur,BBA,4 Years,46000,22-09-2025,Business Administration
Kohat University Of Science & Technology,Kohat,BBA (H),4 Years,56800,15-09-2025,Business Administration
The University Of Management Sciences & Information Technology,Kotli,BBA,4 Years,0,10-09-2016,Business Administration
University Of Kotli,Kotli,BBA,4 Years,0,15-08-2025,Business Administration
Kinnaird College For Women,Lahore,BBA,4 Years,116100,04-07-2025,Business Administration
Lahore College For Women University,Lahore,BBA,4 Years,46790,25-09-2025,Business Administration
University Of Education,Lahore,BBA,4 Years,22622,09-01-2026,Business Administration
"University Of Engineering & Technology, Lahore",Lahore,BBA,4 Years,62427,09-12-2024,Business Administration
University Of The Punjab,Lahore,BBA,4 Years,47540,25-09-2025,Business Administration
University Of Veterinary And Animal Sciences,Lahore,BBA,4 Years,45500,12-09-2025,Business Administration
Virtual University Of Pakistan,Lahore,AD,2 Years,21800,30-09-2025,Business Administration
Virtual University Of Pakistan,Lahore,BS,4 Years,21800,30-09-2025,Business Administration
The University Of Lakki Marwat,Lakki Marwat,BS,4 Years,14600,25-09-2024,Business Administration
The University Of Larkano,Larkana,BBA,4 Years,0,27-08-2025,Business Administration
"Lasbela University Of Agriculture, Water And Marine Sciences, Uthal",Lasbela,BBA,4 Years,23500,20-10-2025,Business Administration
University Of Layyah,Layyah,BBA (H),4 Years,23120,17-07-2023,Business Administration
University Of Loralai,Loralai,BBA,4 Years,11300,18-08-2025,Business Administration
Punjab University Of Technology  [ Rasul],Mandi Baha-ud-din,BS,4 Years,0,25-09-2025,Business Administration
Hazara University,Mansehra,BBA (H),4 Years,38980,01-09-2025,Business Administration
"Abdul Wali Khan University, Mardan",Mardan,BBA (H),4 Years,55000,18-08-2025,Business Administration
Women University Mardan,Mardan,BBA,4 Years,37400,28-01-2026,Business Administration
University Of Mianwali,Mianwali,BBA (H),4 Years,0,19-01-2026,Business Administration
Mirpur University Of Science And Technology,Mir Pur (ajk),BS,4 Years,53300,15-10-2024,Business Administration
Ibn-e-sina University,Mir Pur Khas,BBA,4 Years,0,30-09-2023,Business Administration
The University Of Mirpur Khas,Mir Pur Khas,BBA,4 Years,0,10-10-2025,Business Administration
"Bahauddin Zakariya University, Multan",Multan,BBA (H),4 Years,27150,18-08-2025,Business Administration
Muhammad Nawaz Sharif University Of Agriculture,Multan,BS,4 Years,0,29-09-2025,Business Administration
Muhammad Nawaz Sharif University Of Engineering And Technology,Multan,BBA,4 Years,35300,12-02-2024,Business Administration
Multan University Of Science And Technology,Multan,BS,4 Years,0,24-01-2026,Business Administration
Nfc Institute Of Engineering & Technology,Multan,BBA,4 Years,50170,01-08-2025,Business Administration
The Women University,Multan,AD,2 Years,24510,23-09-2024,Business Administration
The Women University,Multan,BS,4 Years,24150,23-09-2024,Business Administration
University Of Education [ Multan Campus ],Multan,BBA (H),4 Years,22622,02-09-2025,Business Administration
Kohsar University,Murree,BS,4 Years,0,26-02-2026,Business Administration
University Of Azad Jammu & Kashmir,Muzaffarabad,BBA,3 Years,0,08-08-2025,Business Administration
Baba Guru Nanak University,Nankana Sahib,BS,4 Years,29000,19-09-2025,Business Administration
University Of Narowal,Narowal,BBA,4 Years,30000,19-02-2026,Business Administration
"Shaheed Benazir Bhutto University, Nawab Shah",Nawab Shah,BS,4 Years,18000,06-10-2025,Business Administration
University Of Okara,Okara,BBA (H),4 Years,52000,18-07-2025,Business Administration
Institute Of Management Sciences,Peshawar,BBA (H),4 Years,155700,03-08-2023,Business Administration
Islamia College University,Peshawar,BBA (H),4 Years,62000,16-09-2025,Business Administration
Shaheed Benazir Bhutto Women University,Peshawar,BBA,4 Years,29513,28-09-2025,Business Administration
The University Of Agriculture,Peshawar,BBA (H),4 Years,38000,09-01-2026,Business Administration
University Of Peshawar,Peshawar,BBA (H),4 Years,84400,23-01-2026,Business Administration
Balochistan University Of It & Management Sciences,Quetta,BBA,4 Years,48415,20-08-2025,Business Administration
Sardar Bahadur Khan Women University,Quetta,BBA,4 Years,10740,15-09-2025,Business Administration
University Of Balochistan,Quetta,BBA,4 Years,33000,05-01-2026,Business Administration
Khawaja Fareed University Of Engineering & Information Technology,Rahim Yar Khan,BBA,4 Years,40250,05-01-2026,Business Administration
"Unversity Of The Poonch, Rawala Kot",Rawala Kot,BBA,4 Years,0,20-08-2025,Business Administration
Fatima Jinnah Women University,Rawalpindi,BBA,4 Years,52050,18-08-2025,Business Administration
Pir Mahar Ali Shah Arid Agriculture University,Rawalpindi,BBA (H),4 Years,48250,08-08-2025,Business Administration
Rawalpindi Women University,Rawalpindi,BS,4 Years,33065,03-09-2025,Business Administration
University Of Sahiwal,Sahiwal,BBA (H),4 Years,31440,31-07-2025,Business Administration
University Of Baltistan,Sakardu,BBA,4 Years,34000,10-11-2017,Business Administration
Shaheed Benazir Bhutto  International University Of Veterinary And Animal Sciences,Sakrand,BBA,4 Years,9300,19-12-2025,Business Administration
University Of Sargodha,Sargodha,BBA,4 Years,31000,15-12-2025,Business Administration
Government College Women University,Sialkot,BS,4 Years,25000,22-01-2026,Business Administration
University Of Sialkot,Sialkot,BS,4 Years,129000,01-11-2024,Business Administration
Mir Chakar Khan Rind University,Sibi,BS,4 Years,0,31-07-2025,Business Administration
Sukkur Iba University,Sukkur,BBA,4 Years,120000,07-02-2026,Business Administration
The Begum Nusrat Bhutto Women University,Sukkur,BBA,4 Years,43000,04-06-2025,Business Administration
University Of Swabi,Swabi,BBA,4 Years,51270,16-09-2025,Business Administration
Women University Swabi,Swabi,BBA (H),4 Years,45760,12-09-2025,Business Administration
The University Of Veterinary & Animal Sciences,Swat,BBA,4 Years,18000,30-09-2025,Business Administration
University Of Swat,Swat,BBA,4 Years,24870,12-10-2023,Business Administration
The University Of Modern Sciences,Tando Muhammad Khan,BBA,4 Years,0,22-11-2025,Business Administration
University Of Turbat,Turbat,BBA,4 Years,18000,21-10-2024,Business Administration
Al-khair University,Bhimber,BBA,4 Years,0,17-02-2014,Business Administration
University Of Chakwal,Chakwal,BBA,4 Years,0,11-08-2025,Business Administration
Qurtuba University Of Science & Technology [di Khan],D.i. Khan,BBA (H),4 Years,0,25-08-2025,Business Administration
Preston University [fdb],Faisalabad,BBA,4 Years,80000,01-01-1970,Business Administration
The University Of Faisalabad,Faisalabad,AD,2 Years,22500,07-10-2023,Business Administration
The University Of Faisalabad,Faisalabad,BBA (H),4 Years,198000,07-10-2023,Business Administration
Gift University,Gujranwala,B.Sc. [Hons],4 Years,157600,01-02-2026,Business Administration
Preston University [guj],Gujranwala,BBA,4 Years,0,01-01-1970,Business Administration
The University Of Chenab,Gujrat,BBA,4 Years,0,03-01-2026,Business Administration
Isra University/hospital,Hyderabad,BBA,4 Years,150000,13-07-2024,Business Administration
University Of East,Hyderabad,BBA,4 Years,0,01-01-1970,Business Administration
Al-karam International University,Islamabad,BBA,4 Years,0,25-02-2017,Business Administration
Al-khair University [ajk],Islamabad,BBA,4 Years,0,01-01-1970,Business Administration
Capital University Of Science And Technology,Islamabad,BBA,4 Years,250000,02-09-2025,Business Administration
Capital University Of Science And Technology,Islamabad,AD,2 Years,0,02-09-2025,Business Administration
Ibadat International University Islamabad,Islamabad,BS,4 Years,93900,10-09-2023,Business Administration
Muslim Youth University,Islamabad,BBA,4 Years,0,29-10-2025,Business Administration
Riphah International University,Islamabad,BBA,4 Years,130500,30-07-2025,Business Administration
Shifa Tameer-e-millat University,Islamabad,BBA,4 Years,0,29-09-2022,Business Administration
Sir Syed Case Institute Of Technology,Islamabad,AD,2 Years,0,13-01-2026,Business Administration
Sir Syed Case Institute Of Technology,Islamabad,BBA,4 Years,124800,13-01-2026,Business Administration
Baqai Medical University,Karachi,BBA (H),4 Years,38000,18-10-2024,Business Administration
Dadabhoy Institute Of Higher Education,Karachi,BBA,4 Years,124165,31-03-2021,Business Administration
Dha Suffa University(main Campus),Karachi,BBA,4 Years,188600,30-12-2025,Business Administration
Greenwich University,Karachi,BS,4 Years,132110,14-07-2024,Business Administration
Hamdard University,Karachi,BBA (H),4 Years,140360,15-03-2025,Business Administration
Ilma University,Karachi,BBA,4 Years,137150,10-09-2022,Business Administration
Institute Of Business Management,Karachi,BBA (H),4 Years,155800,28-06-2023,Business Administration
Iqra University [kch],Karachi,BBA,4 Years,189000,14-02-2026,Business Administration
Jinnah University For Women,Karachi,BBA,4 Years,67000,15-10-2025,Business Administration
Karachi Institute Of Economics & Technology,Karachi,BBA,4 Years,93450,06-01-2024,Business Administration
Kasb [ Khadim Ali Shah Bukhari ]  Institute Of Technology,Karachi,BBA (H),4 Years,125150,01-10-2022,Business Administration
Metropolitan University Karachi,Karachi,BBA,4 Years,0,15-12-2025,Business Administration
Muhammad Ali Jinnah University,Karachi,BBA,4 Years,153000,22-07-2024,Business Administration
National University,Karachi,BBA,4 Years,0,30-11--0001,Business Administration
Nazeer Hussain University,Karachi,BBA (H),4 Years,108800,17-12-2023,Business Administration
Newports Institute Of Communications And Economics,Karachi,BBA (H),4 Years,145750,14-09-2023,Business Administration
Preston University,Karachi,BBA,4 Years,79600,19-09-2016,Business Administration
Salim Habib University,Karachi,BBA,4 Years,218000,10-01-2023,Business Administration
Shaheed Benazir Bhutto City University,Karachi,BBA,4 Years,288000,30-11--0001,Business Administration
Shaheed Benazir Bhutto Dewan University,Karachi,BBA,4 Years,224000,15-02-2026,Business Administration
Shaheed Zulfiqar Ali Bhutto Institute Of Science & Technology,Karachi,BBA,4 Years,151200,12-02-2026,Business Administration
Sindh Institute Of Management And Technology,Karachi,BBA,4 Years,0,21-11-2020,Business Administration
Sir Syed University Of Engineering & Technology,Karachi,BBA,2/4 Years,127000,19-07-2024,Business Administration
Sohail University,Karachi,BBA,4 Years,0,17-10-2024,Business Administration
Zia-ud-din Medical University,Karachi,BBA,4 Years,116000,26-08-2025,Business Administration
Preston University [kht],Kohat,BBA (H),4 Years,111100,30-10-2025,Business Administration
Beaconhouse National University,Lahore,BBA,4 Years,169050,30-12-2025,Business Administration
Green International University,Lahore,BBA,4 Years,0,02-09-2025,Business Administration
Hajvery University,Lahore,BBA (H),4 Years,180000,26-10-2024,Business Administration
Hajvery University,Lahore,AD,2 Years,108000,26-10-2024,Business Administration
Imperial College Of Business Studies,Lahore,AD,2 Years,0,21-08-2023,Business Administration
Imperial College Of Business Studies,Lahore,BBA (H),4 Years,176040,21-08-2023,Business Administration
Lahore Garrison University,Lahore,BBA,4 Years,174635,30-11--0001,Business Administration
Lahore Leads University,Lahore,BBA (H),4 Years,170000,04-09-2025,Business Administration
Lahore School Of Economics,Lahore,BBA (H),4 Years,341000,28-06-2025,Business Administration
Minhaj University,Lahore,BBA,4 Years,151250,31-10-2025,Business Administration
Minhaj University,Lahore,AD,2 Years,0,31-10-2025,Business Administration
"National College Of Business Administration And Economics, Lahore",Lahore,BBA,4 Years,144000,26-02-2023,Business Administration
Nur International University,Lahore,BBA,4 Years,155278,18-01-2025,Business Administration
Pimsat Institute Of Higher Education [lhr],Lahore,BBA (H),4 Years,0,30-11--0001,Business Administration
Qarshi University (lhr),Lahore,BBA,4 Years,126000,12-07-2025,Business Administration
Rashid Latif Khan University,Lahore,BS,4 Years,0,25-10-2025,Business Administration
The Superior University,Lahore,BBA (H),4 Years,237800,31-01-2026,Business Administration
The Superior University,Lahore,AD,2 Years,0,31-01-2026,Business Administration
The University Of Lahore ( Main Campus ),Lahore,BBA (H),4 Years,216000,31-01-2026,Business Administration
University Of Central Punjab,Lahore,AD,2 Years,0,10-10-2024,Business Administration
University Of Central Punjab,Lahore,BBA,4 Years,289750,10-10-2024,Business Administration
University Of Management And Technology,Lahore,BBA,4 Years,399750,31-07-2024,Business Administration
University Of South Asia,Lahore,BBA,4 Years,188000,05-11-2022,Business Administration
Mohi-ud-din Islamic University,Mir Pur (ajk),BBA (H),4 Years,56000,15-02-2024,Business Administration
Institute Of Southern Punjab,Multan,BBA (H),4 Years,101250,31-01-2025,Business Administration
Preston University [mut],Multan,BBA,4 Years,80000,01-01-1970,Business Administration
Qarshi University,Muridke,BS,4 Years,0,30-11--0001,Business Administration
Northern University,Nowshera,BBA (H),4 Years,30250,16-02-2026,Business Administration
Abasyn University,Peshawar,BBA,4 Years,99000,01-02-2026,Business Administration
Cecos University Of Information Tech. & Emerging Sciences,Peshawar,BBA,4 Years,140000,28-07-2025,Business Administration
City University Of Science & Information Technology,Peshawar,BBA,4 Years,160000,10-11-2025,Business Administration
Iqra National University,Peshawar,BBA,2 Years,79798,07-02-2026,Business Administration
Preston University [pesh],Peshawar,BBA,4 Years,80000,19-09-2016,Business Administration
Sarhad University Of Science & Information Technology,Peshawar,BBA (H),4 Years,36500,05-12-2025,Business Administration
Sarhad University Of Science & Information Technology,Peshawar,BBA,3 Years,36500,05-12-2025,Business Administration
Al- Hamd Islamic University,Quetta,BBA (H),4 Years,0,18-08-2024,Business Administration
Preston University [qut],Quetta,BBA,3 Years,0,01-01-1970,Business Administration
University Of Rawalpindi,Rawalpindi,BBA,4 Years,88750,14-09-2024,Business Administration
The Shaikh Ayaz University,Shikar Pur,BBA,4 Years,38500,10-11-2025,Business Administration
Grand Asian University Sialkot,Sialkot,BS,4 Years,0,21-09-2024,Business Administration
Hitec University,Taxila,BS,4 Years,150000,07-02-2026,Business Administration
University Of Wah,Wah Cantt,BBA,4 Years,150000,20-09-2023,Business Administration
Comsats University Islamabad ( Abbotabad Campus ),Abbottabad,BS,4 Years,112200,29-01-2026,Business Administration
"The Islamia University Of Bahawalpur, Ahmadpur East Campus",Ahmadpur East,BBA,4 Years,48115,30-06-2024,Business Administration
Comsats University Islamabad ( Attock Campus ),Attock,BBA,4 Years,112200,16-01-2026,Business Administration
"Sindh Univeristy ( Laar Campus, Badin )",Badin,BBA,4 Years,20500,14-09-2025,Business Administration
The Islamia University Of Bahawalpur[sub Campus],Bahawal Nagar,BBA,4 Years,48115,30-06-2025,Business Administration
Hazara University ( Batagram Campus ),Batagram,BBA,4 Years,38980,28-01-2019,Business Administration
University Of Sargodha ( Bhakkar Campus ),Bhakkar,BBA,4 Years,43140,03-11-2021,Business Administration
"University Of Agriculture Faisalabad, Sub Campu",Burewala,BBA,4 Years,83600,28-07-2025,Business Administration
"Karakuram International University, Diamer Campus",Chilas,BS,4 Years,0,31-08-2022,Business Administration
"Government College University Faisalabad, Chiniot Campus",Chiniot,BBA,4 Years,0,24-06-2025,Business Administration
Abdulwali Khan University ( Chitral Campus ),Chitral,BBA,4 Years,0,15-08-2016,Business Administration
"University Of Sindh ( Muhtarma Benazir Bhuttu Shaheed Campus, Dadu )",Dadu,BBA (H),4 Years,14500,14-09-2025,Business Administration
"Lasbela University Of Agriculture, Water And Marine Sciences ( Dera Murad Jamali Campus)",Dera Murad Jamali,BBA,4 Years,0,14-10-2023,Business Administration
Comsats Institute Of Information Technology (virtual Campus),Faisalabad,BS,4 Years,0,12-09-2014,Business Administration
National University Of Modern Languages ( Faisalabad Campus ),Faisalabad,BBA,4 Years,97160,09-12-2025,Business Administration
University College Of Education,Faisalabad,BBA,4 Years,0,14-07-2023,Business Administration
University Of Engineering And Technology[fiasalabad Campus],Faisalabad,BS,4 Years,62427,09-07-2024,Business Administration
University Of Sargodha ( Women Campus Faisalabad ),Faisalabad,BBA,4 Years,0,14-10-2017,Business Administration
University Of Sargodha (lyallpur Campus),Faisalabad,BBA,4 Years,0,30-09-2017,Business Administration
Shah Abdul Latif Bhitai University (sub Campus Ghotki),Ghotki,BBA,4 Years,0,22-09-2025,Business Administration
"University Of Punjab, Pothohar Campus",Gujar Khan,BS,4 Years,0,05-08-2025,Business Administration
Rachna College Of Engineering And Technology,Gujranwala,BS,4 Years,62427,09-07-2024,Business Administration
University Of Sargodha (gujranwala Campus),Gujranwala,BBA (H),4 Years,0,30-09-2017,Business Administration
University Of The Punjab [ Gujranwala Campus ],Gujranwala,BBA,4 Years,26950,25-09-2025,Business Administration
University Of Turbat (sub-campus Gwadar),Gwadar,BBA,4 Years,18000,25-08-2022,Business Administration
"Government College University Faisalabad, Hafizabad Capus",Hafizabad,BBA,4 Years,0,24-06-2025,Business Administration
"Kohat University Of Science And Technology, (sub Campus)",Hangu,BBA,4 Years,56800,15-09-2025,Business Administration
National University Of Modern Languages ( Hyderabad Campus ),Hyderabad,BBA,4 Years,97500,09-12-2025,Business Administration
"University Of Sindh, Elsa Kazi Campus",Hyderabad,BBA,4 Years,0,05-03-2021,Business Administration
Lahore College For Women University,Jhang,BBA,4 Years,39800,18-09-2017,Business Administration
University Of The Punjab (jhelum Campus),Jhelum,BBA (H),4 Years,23150,25-09-2025,Business Administration
University Of Education [ Jauharabad Campus ],Joharabad,BBA (H),4 Years,27230,02-09-2025,Business Administration
Universtiy Of Engineering And Technology (sub Campus),Kala Shah Kaku,BBA,4 Years,62427,09-07-2024,Business Administration
"Sukkur Iba University, Kandhkot Campus",Kandh Kot,BBA,4 Years,0,20-11-2025,Business Administration
Bahria University ( Karachi Campus ),Karachi,BBA,4 Years,128700,17-11-2025,Business Administration
"Federal Urdu University Of Arts  Science & Technology, Karachi",Karachi,BBA (H),4 Years,48200,10-01-2025,Business Administration
National University Of Modern Languages ( Karachi Campus ),Karachi,BS,4 Years,97500,09-12-2025,Business Administration
"Lasbela University Of Agriculture, Water And Marine Sciences ( Wadh Campus )",Khuzdar,BBA,4 Years,0,30-11--0001,Business Administration
Arid Institute Of Management Sciences,Lahore,BBA (H),4 Years,0,29-10-2021,Business Administration
Bahria University ( Lahore Campus ),Lahore,BBA,4 Years,143550,07-08-2025,Business Administration
Comsats University Islamabad( Lahore Campus ),Lahore,BS,4 Years,112200,29-12-2025,Business Administration
National University Of Modern Languages ( Lahore  Campus ),Lahore,BBA (H),4 Years,97500,09-12-2025,Business Administration
University Of Gujrat (lahore Campus),Lahore,BBA (H),4 Years,0,25-08-2018,Business Administration
University Of Sargodha ( Lahore Campus ),Lahore,BBA,4 Years,0,30-09-2017,Business Administration
Government College University Faisalabad (layyah Campus),Layyah,BBA (H),4 Years,0,04-09-2023,Business Administration
Government College University Faisalabad (layyah Campus),Layyah,AD,2 Years,0,04-09-2023,Business Administration
"The Islamia University Of Bahawalpur, Liaqatpur Campus",Liaqatpur,BS,4 Years,48115,30-06-2025,Business Administration
"University Of Gujrat, Mandi Bahauddin  Campus",Mandi Baha-ud-din,BBA,4 Years,0,15-08-2025,Business Administration
University Of Sargodha ( Mandi Baha-ud-din Campus ),Mandi Baha-ud-din,BBA,4 Years,0,30-09-2017,Business Administration
The University Of Agriculture Peshawar (amir Muhammad Khan Campus),Mardan,BBA (H),4 Years,64000,25-11-2024,Business Administration
University Of Sargodha ( Mianwali Campus ),Mianwali,BBA,4 Years,43140,24-09-2018,Business Administration
"National University Of Modern Languages, Azad Jammu And Kashmir Campus",Mir Pur (ajk),BBA,4 Years,0,09-12-2025,Business Administration
Sukkur Iba University ( Mirpur Khas Campus),Mir Pur Khas,BS,4 Years,0,20-11-2025,Business Administration
University Of Sindh ( Mir Pur Khas Campus ),Mir Pur Khas,BBA,4 Years,14500,04-10-2023,Business Administration
"Air University, Multan Campus",Multan,BBA (H),4 Years,102080,10-01-2026,Business Administration
National University Of Modern Language ( Multan Campus ),Multan,BBA,4 Years,97160,31-01-2026,Business Administration
University College Of Education,Multan,BBA,4 Years,0,14-07-2023,Business Administration
"Balochistan University Of Information Technology, Engineering And Management Sciences, Muslim Bagh Campus",Muslim Bagh,BS,4 Years,0,20-08-2025,Business Administration
University Of Engineering & Technology (narowal Campus),Narowal,BS,4 Years,62427,09-07-2024,Business Administration
University Of Gujrat (narowal Campus,Narowal,BBA,4 Years,0,17-10-2017,Business Administration
"Shaheed Benazir Bhutto University Nawabshah, Sub Campus",Naushero Feroze,BBA,4 Years,0,06-10-2025,Business Administration
University Of Education,Okara,BBA (H),4 Years,22000,21-09-2015,Business Administration
University Of Makran,Panjgur,BS,4 Years,0,25-10-2024,Business Administration
National University Of Modern Languages ( Peshawar Campus ),Peshawar,BBA,4 Years,97500,09-12-2025,Business Administration
National University Of Modern Languages ( Quetta Campus ),Quetta,BBA,4 Years,97500,13-08-2025,Business Administration
The Islamic University Of Bahawalpur[rahimyar Khan Campus],Rahim Yar Khan,BBA (H),4 Years,48115,30-06-2025,Business Administration
"National University Of Modern Languages, Rawalpindi Campus",Rawalpindi,BBA,4 Years,97500,09-12-2025,Business Administration
University Of Gujrat (rawalpindi Campus),Rawalpindi,BBA,4 Years,0,26-07-2018,Business Administration
Comsats University Islamabad ( Sahiwal Campus ),Sahiwal,BS,4 Years,112200,16-01-2026,Business Administration
"Government College University Faisalabad, Sahiwal Campus",Sahiwal,AD,2 Years,0,04-09-2023,Business Administration
"Government College University Faisalabad, Sahiwal Campus",Sahiwal,BBA,4 Years,0,04-09-2023,Business Administration
"Government College University Faisalabad, Samundri Campus",Sammandri,BBA,4 Years,0,24-06-2025,Business Administration
"Shaheed Benazir Bhutto University, Sanghar Campus",Sanghar,BBA,4 Years,0,06-10-2025,Business Administration
Shah Abdul Latif University (sub Campus Shahdad Kot),Shahdad Kot,BBA,4 Years,0,22-09-2025,Business Administration
University Of Swat (sub Campus Shangla),Shangla,BBA (H),4 Years,24870,12-10-2023,Business Administration
Shah Abdul Latif University (sub Campus),Shikar Pur,BBA,4 Years,0,05-12-2018,Business Administration
"Shaheed Benazir Bhutto Women University Peshawar, Sub Campus",Swabi,BBA,4 Years,0,10-10-2013,Business Administration
University Of Agriculture Faisal Abad[toba Tek Singh Campus],Toba Tek Singh,BS,4 Years,0,28-07-2025,Business Administration
Comsats University Islamabad ( Vehari Campus ),Vehari,BBA,2 Years,112200,16-01-2026,Business Administration
University Of Education [ Vehari Campus ],Vehari,BBA,4 Years,22622,02-09-2025,Business Administration
"Lasbela University Of Agriculture, Water And Marine Sciences, Wadh Campus",Wadh,BS,4 Years,21000,15-10-2022,Business Administration
Comsats University Islamabad ( Wah Campus ),Wah,BBA,4 Years,112200,12-01-2026,Business Administration
National College Of Business Administration And Economics ( Bahwal Pur Campus ),Bahawal Pur,BBA,4 Years,0,19-10-2025,Business Administration
"Riphah International University, Chakdara Campus",Chakdara,BBA,4 Years,0,31-08-2023,Business Administration
National University Of Computer And Emerging Sciences ( Faisalabad Campus ),Faisalabad,BBA,4 Years,160000,04-07-2025,Business Administration
"Riphah International University, Faisalabad Campus",Faisalabad,BBA,4 Years,112000,18-10-2025,Business Administration
The University Of Lahore ( Chanab Campus),Gujrat,BBA (H),4 Years,0,13-09-2019,Business Administration
Shaheed Zulfikar Ali Bhutto Institute Of Science & Technology [hyderabad],Hyderabad,BBA,4 Years,149600,30-12-2025,Business Administration
Abasyn University (sub Campus),Islamabad,BBA,4 Years,0,28-12-2025,Business Administration
Abasyn University (sub Campus),Islamabad,AD,2 Years,0,28-12-2025,Business Administration
"Air University, H-11 Campus",Islamabad,BBA,4 Years,102080,23-12-2025,Business Administration
Alhamd Islamic University [ibd],Islamabad,BBA,4 Years,0,16-08-2024,Business Administration
Hamdard University - Islamabad Campus,Islamabad,BBA (H),4 Years,120000,15-07-2023,Business Administration
"Iqra University, Chak Shahzad Campus",Islamabad,BS,4 Years,116640,29-02-2024,Business Administration
"Iqra University, H-9 Campus",Islamabad,BBA,4 Years,254240,10-09-2025,Business Administration
Preston University [isb],Islamabad,BBA,4 Years,80000,30-10-2025,Business Administration
Shaheed Zulfiqar Ali Bhutto Institute Of Science And Technology,Islamabad,BBA,4 Years,180800,19-12-2025,Business Administration
The University Of Lahore ( Islamabad Campus ),Islamabad,BBA (H),4 Years,176000,11-10-2019,Business Administration
"Air University, Aerospace & Aviation Campus Kamra",Kamra,BS,4 Years,102080,15-07-2025,Business Administration
"Air University, Karachi Campus",Karachi,BS,4 Years,0,27-01-2026,Business Administration
Isra University [khi],Karachi,BBA,4 Years,150000,09-11-2018,Business Administration
"Air University, Kharian Campus",Kharian,BBA,4 Years,0,15-01-2026,Business Administration
National University Of Computer And Emerging Sciences ( Lahore ),Lahore,BBA,4 Years,160000,04-07-2025,Business Administration
Preston University [lhr],Lahore,BBA,4 Years,80000,20-06-2016,Business Administration
Riphah International University Lahore,Lahore,BBA,4 Years,133600,25-01-2026,Business Administration
Szabist,Larkana,BBA,4 Years,217800,26-05-2024,Business Administration
National College Of Business Administration And Economics ( Multan Campus ),Multan,BBA,4 Years,156000,19-10-2025,Business Administration
The University Of Lahore ( Baba Fareed Campus ),Pak Pattan,BBA (H),4 Years,0,20-02-2021,Business Administration
Qurtuba University Of Science & Information Technology,Peshawar,BBA (H),4 Years,74000,08-11-2025,Business Administration
Iqra University [qta],Quetta,BBA,3 Years,0,01-01-1970,Business Administration
National College Of Business Administration & Economics ( Rahim Yar Khan Campus ),Rahim Yar Khan,BBA,4 Years,0,03-11-2024,Business Administration
Foundation University Islamabad (sub Campus),Rawalpindi,BBA (H),4 Years,146480,08-01-2026,Business Administration
"The University Of Lahore, Sub Campus",Sargodha,BBA,4 Years,0,08-02-2025,Business Administration
"Foundation University, Sialkot Campus",Sialkot,BBA,4 Years,0,13-09-2019,Business Administration
"University Of Management And Technology, Sialkot Campus",Sialkot,BBA,4 Years,0,30-10-2021,Business Administration
"Iqra National Univesity, Swat Campus",Swat,BS,4 Years,71502,30-09-2025,Business Administration
"Shaheed Zulfiqar Ali Bhutto Institute Of Science And Technology, Gharo Campus",Thatta,BBA,2.5 Years,0,30-09-2024,Business Administration
"Shaheed Zulfiqar Ali Bhutto Institute Of Science And Technology, Gharo Campus",Thatta,BBA,4 Years,0,30-09-2024,Business Administration
Government Post Graduate College [samanabad],Faisalabad,BBA,4 Years,0,23-09-2023,Business Administration
"Pak- Austria Fachhuochschule, Institute Of Applied Sciences And Technology",Haripur,BS,4 Years,0,31-12-2025,Business Administration
Islamabad Model Postgraduate College Of Commerce,Islamabad,BBA,4 Years,0,07-09-2025,Business Administration
"Government Dergee College, M. Sadiq Khan Memon",Jhando Mari,BBA,4 Years,0,30-01-2026,Business Administration
Government College Of Commerce And Economics,Karachi,BS,4 Years,0,31-12-2025,Business Administration
"Government Girls Science College[shah Faisal Colony,5]",Karachi,BBA,4 Years,0,31-12-2025,Business Administration
Pakistan Shipowners Government College,Karachi,BBA,4 Years,0,31-12-2025,Business Administration
St. Joseph's Government College For Women,Karachi,BBA,4 Years,0,30-06-2012,Business Administration
University College Of Administrative Science,Kotli,BBA,3 Years,0,24-09-2011,Business Administration
Fazaia College Of Edcation For Women,Lahore,BBA (H),4 Years,0,01-06-2022,Business Administration
Government College For Boys[model Town],Lahore,BS,4 Years,0,30-10-2021,Business Administration
Government College Of Commerce ( Allama Iqbal Town ),Lahore,BBA,2 Years,0,10-10-2023,Business Administration
Government College Of Commerce ( Allama Iqbal Town ),Lahore,BBA (H),4 Years,0,20-11-2020,Business Administration
Government College Of Science[wahdat Road],Lahore,BS,4 Years,0,14-09-2024,Business Administration
Government College [township],Lahore,BS,4 Years,0,07-09-2024,Business Administration
Government Dyal Singh College[laxmi Chowk],Lahore,CERT,4 Years,3500,31-10-2022,Business Administration
Government Fatima Jinnah College For Women,Lahore,BBA (H),4 Years,0,05-10-2020,Business Administration
"Government Graduate College, Hunza Block, Allama Iqbal Town",Lahore,BS,4 Years,0,30-11-2022,Business Administration
Government Islamia College Of Commerce,Lahore,BBA,4 Years,0,15-11-2022,Business Administration
Government Islamia College [civil Lines],Lahore,BBA,4 Years,0,25-08-2025,Business Administration
Government Islamia Post Graduate College For Women [cooper Road],Lahore,BBA,4 Years,0,21-09-2023,Business Administration
Government M.a.o College,Lahore,BBA (H),4 Years,0,30-11-1999,Business Administration
Government Post Graduate College For Women [samanabad],Lahore,BBA (H),4 Years,0,28-10-2021,Business Administration
Government Queen Marry College,Lahore,BBA,4 Years,0,15-07-2024,Business Administration
Haily College Of Banking And Finance,Lahore,BBA (H),4 Years,0,26-10-2019,Business Administration
Sir Syed College Of Computer Science,Lahore,BBA,4 Years,0,11-10-2020,Business Administration
University College Lahore,Lahore,B.Sc.,3 Years,0,15-08-2014,Business Administration
University Of Home Economics,Lahore,BBA,4 Years,0,25-07-2025,Business Administration
Government Post Graduate College,Mandi Baha-ud-din,BBA,4 Years,0,26-10-2020,Business Administration
Government College Of Management Sciences,Mingora,BBA (H),4 Years,0,22-08-2014,Business Administration
Government Postgraduate Boys College,Mir Pur (ajk),BBA,4 Years,0,28-09-2014,Business Administration
Emerson University Multan,Multan,BS,4 Years,0,15-08-2025,Business Administration
F.g Degree College For Women,Multan,BBA,Hours,0,22-09-2025,Business Administration
Government Postgraduate Boys College,Muzaffarabad,BBA,4 Years,0,20-10-2012,Business Administration
Government College Of Management Sciences[g.t. Road],Peshawar,BBA (H),4 Years,0,17-09-2016,Business Administration
Government Girls Postgraduate Commerce College,Peshawar,BBA (H),4 Years,0,25-10-2018,Business Administration
Government Shaheed Alamzeb Girls Commerce College,Peshawar,BBA (H),4 Years,0,07-09-2016,Business Administration
"F. G. Girls Degree College, Madrissa Road",Quetta,BS,4 Years,0,13-10-2025,Business Administration
F.g Boys Degree College,Quetta,BS,4 Years,0,13-10-2025,Business Administration
F.g Sir Syed Degree College,Rawalpindi,BBA,4 Years,0,03-10-2023,Business Administration
Government College Of Commerce,Rawalpindi,BBA (H),4 Years,0,31-10-2022,Business Administration
Government Postgraduate College For Women[satellite Town],Rawalpindi,BBA,4 Years,0,08-09-2013,Business Administration
Saint Mary's College,Rawalpindi,CERT,4 Years,0,30-08-2014,Business Administration
Government Murray College,Sialkot,BS,4 Years,15000,18-08-2023,Business Administration
Government Postgraduate College For Women,Sialkot,BS,4 Years,0,30-11--0001,Business Administration
Government College Of Management Sciences,Thana,BBA,4 Years,0,01-01-1970,Business Administration
Army Burn Hall College For Girls,Abbottabad,BBA,4 Years,0,10-08-2025,Business Administration
The Muslim Education System,Abbottabad,BBA,4 Years,0,16-10-2021,Business Administration
Heritage College,Arif Wala,BS (HONS),4 Years,0,21-10-2017,Business Administration
"Horizon Degree College, Bhoun Road",Chakwal,BBA,4 Years,0,28-02-2023,Business Administration
Gul-e-fatima Post Graduate College,D.g.khan,BBA (H),4 Years,0,14-11-2015,Business Administration
Iba Community College,Dadu,BBA,4 Years,0,20-11-2025,Business Administration
Abdul Salam College,Faisalabad,BBA,4 Years,0,25-11-2017,Business Administration
Ali Fatimah College Of Science & Management,Faisalabad,AD,2 Years,0,21-10-2018,Business Administration
Ali Fatimah College Of Science & Management,Faisalabad,BS,4 Years,0,28-09-2019,Business Administration
Aqsa Institute Of Professional Studies,Faisalabad,BS,4 Years,0,12-10-2019,Business Administration
Chenab College Of Advance Studies,Faisalabad,BBA,4 Years,0,20-10-2020,Business Administration
Edison College,Faisalabad,BBA (H),4 Years,0,07-08-2017,Business Administration
Informatics Group Of Colleges,Faisalabad,AD,2 Years,36000,07-01-2023,Business Administration
"Kips College, Boys, Jail Road",Faisalabad,BS,4 Years,0,15-10-2019,Business Administration
"Kips College, Girls, Jail Road",Faisalabad,BS,4 Years,0,15-10-2019,Business Administration
National College Institute Of Textile And Fashion Designing,Faisalabad,BBA,4 Years,0,07-10-2016,Business Administration
Shiblee College Of Commerce & Science,Faisalabad,BS,4 Years,0,24-10-2020,Business Administration
Shiblee College Of Commerce For Women[gulberg Campus],Faisalabad,BBA,4 Years,0,24-10-2020,Business Administration
Shifa College For Women,Faisalabad,BBA,4 Years,0,16-11-2019,Business Administration
"Superior College , Girls",Faisalabad,BBA,4 Years,0,27-12-2021,Business Administration
"Superior College , Girls",Faisalabad,AD,2 Years,0,02-10-2019,Business Administration
"Superior College, Boys",Faisalabad,BBA,4 Years,0,02-12-2022,Business Administration
"Superior College, Boys",Faisalabad,AD,2 Years,0,02-12-2022,Business Administration
"Superior College, City Campus, Kotwali Road",Faisalabad,BBA,4 Years,0,06-11-2021,Business Administration
The City College Of Commerce,Faisalabad,BBA,4 Years,0,30-11-2018,Business Administration
Tips College Of Commerce And Business Administration,Faisalabad,BBA (H),4 Years,0,27-10-2018,Business Administration
Nisa Girls College,Gujar Khan,BS,4 Years,0,08-01-2022,Business Administration
Aspire College,Gujranwala,BS,4 Years,0,31-10-2021,Business Administration
"Christian College Of Business, Art & Technology",Gujranwala,BBA,4 Years,0,29-10-2020,Business Administration
"Christian College Of Business, Art & Technology",Gujranwala,AD,2 Years,0,29-10-2020,Business Administration
"Concorida Colleges, Gujranwala",Gujranwala,BS (HONS),4 Years,0,30-09-2019,Business Administration
Royal Gorup Of Colleges,Gujranwala,BBA,4 Years,0,31-10-2020,Business Administration
Saeed Islamic College,Gujranwala,BS,4 Years,0,13-11-2019,Business Administration
Faran Group Of Colleges,Gujrat,BBA,4 Years,0,31-10-2018,Business Administration
Faran Group Of Colleges,Gujrat,AD,2 Years,0,31-10-2018,Business Administration
Anees Hassan Centre Of Excellence,Hyderabad,BBA,4 Years,0,30-11--0001,Business Administration
College Of Modern Sciences,Hyderabad,BBA,4 Years,0,01-01-1970,Business Administration
National College Of Arts And Management Sciences,Hyderabad,BBA,4 Years,0,30-11--0001,Business Administration
Punjab College,Hyderabad,BBA,4 Years,0,30-11-2014,Business Administration
Al-khair University College Of Business Administration,Islamabad,BBA,3 Years,0,01-01-1970,Business Administration
Alta Vista College,Islamabad,BBA,3 Years,0,18-06-2011,Business Administration
College Of Professional Studies,Islamabad,BBA,4 Years,0,01-01-1970,Business Administration
Islamabad College Of Management & Design,Islamabad,BBA,4 Years,0,11-10-2014,Business Administration
Newport College Islamabad,Islamabad,BBA,3 Years,0,01-01-1970,Business Administration
Pak National College Of Information Sciences,Islamabad,BBA (H),4 Years,0,01-01-1970,Business Administration
"Simsit College Of Arts & Sciences, I & T Centre",Islamabad,BBA,4 Years,0,07-01-2017,Business Administration
The Millennium University College,Islamabad,B.Sc. [Hons],4 Years,0,11-09-2021,Business Administration
Universal College Islamabad,Islamabad,BBA,4 Years,0,30-09-2022,Business Administration
Uswa College[sihala],Islamabad,BBA (H),4 Years,0,03-10-2020,Business Administration
Icon College,Jaranwala,BBA,4 Years,0,24-10-2020,Business Administration
Al Hamd Academy,Karachi,BS,4 Years,0,31-07-2019,Business Administration
Al-hamd College Of Professional Eduacation,Karachi,BBA,4 Years,0,06-02-2016,Business Administration
Army Public School And College[malir Cantt],Karachi,BBA,4 Years,0,21-11-2020,Business Administration
Cams College Of Business & Information Technology,Karachi,BBA,4 Years,0,01-01-1970,Business Administration
Canadian College Of Science & Technology,Karachi,BBA,4 Years,0,20-01-2024,Business Administration
College Of Accounting And Management Science,Karachi,BBA (H),4 Years,0,02-08-2024,Business Administration
College Of Accounting And Management Sciences For Girls,Karachi,BBA,4 Years,0,22-12-2018,Business Administration
College Of Banking And Finance,Karachi,BBA,4 Years,0,15-11-2025,Business Administration
College Of Management Sciences,Karachi,BBA,4 Years,0,28-12-2019,Business Administration
Defence Authority College Of Business,Karachi,BBA,4 Years,0,10-01-2012,Business Administration
Ideal Degree College,Karachi,BBA,4 Years,0,28-02-2015,Business Administration
Indus Public College,Karachi,BBA,4 Years,0,30-04-2016,Business Administration
Jauhar Degree College,Karachi,BBA,2 Years,0,30-11--0001,Business Administration
Liaquat College Of Management Sciences,Karachi,BBA,4 Years,0,24-11-2017,Business Administration
Millennium Institute Of Technology And Entrepreneurship,Karachi,BBA,4 Years,0,21-09-2024,Business Administration
Pimsat - Institute Of Higher Education,Karachi,BS,4 Years,0,18-02-2017,Business Administration
Recknors College,Karachi,BBA,4 Years,0,27-09-2016,Business Administration
The American College,Karachi,BBA,4 Years,0,31-08-2015,Business Administration
The Millennium University College,Karachi,BA [HONS],4 Years,0,21-08-2021,Business Administration
University College,Karachi,BBA,4 Years,0,20-08-2016,Business Administration
"Concordia Colleges, Kasur",Kasur,BBA (H),4 Years,0,30-09-2019,Business Administration
"Concorida Colleges, Boys,  Khudian Khas",Kasur,BBA (H),4 Years,0,27-10-2018,Business Administration
"Concorida Colleges, Girls, Khudian Khas",Kasur,BBA (H),4 Years,0,27-10-2018,Business Administration
Nisa Girls College [kharian],Kharian,BBA,4 Years,0,08-01-2022,Business Administration
Advance Life College Of Medical Sciences,Lahore,BBA,4 Years,0,11-06-2016,Business Administration
Al- Bahria Institute,Lahore,AD,2 Years,39600,10-10-2024,Business Administration
Alley Group Of Colleges,Lahore,AD,2 Years,0,12-08-2023,Business Administration
Amna Inayat Medical & Educational Campus,Lahore,BBA,4 Years,0,05-01-2023,Business Administration
British Education & Training Systems,Lahore,BBA,4 Years,0,31-03-2016,Business Administration
Cfe College Of Commerce And Science[new Garden Town],Lahore,BBA,4 Years,0,31-08-2014,Business Administration
Concordia Colleges,Lahore,BBA,4 Years,0,28-10-2020,Business Administration
Defence Degree College For Women,Lahore,BS,4 Years,0,09-08-2025,Business Administration
Defense Degree College For Women,Lahore,BBA (H),4 Years,0,24-09-2016,Business Administration
Grand Charter College,Lahore,BBA (H),4 Years,0,23-12-2017,Business Administration
Himayat-e- Islam Khwateen College,Lahore,BBA (H),4 Years,0,13-11-2022,Business Administration
Informatics Group Of Colleges,Lahore,BS,4 Years,0,31-07-2024,Business Administration
Ivy College Of Management Sciences,Lahore,BBA,4 Years,0,30-09-2021,Business Administration
Jinnah Islamia College Of Commerce,Lahore,BBA,4 Years,0,31-10-2018,Business Administration
Jinnah Memorial College Of Information Technology,Lahore,BS,4 Years,0,15-10-2020,Business Administration
Khaldunia Institute Of Technology And Applied Sciences College,Lahore,BS,4 Years,0,09-02-2022,Business Administration
King's College,Lahore,BA [PASS],2 Years,0,30-11--0001,Business Administration
Lahore Group Of Colleges,Lahore,BBA (H),4 Years,0,08-12-2021,Business Administration
Luminous College,Lahore,BBA,4 Years,0,31-12-2017,Business Administration
Nisa Girls College [lhr],Lahore,BBA,4 Years,0,08-01-2022,Business Administration
Noble College Of Science,Lahore,BBA,4 Years,0,30-10-2017,Business Administration
Pakistan Finance College,Lahore,BBA,2 Years,0,30-11--0001,Business Administration
Punjab Group Of Colleges,Lahore,BBA (H),4 Years,0,13-10-2018,Business Administration
Quaid-e-azam College Of Accountancy,Lahore,BBA,4 Years,0,31-10-2020,Business Administration
Red Crescent Scholars College,Lahore,BBA,4 Years,0,27-10-2016,Business Administration
Rise Group Of Colleges,Lahore,BBA,4 Years,0,30-09-2017,Business Administration
Scholar's College,Lahore,BBA,4 Years,0,12-09-2015,Business Administration
Scholors College For Women,Lahore,BBA,4 Years,0,12-09-2015,Business Administration
Sharif College Of Engineering & Technology,Lahore,BBA,4 Years,0,05-12-2022,Business Administration
Standard College,Lahore,BBA (H),4 Years,0,02-09-2016,Business Administration
"Superior Group Of Colleges, Ravi Campus Shahdara",Lahore,BBA,4 Years,0,15-10-2016,Business Administration
Talon Institute Of Higher Studies,Lahore,BBA,4 Years,0,15-02-2022,Business Administration
The Lahore Institute Of Management & Information Technology,Lahore,BBA,2 Years,0,30-11--0001,Business Administration
The Laureate Business School,Lahore,BBA (H),3 Months,0,30-11--0001,Business Administration
The Millennium University College,Lahore,BA [HONS],3 Years,0,07-09-2025,Business Administration
The Royal College,Lahore,BBA (H),4 Years,0,27-09-2017,Business Administration
Faran Group Of Colleges,Lala Musa,BBA,4 Years,0,31-10-2018,Business Administration
Faran Group Of Colleges,Lala Musa,AD,2 Years,0,31-10-2018,Business Administration
Ansi Degree College,Mardan,BBA,4 Years,0,18-09-2023,Business Administration
Defense College For Girls,Mardan,BBA (H),4 Years,0,31-07-2017,Business Administration
Namal College,Mianwali,BBA,4 Years,0,30-06-2019,Business Administration
Shah Hamadan College Of Business,Mir Pur (ajk),BBA,4 Years,0,01-01-1970,Business Administration
British University College,Multan,BBA,4 Years,0,31-10-2015,Business Administration
Concordia Colleges,Multan,BBA,4 Years,0,15-10-2016,Business Administration
Jinnah Informetics College,Multan,BBA,4 Years,0,29-09-2016,Business Administration
Legend College,Multan,BBA,4 Years,0,03-12-2022,Business Administration
"Rise Group Of Colleges, Boys",Multan,BBA,4 Years,0,30-09-2015,Business Administration
"Rise Group Of Colleges, Girls",Multan,BBA,4 Years,0,27-09-2014,Business Administration
Scholars College,Multan,BBA,4 Years,0,30-09-2014,Business Administration
The Lahore Institute Of Management & Information Technology [multan],Multan,BBA,4 Years,0,30-11--0001,Business Administration
The National College,Multan,BBA (H),4 Years,0,09-05-2015,Business Administration
Chand Bagh College,Muridke,BBA (H),4 Years,0,15-11-2019,Business Administration
Muzaffarabad College For Higher Studies,Muzaffarabad,BBA,4 Years,0,01-01-1970,Business Administration
Raees-ul-ahrar College,Muzaffarabad,BBA,3 Years,0,01-01-1970,Business Administration
Concordia College,Okara,BBA (H),4 Years,0,27-10-2018,Business Administration
The Lahore Institute Of Management & Information Technology [okara],Okara,BBA,2 Years,0,30-11--0001,Business Administration
Edwardes College,Peshawar,BBA,4 Years,0,26-09-2024,Business Administration
Khyber College Of Commerce & Management [cantt],Peshawar,BBA,4 Years,0,19-09-2015,Business Administration
Lamar Degree College Of It & Management Sciences,Peshawar,BBA,4 Years,0,27-09-2014,Business Administration
Muslim College Of Commerce And Management,Peshawar,BBA (H),4 Years,0,30-09-2020,Business Administration
Muslim Education Complex,Peshawar,BBA (H),4 Years,0,07-10-2017,Business Administration
P E F University College,Peshawar,AD,2 Years,0,20-11-2023,Business Administration
P E F University College,Peshawar,BBA (H),4 Years,0,19-09-2025,Business Administration
"Riphah International College, Peshawar",Peshawar,AD,2 Years,0,30-10-2023,Business Administration
Nisa Institute Of Science & Arts,Quetta,BBA,4 Years,0,19-09-2024,Business Administration
Army Public College Of Management & Sciences,Rawalpindi,BBA (H),4 Years,0,06-08-2020,Business Administration
Bilquis College Of Eduacton For Women [chaklala],Rawalpindi,BBA,4 Years,0,05-01-2026,Business Administration
Center Of Advanced Studies In Health & Technology,Rawalpindi,BBA,4 Years,0,25-09-2022,Business Administration
"Centre For Emerging Sciences, Engineering & Technology",Rawalpindi,BBA,4 Years,0,30-11--0001,Business Administration
Citi College,Rawalpindi,BBA,4 Years,0,31-12-2015,Business Administration
College Of Global Technologies,Rawalpindi,BBA,2 Years,0,28-02-2013,Business Administration
Garrison Degree College,Rawalpindi,BBA,4 Years,0,13-08-2018,Business Administration
Margalla College Of Management Sciences,Rawalpindi,BBA,4 Years,0,26-10-2013,Business Administration
Raees-ul-ahrar College Of Commerce,Rawalpindi,BBA,4 Years,0,30-01-2016,Business Administration
Rawalpind College Of Commerce[saidpur Road],Rawalpindi,BBA,4 Years,0,03-12-2021,Business Administration
Roots College International ( Rawalpindi Cantt),Rawalpindi,B.Sc.,2 Years,0,01-01-1970,Business Administration
Scholars College,Rawalpindi,BBA,4 Years,0,30-09-2014,Business Administration
"The Millennium University College, Rawlpindi",Rawalpindi,BA [HONS],4 Years,0,21-08-2021,Business Administration
The Lahore Institute Of Management & Information Technology [sahiwal],Sahiwal,BBA,2 Years,0,30-11--0001,Business Administration
Nisa Girls College,Sialkot,BBA,4 Years,0,08-01-2022,Business Administration
Comsit Training Institute,Sukkur,BBA,4 Years,0,01-01-1970,Business Administration
Pine Hills Institute Of Business And Informaiton Technology,Abbottabad,BBA,3 Years,0,01-01-1970,Business Administration
Barani Institute Of Sciences,Burewala,BBA,4 Years,0,26-09-2014,Business Administration
South Punjab Institute Of Science & Technology,D.g.khan,BBA,4 Years,0,30-10-2016,Business Administration
Nfc Institute Of Engineering & Fertilizer Research,Faisalabad,BBA,4 Years,0,22-07-2025,Business Administration
Comsats Institute Of Information Technology (virtual Campus),Islamabad,BS,4 Years,34300,01-01-2016,Business Administration
Petroman (institute Of Computer And Management Scinces),Karachi,BBA,3 Years,0,01-01-1970,Business Administration
Government College Of Commerce  [jallozai],Nowshera,BBA,4 Years,0,25-09-2017,Business Administration
"Barani Institute Of Knowledge, Administration & Technology",Rawalpindi,BBA,4 Years,0,22-02-2020,Business Administration
Barani Institute Of Management Sciences,Rawalpindi,BBA,4 Years,0,31-01-2026,Business Administration
Barani Institute Of Management Sciences,Rawalpindi,AD,2 Years,0,31-01-2026,Business Administration
Comwave Institute Of Information Technology [abt],Abbottabad,BBA,4 Years,0,03-09-2018,Business Administration
Grafton International Institute,Abbottabad,BBA,4 Years,0,15-07-2016,Business Administration
Best Institute,Bannu,BBA,2 Years,0,30-11--0001,Business Administration
Indus International Institute,D.g.khan,BBA,4 Years,0,20-10-2016,Business Administration
Nfc Institute Of Engineering & Fertilizer Research,Faisalabad,BBA,4 Years,0,20-08-2018,Business Administration
Faisalabad Institute Of Textile & Fashio Design,Faisalabad,BBA (H),4 Years,0,01-01-1970,Business Administration
"International Institute Of Science, Arts And Technology",Gujranwala,BS,4 Years,0,05-10-2025,Business Administration
Comwave Institute Of Information Technology [haripur],Haripur,BBA,4 Years,0,22-09-2018,Business Administration
Institute Of Modern Sciences And Arts,Hyderabad,BBA,4 Years,0,01-01-2020,Business Administration
Bahria Institute Of Management & Computer Science,Islamabad,BBA (H),4 Years,0,07-05-2011,Business Administration
Beaconhouse Informatics,Islamabad,BBA,3 Years,0,01-01-1970,Business Administration
Comwave Institute Of Information Technology,Islamabad,BBA,4 Years,0,18-11-2023,Business Administration
Froebels Institute Of Information Technology And Management Sciences,Islamabad,BBA,4 Years,0,01-01-1970,Business Administration
Imperial Institute,Islamabad,BBA,4 Years,0,01-09-2014,Business Administration
Imperial Institute Of Information Technology,Islamabad,BBA (H),4 Years,0,30-09-2013,Business Administration
Institute Of Advance Technology,Islamabad,BBA (H),4 Years,0,01-01-1970,Business Administration
Islamabad Business School,Islamabad,AD,2 Years,0,18-10-2021,Business Administration
Islamabad Business School,Islamabad,BS,4 Years,0,18-10-2021,Business Administration
Islamabad Institute Of Arts And Applied Sciences,Islamabad,BBA (H),4 Years,0,03-09-2016,Business Administration
Jfk Institute Of Technology And Management,Islamabad,BBA,4 Years,0,24-09-2013,Business Administration
National Institute Of Arts  An D Management,Islamabad,BBA,4 Years,0,05-10-2013,Business Administration
National Institute Of Information Technology,Islamabad,BBA,3 Years,0,01-01-1970,Business Administration
National Textile Institute,Islamabad,AD,2 Years,0,09-10-2018,Business Administration
Prime Institute Of Health Sciences,Islamabad,BS,4 Years,0,29-12-2020,Business Administration
Thames Business School,Islamabad,BBA,3 Years,0,01-01-1970,Business Administration
Thames Business School,Islamabad,BBA-ITM,3 Years,0,01-01-1970,Business Administration
Aawaz Institute Of Media And Management Sciences,Karachi,BBA,4 Years,0,25-01-2022,Business Administration
Abacus Institute Of Mangement & Computer Science,Karachi,BBA,4 Years,0,10-02-2018,Business Administration
Adamson Institute Of Business Administration & Technology,Karachi,BBA,4 Years,0,16-01-2016,Business Administration
Asia Pacific Institute Of Information Technology,Karachi,BA [HONS],4 Years,0,01-01-1970,Business Administration
Biztek Institute Of Business & Technology,Karachi,BBA (H),4 Years,0,23-02-2012,Business Administration
Biztek Institute Of Business & Technology,Karachi,BBA,4 Years,0,23-02-2012,Business Administration
Commeces Institute Of Business & Emerging Sciences,Karachi,BBA,4 Years,120800,30-11--0001,Business Administration
Emaan Institute Of Management & Sciences,Karachi,BBA,4 Years,96000,20-07-2024,Business Administration
Institute Of Management And Bahria College Computer Science,Karachi,BBA,3 Years,0,01-01-1970,Business Administration
Karachi Institute Of Technology & Enterpreneurship,Karachi,BBA,4 Years,176000,30-11--0001,Business Administration
Mentor Institute,Karachi,BBA,4 Years,0,15-12-2014,Business Administration
Nazar Ali Kalani Institute Of Science And Technology ( Nakist ),Karachi,BBA,4 Years,0,25-09-2018,Business Administration
Orasoft Training Institute,Karachi,BBA,4 Years,0,10-12-2019,Business Administration
Pakistan Institute Of Professional Sciences,Karachi,BBA,4 Years,0,30-11--0001,Business Administration
Palpa Institute Of Aviation And Management Sciences,Karachi,BBA,4 Years,0,18-12-2021,Business Administration
Sir Adamjee Institute,Karachi,B.COM,4 Years,0,23-01-2024,Business Administration
Aeroline Institute Of Aviation Studies,Lahore,BBA,4 Years,0,27-04-2018,Business Administration
Afro-asian Institute,Lahore,BBA,4 Years,0,10-08-2023,Business Administration
Global Institute Lahore,Lahore,BBA (H),4 Years,126000,30-10-2016,Business Administration
Institute For Art And Culture,Lahore,BBA,4 Years,0,30-07-2024,Business Administration
Institute Of Management Sciences,Lahore,BBA,4 Years,81400,16-05-2012,Business Administration
Institute Of South Asia,Lahore,BBA,3 Years,0,01-01-1970,Business Administration
"Islah International Institute Of Sciences, Languages & Humanities",Lahore,BBA,4 Years,0,05-11-2019,Business Administration
Lahore Institute For Social Sciences,Lahore,BBA,4 Years,0,28-11-2015,Business Administration
Lahore School Of Management,Lahore,BBA (H),4 Years,72000,28-11-2020,Business Administration
"Pak Indus Institute Of Computer, Management & Technology",Lahore,BBA (H),4 Years,0,08-10-2022,Business Administration
Punjab Institute Of Contemporary Sciences,Lahore,BS,4 Years,0,10-10-2020,Business Administration
Punjab Institute Of Professional Studies,Lahore,BS,4 Years,0,13-03-2021,Business Administration
The Institute Of Business & Finance,Lahore,BBA,4 Years,0,22-02-2014,Business Administration
The Institute Of Management Sciences,Lahore,BBA,4 Years,0,17-10-2025,Business Administration
Toppers Institute Of Management & Sciences,Lahore,BBA,4 Years,0,20-08-2018,Business Administration
Larkana Institute Of Health & Emerging Sciences,Larkana,BS,4 Years,0,30-12-2017,Business Administration
Mardan Institute Of Science & Technology,Mardan,BBA,4 Years,0,31-10-2015,Business Administration
Mardan Institute Of Sciences,Mardan,BBA,4 Years,0,31-10-2014,Business Administration
Muhammad Institute Of Science & Technology,Mir Pur Khas,BBA,4 Years,0,01-01-1970,Business Administration
Nazeer Hassain Institute Of Emerging Sciences,Mir Pur Khas,BBA,4 Years,0,30-11--0001,Business Administration
Kaims International Institute,Multan,BBA (H),4 Years,0,31-07-2019,Business Administration
Laeeque Rafique Institute Of Medical Sciences & Nursing School,Multan,BS,4 Years,0,30-11-2021,Business Administration
Pakistan Institute Of Engineering And Technology,Multan,BBA,4 Years,0,21-01-2018,Business Administration
The Resource Excellence Institute,Multan,BBA,4 Years,0,30-10-2015,Business Administration
Brains Institute,Peshawar,AD,2 Years,0,30-08-2024,Business Administration
Horizon Institute Of Higher Studies,Peshawar,BBA (H),4 Years,0,09-11-2018,Business Administration
Institute Of Computer And Management Sciences(icms),Peshawar,BBA,2 Years,0,21-10-2017,Business Administration
Institute Of Social Policy & Research,Peshawar,BBA (H),4 Years,0,24-01-2014,Business Administration
Ncs Education System,Peshawar,BBA (H),4 Years,0,27-09-2025,Business Administration
P.e.f Post Graduate College,Peshawar,BBA (H),4 Years,0,16-10-2021,Business Administration
Peshawar Business School,Peshawar,BBA,4 Years,0,27-11-2020,Business Administration
Peshawar Institute Of Modern Sciences,Peshawar,BBA,4 Years,0,19-10-2017,Business Administration
Peshawarcity Institute Of Modern Sciences,Peshawar,BBA,4 Years,0,30-11--0001,Business Administration
Institute Of Computer & Management Sciences,Rawalpindi,BBA,3 Years,0,01-01-1970,Business Administration
"Jinnah Institute Of Informatics, Science & Commerce",Rawalpindi,BBA (H),4 Years,0,03-12-2021,Business Administration
"Sialkot College Of Physical Therapy, Amin Medical Complex",Sialkot,BS,4 Years,0,25-09-2019,Business Administration
Hidayat Institute Of Rehabilitation & Emerging Sciences,Sukkur,BBA,4 Years,0,05-01-2018,Business Administration
Sukkur Institute Of Science And Technology,Sukkur,BBA,4 Years,0,01-01-1970,Business Administration
Informatics Computer Institute,Peshawar,BBA,3 Years,0,01-01-1970,Business Administration
School Of Advance Business And Commerce,Faisalabad,BBA (H),4 Years,0,30-08-2014,Business Administration
Beaconhouse Business School,Islamabad,BBA,3 Years,0,01-01-1970,Business Administration
Tabani's School Of Accountancy,Karachi,BBA,4 Years,0,07-06-2017,Business Administration
School Of Advance Business And Commerce,Lahore,BBA (H),4 Months,0,23-12-2022,Business Administration
Times Institute,Multan,BBA,4 Years,60000,18-08-2025,Business Administration
Times Institute,Multan,AD,2 Years,60000,18-08-2025,Business Administration
Thames Business School,Peshawar,BBA,3 Years,0,01-01-1970,Business Administration
Thames Business School,Rawalpindi,BBA,3 Years,0,01-01-1970,Business Administration
Centre Of Information Technology,Islamabad,BBA,3 Years,0,01-01-1970,Business Administration
Infinity Institute Of Technology,Lahore,BBA,4 Years,0,22-07-2023,Business Administration
Social Educational And Peace Organization,Peshawar,BBA,4 Years,0,15-11-2014,Business Administration
Abd Ul Wali Khan University Mardan ( Buner Campus ),Buner,BBA (H),4 Years,0,15-08-2016,Business Administration
Abdul Wali Khan University [palosa Campus],Charsadda,BBA (H),4 Years,36470,26-08-2011,Business Administration
"University Of Balochistan, (sub-campus Kharan)",Kharan,BBA,4 Years,33000,11-08-2025,Business Administration
"Bahauddin Zakariya University, Lahore Campus",Lahore,BBA,4 Years,32000,30-11--0001,Business Administration
Sindh University ( Larkana Campus ),Larkana,BBA (H),4 Years,14500,04-10-2023,Business Administration
"University Of Balochistan, ( Sub-campus Mastung)",Mastung,BBA,4 Years,33000,11-08-2025,Business Administration
University Of Sind (naushero Feroz Campus),Naushero Feroze,BBA,4 Years,14500,14-09-2025,Business Administration
Abdulwali Khan University ( Shaheed Rashid Hussain Campus Pabbi ),Pabbi,BBA (H),4 Years,55000,18-08-2025,Business Administration
University Of Sargodha ( Comand Campus Sahiwal ),Sahiwal,BBA,4 Years,0,30-11--0001,Business Administration
University Of Gujrat ( Sialkot Campus),Sialkot,BBA,4 Years,0,18-09-2017,Business Administration
"Abdul Wali Khan University ( Anbar Campus, Swabi )",Swabi,BBA (H),4 Years,0,13-08-2012,Business Administration
University Of Sindh ( Thatta Campus ),Thatta,BBA,4 Years,14500,14-09-2025,Business Administration
Abdulwali Khan University ( Timergara Campus ),Timergara,BBA (H),4 Years,55000,18-08-2025,Business Administration
First College Of Business & Sciences,Karachi,BBA,4 Years,0,01-01-1970,Business Administration
College Of Information Technology,Rawalpindi,BBA,3 Years,0,01-01-1970,Business Administration
South Asian Institute Of Management & Information Technology,Rawalpindi,BBA,3 Years,0,01-01-1970,Business Administration
"Government College Of Management Sciences, Jinnah Abad",Abbottabad,BBA,4 Years,0,15-09-2020,Business Administration
Muslim College Of Commerce And Management Sciencs,Abbottabad,BBA,4 Years,0,31-07-2015,Business Administration
Government College Of Management Sciences[meelam],Haripur,BBA,4 Years,0,08-10-2021,Business Administration
Grafton College,Islamabad,BBA (H),4 Years,72300,03-09-2018,Business Administration
Central College [lhr],Lahore,BBA,4 Years,0,27-09-2014,Business Administration
Defence Degree College For Boys,Lahore,BBA,4 Years,0,30-11--0001,Business Administration
Govt Islamia College Of Commerce[allama Iqbal Town],Lahore,BBA,4 Years,0,31-10-2019,Business Administration
Government College Of Management Sciences(women),Peshawar,BBA,4 Years,0,01-11-2024,Business Administration
National Institute Of Management Sciences,Peshawar,BBA (H),4 Years,0,12-10-2013,Business Administration
"Bahauddin Zakria University,sahiwal Campus",Sahiwal,BBA (H),4 Years,23120,30-09-2016,Business Administration
Government College Of Management Sciences,Swat,BBA,4 Years,0,21-08-2017,Business Administration
Abbottabad University Of Science And Technology,Abbottabad,BS,2 Hours,0,26-08-2025,Business Analytics
Gomal University,D.i. Khan,BS,4 Years,0,31-07-2025,Business Analytics
Government College University,Faisalabad,BBA,4 Years,39300,12-01-2026,Business Analytics
University Of Gujrat,Gujrat,BS,4 Years,0,15-08-2025,Business Analytics
University Of Haripur,Haripur,BS,4 Years,0,26-01-2026,Business Analytics
Comsats University Islamabad,Islamabad,BS,4 Years,112200,17-12-2025,Business Analytics
International Islamic University,Islamabad,BS,4 Years,62100,31-12-2025,Business Analytics
National Skills University,Islamabad,BS,4 Years,40600,13-09-2025,Business Analytics
"National University Of Computer And Emerging Sciences, Islamabad",Islamabad,BS,4 Years,160000,04-07-2025,Business Analytics
Institute Of Business Administration [khi],Karachi,BS,4 Years,237500,11-06-2025,Business Analytics
University Of Education,Lahore,BS,4 Years,0,09-01-2026,Business Analytics
Virtual University Of Pakistan,Lahore,AD,2 Years,0,30-09-2025,Business Analytics
Hazara University,Mansehra,BS,4 Years,38980,01-09-2025,Business Analytics
"Abdul Wali Khan University, Mardan",Mardan,BS,4 Years,55000,18-08-2025,Business Analytics
"Bahauddin Zakariya University, Multan",Multan,BS,4 Years,0,18-08-2025,Business Analytics
Islamia College University,Peshawar,BS,4 Years,0,16-09-2025,Business Analytics
University Of Peshawar,Peshawar,BS,4 Years,0,23-09-2025,Business Analytics
"Unversity Of The Poonch, Rawala Kot",Rawala Kot,BS,4 Years,0,20-08-2025,Business Analytics
University Of Sargodha,Sargodha,BS,4 Years,31000,15-12-2025,Business Analytics
The University Of Faisalabad,Faisalabad,BS,4 Years,0,07-10-2023,Business Analytics
Capital University Of Science And Technology,Islamabad,BS,4 Years,0,02-09-2025,Business Analytics
Ibadat International University Islamabad,Islamabad,BS,4 Years,92100,10-09-2023,Business Analytics
Riphah International University,Islamabad,BS,4 Years,102000,30-07-2025,Business Analytics
Dha Suffa University(main Campus),Karachi,BS,4 Years,0,30-12-2025,Business Analytics
Jinnah University For Women,Karachi,B.Sc. [Hons],4 Years,67000,30-05-2025,Business Analytics
Shaheed Benazir Bhutto Dewan University,Karachi,BS,4 Years,224000,15-02-2026,Business Analytics
Shaheed Zulfiqar Ali Bhutto Institute Of Science & Technology,Karachi,BS,4 Hours,0,12-02-2026,Business Analytics
Zia-ud-din Medical University,Karachi,BS,4 Years,0,26-08-2025,Business Analytics
Beaconhouse National University,Lahore,BS,4 Years,0,30-12-2025,Business Analytics
Green International University,Lahore,BS,4 Years,0,02-09-2025,Business Analytics
Minhaj University,Lahore,BS,4 Years,0,31-10-2025,Business Analytics
"National College Of Business Administration And Economics, Lahore",Lahore,BS,4 Years,156000,26-02-2023,Business Analytics
University Of Central Punjab,Lahore,BS,4 Years,0,10-10-2024,Business Analytics
Abasyn University,Peshawar,BS,4 Years,0,01-02-2026,Business Analytics
Cecos University Of Information Tech. & Emerging Sciences,Peshawar,BS,4 Years,0,28-07-2025,Business Analytics
City University Of Science & Information Technology,Peshawar,BS,4 Years,160000,10-11-2025,Business Analytics
Iqra National University,Peshawar,BS,4 Years,82824,30-09-2025,Business Analytics
Sarhad University Of Science & Information Technology,Peshawar,BS,4 Years,36500,05-12-2025,Business Analytics
Sarhad University Of Science & Information Technology,Peshawar,AD,2 Years,36500,05-12-2025,Business Analytics
Hitec University,Taxila,BS,4 Years,150000,30-08-2025,Business Analytics
University Of Wah,Wah Cantt,BS,4 Years,0,20-09-2023,Business Analytics
Comsats University Islamabad ( Abbotabad Campus ),Abbottabad,BS,4 Years,121150,29-01-2026,Business Analytics
Comsats University Islamabad ( Attock Campus ),Attock,BS,4 Years,112200,16-01-2026,Business Analytics
Bahria University ( Karachi Campus ),Karachi,BS,4 Years,123520,17-11-2025,Business Analytics
Comsats University Islamabad( Lahore Campus ),Lahore,BS,4 Years,112200,29-12-2025,Business Analytics
"Air University, Multan Campus",Multan,BS,4 Years,102080,18-08-2025,Business Analytics
National College Of Business Administration And Economics ( Bahwal Pur Campus ),Bahawal Pur,BS,4 Years,0,19-10-2025,Business Analytics
National University Of Computer And Emerging Sciences ( Faisalabad Campus ),Faisalabad,BS,4 Years,160000,04-07-2025,Business Analytics
"Air University, H-11 Campus",Islamabad,BS,4 Years,102080,23-12-2025,Business Analytics
"Iqra University, H-9 Campus",Islamabad,BS,4 Years,254240,10-09-2025,Business Analytics
"Iqra University, H-9 Campus",Islamabad,AD,2 Years,0,10-09-2025,Business Analytics
Shaheed Zulfiqar Ali Bhutto Institute Of Science And Technology,Islamabad,BS,4 Years,180800,19-12-2025,Business Analytics
"Air University, Aerospace & Aviation Campus Kamra",Kamra,BS,4 Years,102080,15-07-2025,Business Analytics
National University Of Computer And Emerging Sciences ( Karachi Campus ),Karachi,BS,4 Years,160000,04-07-2025,Business Analytics
National University Of Computer And Emerging Sciences ( Lahore ),Lahore,BS,4 Years,160000,04-07-2025,Business Analytics
Riphah International University Lahore,Lahore,BS,4 Years,0,25-01-2026,Business Analytics
National College Of Business Administration And Economics ( Multan Campus ),Multan,BS,4 Years,0,19-10-2025,Business Analytics
Foundation University Islamabad (sub Campus),Rawalpindi,BS,4 Years,110000,08-01-2026,Business Analytics
"Pak- Austria Fachhuochschule, Institute Of Applied Sciences And Technology",Haripur,BS,4 Years,0,31-12-2025,Business Analytics
Sohail University,Karachi,BS,4 Years,0,17-10-2024,Business Computing
University Of Sahiwal,Sahiwal,BS,4 Years,31440,31-07-2025,Business Information System
Lahore Garrison University,Lahore,BS,4 Years,174635,30-11--0001,Business Information System
"University Of Management And Technology, Sialkot Campus",Sialkot,BBA-ITM,4 Years,0,30-10-2021,Business Information System
"International Institute Of Science, Arts And Technology",Gujranwala,BS,4 Years,0,05-10-2025,Business Information System
Liaquat University Of Medical And Health Sciences,Jamshoro,BS,4 Years,35000,10-10-2025,Business Information Technology
Punjab Tianjin University Of Technology,Lahore,BS,4 Years,25500,31-07-2025,Business Information Technology
University Of The Punjab,Lahore,BBIT(HONS),4 Years,47540,25-09-2025,Business Information Technology
Virtual University Of Pakistan,Lahore,BS,4 Years,21800,30-09-2025,Business Information Technology
University Of Okara,Okara,BS,4 Years,0,18-07-2025,Business Information Technology
Sir Syed University Of Engineering & Technology,Karachi,BS,4 Years,172800,19-07-2024,Business Information Technology
Lahore Leads University,Lahore,BS,4 Years,0,04-09-2025,Business Information Technology
Qarshi University (lhr),Lahore,BS,4 Years,0,12-07-2025,Business Information Technology
Bahria University ( Lahore Campus ),Lahore,BS,4 Years,76500,08-01-2026,Business Information Technology
"Air University, Multan Campus",Multan,BS,4 Years,102080,10-01-2026,Business Information Technology
"Air University, H-11 Campus",Islamabad,BS,4 Years,102080,23-12-2025,Business Information Technology
Emerson University Multan,Multan,BS,4 Years,0,15-08-2025,Business Information Technology
Grand Charter College,Lahore,BBA (H),4 Years,0,28-10-2016,Business Information Technology
Nfc Institute Of Engineering & Fertilizer Research,Faisalabad,BS,4 Years,0,22-07-2025,Business Information Technology
The Institute Of Management Sciences,Lahore,BBA,4 Years,0,17-10-2025,Business Information Technology
University College Lahore,Lahore,B.Sc.,3 Years,0,15-08-2014,Business Management Sciences
The Islamia University Of Bahawalpur,Bahawal Pur,BS,4 Years,48115,30-06-2025,Business Economics
University Of The Punjab,Lahore,BS,4 Years,47540,25-09-2025,Business Economics
"Bahauddin Zakariya University, Multan",Multan,BS,4 Years,27150,02-01-2026,Business Economics
Gift University,Gujranwala,BS,4 Years,101800,01-02-2026,Business Economics
Beaconhouse National University,Lahore,BS,4 Years,169050,22-08-2025,Business Economics
Abasyn University,Peshawar,BS,4 Years,0,01-02-2026,Business Economics
Uit University,Karachi,BS,4 Years,0,25-07-2024,Business Informatics
University Of Management And Technology,Lahore,BS,4 Years,337250,31-07-2024,Business Information Technology
"Air University, Aerospace & Aviation Campus Kamra",Kamra,BS,4 Years,102080,15-07-2025,Business Information Technology
Beaconhouse Informatics,Islamabad,BBIT,3 Years,0,01-01-1970,Business Information Technology
Informatics Computer Institute,Rawalpindi,BBIT,4 Years,0,01-01-1970,Business Information Technology
Beaconhouse Business School,Islamabad,BBIT,3 Years,0,01-01-1970,Business Information Technology
University College Of Zhob,Zhob,BS,4 Years,0,26-01-2026,Business Intelligence
Greenwich University,Karachi,BS,4 Years,0,14-07-2024,Business Management
Nazeer Hussain University,Karachi,AD,2 Years,88000,17-12-2023,Business Management
Lahore Leads University,Lahore,BS,4 Years,0,04-09-2025,Business Management
University Of Management And Technology,Lahore,BS,4 Years,149750,31-07-2024,Business Management
National College Of Business Administration & Economics ( Rahim Yar Khan Campus ),Rahim Yar Khan,BS,4 Years,0,03-11-2024,Business Management
Riphah International University ( Rawalpindi Campus ),Rawalpindi,AD,2 Years,0,10-10-2020,Business Management
"Riphah International College, Bahawlpur",Bahawal Pur,AD,2 Years,0,31-10-2022,Business Management
"Riphah Community College, Dargai Campus",Dargai,AD,2 Years,0,07-11-2018,Business Management
"Riphah Community College, Faisalabad Campus",Faisalabad,AD,2 Years,0,07-11-2020,Business Management
"Riphah Community College, Gujrat Campus",Gujrat,AD,2 Years,0,06-11-2018,Business Management
The Millennium University College,Islamabad,B.Sc. [Hons],4 Years,0,11-09-2021,Business Management
"Riphah Community College, Jhelum Campus",Jhelum,AD,2 Years,0,05-11-2018,Business Management
International School Of Law And Business,Lahore,BA [HONS],4 Years,0,07-10-2022,Business Management
Riphah Community College,Lahore,AD,2 Years,0,13-10-2018,Business Management
"Riphah International College, Lahore",Lahore,AD,2 Years,0,01-11-2024,Business Management
"Riphah Community College, Mansehra Campus",Mansehra,AD,2 Years,0,07-11-2018,Business Management
"Riphah Community College, Mardan Campus",Mardan,AD,2 Years,0,04-11-2018,Business Management
"Riphah Community College, Swat Campus",Mingora,AD,2 Years,0,05-11-2018,Business Management
"Riphah Community College, Peshawar Campus",Peshawar,AD,2 Years,0,05-11-2018,Business Management
Vertex College Of Science And Technology,Peshawar,AD,2 Years,0,27-09-2018,Business Management
Misali Ravian College,Sargodha,AD,2 Years,0,31-10-2018,Business Management
"Riphah Community College, Sargodha Campus",Sargodha,AD,2 Years,0,16-10-2020,Business Management
Informatics Computer Institute,Peshawar,BBA,3 Years,0,01-01-1970,Business Management
Institute Of Business Management,Karachi,BS,4 Years,155800,28-07-2022,Business Psychology
University Of Sialkot,Sialkot,AD,2 Years,0,01-11-2024,Business Studies
The University Of Chenab,Gujrat,AD,2 Years,0,03-01-2026,Business Studies
Shaheed Zulfiqar Ali Bhutto Institute Of Science & Technology,Karachi,BA [HONS],4 Years,0,12-02-2026,Business Studies
Grand Asian University Sialkot,Sialkot,AD,2 Years,0,21-09-2024,Business Studies
Comsats Institute Of Information Technology (virtual Campus),Faisalabad,BBS,4 Years,0,12-09-2014,Business Studies
The University Of Lahore ( Chanab Campus),Gujrat,BS,4 Years,0,13-09-2019,Business Studies
The Muslim Education System,Abbottabad,BBS,2 Years,0,16-10-2021,Business Studies
National College Of Business Administration & Economics (east Canal Campus),Lahore,BBS,2 Years,0,17-09-2018,Business Studies
Army Public College Of Management & Sciences,Rawalpindi,BBS,2 Years,0,09-01-2020,Business Studies
Comsats Institute Of Information Technology (virtual Campus),Islamabad,BBS,4 Years,34300,01-01-2016,Business Studies
National Textile Institute,Islamabad,BBS,2 Years,0,09-10-2018,Business Studies
Afro-asian Institute,Lahore,BBS,2 Years,0,30-10-2018,Business Studies
Larkana Institute Of Health & Emerging Sciences,Larkana,BBS,2 Years,0,30-12-2017,Business Studies
Abd Ul Wali Khan University Mardan ( Buner Campus ),Buner,BBS,2 Years,0,20-10-2016,Business Studies
"Government College Of Management Sciences, Jinnah Abad",Abbottabad,BBS,2 Years,0,18-08-2016,Business Studies
"Shaheed Zulfiqar Ali Bhutto Medical University, Pims",Islamabad,B.Sc.,4 Years,0,22-10-2025,Cardiac Perfusion
Jinnah Sindh Medical University,Karachi,BS,4 Years,0,17-12-2025,Cardiac Perfusion
King Edward Medical University / Mayo Hospital,Lahore,B.Sc. [Hons],4 Years,54000,10-12-2025,Cardiac Perfusion
Khyber Medical University,Peshawar,BS,4 Years,80000,30-10-2025,Cardiac Perfusion
Ibadat International University Islamabad,Islamabad,BS,4 Years,49900,10-09-2023,Cardiac Perfusion
Zia-ud-din Medical University,Karachi,BS,4 Years,0,26-08-2025,Cardiac Perfusion
Rashid Latif Khan University,Lahore,BS,4 Years,0,25-10-2025,Cardiac Perfusion
The Superior University,Lahore,BS,4 Years,0,31-01-2026,Cardiac Perfusion
The University Of Lahore ( Main Campus ),Lahore,BS,4 Years,0,03-01-2026,Cardiac Perfusion
National University Of Medical Sciences,Rawalpindi,BS,4 Years,300000,16-01-2026,Cardiac Perfusion
"Kmu Institute Of Health Sciences, Hazara",Mansehra,BS,4 Years,0,11-09-2025,Cardiac Perfusion
Quaid-e-azam Medical College / Victoria Hospital,Bahawal Pur,B.Sc. [Hons],4 Years,0,28-11-2025,Cardiac Perfusion
Institute Of Health Sciences,Islamabad,BS,4 Years,0,11-09-2025,Cardiac Perfusion
Capital College Of Health Sciences,Islamabad,BS,4 Years,0,20-09-2022,Cardiac Perfusion
Gulab Devi Educational Complex,Lahore,BS (HONS),4 Years,0,30-11--0001,Cardiac Perfusion
Faisalabad Institute Of Cardiology,Faisalabad,B.Sc. [Hons],4 Years,0,10-02-2026,Cardiac Perfusion
Health Services Academy,Islamabad,BS,4 Years,0,31-01-2026,Cardiac Perfusion
Punjab Institute Of Cardialogy,Lahore,B.Sc. [Hons],4 Years,0,23-01-2026,Cardiac Perfusion
The Childrens Hospital & The Institute Of Child Health,Lahore,BS,4 Years,0,29-11-2024,Cardiac Perfusion
Ch. Pervaiz Elahi Institute Of Cardiology,Multan,B.Sc. [Hons],4 Years,10000,30-07-2025,Cardiac Perfusion
Armed Forces Postgraduate Medical Institute,Rawalpindi,B.Sc. [Hons],4 Years,55000,16-01-2026,Cardiac Perfusion
Bashir Institute Of Health Sciences,Islamabad,BS,4 Years,0,08-03-2023,Cardiac Perfusion
Abu Zafar Institute Of Medical Sciences,Karachi,BS,4 Years,0,31-12-2018,Cardiac Perfusion
Tabba Heart Institute,Karachi,BS,4 Years,0,20-12-2017,Cardiac Perfusion
Gulab Devi Post Graduate Medical Institute,Lahore,B.Sc.,4 Years,0,30-11--0001,Cardiac Perfusion
Muslim Youth University,Islamabad,BS,4 Years,0,29-10-2025,Cardiac Care
Shifa Tameer-e-millat University,Islamabad,AD,2.5 Years,0,18-11-2025,Cardiac Catheterization
Shifa Tameer-e-millat University,Islamabad,BS,4 Years,0,18-11-2025,Cardiac Catheterization
Bolan University Of Medical & Health Sciences,Quetta,BS,4 Years,0,20-01-2026,Cardiac Technology
The University Of Lahore ( Main Campus ),Lahore,BS,4 Years,0,14-09-2024,Cardiac Technology
Pir Abdul Qadir Shah Jeelani Institute Of Medical Sciences,Gambat,BS,4 Years,0,07-03-2025,Cardiac Technology
Khyber Medical University,Peshawar,BS,4 Years,0,30-10-2025,Cardiology
University Of Peshawar,Peshawar,BS,4 Years,0,11-08-2025,Cardiology
Shifa Tameer-e-millat University,Islamabad,AD,2.5 Years,14000,22-11-2024,Cardiology
Abasyn University,Peshawar,BS,4 Years,0,01-02-2026,Cardiology
City University Of Science & Information Technology,Peshawar,BS,4 Years,0,10-11-2025,Cardiology
Gandhara University,Peshawar,BS,4 Years,0,25-10-2025,Cardiology
Iqra National University,Peshawar,BS,4 Years,81054,07-02-2026,Cardiology
Sarhad University Of Science & Information Technology,Peshawar,BS,4 Years,56500,05-12-2025,Cardiology
"Kmu Institute Of Health Sciences, G. I. Khan Campus",D.i. Khan,BS,4 Years,0,11-09-2025,Cardiology
"Kmu Institute Of Health Sciences, Kohat",Kohat,BS,4 Years,0,11-09-2025,Cardiology
"Kmu Institute Of Health Sciences, Hazara",Mansehra,BS,4 Years,0,11-09-2025,Cardiology
"Institute Of Health Sciences, Kurram",Para Chinar,BS,4 Years,0,11-09-2025,Cardiology
Kmu Institute Of Health Sciences,Swabi,BS,4 Years,0,11-09-2025,Cardiology
"Riphah International University, Faisalabad Campus",Faisalabad,BS,4 Years,0,18-10-2025,Cardiology
Institute Of Health Sciences,Islamabad,BS,4 Years,0,11-09-2025,Cardiology
Bacha Khan Medical College,Mardan,BS,4 Years,0,28-11-2025,Cardiology
Ghazali Institute Of Medical Sciences,Peshawar,BS,4 Years,0,08-09-2025,Cardiology
Hafeez Institute Of Medical Sciences,Peshawar,BS,4 Years,0,13-12-2021,Cardiology
Kmu Institute Of Medical Sciences,Kohat,BS,4 Years,0,18-10-2024,Cardiology
Vertex Institute Of Science & Technology,Abbottabad,BS,4 Years,0,18-04-2025,Cardiology
Kmu Institute Of Health Sciences,Mardan,BS,4 Years,0,11-09-2025,Cardiology
Northwest Institute Of Healths Ciences,Peshawar,BS,4 Years,0,27-09-2025,Cardiology
Rehman Medical Institute,Peshawar,BS,4 Years,0,13-09-2025,Cardiology
School Of Health Sciences,Peshawar,BS,4 Years,0,30-11-2020,Cardiology
"Shaheed Zulfiqar Ali Bhutto Medical University, Pims",Islamabad,BS,4 Years,0,24-07-2025,Cardiovascular Sciences
Dow University Of Health Sciences,Karachi,BS,4 Years,100000,20-12-2025,Cardiovascular Sciences
Jinnah Sindh Medical University,Karachi,BS,4 Years,0,17-12-2025,Cardiovascular Sciences
University Of Azad Jammu & Kashmir,Muzaffarabad,BS,4 Years,0,08-08-2025,Cardiovascular Sciences
Peoples University Of Medical And Health Sciences For Women,Nawab Shah,BS,4 Years,0,16-12-2024,Cardiovascular Sciences
Shifa Tameer-e-millat University,Islamabad,B.Sc.,4 Years,188000,18-11-2025,Cardiovascular Sciences
Sohail University,Karachi,BS,4 Years,0,17-10-2024,Cardiovascular Sciences
Zia-ud-din Medical University,Karachi,BS,4 Years,96500,26-08-2025,Cardiovascular Sciences
The University Of Lahore ( Main Campus ),Lahore,BS,4 Years,0,03-01-2026,Cardiovascular Sciences
College Of Medical Technology/pims,Islamabad,BS,4 Years,0,18-09-2025,Cardiovascular Sciences
University Of Chitral,Chitral,BS,4 Years,0,30-10-2023,Chemical
University Of Gujrat,Gujrat,BS,4 Years,68010,15-08-2025,Chemical
National University Of Science & Technology,Islamabad,BE,4 Years,174050,25-01-2026,Chemical
Pakistan Institute Of Engineering & Applied Sciences,Islamabad,BS,4 Years,98200,28-03-2025,Chemical
Mehran University Of Engineering & Technology,Jamshoro,B.Sc.,4 Years,38600,18-08-2025,Chemical
Dawood University Of Engineering And Technology,Karachi,BE,4 Years,32000,15-07-2025,Chemical
Ned University Of Engineering & Technology,Karachi,BE,4 Years,46670,20-05-2025,Chemical
University Of Karachi,Karachi,BE,4 Years,38500,10-10-2025,Chemical
"University Of Engineering & Technology, Lahore",Lahore,B.Sc. [Engg.],4 Years,62427,22-03-2026,Chemical
University Of The Punjab,Lahore,B.Sc. [Engg.],4 Years,47540,25-09-2025,Chemical
Muhammad Nawaz Sharif University Of Engineering And Technology,Multan,B.Sc. [Engg.],4 Years,40300,15-09-2023,Chemical
Nfc Institute Of Engineering & Technology,Multan,B.Sc. [Engg.],4 Years,79300,01-08-2025,Chemical
"Quaid-e-awam University Of Engineering, Sciences & Technology",Nawab Shah,BE,4 Years,20000,31-05-2025,Chemical
"University Of Engineering & Technology, Peshawar",Peshawar,B.Sc. [Engg.],4 Years,85000,19-08-2025,Chemical
Balochistan University Of It & Management Sciences,Quetta,BS,4 Years,48415,26-01-2026,Chemical
Khawaja Fareed University Of Engineering & Information Technology,Rahim Yar Khan,BS,4 Years,40250,05-01-2026,Chemical
Lahore University Of Management Sciences,Lahore,BS,4 Years,811100,10-03-2026,Chemical
Minhaj University,Lahore,B.Sc. [Engg.],4 Years,258000,31-10-2025,Chemical
Ghulam Ishaq Khan  Institute Of Engineering Sciences & Technology,Swabi,BS,4 Years,695000,30-05-2024,Chemical
University Of Wah,Wah Cantt,BE,4 Years,194000,20-09-2023,Chemical
University Of Engineering And Technology[fiasalabad Campus],Faisalabad,B.Sc. [Engg.],4 Years,62427,22-03-2026,Chemical
Universtiy Of Engineering And Technology (sub Campus),Kala Shah Kaku,B.Sc. [Engg.],4 Years,62427,11-07-2025,Chemical
Comsats University Islamabad( Lahore Campus ),Lahore,BS,4 Years,121150,17-07-2025,Chemical
"Pak- Austria Fachhuochschule, Institute Of Applied Sciences And Technology",Haripur,BE,4 Years,0,03-01-2025,Chemical
Grand Charter College,Lahore,B.Sc. [Engg.],4 Years,0,23-11-2016,Chemical
Sharif College Of Engineering & Technology,Lahore,B.Sc. [Engg.],4 Years,144000,04-09-2023,Chemical
Wah Engineering College,Taxila,B.Sc. [Engg.],4 Years,0,25-07-2011,Chemical
Nfc Institute Of Engineering & Fertilizer Research,Faisalabad,B.Sc. [Engg.],4 Years,45000,22-07-2025,Chemical
Nfc Institute Of Engineering & Fertilizer Research,Faisalabad,B.Sc. [Engg.],4 Years,0,02-07-2019,Chemical
Abbottabad University Of Science And Technology,Abbottabad,BS,4 Years,28500,26-08-2025,Chemistry
Women University Azad Jammu & Kashmir,Bagh,BS,4 Years,43110,01-09-2025,Chemistry
Cholistan University Of  Veterinary & Animal Sciences,Bahawal Pur,BS,4 Years,37500,15-08-2024,Chemistry
The Government Sadiq College Women University,Bahawal Pur,BS,4 Years,31340,28-01-2026,Chemistry
The Islamia University Of Bahawalpur,Bahawal Pur,BS,4 Years,47115,30-06-2025,Chemistry
University Of Science & Technology,Bannu,BS,4 Years,16400,20-09-2025,Chemistry
Thal University,Bhakkar,BS,4 Years,30000,10-01-2025,Chemistry
The University Of Buner,Buner,BS,4 Years,0,15-08-2025,Chemistry
University Of Malakand,Chakdara,BS,4 Years,20000,15-09-2025,Chemistry
Bacha Khan University,Charsadda,BS,4 Years,37000,22-09-2025,Chemistry
Ghazi University,D.g.khan,BS,4 Years,21300,04-07-2025,Chemistry
University Of Education [ D.g. Khan Campus ],D.g.khan,BS,4 Years,20214,02-09-2025,Chemistry
Gomal University,D.i. Khan,B.Sc. [Hons],4 Years,47400,09-01-2026,Chemistry
Gomal University,D.i. Khan,AD,2 Years,0,09-01-2026,Chemistry
Fata University,Darra Adam Khail,BS,4 Years,0,16-11-2024,Chemistry
Government College University,Faisalabad,BS,4 Years,28200,12-01-2026,Chemistry
Government College Women University,Faisalabad,BS,4 Years,33100,31-07-2025,Chemistry
University Of Agriculture,Faisalabad,BS,4 Years,60000,28-07-2025,Chemistry
University Of Education [ Faisalabad Campus ],Faisalabad,BS,4 Years,20214,02-09-2025,Chemistry
Karakuram International University,Gilgit,BS,4 Years,41900,03-08-2023,Chemistry
University Of Gujrat,Gujrat,BS,4 Years,68010,15-08-2025,Chemistry
University Of Gwadar,Gwadar,BS,4 Years,0,08-08-2025,Chemistry
University Of Haripur,Haripur,BS,4 Years,20109,26-01-2026,Chemistry
Government College University Hyderabad,Hyderabad,BS,4 Years,11000,15-09-2025,Chemistry
Allama Iqbal Open University,Islamabad,BS,4 Years,43950,10-02-2026,Chemistry
Comsats University Islamabad,Islamabad,BS,4 Years,112200,17-12-2025,Chemistry
National University Of Science & Technology,Islamabad,BS,4 Years,174050,25-01-2026,Chemistry
Quaid-e-azam University,Islamabad,BS,4 Years,54565,29-07-2025,Chemistry
University Of Sindh,Jamshoro,BS,4 Years,15200,14-09-2025,Chemistry
University Of Jhang,Jhang,BS,4 Years,0,15-09-2025,Chemistry
Dawood University Of Engineering And Technology,Karachi,BS,4 Years,32000,15-07-2025,Chemistry
Ned University Of Engineering & Technology,Karachi,BS,4 Years,46670,20-05-2025,Chemistry
University Of Karachi,Karachi,BS,4 Years,21000,28-11-2025,Chemistry
Khushal Khan Khattak University,Karak,BS,4 Years,34000,19-01-2026,Chemistry
Shah Abdul Latif University,Khair Pur,B.Sc. [Hons],4 Years,24250,22-09-2025,Chemistry
Kohat University Of Science & Technology,Kohat,BS,4 Years,27900,15-09-2025,Chemistry
The University Of Management Sciences & Information Technology,Kotli,BS,4 Years,0,10-09-2016,Chemistry
University Of Kotli,Kotli,BS,4 Years,0,15-08-2025,Chemistry
Government College University Lahore,Lahore,B.Sc. [Hons],4 Years,52000,11-12-2025,Chemistry
Kinnaird College For Women,Lahore,BS,4 Years,90200,01-12-2025,Chemistry
Lahore College For Women University,Lahore,BS,4 Years,54650,25-09-2025,Chemistry
University Of Education,Lahore,BS.ED.,4 Years,20214,09-01-2026,Chemistry
"University Of Engineering & Technology, Lahore",Lahore,BS,4 Years,62427,22-03-2026,Chemistry
University Of The Punjab,Lahore,BS,4 Years,41940,25-09-2025,Chemistry
The University Of Lakki Marwat,Lakki Marwat,BS,4 Years,17100,25-09-2024,Chemistry
University Of Layyah,Layyah,BS,4 Years,0,17-07-2023,Chemistry
Punjab University Of Technology  [ Rasul],Mandi Baha-ud-din,BS,4 Years,0,25-09-2025,Chemistry
Hazara University,Mansehra,B.Sc. [Hons],4 Years,38980,01-09-2025,Chemistry
"Abdul Wali Khan University, Mardan",Mardan,BS,4 Years,55000,18-08-2025,Chemistry
Women University Mardan,Mardan,BS,4 Years,41400,28-01-2026,Chemistry
University Of Mianwali,Mianwali,BS,4 Years,0,03-10-2025,Chemistry
Mirpur University Of Science And Technology,Mir Pur (ajk),BS,4 Years,0,15-10-2024,Chemistry
"Bahauddin Zakariya University, Multan",Multan,BS,4 Years,27150,02-01-2026,Chemistry
Muhammad Nawaz Sharif University Of Engineering And Technology,Multan,BS,4 Years,35300,12-02-2024,Chemistry
Nfc Institute Of Engineering & Technology,Multan,BS,4 Years,33700,01-08-2025,Chemistry
The Women University,Multan,BS,4 Years,25750,23-09-2024,Chemistry
University Of Education [ Multan Campus ],Multan,BS,4 Years,20214,02-09-2025,Chemistry
Kohsar University,Murree,BS,4 Years,0,26-02-2026,Chemistry
University Of Azad Jammu & Kashmir,Muzaffarabad,BS,4 Years,0,08-08-2025,Chemistry
Baba Guru Nanak University,Nankana Sahib,BS,4 Years,21350,19-09-2025,Chemistry
University Of Narowal,Narowal,BS,4 Years,30000,19-02-2026,Chemistry
"Quaid-e-awam University Of Engineering, Sciences & Technology",Nawab Shah,BS,4 Years,20000,31-05-2025,Chemistry
"Shaheed Benazir Bhutto University, Nawab Shah",Nawab Shah,BS,4 Years,18000,06-10-2025,Chemistry
University Of Okara,Okara,BS (HONS),4 Years,46000,18-07-2025,Chemistry
Islamia College University,Peshawar,BS,4 Years,62000,16-09-2025,Chemistry
Shaheed Benazir Bhutto Women University,Peshawar,BS,4 Years,29513,28-09-2025,Chemistry
University Of Peshawar,Peshawar,BS,4 Years,73800,23-09-2025,Chemistry
Balochistan University Of It & Management Sciences,Quetta,BS,4 Years,39410,26-01-2026,Chemistry
Sardar Bahadur Khan Women University,Quetta,BS,4 Years,8040,28-02-2025,Chemistry
University Of Balochistan,Quetta,BS,4 Years,36000,11-08-2025,Chemistry
Khawaja Fareed University Of Engineering & Information Technology,Rahim Yar Khan,BS,4 Years,40250,05-01-2026,Chemistry
"Unversity Of The Poonch, Rawala Kot",Rawala Kot,BS,4 Years,46000,20-08-2025,Chemistry
Fatima Jinnah Women University,Rawalpindi,BS,4 Years,52050,18-08-2025,Chemistry
Pir Mahar Ali Shah Arid Agriculture University,Rawalpindi,BS,4 Years,45650,08-08-2025,Chemistry
Rawalpindi Women University,Rawalpindi,BS,4 Years,35953,03-09-2025,Chemistry
University Of Sahiwal,Sahiwal,BS,4 Years,31440,31-07-2025,Chemistry
University Of Sargodha,Sargodha,BS,4 Years,30000,15-12-2025,Chemistry
Government College Women University,Sialkot,BS,4 Years,25000,22-01-2026,Chemistry
University Of Sialkot,Sialkot,BS,4 Years,115000,01-11-2024,Chemistry
University Of Sialkot,Sialkot,AD,2 Years,0,01-11-2024,Chemistry
The Begum Nusrat Bhutto Women University,Sukkur,BS,4 Years,43000,04-06-2025,Chemistry
University Of Swabi,Swabi,BS,4 Years,51270,16-09-2025,Chemistry
Women University Swabi,Swabi,BS,4 Years,45760,12-09-2025,Chemistry
The University Of Veterinary & Animal Sciences,Swat,BS,4 Years,18000,30-09-2025,Chemistry
University Of Swat,Swat,BS,4 Years,30900,12-10-2023,Chemistry
University Of Turbat,Turbat,BS,4 Years,24000,21-10-2024,Chemistry
"Shaheed Benazir Bhutto University, Sheringal",Upper Dir,BS,4 Years,30010,10-10-2025,Chemistry
University Of Chakwal,Chakwal,BS,4 Years,0,11-08-2025,Chemistry
Qurtuba University Of Science & Technology [di Khan],D.i. Khan,BS,4 Years,0,25-08-2025,Chemistry
Muslim Youth University,Islamabad,BS,4 Years,0,29-10-2025,Chemistry
Jinnah University For Women,Karachi,B.Sc. [Hons],4 Years,34000,15-10-2025,Chemistry
Muhammad Ali Jinnah University,Karachi,BS,4 Years,153000,12-01-2024,Chemistry
Forman Christian College,Lahore,B.Sc. [Hons],4 Years,358200,30-11-2025,Chemistry
Lahore Garrison University,Lahore,BS,4 Years,174635,30-11--0001,Chemistry
Lahore University Of Management Sciences,Lahore,BS,4 Years,811100,10-03-2026,Chemistry
Minhaj University,Lahore,AD,2 Years,99800,31-10-2025,Chemistry
Minhaj University,Lahore,BS,4 Years,147500,31-10-2025,Chemistry
The University Of Lahore ( Main Campus ),Lahore,BS,4 Years,130000,31-01-2026,Chemistry
University Of Central Punjab,Lahore,BS,4 Years,161875,10-10-2024,Chemistry
University Of Management And Technology,Lahore,BS,4 Years,212250,18-10-2024,Chemistry
University Of South Asia,Lahore,BS,4 Years,0,05-11-2022,Chemistry
Mohi-ud-din Islamic University,Mir Pur (ajk),BS,4 Years,60000,15-02-2024,Chemistry
Institute Of Southern Punjab,Multan,BS,4 Years,0,31-01-2025,Chemistry
Grand Asian University Sialkot,Sialkot,BS,4 Years,0,21-09-2024,Chemistry
University Of Wah,Wah Cantt,BS,4 Years,116000,20-09-2023,Chemistry
"The Islamia University Of Bahawalpur, Ahmadpur East Campus",Ahmadpur East,BS,4 Years,47115,30-06-2024,Chemistry
University Of Education ( Attock Campus ),Attock,BS,4 Years,20214,02-09-2025,Chemistry
The Islamia University Of Bahawalpur[sub Campus],Bahawal Nagar,BS,4 Years,47115,30-06-2025,Chemistry
University Of Sargodha ( Bhakkar Campus ),Bhakkar,BS,4 Years,0,03-11-2021,Chemistry
"University Of Agriculture Faisalabad, Sub Campu",Burewala,BS,4 Years,0,28-07-2025,Chemistry
University Of Agriculture Faisalabad[sub Campus],Depal Pur,BS,4 Years,60000,28-07-2025,Chemistry
University College Of Education,Faisalabad,BS,4 Years,0,14-07-2023,Chemistry
University Of Engineering And Technology[fiasalabad Campus],Faisalabad,BS,4 Years,62427,22-03-2026,Chemistry
University Of Sargodha ( Women Campus Faisalabad ),Faisalabad,BS,4 Years,0,14-10-2017,Chemistry
University Of Sargodha (lyallpur Campus),Faisalabad,BS,4 Years,0,30-09-2017,Chemistry
University Of Education [ Jauharabad Campus ],Joharabad,BS,4 Years,20214,02-09-2025,Chemistry
Universtiy Of Engineering And Technology (sub Campus),Kala Shah Kaku,BS,4 Years,62427,02-06-2025,Chemistry
"Federal Urdu University Of Arts  Science & Technology, Karachi",Karachi,B.Sc. [Hons],4 Years,34400,10-01-2025,Chemistry
Comsats University Islamabad( Lahore Campus ),Lahore,BS,4 Years,0,29-12-2025,Chemistry
University Of Gujrat (lahore Campus),Lahore,BS,4 Years,0,25-08-2018,Chemistry
University Of Sargodha ( Lahore Campus ),Lahore,BS,4 Years,0,30-09-2017,Chemistry
Government College University Faisalabad (layyah Campus),Layyah,BS,4 Years,0,04-09-2023,Chemistry
"The Islamia University Of Bahawalpur, Liaqatpur Campus",Liaqatpur,BS,4 Years,47115,30-06-2025,Chemistry
University Of Sargodha ( Mandi Baha-ud-din Campus ),Mandi Baha-ud-din,BS,4 Years,0,30-09-2017,Chemistry
University Of Sargodha ( Mianwali Campus ),Mianwali,BS,4 Years,0,24-09-2018,Chemistry
University College Of Education,Multan,BS,4 Years,0,14-07-2023,Chemistry
University Of Gujrat (narowal Campus,Narowal,BS,4 Years,0,17-10-2017,Chemistry
University Of Education,Okara,BS (HONS),4 Years,9400,21-09-2015,Chemistry
The Islamic University Of Bahawalpur[rahimyar Khan Campus],Rahim Yar Khan,BS,4 Years,47115,30-06-2025,Chemistry
University Of Gujrat (rawalpindi Campus),Rawalpindi,BS,4 Years,0,26-07-2018,Chemistry
"Government College University Faisalabad, Sahiwal Campus",Sahiwal,BS,4 Years,0,04-09-2023,Chemistry
"Shaheed Benazir Bhutto Women University Peshawar, Sub Campus",Swabi,BS,4 Years,0,02-09-2014,Chemistry
University Of Agriculture Faisal Abad[toba Tek Singh Campus],Toba Tek Singh,BS,4 Years,0,28-07-2025,Chemistry
University Of Education [ Vehari Campus ],Vehari,BS,4 Years,20214,02-09-2025,Chemistry
"Riphah International University, Faisalabad Campus",Faisalabad,BS,4 Years,98000,18-10-2025,Chemistry
Preston University [isb],Islamabad,BS,4 Years,80000,30-10-2025,Chemistry
Qurtuba University Of Science & Information Technology,Peshawar,BS,4 Years,44000,31-10-2024,Chemistry
"The University Of Lahore, Sub Campus",Sargodha,BS,4 Years,0,08-02-2025,Chemistry
"University Of Management And Technology, Sialkot Campus",Sialkot,BS,4 Years,0,30-10-2021,Chemistry
Government Degree College For Women[dmr],Bahawal Pur,BS,4 Years,3500,07-10-2025,Chemistry
Government S E College,Bahawal Pur,BS,4 Years,0,26-09-2014,Chemistry
Government Postgraduate College,Bannu,BS,4 Years,0,31-08-2013,Chemistry
Government Post Graduate College,Burewala,BS,4 Years,3500,06-11-2020,Chemistry
Government Postgraduate College,Chakwal,BS,4 Years,0,30-11--0001,Chemistry
Government College For Boys( Shab Qadar),Charsadda,BS,4 Years,0,20-09-2012,Chemistry
Government Degree College Shabqadar Charsadda,Charsadda,BS,4 Years,0,27-08-2018,Chemistry
Government Degree College Tangi,Charsadda,BS,4 Years,0,27-08-2018,Chemistry
Government Postgraduate College,Charsadda,BS,4 Years,0,27-08-2018,Chemistry
Government Degree College,Chitral,BS,4 Years,0,07-09-2012,Chemistry
Government Degree College For Women[company Bagh],D.g.khan,BS,4 Years,0,30-11--0001,Chemistry
Government Degree College[block-17],D.g.khan,BS,4 Years,0,05-10-2024,Chemistry
Government Post Graduate College,D.g.khan,BS,4 Years,0,30-11--0001,Chemistry
Government College For Women [madina Town],Faisalabad,BS,4 Years,0,30-11--0001,Chemistry
Government Post Graduate College Of Science,Faisalabad,BS,4 Years,0,23-09-2024,Chemistry
Government Post Graduate College [samanabad],Faisalabad,BS,4 Years,0,23-09-2023,Chemistry
"Uaf Community Collge, Jhang Road",Faisalabad,BS,4 Years,0,28-07-2025,Chemistry
Government Post Graduate College For Women [satellite Town],Gujranwala,BS,4 Years,0,10-09-2024,Chemistry
Government Post Graduate College[satellite Town],Gujranwala,BS (HONS),4 Months,0,02-10-2025,Chemistry
Government Post Graduate Islamia College,Gujranwala,BS,4 Years,0,08-10-2025,Chemistry
Government Boys College [qasimabad],Hyderabad,BS,4 Years,0,30-01-2026,Chemistry
Islamabad College For Girls Shalimar F-6/2,Islamabad,B.Sc.,4 Years,0,15-09-2022,Chemistry
"Islamabad Model College For Girls( Postgraduate ),f-7/2",Islamabad,BS,4 Years,0,07-09-2025,Chemistry
Government Post Graduate College,Jhang,BS (HONS),4 Years,0,30-09-2025,Chemistry
Government Post Gradute College[jhelum City],Jhelum,BS,4 Years,0,30-11--0001,Chemistry
Dj Sindh Government Science College,Karachi,BS,4 Years,0,31-12-2025,Chemistry
Government Superior Science College,Karachi,BS,4 Years,0,31-12-2025,Chemistry
Government Postgraduate College,Kohat,BS,4 Years,0,20-08-2014,Chemistry
Apwa Degree College For Women[jail Road],Lahore,CERT,4,3500,02-10-2024,Chemistry
Government College For Women [gulberg],Lahore,BS,4 Years,0,15-05-2024,Chemistry
Government College For Women[gulberg],Lahore,BS,4 Years,0,28-10-2022,Chemistry
Government College Of Science[wahdat Road],Lahore,BS,4 Years,0,14-09-2024,Chemistry
Government College [baghbanpura],Lahore,BS,4 Years,0,05-11-2022,Chemistry
Government College [township],Lahore,CERT,4,0,07-09-2024,Chemistry
Government Dyal Singh College[laxmi Chowk],Lahore,CERT,4,3500,31-10-2022,Chemistry
Government Islamia College [civil Lines],Lahore,BS,4 Years,0,25-09-2023,Chemistry
Government Islamia College [railway Road],Lahore,BS,4 Years,0,15-10-2021,Chemistry
Government Islamia Post Graduate College For Women,Lahore,BS,4 Years,0,17-09-2019,Chemistry
Government Islamia Post Graduate College For Women [cooper Road],Lahore,BS,4 Years,0,21-09-2023,Chemistry
Government M.a.o College,Lahore,BS (HONS),4 Years,0,30-11-1999,Chemistry
Government Post Graduate College For Women [ Samanabad ],Lahore,BS,4 Years,0,15-10-2019,Chemistry
Government Post Graduate College For Women [samanabad],Lahore,BS (HONS),4 Years,0,28-10-2021,Chemistry
Government Queen Marry College,Lahore,BS,4 Years,0,15-07-2024,Chemistry
Queen Marry College,Lahore,BS (HONS),4 Years,0,03-10-2020,Chemistry
University Of Home Economics,Lahore,BS,4 Years,0,25-07-2025,Chemistry
Government Post Graduate College,Lakki Marwat,BS,4 Years,0,26-08-2016,Chemistry
Government Post Graduate College,Mandi Baha-ud-din,BS,4 Years,0,26-10-2020,Chemistry
Government Postgraduate College,Mansehra,BS,4 Years,0,22-08-2015,Chemistry
Govenrment College,Mir Pur (ajk),BS,4 Years,0,26-09-2017,Chemistry
Government Postgraduate Boys College,Mir Pur (ajk),BS,4 Years,0,28-09-2014,Chemistry
Government Shah Abdul Latif Boys College,Mir Pur Khas,BS,4 Years,0,24-01-2026,Chemistry
Government Boys College,Mithi,BS,4 Years,0,15-01-2026,Chemistry
Emerson University Multan,Multan,BS,4 Years,0,15-08-2025,Chemistry
Government College For Women [katchery],Multan,BS,4 Years,0,30-11--0001,Chemistry
Government College Of Science,Multan,BS,4 Years,0,23-10-2018,Chemistry
Government College,Muzafargarh,BS,4 Years,0,05-10-2021,Chemistry
Government Post Graduate College,Nowshera,BS,4 Years,0,08-09-2014,Chemistry
Government College For Boys,Peshawar,BS,4 Years,0,30-08-2017,Chemistry
Government College Peshawar,Peshawar,BS,4 Years,0,31-08-2019,Chemistry
Government Degree College For Bys[hayatabad],Peshawar,BS,4 Years,0,31-08-2018,Chemistry
Government Degree College [mathra],Peshawar,BS,4 Years,0,30-11--0001,Chemistry
Government Frontier College For Women,Peshawar,BS,4 Years,0,30-08-2014,Chemistry
Government Superior Science College,Peshawar,BS,4 Years,0,20-08-2016,Chemistry
Jinnah College For Women,Peshawar,BS,4 Years,0,04-10-2021,Chemistry
Government College [quet],Quetta,BS,4 Years,0,05-04-2025,Chemistry
Government Girls College,Quetta,BS,4 Years,0,05-04-2025,Chemistry
Government Girls Degree College Jinnah Town,Quetta,BS,4 Years,0,20-04-2025,Chemistry
Khawaj Farid Government Post Graduate College,Rahim Yar Khan,BS,4 Years,0,10-10-2020,Chemistry
Government Post Graduate Gordon College,Rawalpindi,BS,4 Years,0,08-09-2023,Chemistry
Government Postgraduate College For Women[satellite Town],Rawalpindi,BS,4 Years,0,08-09-2013,Chemistry
"Government Postgraduate College, Boys [satellite Town]",Rawalpindi,BS,4 Years,0,24-08-2024,Chemistry
Nisar Shaheed College,Risalpur,BS,4 Years,0,08-09-2019,Chemistry
Government Post Graduate College,Sahiwal,BS,4 Years,0,09-10-2013,Chemistry
Government Post Grduate College For Women,Sahiwal,BS,4 Years,0,10-11-2022,Chemistry
Government Post Graduate College,Sammandri,BS,4 Years,0,09-10-2018,Chemistry
Government Ambala Muslim College,Sargodha,BS,4 Years,0,30-11--0001,Chemistry
Government Post Graduate College For Women [chandni Chowk],Sargodha,BS,4 Years,0,30-11--0001,Chemistry
Government Murray College,Sialkot,BS,4 Years,15000,18-08-2023,Chemistry
Government Postgraduate College For Women,Sialkot,BS,4 Years,0,30-11--0001,Chemistry
Government Post Graduate College,Swabi,BS,4 Years,0,05-09-2015,Chemistry
Government New Aligarh College,Tando Adam,BS,4 Years,0,06-10-2025,Chemistry
Government Degree College,Tando Jan Mohammad,BS,4 Years,0,15-01-2026,Chemistry
Government Degree College,Timergara,BS,4 Years,0,08-10-2021,Chemistry
Government Degree College,Umerkot,BS,4 Years,0,15-01-2026,Chemistry
"Riphah Community College, Abbotabad Campus",Abbottabad,AD,2 Years,0,31-08-2023,Chemistry
Heritage College,Arif Wala,BS,4 Years,0,21-10-2017,Chemistry
"Riphah International College, Bahawlpur",Bahawal Pur,AD,2 Years,0,31-10-2022,Chemistry
Kalarkahar Science College,Chakwal,BS,4 Years,0,23-09-2018,Chemistry
Aqsa Institute Of Professional Studies,Faisalabad,BS,4 Years,0,12-10-2019,Chemistry
Chenab College Of Advance Studies,Faisalabad,BS,4 Years,0,20-10-2020,Chemistry
Edison College,Faisalabad,BS,4 Years,0,07-08-2017,Chemistry
Faisalabad College For Women[main Samanabad Road],Faisalabad,BS,4 Years,0,04-08-2017,Chemistry
Informatics Group Of Colleges,Faisalabad,AD,2 Years,36000,07-01-2023,Chemistry
"Kips College, Boys, Jail Road",Faisalabad,BS,4 Years,0,15-10-2019,Chemistry
"Kips College, Girls, Jail Road",Faisalabad,BS,4 Years,0,15-10-2019,Chemistry
Layallpur Institute Of Management & Sciences ( Lims ),Faisalabad,BS,4 Years,0,14-10-2017,Chemistry
Shiblee College Of Commerce & Science,Faisalabad,BS,4 Years,0,24-10-2020,Chemistry
Shiblee College Of Commerce For Women[gulberg Campus],Faisalabad,BS,4 Years,0,24-10-2020,Chemistry
Shifa College For Women,Faisalabad,BS,4 Years,0,16-11-2019,Chemistry
"Superior College , Girls",Faisalabad,BS,4 Years,0,27-12-2021,Chemistry
"Superior College, Boys",Faisalabad,BS,4 Years,0,02-12-2022,Chemistry
"Superior College, City Campus, Kotwali Road",Faisalabad,BS,4 Years,0,06-11-2021,Chemistry
"Concorida Colleges, Gujranwala",Gujranwala,BS,4 Years,0,30-09-2019,Chemistry
Royal Gorup Of Colleges,Gujranwala,BS,4 Years,0,31-10-2020,Chemistry
"Iqra Degree College, Havelian",Havelian,AD,2 Years,0,04-12-2021,Chemistry
Islamabad College For Girls,Islamabad,BS,4 Years,0,07-09-2025,Chemistry
Icon College,Jaranwala,BS,4 Years,0,24-10-2020,Chemistry
Millat College,Jhang,BS,4 Years,0,01-11-2018,Chemistry
"Litra Valley College, Jango",Jhelum,BS (HONS),4 Years,0,22-09-2017,Chemistry
"Concordia Colleges, Kasur",Kasur,BS,4 Years,0,30-09-2019,Chemistry
Concordia Colleges,Lahore,BS,4 Years,0,28-10-2020,Chemistry
Gulab Devi Educational Complex,Lahore,BS,4 Years,0,30-11--0001,Chemistry
Informatics Group Of Colleges,Lahore,BS,4 Years,0,31-07-2024,Chemistry
P S E College,Lahore,BS,4 Years,0,27-08-2019,Chemistry
Punjab Group Of Colleges,Lahore,BS,4 Years,0,13-12-2022,Chemistry
"Riphah International College, Lahore",Lahore,AD,2 Years,0,01-11-2024,Chemistry
Fgk College,Layyah,BS,4 Years,0,27-10-2018,Chemistry
Legend College,Multan,BS,4 Years,0,03-12-2022,Chemistry
Multan Postgraduate College,Multan,BS,4 Years,0,30-09-2025,Chemistry
The Next College,Multan,BS,4 Years,0,30-10-2020,Chemistry
Chand Bagh College,Muridke,BS (HONS),4 Years,0,15-11-2019,Chemistry
"Misali Zakriya Graduate College, Dinpur",Muzafargarh,BS,4 Years,0,04-12-2021,Chemistry
Vertex College Of Science And Technology,Peshawar,AD,2 Years,0,27-09-2018,Chemistry
N I C C A S Postgraduate College,Rahim Yar Khan,BS,4 Years,0,27-09-2019,Chemistry
Citi College,Rawalpindi,BS,4 Years,0,30-03-2021,Chemistry
Comand College,Sahiwal,BS,4 Years,0,03-10-2019,Chemistry
Iqra Girls College,Sargodha,BS,4 Years,0,02-01-2023,Chemistry
"The Readers Group Of Colleges, Boys",Sargodha,BS,4 Years,0,16-10-2020,Chemistry
Superior College For Boys,Sillanwali,BS,4 Years,0,18-09-2021,Chemistry
Superior College For Girls,Sillanwali,BS,4 Years,0,18-09-2021,Chemistry
South Punjab Institute Of Science & Technology,D.g.khan,BS,4 Years,0,30-10-2017,Chemistry
Indus International Institute,D.g.khan,BS,4 Years,0,20-10-2016,Chemistry
"International Institute Of Science, Arts And Technology",Gujranwala,BS,4 Years,0,05-10-2025,Chemistry
Gulab Devi Post Graduate Medical Institute,Lahore,BS,4 Years,0,30-11--0001,Chemistry
Kaims International Institute,Multan,BS,4 Years,0,31-07-2019,Chemistry
Multan Institute Of Health Sciences,Multan,BS (HONS),4 Years,0,17-09-2017,Chemistry
National Institute Of Computer And Advanced Studies,Rahim Yar Khan,BS,4 Years,0,31-08-2023,Chemistry
Sargodha Institute Of Health Sciences,Sargodha,BS,4 Years,0,27-10-2018,Chemistry
Abdul Wali Khan University [palosa Campus],Charsadda,BS,4 Years,41794,30-11--0001,Chemistry
Abdul Wali Khan University ( Shankar Campus ),Mardan,BS,4 Years,55000,30-11--0001,Chemistry
University Of Sargodha ( Comand Campus Sahiwal ),Sahiwal,BS,4 Years,0,30-11--0001,Chemistry
University Of Gujrat ( Sialkot Campus),Sialkot,BS,4 Years,0,18-09-2017,Chemistry
Government  Girls Degree College,Moro,BS,4 Years,0,06-10-2025,Chemistry
"Bahauddin Zakria University,sahiwal Campus",Sahiwal,BS,4 Years,22460,30-09-2016,Chemistry
"Bahria University, H-11 Campus",Islamabad,AD,2 Years,92400,24-07-2025,Child Health
The Islamia University Of Bahawalpur,Bahawal Pur,B.Sc. [Engg.],4 Years,53415,30-06-2025,Civil
Karakuram International University,Gilgit,BS,4 Years,0,10-08-2025,Civil
International Islamic University,Islamabad,BS,4 Years,130500,30-07-2025,Civil
National University Of Science & Technology,Islamabad,BE,4 Years,174050,25-01-2026,Civil
National University Of Technology,Islamabad,BS,4 Years,115000,12-07-2025,Civil
Mehran University Of Engineering & Technology,Jamshoro,BE,4 Years,38600,18-08-2025,Civil
Ned University Of Engineering & Technology,Karachi,BE,4 Years,46670,20-05-2025,Civil
Balochistan University Of Engineering & Technology,Khuzdar,BE,4 Years,16000,17-10-2025,Civil
"University Of Engineering & Technology, Lahore",Lahore,B.Sc. [Engg.],4 Years,62427,22-03-2026,Civil
The University Of Larkano,Larkana,BS,4 Years,0,27-08-2025,Civil
"Lasbela University Of Agriculture, Water And Marine Sciences, Uthal",Lasbela,BS,4 Years,33000,20-10-2025,Civil
"University Of Engineering & Technology ,mardan",Mardan,BS,4 Years,51013,15-08-2025,Civil
Mirpur University Of Science And Technology,Mir Pur (ajk),BS,4 Years,74300,15-08-2024,Civil
"Bahauddin Zakariya University, Multan",Multan,B.Sc. [Engg.],4 Years,45850,18-08-2025,Civil
Muhammad Nawaz Sharif University Of Engineering And Technology,Multan,BS,4 Years,40300,15-09-2023,Civil
Nfc Institute Of Engineering & Technology,Multan,B.Sc. [Engg.],4 Years,81800,01-08-2025,Civil
"Quaid-e-awam University Of Engineering, Sciences & Technology",Nawab Shah,BE,4 Years,20000,31-05-2025,Civil
"University Of Engineering & Technology, Peshawar",Peshawar,B.Sc. [Engg.],4 Years,85000,19-08-2025,Civil
Balochistan University Of It & Management Sciences,Quetta,BS,4 Years,48415,20-08-2025,Civil
Khawaja Fareed University Of Engineering & Information Technology,Rahim Yar Khan,BS,4 Years,40250,05-01-2026,Civil
University Of Sargodha,Sargodha,B.Sc. [Engg.],4 Years,0,30-11--0001,Civil
"Aror University Of Art, Architecture, Design And Heritage",Sukkur,BS,4 Years,54000,14-01-2026,Civil
"University Of Engineering &  Technology, Taxila",Taxila,B.Sc. [Engg.],4 Years,102400,22-03-2026,Civil
Qurtuba University Of Science & Technology [di Khan],D.i. Khan,B.Sc. [Engg.],4 Years,0,25-08-2025,Civil
The University Of Faisalabad,Faisalabad,B.Sc. [Engg.],4 Years,249750,07-10-2023,Civil
Isra University/hospital,Hyderabad,BE,4 Years,260000,13-07-2024,Civil
Capital University Of Science And Technology,Islamabad,BS,4 Years,374000,02-09-2025,Civil
Ibadat International University Islamabad,Islamabad,BS,4 Years,148000,10-09-2023,Civil
Muslim Youth University,Islamabad,BS,4 Years,299200,29-10-2025,Civil
Hamdard University,Karachi,BS(TECHNOLOGY),4 Years,76000,13-07-2024,Civil
Sir Syed University Of Engineering & Technology,Karachi,BS,4 Years,172800,19-07-2024,Civil
Zia-ud-din Medical University,Karachi,BS,4 Years,176000,26-08-2025,Civil
Imperial College Of Business Studies,Lahore,B.Sc.,4 Years,329000,21-08-2023,Civil
Lahore Leads University ( Faculty Of Engineering ),Lahore,B.Sc. [Engg.],4 Years,196000,20-11-2022,Civil
The University Of Lahore ( Main Campus ),Lahore,BS,4 Years,205000,03-01-2026,Civil
University Of Central Punjab,Lahore,B.Sc. [Engg.],4 Years,376563,10-10-2024,Civil
University Of Management And Technology,Lahore,BS,4 Years,399750,31-07-2024,Civil
Institute Of Southern Punjab,Multan,B.Sc. [Engg.],4 Years,0,31-08-2024,Civil
Abasyn University,Peshawar,BE,4 Years,221000,01-02-2026,Civil
Cecos University Of Information Tech. & Emerging Sciences,Peshawar,B.Sc. [Engg.],4 Years,410000,28-07-2025,Civil
City University Of Science & Information Technology,Peshawar,B.Sc. [Engg.],4 Years,160000,15-10-2025,Civil
Iqra National University,Peshawar,BE,4 Years,124320,30-09-2025,Civil
Sarhad University Of Science & Information Technology,Peshawar,BE,4 Years,68000,05-12-2025,Civil
Grand Asian University Sialkot,Sialkot,BS,4 Years,0,21-09-2024,Civil
Ghulam Ishaq Khan  Institute Of Engineering Sciences & Technology,Swabi,BS,4 Years,695000,30-05-2024,Civil
Hitec University,Taxila,BS,4 Years,220000,30-08-2025,Civil
University Of Wah,Wah Cantt,B.Sc. [Engg.],4 Years,214000,20-09-2023,Civil
Comsats University Islamabad ( Abbotabad Campus ),Abbottabad,BS,4 Years,112200,04-08-2025,Civil
University Of Engineering & Technology ( Bannu Campus ),Bannu,B.Sc. [Engg.],4 Years,85000,19-08-2025,Civil
"Mehran University Of Engineering And Technology ( Szab Campus, Khair Pur )",Khair Pur,BE,4 Years,120000,18-08-2025,Civil
"Quaid-e-awam University Of Engineering, Science And Technology, Larkana Campus",Larkana,BE,4 Years,0,10-06-2023,Civil
University Of Engineering & Technology (narowal Campus),Narowal,BS,4 Years,62427,22-03-2026,Civil
University Of Engineering & Technology Peshawar ( Jalozai Campus ),Pabbi,B.Sc. [Engg.],4 Years,85000,19-08-2025,Civil
"National University Of Science And Technology, Quetta Campus",Quetta,BE,4 Years,174050,25-01-2026,Civil
Comsats University Islamabad ( Sahiwal Campus ),Sahiwal,BS,4 Years,121150,15-08-2025,Civil
Comsats University Islamabad ( Wah Campus ),Wah,BS,4 Years,121150,01-08-2024,Civil
Abasyn University (sub Campus),Islamabad,BE,4 Years,0,14-12-2024,Civil
Isra University [isb]],Islamabad,BE,4 Years,0,28-09-2021,Civil
The University Of Lahore ( Islamabad Campus ),Islamabad,BS,4 Years,188000,06-09-2019,Civil
Isra University [khi],Karachi,BE,4 Years,260000,09-11-2018,Civil
National University Of Computer And Emerging Sciences ( Lahore ),Lahore,BS,4 Years,160000,04-07-2025,Civil
"Thar Institute Of Engineering, Science & Technology",Mithi,BE,4 Years,0,20-05-2025,Civil
Military College Of Signals,Rawalpindi,BS,4 Years,0,25-01-2026,Civil
Military Collage Of Engineering,Risalpur,BE,4 Years,174050,25-01-2026,Civil
Chenab College Of Engineering & Technology,Gujranwala,B.Sc. [Engg.],4 Years,0,31-10-2019,Civil
Pimsat - Institute Of Higher Education,Karachi,BE,4 Years,0,18-02-2017,Civil
Rise Group Of Colleges,Lahore,B.Sc. [Engg.],4 Years,0,15-11-2015,Civil
The Limit College Of Engineering & Technology,Lahore,BE,4 Years,0,30-11--0001,Civil
The Limit College Of Engineering & Technology [okara],Okara,BE,4 Years,0,30-11--0001,Civil
Quaid-e-azam College Of Engineering & Technology,Pattoki,B.Sc. [Engg.],4 Years,0,05-11-2016,Civil
Brave College Of Technology,Peshawar,B.Sc. [Engg.],4 Years,0,09-11-2013,Civil
Swedish College  Of Engineering And Technology,Rahim Yar Khan,B.Sc. [Engg.],4 Years,0,04-09-2023,Civil
Army Public College Of Management & Sciences,Rawalpindi,B.Sc. [Engg.],4 Years,0,06-08-2020,Civil
Quaid-e-azam College Of Engineering And Technology,Sahiwal,B.Sc. [Engg.],4 Years,0,04-09-2023,Civil
The Limit College Of Engineering & Technology [sahiwal],Sahiwal,BE,4 Years,0,30-11--0001,Civil
Islam College Of Engineering & Management Sciences,Sialkot,B.Sc. [Engg.],4 Years,0,03-11-2021,Civil
Swedish College  Of Engineering And Technology[wah  Cantt Campus],Wah Cantt,B.Sc. [Engg.],4 Years,0,02-10-2022,Civil
Nfc Institute Of Engineering & Fertilizer Research,Faisalabad,B.Sc. [Engg.],4 Years,45000,22-07-2025,Civil
Nfc Institute Of Engineering & Fertilizer Research,Faisalabad,B.Sc. [Engg.],4 Years,0,02-07-2019,Civil
Emaan Institute Of Management & Sciences,Karachi,BS,4 Years,96000,20-07-2024,Civil
Pakistan Institute Of Engineering And Technology,Multan,B.Sc. [Engg.],4 Years,0,10-08-2019,Civil
Brains Institute,Peshawar,BE,4 Years,0,30-08-2024,Civil
Gandhara Institute Of Sceince & Technology  Pgs Engineering College,Peshawar,B.Sc. [Engg.],4 Years,0,05-10-2019,Civil
Women University Azad Jammu & Kashmir,Bagh,BS,4 Years,51660,01-09-2025,Clinical Laboratory Sciences
Dow University Of Health Sciences,Karachi,BS,4 Years,100000,20-12-2025,Clinical Laboratory Sciences
Jinnah Sindh Medical University,Karachi,BS,4 Years,0,17-12-2025,Clinical Laboratory Sciences
University Of Kotli,Kotli,BS,4 Years,0,15-08-2025,Clinical Laboratory Sciences
University Of Azad Jammu & Kashmir,Muzaffarabad,BS,4 Years,0,08-08-2025,Clinical Laboratory Sciences
Women University Swabi,Swabi,BS,4 Years,77000,06-02-2023,Clinical Laboratory Sciences
Indus University,Karachi,BS,4 Years,134000,31-10-2025,Clinical Laboratory Sciences
Sohail University,Karachi,BS,4 Years,0,17-10-2024,Clinical Laboratory Sciences
Zia-ud-din Medical University,Karachi,BS,4 Years,86000,26-08-2025,Clinical Laboratory Sciences
National Institute Of Physical Therapy And Rehabilitation Sciences,Karachi,BS,4 Years,0,10-12-2020,Clinical Laboratory Sciences
Indus College Of Allied Health,Karachi,BS,4 Years,0,08-01-2023,Clinical Laboratory Sciences
Liaquat National Medical College,Karachi,BS,4 Years,0,24-01-2026,Clinical Laboratory Sciences
Sindh Institute Of Medical And Allied Sciences,Karachi,BS,4 Years,0,10-02-2023,Clinical Laboratory Sciences
Sindh Institute Of Urology And Transplantation,Karachi,BS,4 Years,0,03-12-2025,Clinical Laboratory Sciences
Dadabhoy Institute Of Higher Education,Karachi,BS,4 Years,104750,02-02-2018,Clinical Micro Biology
Faisalabad Medical University,Faisalabad,BS,4 Years,0,15-12-2025,Clinical Psychology
"Bahria University, E-8 Campus",Islamabad,BS,4 Years,92400,18-12-2025,Clinical Psychology
King Edward Medical University / Mayo Hospital,Lahore,B.Sc. [Hons],4 Years,54000,10-12-2025,Clinical Psychology
Lahore College For Women University,Lahore,BS,4 Years,51430,25-09-2025,Clinical Psychology
University Of The Punjab,Lahore,BS,4 Years,41940,25-09-2025,Clinical Psychology
Khyber Medical University,Peshawar,B.Sc.,4 Years,80000,30-10-2025,Clinical Psychology
Khawaja Fareed University Of Engineering & Information Technology,Rahim Yar Khan,BS,4 Years,40250,20-06-2025,Clinical Psychology
Pir Mahar Ali Shah Arid Agriculture University,Rawalpindi,BS,4 Years,0,08-08-2025,Clinical Psychology
University Of Sialkot,Sialkot,BS,4 Years,95000,01-11-2024,Clinical Psychology
Gift University,Gujranwala,BS,4 Years,125200,01-02-2026,Clinical Psychology
Riphah International University,Islamabad,BS,4 Years,0,30-07-2025,Clinical Psychology
Shifa Tameer-e-millat University,Islamabad,BS,4 Years,179000,18-07-2024,Clinical Psychology
Sir Syed University Of Engineering & Technology,Karachi,BS,4 Years,0,19-07-2024,Clinical Psychology
Sohail University,Karachi,BS,4 Years,0,17-10-2024,Clinical Psychology
Zia-ud-din Medical University,Karachi,BS,4 Years,0,30-11--0001,Clinical Psychology
Zia-ud-din Medical University,Karachi,BS,4 Years,0,26-08-2025,Clinical Psychology
Lahore University Of Biological & Applied Sciences,Lahore,BS,4 Years,0,31-01-2026,Clinical Psychology
"National College Of Business Administration And Economics, Lahore",Lahore,BS,4 Years,0,26-02-2023,Clinical Psychology
Nur International University,Lahore,BS,4 Years,155278,18-01-2025,Clinical Psychology
Qarshi University (lhr),Lahore,BS,4 Years,0,12-07-2025,Clinical Psychology
Rashid Latif Khan University,Lahore,BS,4 Years,0,25-10-2025,Clinical Psychology
The Superior University,Lahore,BS,4 Years,0,31-01-2026,Clinical Psychology
University Of Management And Technology,Lahore,BS,4 Years,249750,31-07-2024,Clinical Psychology
Bahria University ( Karachi Campus ),Karachi,BS,4 Years,92400,18-12-2025,Clinical Psychology
Bahria University ( Lahore Campus ),Lahore,BS,4 Years,92400,08-01-2026,Clinical Psychology
National College Of Business Administration And Economics ( Bahwal Pur Campus ),Bahawal Pur,BS,4 Years,0,19-10-2025,Clinical Psychology
"Bahria University, H-11 Campus",Islamabad,BS,4 Years,92400,18-12-2025,Clinical Psychology
"Iqra University, H-9 Campus",Islamabad,BS,4 Years,0,10-09-2025,Clinical Psychology
Riphah International University Lahore,Lahore,BS,2 Years,0,25-01-2026,Clinical Psychology
National College Of Business Administration And Economics ( Multan Campus ),Multan,BS,4 Years,144000,19-10-2025,Clinical Psychology
"Zia Ud Din University, Sukkur Campus",Sukkur,BS,4 Years,0,26-08-2025,Clinical Psychology
Vist College Of Nursing,Abbottabad,BS,4 Years,0,22-03-2019,Clinical Psychology
Rashid Latif Medical College,Lahore,BS,4 Years,0,05-02-2023,Clinical Psychology
The Childrens Hospital & The Institute Of Child Health,Lahore,BS,4 Years,0,29-11-2024,Clinical Psychology
"International Institute Of Science, Arts And Technology",Gujranwala,BS,4 Years,0,05-10-2025,Clinical Psychology
Isra University [isb]],Islamabad,BS,4 Years,0,05-09-2022,Clinical Pharmacology
Hamdard University,Karachi,BS,4 Years,0,15-03-2025,Cloud Computing
Sir Syed University Of Engineering & Technology,Karachi,B.Sc.,4 Years,172800,19-07-2024,Cloud Computing
"University Of Engineering & Technology, Peshawar",Peshawar,BS,4 Years,85000,19-08-2025,Communication Engineering
University Of Engineering & Technology Peshawar ( Jalozai Campus ),Pabbi,BS,4 Years,85000,19-08-2025,Communication Engineering
The University Of Lahore ( Main Campus ),Lahore,BS,4 Years,130000,14-09-2024,Community Work
Habib University,Karachi,BA [HONS],4 Years,1106500,31-01-2023,Comparative Liberal Studies
Lahore University Of Management Sciences,Lahore,BS,4 Years,680400,10-03-2026,Comparative Liberal Studies
"Bahauddin Zakariya University, Multan",Multan,BS,4 Years,0,02-01-2026,Computational Biology
University Of Haripur,Haripur,BS,4 Years,41559,08-09-2025,Computational Mathematics
Air University,Islamabad,BS,4 Years,0,23-12-2025,Computational Mathematics
"National University Of Modern Languages, Islamabad",Islamabad,BS,4 Years,0,09-12-2025,Computational Mathematics
University Of Karachi,Karachi,BS,4 Years,25500,28-11-2025,Computational Mathematics
University Of Kotli,Kotli,BS,4 Years,0,15-08-2025,Computational Mathematics
"Air University, Multan Campus",Multan,BS,4 Years,34240,10-01-2026,Computational Mathematics
National College Of Business Administration And Economics ( Bahwal Pur Campus ),Bahawal Pur,BS,4 Years,0,19-10-2025,Computational Mathematics
National College Of Business Administration And Economics ( Multan Campus ),Multan,BS,4 Years,0,19-10-2025,Computational Mathematics
Government College Women University,Faisalabad,BS,4 Years,33100,31-07-2025,Computational Physics
Air University,Islamabad,BS,4 Years,0,23-12-2025,Computational Physics
University Of The Punjab,Lahore,BS,4 Years,41940,25-09-2025,Computational Physics
University Of Okara,Okara,BS,4 Years,46000,30-10-2023,Computational Physics
Khawaja Fareed University Of Engineering & Information Technology,Rahim Yar Khan,BS,4 Years,40250,20-06-2025,Computational Physics
Government College Women University,Sialkot,BS,4 Years,25000,18-07-2024,Computational Physics
Foundation Institute Of Technology For Women,Abbottabad,DIP,1 Years,0,02-10-2019,Computer Aided Design Cad
Pakistan Institute Of Engineering & Applied Sciences,Islamabad,BS,4 Years,104800,28-03-2025,Computer Information Sciences
Fatima Jinnah Women University,Rawalpindi,BCA,4 Years,52050,18-08-2025,Computer Arts
Riphah International University,Islamabad,BS,4 Years,97000,30-07-2025,Computer Arts
Hamdard University,Karachi,BCA,2 Years,81400,15-07-2023,Computer Arts
Karachi Institute Of Economics & Technology,Karachi,BCA,4 Years,130200,06-01-2024,Computer Arts
University Of Rawalpindi,Rawalpindi,BS,4 Years,55000,14-09-2024,Computer Arts
"Riphah International University, Faisalabad Campus",Faisalabad,BCA,2 Years,80000,18-10-2025,Computer Arts
Hamdard University - Islamabad Campus,Islamabad,BCA,4 Years,68000,15-07-2023,Computer Arts
Foundation University Islamabad (sub Campus),Rawalpindi,BCA,4 Years,130000,08-01-2026,Computer Arts
The Islamia University Of Bahawalpur,Bahawal Pur,B.Sc. [Engg.],4 Years,53415,30-06-2025,Computer Engineering
Air University,Islamabad,BS,4 Years,99600,25-07-2025,Computer Engineering
Comsats University Islamabad,Islamabad,BS,4 Years,0,09-07-2025,Computer Engineering
Federal Urdu University Of Arts Science & Technology Islamabad,Islamabad,BS,4 Years,75000,15-02-2007,Computer Engineering
International Islamic University,Islamabad,BS,4 Years,99900,30-07-2025,Computer Engineering
"National University Of Computer And Emerging Sciences, Islamabad",Islamabad,BS,4 Years,160000,04-07-2025,Computer Engineering
"National University Of Modern Languages, Islamabad",Islamabad,BS,4 Years,68000,09-12-2025,Computer Engineering
National University Of Technology,Islamabad,BS,4 Years,115000,12-07-2025,Computer Engineering
Mehran University Of Engineering & Technology,Jamshoro,BE,4 Years,38600,10-05-2025,Computer Engineering
Dawood University Of Engineering And Technology,Karachi,BE,4 Years,32000,15-07-2025,Computer Engineering
Information Technology University,Lahore,BS,4 Years,206000,18-06-2025,Computer Engineering
"University Of Engineering & Technology, Lahore",Lahore,B.Sc. [Engg.],4 Years,62427,22-03-2026,Computer Engineering
"University Of Engineering & Technology ,mardan",Mardan,BS,4 Years,51013,13-07-2025,Computer Engineering
Mirpur University Of Science And Technology,Mir Pur (ajk),BS,4 Years,74300,15-08-2024,Computer Engineering
"Bahauddin Zakariya University, Multan",Multan,B.Sc. [Engg.],4 Years,43650,18-08-2025,Computer Engineering
"Quaid-e-awam University Of Engineering, Sciences & Technology",Nawab Shah,BE,4 Years,20000,31-05-2025,Computer Engineering
"University Of Technology, Nowshera",Nowshera,BS,4 Years,27610,04-09-2025,Computer Engineering
"University Of Engineering & Technology, Peshawar",Peshawar,B.Sc.,4 Years,85000,19-08-2025,Computer Engineering
Balochistan University Of It & Management Sciences,Quetta,BS,4 Years,48415,20-08-2025,Computer Engineering
Khawaja Fareed University Of Engineering & Information Technology,Rahim Yar Khan,BS,4 Years,40250,20-06-2025,Computer Engineering
University Of Sargodha,Sargodha,B.Sc. [Engg.],4 Years,0,01-09-2025,Computer Engineering
University Of Engineering And Applied Sciences,Swat,BS,4 Years,0,07-07-2025,Computer Engineering
"University Of Engineering &  Technology, Taxila",Taxila,B.Sc. [Engg.],4 Years,102400,22-03-2026,Computer Engineering
Al-khair University [ajk],Islamabad,BE,4 Years,0,01-01-1970,Computer Engineering
Capital University Of Science And Technology,Islamabad,BS,4 Hours,0,02-09-2025,Computer Engineering
Sir Syed Case Institute Of Technology,Islamabad,BS,4 Years,0,21-08-2024,Computer Engineering
Dha Suffa University(main Campus),Karachi,BS,4 Years,0,30-12-2025,Computer Engineering
Habib University,Karachi,BS,4 Years,1106500,31-01-2023,Computer Engineering
Sir Syed University Of Engineering & Technology,Karachi,BS,4 Years,172800,19-07-2024,Computer Engineering
The University Of Lahore ( Main Campus ),Lahore,BS,4 Years,288000,14-09-2024,Computer Engineering
Abasyn University,Peshawar,BS,4 Years,0,01-02-2026,Computer Engineering
Cecos University Of Information Tech. & Emerging Sciences,Peshawar,BS,4 Years,0,28-07-2025,Computer Engineering
Ghulam Ishaq Khan  Institute Of Engineering Sciences & Technology,Swabi,B.Sc. [Engg.],4 Years,695000,30-05-2024,Computer Engineering
Hitec University,Taxila,BS,4 Years,220000,30-08-2025,Computer Engineering
University Of Wah,Wah Cantt,BS,4 Years,0,20-09-2023,Computer Engineering
Comsats University Islamabad ( Abbotabad Campus ),Abbottabad,BS,4 Years,121150,04-08-2025,Computer Engineering
Comsats University Islamabad ( Attock Campus ),Attock,BS,4 Years,121150,11-08-2025,Computer Engineering
University Of Engineering And Technology[fiasalabad Campus],Faisalabad,BS,4 Years,62427,22-03-2026,Computer Engineering
Rachna College Of Engineering And Technology,Gujranwala,BS,4 Years,62427,22-03-2026,Computer Engineering
Universtiy Of Engineering And Technology (sub Campus),Kala Shah Kaku,BS,4 Years,62427,02-06-2025,Computer Engineering
Bahria University ( Karachi Campus ),Karachi,BE,4 Years,115008,22-05-2025,Computer Engineering
Comsats University Islamabad( Lahore Campus ),Lahore,BS,4 Years,121150,17-07-2025,Computer Engineering
University Of Engineering & Technology (narowal Campus),Narowal,BS,4 Years,62427,22-03-2026,Computer Engineering
Comsats University Islamabad ( Wah Campus ),Wah,BS,4 Years,121150,30-11--0001,Computer Engineering
National University Of Computer And Emerging Sciences ( Faisalabad Campus ),Faisalabad,BS,4 Years,160000,04-07-2025,Computer Engineering
Abasyn University (sub Campus),Islamabad,BS,4 Years,0,28-12-2025,Computer Engineering
"Bahria University, H-11 Campus",Islamabad,BS,4 Years,115008,24-07-2025,Computer Engineering
National University Of Computer And Emerging Sciences ( Karachi Campus ),Karachi,BS,4 Years,160000,04-07-2025,Computer Engineering
National University Of Computer And Emerging Sciences ( Peshawar Campus ),Peshawar,BS,4 Years,160000,04-07-2025,Computer Engineering
Foundation University Islamabad (sub Campus),Rawalpindi,BS,4 Years,200000,01-08-2025,Computer Engineering
"Pak- Austria Fachhuochschule, Institute Of Applied Sciences And Technology",Haripur,BS,4 Years,0,03-01-2025,Computer Engineering
Emerson University Multan,Multan,BS,4 Years,0,15-07-2024,Computer Engineering
College Of Electrical And Mechenical Engineering,Rawalpindi,BS,4 Years,174050,25-01-2026,Computer Engineering
Wah Engineering College,Taxila,B.Sc. [Engg.],4 Years,0,25-07-2011,Computer Engineering
Dr. A.q. Khan Institute Of Computer Sciences & Information Technology,Kahuta,BS,4 Years,110500,30-06-2025,Computer Engineering
Biztek Institute Of Business & Technology,Karachi,BS,4 Years,0,23-02-2012,Computer Engineering
Fast Institute Of Computer Science,Karachi,B.Sc. [Engg.],4 Years,0,01-01-1970,Computer Engineering
University Of Gujrat,Gujrat,BS,4 Years,0,15-08-2025,Computer Engineering It
Air University,Islamabad,BS,4 Years,93375,25-07-2025,Computer Games Development
"Riphah International University, Faisalabad Campus",Faisalabad,BS,4 Years,117000,18-10-2025,Computer Graphics
Riphah International University Lahore,Lahore,BS,4 Years,0,25-01-2026,Computer Graphics
Virtual University Of Pakistan,Lahore,AD,2 Years,21800,30-09-2025,Computer Networks Communication
Sir Syed University Of Engineering & Technology,Karachi,BS,4 Years,172800,19-07-2024,Computer Network Security
Zia-ud-din Medical University,Karachi,BS,4 Years,0,26-08-2025,Computer Network Security
Abbottabad University Of Science And Technology,Abbottabad,BCS,4 Years,47800,26-08-2025,Computer Science
Women University Azad Jammu & Kashmir,Bagh,BS,4 Years,43110,01-09-2025,Computer Science
Cholistan University Of  Veterinary & Animal Sciences,Bahawal Pur,BS,4 Years,46500,15-08-2024,Computer Science
Cholistan University Of  Veterinary & Animal Sciences,Bahawal Pur,AD,2 Years,46500,15-08-2024,Computer Science
The Government Sadiq College Women University,Bahawal Pur,BS,4 Years,31340,28-01-2026,Computer Science
The Islamia University Of Bahawalpur,Bahawal Pur,BS,4 Years,49665,30-06-2025,Computer Science
Kalam Bibi International Women Institute,Bannu,BS,4 Years,0,18-09-2025,Computer Science
University Of Science & Technology,Bannu,BS,4 Years,16400,20-09-2025,Computer Science
Thal University,Bhakkar,BS,4 Years,30000,10-01-2025,Computer Science
The University Of Buner,Buner,BS,4 Years,0,15-08-2025,Computer Science
University Of Malakand,Chakdara,BS (HONS),4 Years,20000,15-09-2025,Computer Science
Bacha Khan University,Charsadda,BS,4 Years,37000,22-09-2025,Computer Science
University Of Chitral,Chitral,BS,4 Years,0,30-10-2023,Computer Science
"Bahauddin Zakria University,multan[d.g.khan Campus]",D.g.khan,BS,4 Years,0,31-01-2015,Computer Science
Ghazi University,D.g.khan,BS,4 Years,21300,04-07-2025,Computer Science
Mir Chakar Khan Rind University Of Technology,D.g.khan,BS,4 Years,0,31-07-2025,Computer Science
University Of Education [ D.g. Khan Campus ],D.g.khan,BS,4 Years,26920,02-09-2025,Computer Science
Gomal University,D.i. Khan,BCS,4 Years,46600,31-07-2025,Computer Science
Gomal University,D.i. Khan,AD,2 Years,0,31-07-2025,Computer Science
Fata University,Darra Adam Khail,BS,4 Years,22000,16-08-2025,Computer Science
Government College University,Faisalabad,AD,2 Years,47400,24-06-2025,Computer Science
Government College University,Faisalabad,BS,4 Years,47400,24-06-2025,Computer Science
Government College Women University,Faisalabad,AD,2 Years,44300,31-07-2025,Computer Science
Government College Women University,Faisalabad,BS,4 Years,44000,31-07-2025,Computer Science
National Textile University,Faisalabad,BCS,4 Years,80000,31-07-2023,Computer Science
University Of Agriculture,Faisalabad,BS,4 Years,83600,28-07-2025,Computer Science
University Of Education [ Faisalabad Campus ],Faisalabad,BS,4 Years,26920,02-09-2025,Computer Science
Karakuram International University,Gilgit,BS,4 Years,44400,10-08-2025,Computer Science
University Of Gujrat,Gujrat,BS,4 Years,68010,15-08-2025,Computer Science
University Of Gwadar,Gwadar,BS,4 Years,0,08-08-2025,Computer Science
The University Of Sufism  And Modern Sciences,Hala,BS,4 Years,23000,31-07-2025,Computer Science
University Of Haripur,Haripur,BCS,4 Years,53358,26-01-2026,Computer Science
Hazara University [havellian Campus],Havelian,BCS,4 Years,0,23-02-2015,Computer Science
Government College University Hyderabad,Hyderabad,BS,4 Years,11000,15-09-2025,Computer Science
Air University,Islamabad,AD,2 Years,93150,23-12-2025,Computer Science
Air University,Islamabad,BS,4 Years,86100,25-07-2025,Computer Science
Allama Iqbal Open University,Islamabad,BS,4 Years,47300,10-02-2026,Computer Science
"Bahria University, E-8 Campus",Islamabad,BS,4 Years,122196,18-12-2025,Computer Science
Comsats University Islamabad,Islamabad,BS,4 Years,121150,17-12-2025,Computer Science
Federal Urdu University Of Arts Science & Technology Islamabad,Islamabad,BS,4 Years,75000,30-01-2026,Computer Science
Federal Urdu University Of Arts Science & Technology Islamabad,Islamabad,AD,2 Years,75000,30-01-2026,Computer Science
Institute Of Space Technology,Islamabad,BS,4 Years,126229,31-07-2025,Computer Science
International Islamic University,Islamabad,BS,4 Years,85500,15-07-2024,Computer Science
National Skills University,Islamabad,BS,4 Years,40600,13-09-2025,Computer Science
"National University Of Computer And Emerging Sciences, Islamabad",Islamabad,BS,4 Years,160000,04-07-2025,Computer Science
"National University Of Modern Languages, Islamabad",Islamabad,BS,4 Years,104000,09-12-2025,Computer Science
National University Of Science & Technology,Islamabad,BS,4 Years,174050,25-01-2026,Computer Science
National University Of Technology,Islamabad,BS,4 Years,115000,12-07-2025,Computer Science
Quaid-e-azam University,Islamabad,BS,4 Years,56355,29-07-2025,Computer Science
Mehran University Of Engineering & Technology,Jamshoro,BS,4 Years,38600,10-05-2025,Computer Science
University Of Sindh,Jamshoro,BS,4 Years,15950,14-09-2025,Computer Science
University Of Jhang,Jhang,BS,4 Years,0,15-09-2025,Computer Science
"Benazir Bhutto Shaheed University, Lyari",Karachi,BS,4 Years,28100,17-11-2025,Computer Science
Dawood University Of Engineering And Technology,Karachi,BS,4 Years,70000,15-07-2025,Computer Science
Institute Of Business Administration [khi],Karachi,BCS,4 Years,199500,11-06-2025,Computer Science
Ned University Of Engineering & Technology,Karachi,BS,4 Years,46670,20-05-2025,Computer Science
Sindh Madressatul Islam University,Karachi,BS,4 Years,58750,01-12-2025,Computer Science
Uit University,Karachi,AD,2 Years,0,09-01-2026,Computer Science
University Of Karachi,Karachi,BS,4 Years,42500,28-11-2025,Computer Science
Khushal Khan Khattak University,Karak,BS,4 Years,34000,19-01-2026,Computer Science
Shah Abdul Latif University,Khair Pur,BCS,4 Years,13000,22-09-2025,Computer Science
The Benazir Butto Shaheed University Of Technology & Skill Development,Khair Pur,BS,4 Years,23250,23-06-2025,Computer Science
Balochistan University Of Engineering & Technology,Khuzdar,BS,4 Years,16000,17-10-2025,Computer Science
Kohat University Of Science & Technology,Kohat,BCS (H),4 Years,58700,15-09-2025,Computer Science
The University Of Management Sciences & Information Technology,Kotli,BS,4 Years,0,10-09-2016,Computer Science
University Of Kotli,Kotli,BS,4 Years,0,15-08-2025,Computer Science
Government College University Lahore,Lahore,BS,4 Years,116000,08-08-2025,Computer Science
Information Technology University,Lahore,BS,4 Years,206000,18-06-2025,Computer Science
Kinnaird College For Women,Lahore,BS,4 Years,126100,04-07-2025,Computer Science
Lahore College For Women University,Lahore,BCS,4 Years,54650,25-09-2025,Computer Science
University Of Education,Lahore,BS,4 Years,26920,09-01-2026,Computer Science
"University Of Engineering & Technology, Lahore",Lahore,AD,2 Years,0,22-03-2026,Computer Science
"University Of Engineering & Technology, Lahore",Lahore,B.Sc.,2 Years,62427,22-03-2026,Computer Science
University Of The Punjab,Lahore,B.Sc. [Hons],4 Years,48650,25-09-2025,Computer Science
University Of Veterinary And Animal Sciences,Lahore,BS,4 Years,45500,01-08-2025,Computer Science
Virtual University Of Pakistan,Lahore,AD,2 Years,21800,30-09-2025,Computer Science
Virtual University Of Pakistan,Lahore,BS,4 Years,21800,30-09-2025,Computer Science
The University Of Lakki Marwat,Lakki Marwat,BS,4 Years,17100,25-09-2024,Computer Science
The University Of Larkano,Larkana,BS,4 Years,0,27-08-2025,Computer Science
"Lasbela University Of Agriculture, Water And Marine Sciences, Uthal",Lasbela,BS,4 Years,16000,20-10-2025,Computer Science
University Of Layyah,Layyah,BS,4 Years,0,17-07-2023,Computer Science
University Of Loralai,Loralai,BS,4 Years,11300,18-08-2025,Computer Science
Punjab University Of Technology  [ Rasul],Mandi Baha-ud-din,BS,4 Years,0,25-09-2025,Computer Science
Hazara University,Mansehra,BCS (H),4 Years,41300,01-09-2025,Computer Science
"Abdul Wali Khan University, Mardan",Mardan,BS,4 Years,65000,18-08-2025,Computer Science
"University Of Engineering & Technology ,mardan",Mardan,BS,4 Years,51013,07-07-2025,Computer Science
Women University Mardan,Mardan,BS,4 Years,41400,10-09-2025,Computer Science
University Of Mianwali,Mianwali,BS,4 Years,0,18-08-2025,Computer Science
Mirpur University Of Science And Technology,Mir Pur (ajk),BS,4 Years,56300,15-08-2024,Computer Science
The University Of Mirpur Khas,Mir Pur Khas,BS,4 Years,0,10-10-2025,Computer Science
"Bahauddin Zakariya University, Multan",Multan,BS,4 Years,27150,18-08-2025,Computer Science
Muhammad Nawaz Sharif University Of Agriculture,Multan,BS,4 Years,35000,25-07-2025,Computer Science
Muhammad Nawaz Sharif University Of Engineering And Technology,Multan,BS,4 Years,40300,15-09-2023,Computer Science
Multan University Of Science And Technology,Multan,BS,4 Years,0,24-01-2026,Computer Science
Nfc Institute Of Engineering & Technology,Multan,BS,4 Years,54340,01-08-2025,Computer Science
The Women University,Multan,BS,4 Years,34750,23-09-2024,Computer Science
University Of Education [ Multan Campus ],Multan,BS,4 Years,26920,02-09-2025,Computer Science
Kohsar University,Murree,BS,4 Years,0,14-02-2025,Computer Science
University Of Azad Jammu & Kashmir,Muzaffarabad,BS,4 Years,0,08-08-2025,Computer Science
Baba Guru Nanak University,Nankana Sahib,BS,4 Years,30150,19-09-2025,Computer Science
"Quaid-e-awam University Of Engineering, Sciences & Technology",Nawab Shah,BS,4 Years,20000,31-05-2025,Computer Science
"Shaheed Benazir Bhutto University, Nawab Shah",Nawab Shah,BS,4 Years,18000,06-10-2025,Computer Science
"University Of Technology, Nowshera",Nowshera,BS,4 Years,30120,04-09-2025,Computer Science
University Of Okara,Okara,CERT,4 Years,48000,18-07-2025,Computer Science
Institute Of Management Sciences,Peshawar,BCS,4 Years,155700,03-08-2023,Computer Science
Islamia College University,Peshawar,BS,4 Years,62000,16-09-2025,Computer Science
Shaheed Benazir Bhutto Women University,Peshawar,BS,4 Years,29513,28-09-2025,Computer Science
The University Of Agriculture,Peshawar,BS,4 Years,42000,09-01-2026,Computer Science
"University Of Engineering & Technology, Peshawar",Peshawar,BS,4 Years,85000,04-07-2025,Computer Science
University Of Peshawar,Peshawar,BS,4 Years,73800,11-08-2025,Computer Science
Balochistan University Of It & Management Sciences,Quetta,BS,4 Years,48415,26-01-2026,Computer Science
Sardar Bahadur Khan Women University,Quetta,BS,4 Years,10740,15-09-2025,Computer Science
University Of Balochistan,Quetta,BS,4 Years,33000,11-08-2025,Computer Science
Khawaja Fareed University Of Engineering & Information Technology,Rahim Yar Khan,B.Sc.,4 Years,40250,20-06-2025,Computer Science
"Unversity Of The Poonch, Rawala Kot",Rawala Kot,BS,4 Years,44000,20-08-2025,Computer Science
Fatima Jinnah Women University,Rawalpindi,BCS,4 Years,76000,18-08-2025,Computer Science
Pir Mahar Ali Shah Arid Agriculture University,Rawalpindi,BS,4 Years,57750,08-08-2025,Computer Science
Rawalpindi Women University,Rawalpindi,BS,4 Years,33065,03-09-2025,Computer Science
University Of Sahiwal,Sahiwal,BS,4 Years,50220,31-07-2025,Computer Science
University Of Baltistan,Sakardu,BS,4 Years,36000,10-11-2017,Computer Science
University Of Sargodha,Sargodha,BS,4 Years,43000,11-07-2025,Computer Science
Government College Women University,Sialkot,BS,4 Years,25000,18-07-2024,Computer Science
University Of Sialkot,Sialkot,BS,4 Years,129360,01-11-2024,Computer Science
University Of Sialkot,Sialkot,AD,2 Years,0,01-11-2024,Computer Science
Mir Chakar Khan Rind University,Sibi,BS,4 Years,0,31-07-2025,Computer Science
Sukkur Iba University,Sukkur,BS,4 Years,120000,07-02-2026,Computer Science
The Begum Nusrat Bhutto Women University,Sukkur,BS,4 Years,43000,04-06-2025,Computer Science
University Of Swabi,Swabi,BS,4 Years,51270,16-09-2025,Computer Science
Women University Swabi,Swabi,BS,4 Years,45760,12-09-2025,Computer Science
The University Of Veterinary & Animal Sciences,Swat,BS,4 Years,18000,30-09-2025,Computer Science
University Of Engineering And Applied Sciences,Swat,BS,4 Years,0,07-07-2025,Computer Science
University Of Swat,Swat,BS,4 Years,24870,12-10-2023,Computer Science
Sindh Agriculture University,Tando Jam,BS,4 Years,25000,30-09-2025,Computer Science
"University Of Engineering &  Technology, Taxila",Taxila,BS,4 Years,102400,22-03-2026,Computer Science
University Of Turbat,Turbat,BS,4 Years,24000,21-10-2024,Computer Science
"Shaheed Benazir Bhutto University, Sheringal",Upper Dir,BS,4 Years,30010,10-10-2025,Computer Science
Al-khair University,Bhimber,BS,4 Years,0,17-02-2014,Computer Science
University Of Chakwal,Chakwal,BS,4 Years,0,11-08-2025,Computer Science
Shaheed Benazir Bhutto University [chitral],Chitral,BS,4 Years,0,10-09-2016,Computer Science
Qurtuba University Of Science & Technology [di Khan],D.i. Khan,BCS (H),4 Years,0,25-08-2025,Computer Science
The University Of Faisalabad,Faisalabad,BS,4 Years,222750,07-10-2023,Computer Science
The University Of Faisalabad,Faisalabad,AD,2 Years,247500,07-10-2023,Computer Science
Gift University,Gujranwala,B.Sc. [Hons],4 Years,217800,01-02-2026,Computer Science
Gift University,Gujranwala,AD,2 Years,217800,01-02-2026,Computer Science
The University Of Chenab,Gujrat,AD,2 Years,0,03-01-2026,Computer Science
The University Of Chenab,Gujrat,BS,4 Years,0,03-01-2026,Computer Science
Isra University/hospital,Hyderabad,BS,4 Years,150000,13-07-2024,Computer Science
Al-karam International University,Islamabad,BCS,4 Years,0,25-02-2017,Computer Science
Al-khair University [ajk],Islamabad,BS,4 Years,0,01-01-1970,Computer Science
Capital University Of Science And Technology,Islamabad,AD,2 Years,0,02-09-2025,Computer Science
Capital University Of Science And Technology,Islamabad,BS,4 Years,292500,02-09-2025,Computer Science
Ibadat International University Islamabad,Islamabad,BS,4 Years,102000,10-09-2023,Computer Science
Muslim Youth University,Islamabad,BS,4 Years,132660,29-10-2025,Computer Science
Riphah International University,Islamabad,BS,4 Years,160500,30-07-2025,Computer Science
Shifa Tameer-e-millat University,Islamabad,BS,4 Years,0,30-03-2021,Computer Science
Sir Syed Case Institute Of Technology,Islamabad,BS,4 Years,173000,13-01-2026,Computer Science
Sir Syed Case Institute Of Technology,Islamabad,AD,2 Years,0,21-08-2024,Computer Science
Baqai Medical University,Karachi,BS,4 Years,66950,18-10-2024,Computer Science
Dadabhoy Institute Of Higher Education,Karachi,BS,4 Years,118192,31-03-2021,Computer Science
Dha Suffa University(main Campus),Karachi,BS,4 Years,191800,14-06-2025,Computer Science
Habib University,Karachi,BS,4 Years,1106500,31-01-2023,Computer Science
Hamdard University,Karachi,BS,4 Years,155400,13-07-2024,Computer Science
Ilma University,Karachi,BS,4 Years,131350,10-09-2022,Computer Science
Institute Of Business Management,Karachi,BS,4 Years,155800,28-07-2022,Computer Science
Iqra University [kch],Karachi,BS,4 Years,189000,14-02-2026,Computer Science
Jinnah University For Women,Karachi,BS,4 Years,0,15-10-2025,Computer Science
Karachi Institute Of Economics & Technology,Karachi,BS,4 Years,111300,06-01-2024,Computer Science
Kasb [ Khadim Ali Shah Bukhari ]  Institute Of Technology,Karachi,BS,4 Years,0,01-10-2022,Computer Science
Metropolitan University Karachi,Karachi,BS,4 Years,0,15-02-2022,Computer Science
Muhammad Ali Jinnah University,Karachi,BS,4 Years,180500,22-07-2024,Computer Science
National University,Karachi,BS,4 Years,0,30-11--0001,Computer Science
Nazeer Hussain University,Karachi,AD,2 Years,102500,17-12-2023,Computer Science
Newports Institute Of Communications And Economics,Karachi,BS,4 Years,87000,14-09-2023,Computer Science
Preston University,Karachi,BS,4 Years,79600,19-09-2016,Computer Science
Salim Habib University,Karachi,BS,4 Years,218000,10-01-2023,Computer Science
Shaheed Benazir Bhutto City University,Karachi,BS,4 Years,315000,30-11--0001,Computer Science
Shaheed Benazir Bhutto Dewan University,Karachi,BS,4 Years,146000,15-02-2026,Computer Science
Shaheed Zulfiqar Ali Bhutto Institute Of Science & Technology,Karachi,BS,4 Years,163200,12-02-2026,Computer Science
Sindh Institute Of Management And Technology,Karachi,AD,2 Years,0,21-11-2020,Computer Science
Sindh Institute Of Management And Technology,Karachi,BS,4 Years,0,21-11-2020,Computer Science
Sir Syed University Of Engineering & Technology,Karachi,BS,4 Years,172800,19-07-2024,Computer Science
Sohail University,Karachi,AD,2 Years,0,17-10-2024,Computer Science
Zia-ud-din Medical University,Karachi,BS,4 Years,190000,26-08-2025,Computer Science
Preston University [kht],Kohat,BS,4 Years,0,30-10-2025,Computer Science
Beaconhouse National University,Lahore,BS,4 Years,169050,22-08-2025,Computer Science
Green International University,Lahore,BS,4 Years,0,02-09-2025,Computer Science
Hajvery University,Lahore,BS,4 Years,175000,26-10-2024,Computer Science
Imperial College Of Business Studies,Lahore,AD,2 Years,0,21-08-2023,Computer Science
Imperial College Of Business Studies,Lahore,BS,4 Years,176040,21-08-2023,Computer Science
Lahore Garrison University,Lahore,BS,4 Years,154135,30-11--0001,Computer Science
Lahore Leads University,Lahore,BS (HONS),4 Years,180000,04-09-2025,Computer Science
Lahore University Of Management Sciences,Lahore,B.Sc. [Hons],4 Years,811100,10-03-2026,Computer Science
Minhaj University,Lahore,BS,4 Years,150000,31-10-2025,Computer Science
Minhaj University,Lahore,AD,2 Years,120000,31-10-2025,Computer Science
"National College Of Business Administration And Economics, Lahore",Lahore,AD,2 Years,0,26-02-2023,Computer Science
"National College Of Business Administration And Economics, Lahore",Lahore,BCS,4 Years,156000,26-02-2023,Computer Science
Pimsat Institute Of Higher Education [lhr],Lahore,BCS (H),4 Years,0,30-11--0001,Computer Science
Qarshi University (lhr),Lahore,BS,4 Years,136000,12-07-2025,Computer Science
Rashid Latif Khan University,Lahore,BS,4 Years,0,25-10-2025,Computer Science
The Superior University,Lahore,B.Sc. [Hons],4 Years,230000,31-01-2026,Computer Science
The University Of Lahore ( Main Campus ),Lahore,BS,4 Years,247000,03-01-2026,Computer Science
University Of Central Punjab,Lahore,AD,2 Years,0,10-10-2024,Computer Science
University Of Central Punjab,Lahore,BS,4 Years,329125,10-10-2024,Computer Science
University Of Management And Technology,Lahore,AD,2 Years,125000,01-10-2025,Computer Science
University Of Management And Technology,Lahore,BS,4 Years,362250,01-10-2025,Computer Science
University Of South Asia,Lahore,BS,4 Years,198000,05-11-2022,Computer Science
Mohi-ud-din Islamic University,Mir Pur (ajk),BCS (H),4 Years,56000,15-02-2024,Computer Science
Institute Of Southern Punjab,Multan,BS,4 Years,101250,31-01-2025,Computer Science
Institute Of Southern Punjab,Multan,AD,2 Years,0,31-01-2025,Computer Science
Northern University,Nowshera,BS,4 Years,30250,16-02-2026,Computer Science
Abasyn University,Peshawar,BS,4 Years,102000,01-02-2026,Computer Science
Cecos University Of Information Tech. & Emerging Sciences,Peshawar,BCS (H),4 Years,140000,28-07-2025,Computer Science
City University Of Science & Information Technology,Peshawar,BCS,4 Years,160000,10-11-2025,Computer Science
Iqra National University,Peshawar,BS,4 Years,82824,30-09-2025,Computer Science
Preston University [pesh],Peshawar,BS,2 Years,80000,19-09-2016,Computer Science
Sarhad University Of Science & Information Technology,Peshawar,BS,4 Years,41500,05-12-2025,Computer Science
Al- Hamd Islamic University,Quetta,BS,4 Years,0,18-08-2024,Computer Science
University Of Rawalpindi,Rawalpindi,BS,4 Years,100000,14-09-2024,Computer Science
The Shaikh Ayaz University,Shikar Pur,BS,4 Years,48500,17-11-2024,Computer Science
Grand Asian University Sialkot,Sialkot,BS,4 Years,0,21-09-2024,Computer Science
Grand Asian University Sialkot,Sialkot,AD,2 Years,0,21-09-2024,Computer Science
Ghulam Ishaq Khan  Institute Of Engineering Sciences & Technology,Swabi,BS,4 Years,695000,30-05-2024,Computer Science
Hitec University,Taxila,BS,4 Years,162000,30-08-2025,Computer Science
University Of Wah,Wah Cantt,BS,4 Years,146000,20-09-2023,Computer Science
Comsats University Islamabad ( Abbotabad Campus ),Abbottabad,BS,4 Years,121150,29-01-2026,Computer Science
University Of Engineering & Technology ( Abbotabad Campus ),Abbottabad,BS,4 Years,85000,04-07-2025,Computer Science
"The Islamia University Of Bahawalpur, Ahmadpur East Campus",Ahmadpur East,BS,4 Years,49665,30-06-2024,Computer Science
Comsats University Islamabad ( Attock Campus ),Attock,BS,4 Years,121150,16-01-2026,Computer Science
"Pir Mehr Ali Shah Arid Agriculture University Rawalpindi, Sub Campus",Attock,BS,4 Years,0,08-08-2025,Computer Science
University Of Education ( Attock Campus ),Attock,BS,4 Years,26920,02-09-2025,Computer Science
"Sindh Univeristy ( Laar Campus, Badin )",Badin,BS,4 Years,20500,14-09-2025,Computer Science
The Islamia University Of Bahawalpur[sub Campus],Bahawal Nagar,BS,4 Years,49665,30-06-2025,Computer Science
University Of Engineering & Technology ( Bannu Campus ),Bannu,BS,4 Years,0,04-07-2025,Computer Science
Hazara University ( Batagram Campus ),Batagram,BCS,4 Years,41300,01-09-2025,Computer Science
"University Of Malakand, Women Campus, Batkhela",Batkhela,BS,4 Years,0,15-09-2025,Computer Science
"Gomal University, Desc",Bhakkar,BS,4 Years,0,26-01-2019,Computer Science
University Of Sargodha ( Bhakkar Campus ),Bhakkar,BS,4 Years,0,03-11-2021,Computer Science
"University Of Agriculture Faisalabad, Sub Campu",Burewala,BS,4 Years,83600,28-07-2025,Computer Science
"Government College University Faisalabad, Chiniot Campus",Chiniot,BS,1.5 Years,0,24-06-2025,Computer Science
University Of Agriculture Faisalabad[sub Campus],Depal Pur,BS,4 Years,0,28-07-2025,Computer Science
"Lasbela University Of Agriculture, Water And Marine Sciences ( Dera Murad Jamali Campus)",Dera Murad Jamali,BS,4 Years,0,14-10-2023,Computer Science
Comsats Institute Of Information Technology (virtual Campus),Faisalabad,BS,4 Years,0,12-09-2014,Computer Science
National University Of Modern Languages ( Faisalabad Campus ),Faisalabad,BS,4 Years,97160,09-12-2025,Computer Science
University College Of Education,Faisalabad,BCS,4 Years,0,14-07-2023,Computer Science
University Of Engineering And Technology[fiasalabad Campus],Faisalabad,BS,4 Years,62427,22-03-2026,Computer Science
University Of Sargodha ( Women Campus Faisalabad ),Faisalabad,BS,4 Years,0,14-10-2017,Computer Science
University Of Sargodha (lyallpur Campus),Faisalabad,BS,4 Years,0,30-09-2017,Computer Science
Shah Abdul Latif Bhitai University (sub Campus Ghotki),Ghotki,BS,4 Years,0,22-09-2025,Computer Science
Rachna College Of Engineering And Technology,Gujranwala,BCS,4 Years,62427,22-03-2026,Computer Science
University Of Sargodha (gujranwala Campus),Gujranwala,BS,4 Years,0,30-09-2017,Computer Science
University Of The Punjab [ Gujranwala Campus ],Gujranwala,BS,4 Years,0,05-08-2025,Computer Science
"Kohat University Of Science And Technology, (sub Campus)",Hangu,BS,4 Years,58700,15-09-2025,Computer Science
"University Of The Poonch Rawalakot, Kahuta-haveli Campus",Haveli (ajk),BS,4 Years,0,20-08-2025,Computer Science
National University Of Modern Languages ( Hyderabad Campus ),Hyderabad,BS,4 Years,104000,09-12-2025,Computer Science
Lahore College For Women University,Jhang,BS,4 Years,0,13-09-2019,Computer Science
University Of The Punjab (jhelum Campus),Jhelum,BS,4 Years,42850,25-09-2025,Computer Science
University Of Education [ Jauharabad Campus ],Joharabad,BS,4 Years,22622,02-09-2025,Computer Science
Universtiy Of Engineering And Technology (sub Campus),Kala Shah Kaku,BS,4 Years,62427,02-06-2025,Computer Science
"Sukkur Iba University, Kandhkot Campus",Kandh Kot,BS,4 Years,0,20-11-2025,Computer Science
Bahria University ( Karachi Campus ),Karachi,BCS,4 Years,122196,17-11-2025,Computer Science
"Federal Urdu University Of Arts  Science & Technology, Karachi",Karachi,BS,4 Years,49850,10-01-2025,Computer Science
National University Of Modern Languages ( Karachi Campus ),Karachi,BS,4 Years,104000,09-12-2025,Computer Science
"Lasbela University Of Agriculture, Water And Marine Sciences ( Wadh Campus )",Khuzdar,BS,4 Years,0,30-11--0001,Computer Science
Sardar Bahadur Khan Women Univrsity( Sub Campus),Khuzdar,BS,4 Years,10740,15-09-2025,Computer Science
Arid Institute Of Management Sciences,Lahore,BS,4 Years,0,29-10-2021,Computer Science
Bahria University ( Lahore Campus ),Lahore,AD,2 Years,75600,08-01-2026,Computer Science
Bahria University ( Lahore Campus ),Lahore,BS,4 Years,122196,08-01-2026,Computer Science
Comsats University Islamabad( Lahore Campus ),Lahore,BS,4 Years,121150,29-12-2025,Computer Science
National University Of Modern Languages ( Lahore  Campus ),Lahore,BS,4 Years,104000,09-12-2025,Computer Science
University Of Gujrat (lahore Campus),Lahore,BS,4 Years,0,25-08-2018,Computer Science
University Of Sargodha ( Lahore Campus ),Lahore,BS,4 Years,0,30-09-2017,Computer Science
"Quaid-e-awam University Of Engineering, Science And Technology, Larkana Campus",Larkana,BS,4 Years,0,18-07-2022,Computer Science
Government College University Faisalabad (layyah Campus),Layyah,AD,2 Years,0,04-09-2023,Computer Science
Government College University Faisalabad (layyah Campus),Layyah,BS,4 Years,0,04-09-2023,Computer Science
"The Islamia University Of Bahawalpur, Liaqatpur Campus",Liaqatpur,BS,4 Years,49665,30-06-2025,Computer Science
"University Of Gujrat, Mandi Bahauddin  Campus",Mandi Baha-ud-din,BS,4 Years,0,15-08-2025,Computer Science
University Of Sargodha ( Mandi Baha-ud-din Campus ),Mandi Baha-ud-din,BS,4 Years,0,30-09-2017,Computer Science
The University Of Agriculture Peshawar (amir Muhammad Khan Campus),Mardan,BS,4 Years,72000,25-11-2024,Computer Science
University Of Sargodha ( Mianwali Campus ),Mianwali,BS,4 Years,36840,24-09-2018,Computer Science
"National University Of Modern Languages, Azad Jammu And Kashmir Campus",Mir Pur (ajk),BS,4 Years,0,09-12-2025,Computer Science
Sukkur Iba University ( Mirpur Khas Campus),Mir Pur Khas,BS,4 Years,0,20-11-2025,Computer Science
University Of Sindh ( Mir Pur Khas Campus ),Mir Pur Khas,BCS (H),4 Years,14500,04-10-2023,Computer Science
"Air University, Multan Campus",Multan,BCS,4 Years,86100,18-08-2025,Computer Science
National University Of Computer & Emerging Sciences ( Multan Campus ),Multan,BS,4 Years,160000,04-07-2025,Computer Science
National University Of Modern Language ( Multan Campus ),Multan,BS,4 Years,0,31-01-2026,Computer Science
University College Of Education,Multan,BCS,4 Years,0,14-07-2023,Computer Science
"Balochistan University Of Information Technology, Engineering And Management Sciences, Muslim Bagh Campus",Muslim Bagh,BS,4 Years,0,20-08-2025,Computer Science
University Of Engineering & Technology (narowal Campus),Narowal,BS,4 Years,62427,22-03-2026,Computer Science
University Of Gujrat (narowal Campus,Narowal,BS,4 Years,0,17-10-2017,Computer Science
"Sardar Bahadur Khan Women University, Noshki Campus",Nushki,BS,4 Years,10740,15-09-2025,Computer Science
University Of Engineering & Technology Peshawar ( Jalozai Campus ),Pabbi,BS,4 Years,85000,04-07-2025,Computer Science
University Of Makran,Panjgur,AD,2 Years,0,25-10-2024,Computer Science
University Of Makran,Panjgur,BS,4 Years,10382,25-10-2024,Computer Science
University Of Veterinary And Animal Sciences [ Ravi Campus],Pattoki,BS,4 Years,22750,01-08-2025,Computer Science
National University Of Modern Languages ( Peshawar Campus ),Peshawar,BS,4 Years,104000,09-12-2025,Computer Science
"Sardar Bahadur Khan Women University, Noshki Campus",Pishin,BS,4 Years,20200,26-08-2024,Computer Science
Sardar Bhadur Khan Women University (sub Campus),Pishin,BS,4 Years,10740,15-09-2025,Computer Science
National University Of Modern Languages ( Quetta Campus ),Quetta,BS,4 Years,97500,13-08-2025,Computer Science
"National University Of Science And Technology, Quetta Campus",Quetta,BS,4 Years,174050,25-01-2026,Computer Science
The Islamic University Of Bahawalpur[rahimyar Khan Campus],Rahim Yar Khan,BS,4 Years,49665,30-06-2025,Computer Science
"National University Of Modern Languages, Rawalpindi Campus",Rawalpindi,BS,4 Years,104000,09-12-2025,Computer Science
University Of Gujrat (rawalpindi Campus),Rawalpindi,BS,4 Years,0,26-07-2018,Computer Science
Comsats University Islamabad ( Sahiwal Campus ),Sahiwal,BS,4 Years,121150,15-08-2025,Computer Science
"Government College University Faisalabad, Sahiwal Campus",Sahiwal,AD,2 Years,0,04-09-2023,Computer Science
"Government College University Faisalabad, Sahiwal Campus",Sahiwal,BS,4 Years,0,04-09-2023,Computer Science
"Government College University Faisalabad, Samundri Campus",Sammandri,BS,4 Years,0,24-06-2025,Computer Science
Shah Abdul Latif University (sub Campus Shahdad Kot),Shahdad Kot,BS,4 Years,0,22-09-2025,Computer Science
University Of Swat (sub Campus Shangla),Shangla,BS,4 Years,24870,12-10-2023,Computer Science
Shah Abdul Latif University (sub Campus),Shikar Pur,BCS,4 Years,0,05-12-2018,Computer Science
"Shaheed Benazir Bhutto Women University Peshawar, Sub Campus",Swabi,BS,4 Years,0,10-10-2013,Computer Science
"The University Of Agriculture, Swat",Swat,BS,4 Years,0,19-01-2026,Computer Science
"Gomal University, Tank Campus",Tank,BS,4 Years,13000,09-01-2026,Computer Science
University Of Agriculture Faisal Abad[toba Tek Singh Campus],Toba Tek Singh,BS,4 Years,83600,28-07-2025,Computer Science
"Balochistan University Of Engineering & Technology Khuzdar, Turbat Campus",Turbat,BS,4 Years,0,20-10-2023,Computer Science
"Balochitan University Of Engineering & Technology Khuzdar, Uthal Campus",Uthal,BS,4 Years,0,20-10-2023,Computer Science
Comsats University Islamabad ( Vehari Campus ),Vehari,BS,4 Years,121150,16-01-2026,Computer Science
"Lasbela University Of Agriculture, Water And Marine Sciences, Wadh Campus",Wadh,BS,4 Years,17000,15-10-2022,Computer Science
Comsats University Islamabad ( Wah Campus ),Wah,BS,4 Years,121150,12-01-2026,Computer Science
National College Of Business Administration And Economics ( Bahwal Pur Campus ),Bahawal Pur,BS,4 Years,0,19-10-2025,Computer Science
National University Of Computer And Emerging Sciences ( Faisalabad Campus ),Faisalabad,BS,4 Years,160000,04-07-2025,Computer Science
"Riphah International University, Faisalabad Campus",Faisalabad,BS,4 Years,117000,18-10-2025,Computer Science
The University Of Lahore ( Chanab Campus),Gujrat,BS,4 Years,0,13-09-2019,Computer Science
Shaheed Zulfikar Ali Bhutto Institute Of Science & Technology [hyderabad],Hyderabad,BS,4 Years,120400,30-12-2025,Computer Science
Abasyn University (sub Campus),Islamabad,BS,4 Years,0,28-12-2025,Computer Science
Alhamd Islamic University [ibd],Islamabad,BS,4 Years,0,16-08-2024,Computer Science
"Bahria University, H-11 Campus",Islamabad,AD,2 Years,122196,18-12-2025,Computer Science
"Bahria University, H-11 Campus",Islamabad,BS,4 Years,122196,24-07-2025,Computer Science
Hamdard University - Islamabad Campus,Islamabad,BS,4 Years,96900,15-07-2023,Computer Science
"Iqra University, Chak Shahzad Campus",Islamabad,BS (HONS),4 Years,155080,29-02-2024,Computer Science
"Iqra University, H-9 Campus",Islamabad,AD,2 Years,0,10-09-2025,Computer Science
"Iqra University, H-9 Campus",Islamabad,BS,4 Years,254240,10-09-2025,Computer Science
Isra University [isb]],Islamabad,BS,4 Years,0,28-09-2021,Computer Science
Preston University [isb],Islamabad,BS,4 Years,80000,30-10-2025,Computer Science
Shaheed Zulfiqar Ali Bhutto Institute Of Science And Technology,Islamabad,BS,4 Years,121200,19-12-2025,Computer Science
The University Of Lahore ( Islamabad Campus ),Islamabad,BS,4 Years,165000,11-10-2019,Computer Science
"Air University, Aerospace & Aviation Campus Kamra",Kamra,BS,4 Years,86100,15-07-2025,Computer Science
"Air University, Karachi Campus",Karachi,BS,4 Years,0,25-08-2025,Computer Science
Isra University [khi],Karachi,BS,2 Years,150000,09-11-2018,Computer Science
National University Of Computer And Emerging Sciences ( Karachi Campus ),Karachi,BS,4 Years,160000,04-07-2025,Computer Science
"Air University, Kharian Campus",Kharian,BS,4 Years,0,15-07-2025,Computer Science
National University Of Computer And Emerging Sciences ( Lahore ),Lahore,BS,4 Years,160000,04-07-2025,Computer Science
Preston University [lhr],Lahore,BS,4 Years,80000,20-06-2016,Computer Science
Riphah International University Lahore,Lahore,BS,4 Years,159800,20-09-2024,Computer Science
Szabist,Larkana,BS,4 Years,185600,26-05-2024,Computer Science
"Sarhad University Of Science And Information Technology, Mardan Campus",Mardan,BS,4 Years,0,13-12-2022,Computer Science
National College Of Business Administration And Economics ( Multan Campus ),Multan,BS,4 Years,156000,19-10-2025,Computer Science
The University Of Lahore ( Baba Fareed Campus ),Pak Pattan,BS,4 Years,0,20-02-2021,Computer Science
National University Of Computer And Emerging Sciences ( Peshawar Campus ),Peshawar,BS,4 Years,160000,04-07-2025,Computer Science
Qurtuba University Of Science & Information Technology,Peshawar,BCS,4 Years,72000,08-11-2025,Computer Science
Iqra University [qta],Quetta,BS,3 Years,0,01-01-1970,Computer Science
Iqra University [qta],Quetta,BCS,3 Years,0,01-01-1970,Computer Science
National College Of Business Administration & Economics ( Rahim Yar Khan Campus ),Rahim Yar Khan,BS,4 Years,0,03-11-2024,Computer Science
Foundation University Islamabad (sub Campus),Rawalpindi,BS,4 Years,157290,01-08-2025,Computer Science
Riphah International University ( Rawalpindi Campus ),Rawalpindi,AD,2 Years,0,10-10-2020,Computer Science
"The University Of Lahore, Sub Campus",Sargodha,BS,4 Years,0,08-02-2025,Computer Science
"Foundation University, Sialkot Campus",Sialkot,BS,4 Years,0,13-09-2019,Computer Science
"University Of Management And Technology, Sialkot Campus",Sialkot,BS,4 Years,0,30-10-2021,Computer Science
"Iqra National Univesity, Swat Campus",Swat,BS,4 Years,71730,30-09-2025,Computer Science
"Shaheed Zulfiqar Ali Bhutto Institute Of Science And Technology, Gharo Campus",Thatta,BS,4 Years,0,30-09-2024,Computer Science
Government Postgraduate College ( Mandian),Abbottabad,BS,4 Years,0,30-11--0001,Computer Science
Government Degree College For Women,Ali Pur,BS,4 Years,3500,18-10-2025,Computer Science
Government Degree College For Women[khairpur Tamewali],Bahawal Pur,BCS,2 Years,0,30-11--0001,Computer Science
Government S E College,Bahawal Pur,BS,4 Years,0,26-09-2014,Computer Science
University College Of Education,Bahawal Pur,BCS,4 Years,0,01-01-1970,Computer Science
Government Postgraduate College,Bannu,BS,4 Years,0,31-08-2013,Computer Science
Government Postgraduate College,Charsadda,BS,4 Years,0,27-08-2018,Computer Science
Government Boys College,Dadu,BS,4 Years,0,30-01-2026,Computer Science
Government Post Graduate College Of Science,Faisalabad,BS,4 Years,0,29-10-2022,Computer Science
Government Post Graduate College [samanabad],Faisalabad,BS,4 Years,0,23-09-2023,Computer Science
"Uaf Community Collge, Jhang Road",Faisalabad,BS,4 Years,0,28-07-2025,Computer Science
Government Science Degree College,Gambat,BS,4 Years,0,01-01-1970,Computer Science
Government Post Graduate College For Women [satellite Town],Gujranwala,BS,4 Years,0,10-09-2024,Computer Science
"Pak- Austria Fachhuochschule, Institute Of Applied Sciences And Technology",Haripur,BS,4 Years,0,03-01-2025,Computer Science
"Government Boys College, Phuleli",Hyderabad,BCS,3 Years,0,13-07-2013,Computer Science
Government Girls College [jail Road],Hyderabad,BCS,3 Years,0,01-01-1970,Computer Science
Government Girls College [qasimabad],Hyderabad,BCS,3 Years,0,01-01-1970,Computer Science
Government Nazareth Girls College,Hyderabad,BCS,3 Years,0,01-01-1970,Computer Science
Government Shah Latif Girls College,Hyderabad,BCS,3 Years,0,01-01-1970,Computer Science
"Islamabad Model College For Boys, H-9",Islamabad,BS,4 Years,0,07-09-2025,Computer Science
Islamabad Model College For Girls Shalimar F-6/2,Islamabad,BS,4 Years,0,07-09-2025,Computer Science
"Islamabad Model College For Girls,g-10/4 ( Postgraduate)",Islamabad,BS,4 Years,0,07-09-2025,Computer Science
Government Post Graduate College,Jhang,BS (HONS),4 Years,0,30-09-2025,Computer Science
University College Of Education For Women,Joharabad,BCS,4 Years,0,01-01-1970,Computer Science
Dj Sindh Government Science College,Karachi,BS,4 Years,0,31-12-2025,Computer Science
Government College For Boys And Girls[stadium Road],Karachi,BCS,3 Years,0,30-12-2017,Computer Science
Government Degree Boys And Girls College,Karachi,BCS,3 Years,0,30-12-2013,Computer Science
Government National College,Karachi,BCS,3 Years,0,07-02-2022,Computer Science
Khursheed Government Girls Degree College,Karachi,BCS,3 Years,0,31-12-2025,Computer Science
Sir Syed Government Girls College,Karachi,BCS,3 Years,0,31-12-2025,Computer Science
Apwa Degree College For Women[jail Road],Lahore,AD,2 Years,0,02-10-2024,Computer Science
Fazaia College Of Edcation For Women,Lahore,BS,4 Years,0,01-06-2022,Computer Science
Garrison Science Degree College For Boys,Lahore,B.Sc. [Hons],4 Years,0,01-01-1970,Computer Science
Garrison Science Degree College For Women,Lahore,B.Sc. [Hons],4 Years,0,26-09-2018,Computer Science
Government College For Boys[gulberg],Lahore,BS,4 Years,0,05-11-2022,Computer Science
Government College For Women [gulberg],Lahore,BS,4 Years,0,15-05-2024,Computer Science
Government College For Women[gulberg],Lahore,BS,4 Years,0,28-10-2022,Computer Science
Government College Of Science[wahdat Road],Lahore,BS,4 Years,0,14-09-2024,Computer Science
Government College [township],Lahore,BS,4 Years,0,07-09-2024,Computer Science
Government Dyal Singh College[laxmi Chowk],Lahore,BS,4 Years,0,31-10-2022,Computer Science
"Government Graduate College, Hunza Block, Allama Iqbal Town",Lahore,BS,4 Years,0,30-11-2022,Computer Science
Government Islamia College [civil Lines],Lahore,BS,4 Years,0,25-08-2025,Computer Science
Government Islamia Post Graduate College For Women,Lahore,BS,4 Years,0,17-09-2019,Computer Science
Government Islamia Post Graduate College For Women [cooper Road],Lahore,BS,4 Years,0,21-09-2023,Computer Science
Government Post Graduate College For Women [ Samanabad ],Lahore,BS,4 Years,0,15-10-2019,Computer Science
Government Post Graduate College For Women [samanabad],Lahore,BS (HONS),4 Years,0,28-10-2021,Computer Science
Government Postgraduate College For Women [wahdat Conlony],Lahore,BS,4 Years,0,06-11-2021,Computer Science
Government Queen Marry College,Lahore,BS,2 Years,0,15-07-2024,Computer Science
Queen Marry College,Lahore,BS (HONS),4 Years,0,03-10-2020,Computer Science
Sir Syed College Of Computer Science,Lahore,B.Sc. [Hons],4 Years,0,04-09-2023,Computer Science
University College Of Education For Science,Lahore,BCS,3 Years,0,01-01-1970,Computer Science
University Of Home Economics,Lahore,BS,4 Years,0,25-07-2025,Computer Science
Government Degree College,Larkana,BS,4 Years,0,18-10-2012,Computer Science
"National College Of Business Administration & Economics, Layyah Capmus",Layyah,BS,4 Years,0,20-12-2014,Computer Science
Government College For Women,Liaqatpur,BCS,2 Years,0,30-11--0001,Computer Science
Government Post Graduate College,Mandi Baha-ud-din,BS,4 Years,0,26-10-2020,Computer Science
Government Ibne Rushd Girls College,Mir Pur Khas,BCS,3 Years,0,01-01-1970,Computer Science
"Thar Institute Of Engineering, Science & Technology",Mithi,BS,4 Years,0,20-05-2025,Computer Science
"Government College Of Management Sciences, Ghalanai",Mohmand Agency,BS,4 Years,0,02-08-2025,Computer Science
Emerson University Multan,Multan,BS,4 Years,0,15-08-2025,Computer Science
F.g Degree College For Women,Multan,BS,4 Years,0,22-09-2025,Computer Science
Government College Of Science,Multan,B.Sc.,2 Years,0,14-10-2015,Computer Science
Government Post Graduate College,Nowshera,BS,4 Years,0,08-09-2014,Computer Science
Government College For Boys,Peshawar,BS,4 Years,0,30-08-2017,Computer Science
Government College Peshawar,Peshawar,BS,4 Years,0,31-08-2019,Computer Science
Government Superior Science College,Peshawar,BS,4 Years,0,20-08-2016,Computer Science
Islamia Girls College,Peshawar,B.Sc.,2 Years,0,15-09-2017,Computer Science
Government Post Graduate College For Women,Rahim Yar Khan,AD,2 Years,0,12-10-2022,Computer Science
Khawaj Farid Government Post Graduate College,Rahim Yar Khan,BS,4 Years,0,10-10-2020,Computer Science
Government Degree College For Women [peshawar Road],Rawalpindi,BCS,4 Years,0,03-10-2020,Computer Science
Government Postgraduate College For Women[satellite Town],Rawalpindi,B.Sc. [Hons],4 Years,0,01-01-1970,Computer Science
"Government Postgraduate College, Boys [satellite Town]",Rawalpindi,BS,4 Years,0,22-08-2023,Computer Science
Nisar Shaheed College,Risalpur,BS,4 Years,0,08-09-2019,Computer Science
Government Post Graduate College,Sammandri,BS,4 Years,0,09-10-2018,Computer Science
Government Post Graduate College For Women [chandni Chowk],Sargodha,BS,4 Years,0,30-11--0001,Computer Science
Government Girls Degree College,Sukkur,BS,4 Years,0,01-01-1970,Computer Science
Government Islamia Science Degree College,Sukkur,BS,4 Years,0,01-01-1970,Computer Science
Government Post Graduate College,Swabi,BS,4 Years,0,05-09-2015,Computer Science
Government Degree College,Timergara,BS,4 Years,0,08-10-2021,Computer Science
Government Degree College,Umerkot,BS,4,0,15-01-2026,Computer Science
University College Of Zhob,Zhob,BS,4 Years,0,16-08-2024,Computer Science
Army Burn Hall College For Girls,Abbottabad,BS,4 Years,0,10-08-2025,Computer Science
"Riphah Community College, Abbotabad Campus",Abbottabad,AD,2 Years,0,31-08-2023,Computer Science
Heritage College,Arif Wala,BS,4 Years,0,21-10-2017,Computer Science
Leads Group Of Colleges,Bahawal Nagar,BS,4 Years,0,31-10-2015,Computer Science
"Riphah International College, Bahawlpur",Bahawal Pur,AD,2 Years,0,31-10-2022,Computer Science
Iba Community College,Dadu,BS,4 Years,0,20-11-2025,Computer Science
"Riphah Community College, Dargai Campus",Dargai,AD,2 Years,0,07-11-2018,Computer Science
Abdul Salam College,Faisalabad,BS,4 Years,0,25-11-2017,Computer Science
Ali Fatimah College Of Science & Management,Faisalabad,BS,4 Years,0,20-10-2020,Computer Science
Ali Fatimah College Of Science & Management,Faisalabad,AD,2 Years,0,21-10-2018,Computer Science
Chenab College Of Advance Studies,Faisalabad,AD,2 Years,0,20-10-2020,Computer Science
Chenab College Of Advance Studies,Faisalabad,BS,4 Years,0,20-10-2020,Computer Science
Edison College,Faisalabad,BS,4 Years,0,07-08-2017,Computer Science
Faisalabad College For Women[main Samanabad Road],Faisalabad,BS,4 Years,0,04-08-2017,Computer Science
Faisalabad College Of Arts And Sciences,Faisalabad,BS,4 Years,0,20-10-2018,Computer Science
Faisalabad College Of Science,Faisalabad,BS,4 Years,0,21-10-2017,Computer Science
Fortune Institute Of Advance Studies,Faisalabad,BS,4 Years,0,30-11-2021,Computer Science
Ilm College,Faisalabad,BS,4 Years,0,20-12-2019,Computer Science
Informatics Group Of Colleges,Faisalabad,AD,2 Years,36000,07-01-2023,Computer Science
"Jinnah College Of Science, Commerce & Technology",Faisalabad,BS,4 Years,0,25-12-2021,Computer Science
Kingston College Of Science And Commerce,Faisalabad,BS,4 Years,0,30-11-2017,Computer Science
"Kips College, Boys, Jail Road",Faisalabad,BS,4 Years,0,15-10-2019,Computer Science
"Kips College, Girls, Jail Road",Faisalabad,BS,4 Years,0,15-10-2019,Computer Science
Lyallpur Institute Of Advance Studies,Faisalabad,BS,4 Years,0,01-10-2024,Computer Science
"Riphah Community College, Faisalabad Campus",Faisalabad,AD,2 Years,0,07-11-2020,Computer Science
Shiblee College Of Commerce & Science,Faisalabad,BS,4 Years,0,24-10-2020,Computer Science
Shiblee College Of Commerce For Women[gulberg Campus],Faisalabad,BS,4 Years,0,24-10-2020,Computer Science
Shifa College For Women,Faisalabad,BS,4 Years,0,16-11-2019,Computer Science
"Superior College , Girls",Faisalabad,AD,2 Years,0,27-12-2021,Computer Science
"Superior College , Girls",Faisalabad,BS,4 Years,0,27-12-2021,Computer Science
"Superior College, Boys",Faisalabad,BS,4 Years,0,02-12-2022,Computer Science
"Superior College, Boys",Faisalabad,AD,2 Years,0,02-12-2022,Computer Science
"Superior College, City Campus, Kotwali Road",Faisalabad,BS,4 Years,0,06-11-2021,Computer Science
The City College Of Commerce,Faisalabad,BS,4 Years,0,30-11-2018,Computer Science
Tips College Of Commerce And Business Administration,Faisalabad,BS (HONS),4 Years,0,27-10-2018,Computer Science
Nisa Girls College,Gujar Khan,BS,4 Years,0,08-01-2022,Computer Science
Chenab College Of Engineering & Technology,Gujranwala,B.Sc.,4 Years,0,31-10-2019,Computer Science
"Christian College Of Business, Art & Technology",Gujranwala,BS,4 Years,0,29-10-2020,Computer Science
"Christian College Of Business, Art & Technology",Gujranwala,AD,2 Years,0,29-10-2020,Computer Science
"Concorida Colleges, Gujranwala",Gujranwala,BS (HONS),4 Years,0,30-09-2019,Computer Science
Royal Gorup Of Colleges,Gujranwala,BS,4 Years,0,31-10-2020,Computer Science
Saeed Islamic College,Gujranwala,BS,4 Years,0,13-11-2019,Computer Science
Mukabbir Colelge,Gujrat,BS,4 Years,0,22-12-2022,Computer Science
"Riphah Community College, Gujrat Campus",Gujrat,AD,2 Years,0,06-11-2018,Computer Science
"Iqra Degree College, Havelian",Havelian,AD,2 Years,0,04-12-2021,Computer Science
College Of Modern Sciences,Hyderabad,BCS,4 Years,0,01-01-1970,Computer Science
Hyderabad College Of Science And Technology,Hyderabad,BS,4 Years,0,20-11-2024,Computer Science
Al-khair University College Of Computer Sciences.,Islamabad,B.Sc.,3 Years,0,01-01-1970,Computer Science
Jinnah Muslim College Of Commerce,Islamabad,BS,4 Years,0,03-11-2019,Computer Science
Newport College Islamabad,Islamabad,BCS,4 Years,0,01-01-1970,Computer Science
Nishat Degree College[khanna Pul],Islamabad,B.Sc.,4 Years,0,07-11-2020,Computer Science
Republic University College,Islamabad,BS,4 Years,0,14-09-2018,Computer Science
Sciential University College,Islamabad,BS,4 Years,0,07-10-2017,Computer Science
Uswa College[sihala],Islamabad,BS,4 Years,0,03-10-2020,Computer Science
Icon College,Jaranwala,BS,4 Years,0,24-10-2020,Computer Science
"Riphah Community College, Jhelum Campus",Jhelum,AD,2 Years,0,05-11-2018,Computer Science
Baqai Institute Of Information Technology,Karachi,BS,4 Years,66950,14-02-2020,Computer Science
Cams College Of Business & Information Technology,Karachi,BCS,4 Years,0,01-01-1970,Computer Science
Canadian College Of Science & Technology,Karachi,BS,4 Years,0,11-11-2023,Computer Science
Indus Public College,Karachi,BS,4 Years,0,30-04-2016,Computer Science
Liaquat College Of Management & Sciences (gulshan-e-iqbal Campus),Karachi,CERT,4 Years,0,19-08-2019,Computer Science
Millennium Institute Of Technology And Entrepreneurship,Karachi,BS,4 Years,0,21-09-2024,Computer Science
Pimsat - Institute Of Higher Education,Karachi,BS (HONS),4 Years,0,18-02-2017,Computer Science
The Millennium University College,Karachi,B.Sc. [Hons],4 Years,0,21-08-2021,Computer Science
"Concordia Colleges, Kasur",Kasur,BS (HONS),4 Years,0,30-09-2019,Computer Science
"Concorida Colleges, Boys,  Khudian Khas",Kasur,BS (HONS),4 Years,0,27-10-2018,Computer Science
"Concorida Colleges, Girls, Khudian Khas",Kasur,BS (HONS),4 Years,0,27-10-2018,Computer Science
Nisa Girls College [kharian],Kharian,BCS,4 Years,0,08-01-2022,Computer Science
A C E Institute Of Medical And Emerging Sciences,Lahore,BS,4 Years,0,09-12-2023,Computer Science
Advance Life College Of Medical Sciences,Lahore,BS,4 Years,0,11-06-2016,Computer Science
Al- Bahria Institute,Lahore,BS,4 Years,39600,10-10-2024,Computer Science
Aspire College,Lahore,BS,4 Years,0,24-10-2020,Computer Science
Central Park College Of Allied Health Sciences,Lahore,BS,4 Years,0,30-09-2019,Computer Science
Cims Group Of Colleges,Lahore,BS,4 Years,0,22-10-2016,Computer Science
City Institute Of Management & Emerging Sciences,Lahore,BS (HONS),4 Years,0,26-10-2019,Computer Science
Concordia Colleges,Lahore,BS,4 Years,0,28-10-2020,Computer Science
Defence Degree College For Women,Lahore,BS,4 Years,0,09-08-2025,Computer Science
"Garrison Degree College,lahore Cantt",Lahore,BCS (H),4 Years,0,30-11--0001,Computer Science
Graduate School Of Management & Computer Sciences,Lahore,BCS,3 Years,0,01-01-1970,Computer Science
Grand Charter College,Lahore,BS,4 Years,30000,02-08-2018,Computer Science
Himayat-e- Islam Khwateen College,Lahore,BS,2 Years,0,13-11-2022,Computer Science
Imperial College Of Engineering,Lahore,BS,4 Years,0,13-11-2016,Computer Science
Informatics Group Of Colleges,Lahore,BS,4 Years,0,31-07-2024,Computer Science
International School Of Law And Business,Lahore,B.Sc. [Hons],4 Years,0,07-10-2022,Computer Science
Ivy College Of Management Sciences,Lahore,BS,4 Years,0,30-09-2021,Computer Science
Jinnah Memorial College Of Information Technology,Lahore,BS,4 Years,0,15-10-2020,Computer Science
Khaldunia Institute Of Technology And Applied Sciences College,Lahore,BS,4 Years,0,09-02-2022,Computer Science
Lahore College Of Pharmaceutical Sciences,Lahore,BS,4 Years,0,02-02-2025,Computer Science
Lissba College Of Computer Science,Lahore,BCS,3 Years,0,01-01-1970,Computer Science
Luminous College,Lahore,BS,4 Years,0,31-12-2017,Computer Science
Minhaj College Of Commerce,Lahore,B.Sc. [Hons],4 Years,0,01-01-1970,Computer Science
National College Of Business Administration & Economics (east Canal Campus),Lahore,BS (HONS),4 Years,0,17-09-2018,Computer Science
National College Of Business Administration & Economics (west Canal Campus),Lahore,AD,2 Years,0,04-10-2024,Computer Science
National College Of Business Administration And Economics (dha Campus),Lahore,BS,4 Years,0,31-10-2017,Computer Science
National College Of Business Administration And Economics (lcu Campus),Lahore,BS,4 Years,0,17-09-2018,Computer Science
Nisa Girls College [lhr],Lahore,BCS,4 Years,0,08-01-2022,Computer Science
Noble College Of Science,Lahore,BS,4 Years,0,30-10-2017,Computer Science
Opstec College Of Computer Science,Lahore,BCS,3 Years,0,01-01-1970,Computer Science
P S E College,Lahore,BS,4 Years,0,29-10-2017,Computer Science
Punjab Group Of Colleges,Lahore,BS,4 Years,0,13-12-2022,Computer Science
Punjab Group Of Colleges,Lahore,AD,2 Years,0,13-10-2018,Computer Science
Quaid-e-azam College Of Accountancy,Lahore,BS,4 Years,0,31-10-2020,Computer Science
Red Crescent Scholars College,Lahore,BCS,4 Years,0,27-10-2016,Computer Science
Riphah Community College,Lahore,AD,2 Years,0,13-10-2018,Computer Science
"Riphah International College, Lahore",Lahore,AD,2 Years,0,01-11-2024,Computer Science
Rise Group Of Colleges,Lahore,BS,4 Years,0,15-10-2015,Computer Science
Scholar's College,Lahore,BS (HONS),4 Years,0,12-09-2015,Computer Science
Scholars College Of Computer Science,Lahore,BCS,3 Years,0,01-01-1970,Computer Science
Scholors College For Women,Lahore,B.Sc.,4 Years,0,12-09-2015,Computer Science
Sharif College Of Engineering & Technology,Lahore,BS,4 Years,84000,05-12-2022,Computer Science
"Superior College Of Commerce[tipu Block,new Garden Town]",Lahore,AD,2 Years,0,12-10-2018,Computer Science
"Superior Group Of Colleges, Ravi Campus Shahdara",Lahore,BS,4 Years,0,15-10-2016,Computer Science
Talon Institute Of Higher Studies,Lahore,BS,4 Years,0,15-02-2022,Computer Science
The Lahore Institute Of Management & Information Technology,Lahore,BCS,2 Years,0,30-11--0001,Computer Science
The Laureate Business School,Lahore,BCS (H),3 u,0,30-11--0001,Computer Science
The Limit Group Of Colleges,Lahore,BS,4 Years,0,05-09-2014,Computer Science
The Millennium University College,Lahore,BS,3 Years,0,07-09-2025,Computer Science
The National College,Lahore,BCS,3 Years,0,01-01-1970,Computer Science
The Royal College,Lahore,BS (HONS),4 Years,0,27-09-2017,Computer Science
Unique Group Of Institutes,Lahore,BCS,3 Years,0,01-01-1970,Computer Science
Fgk College,Layyah,BS,4 Years,0,27-10-2018,Computer Science
Gabriel College,Mandi Baha-ud-din,BS,4 Years,0,31-10-2015,Computer Science
"Riphah Community College, Mansehra Campus",Mansehra,AD,2 Years,0,07-11-2018,Computer Science
Ansi Degree College,Mardan,BS,4 Years,0,18-09-2023,Computer Science
"Riphah Community College, Mardan Campus",Mardan,AD,2 Years,0,04-11-2018,Computer Science
Namal College,Mianwali,B.Sc.,4 Years,0,30-06-2019,Computer Science
"Riphah Community College, Swat Campus",Mingora,AD,2 Years,0,05-11-2018,Computer Science
Swat College Of Information Technology And Computer Sciences,Mingora,B.Sc.,2 Years,0,01-01-1970,Computer Science
British University College,Multan,BS,4 Years,0,31-10-2015,Computer Science
Jinnah Informetics College,Multan,BS,4 Years,0,29-09-2016,Computer Science
Legend College,Multan,BS,4 Years,0,03-12-2022,Computer Science
Multan College Of Social Sciences,Multan,BS,4 Years,0,15-09-2018,Computer Science
Multan Postgraduate College,Multan,BS,4 Years,0,30-09-2025,Computer Science
"Rise Group Of Colleges, Boys",Multan,BS,4 Years,0,30-09-2015,Computer Science
"Rise Group Of Colleges, Girls",Multan,BS,4 Years,0,27-09-2014,Computer Science
Scholars College,Multan,B.Sc. [Hons],4 Years,0,30-09-2014,Computer Science
The Lahore Institute Of Management & Information Technology [multan],Multan,BCS,2 Years,0,30-11--0001,Computer Science
The National College,Multan,BS,4 Years,0,09-05-2015,Computer Science
The Next College,Multan,BS,4 Years,0,30-10-2020,Computer Science
"Misali Zakriya Graduate College, Dinpur",Muzafargarh,BS,4 Years,0,04-12-2021,Computer Science
Raees-ul-ahrar College,Muzaffarabad,B.Sc.,3 Years,0,01-01-1970,Computer Science
Al-shifa Institute Of Health Sciences,Narowal,BS,4 Years,0,20-12-2025,Computer Science
I B A Community College,Naushero Feroze,AD,2 Years,0,12-07-2022,Computer Science
Appostle Institute Of Computer Science,Nowshera,B.Sc.,2 Years,0,01-01-1970,Computer Science
Concordia College,Okara,BS (HONS),4 Years,0,27-10-2018,Computer Science
The Lahore Institute Of Management & Information Technology [okara],Okara,BCS,2 Years,0,30-11--0001,Computer Science
Edwardes College,Peshawar,BS,4 Years,0,24-09-2025,Computer Science
Farabi College [tehkal Payan],Peshawar,BS,4 Years,35000,29-11-2025,Computer Science
Farabi Girls College,Peshawar,BS,4 Years,0,07-09-2025,Computer Science
Fazaia College Of Education For Women,Peshawar,BS,4 Years,0,31-07-2025,Computer Science
Fazaia Degree College,Peshawar,BS,4 Month,0,30-11-2023,Computer Science
"Hadaf Group Of Colleges, Boys",Peshawar,BS,4 Years,0,05-11-2022,Computer Science
Hayatabad Science College,Peshawar,BCS,3 Years,0,01-01-1970,Computer Science
Leeds College,Peshawar,BS,4 Years,0,30-11-2024,Computer Science
Muslim College Of Computer Sciences,Peshawar,BCS,3 Years,0,01-01-1970,Computer Science
Oriental Degree College,Peshawar,BCS,2 Years,0,21-09-2024,Computer Science
"Riphah Community College, Peshawar Campus",Peshawar,AD,2 Years,0,05-11-2018,Computer Science
"Riphah International College, Peshawar",Peshawar,AD,2 Years,0,30-10-2023,Computer Science
Vertex College Of Science And Technology,Peshawar,AD,2 Years,0,27-09-2018,Computer Science
Islamia College,Pir Mehal,BS,4 Years,0,02-01-2019,Computer Science
Nisa Institute Of Science & Arts,Quetta,BS,4 Years,0,19-09-2024,Computer Science
Nisa Institute Of Science & Arts,Quetta,AD,2 Years,0,19-09-2024,Computer Science
Brookfield College,Rahim Yar Khan,BS,4 Years,0,31-10-2018,Computer Science
N I C C A S Postgraduate College,Rahim Yar Khan,BS,4 Years,0,27-09-2019,Computer Science
Nice Degree College,Rahim Yar Khan,AD,2 Years,0,30-09-2019,Computer Science
Army Public College Of Management & Sciences,Rawalpindi,BS,4 Years,0,06-08-2020,Computer Science
Bilquis College Of Eduacton For Women [chaklala],Rawalpindi,B.Sc. [Hons],4 Years,0,05-01-2026,Computer Science
Center Of Advanced Studies In Health & Technology,Rawalpindi,BS,4 Years,0,05-10-2023,Computer Science
"Centre For Emerging Sciences, Engineering & Technology",Rawalpindi,BS,4 Years,0,30-11--0001,Computer Science
Citi College,Rawalpindi,BS,4 Years,0,31-12-2015,Computer Science
College Of Global Technologies,Rawalpindi,BCS,2 Years,0,28-02-2013,Computer Science
Fatima Jinnah College Of Education,Rawalpindi,BS,4 Years,0,30-09-2014,Computer Science
Garrison Degree College,Rawalpindi,BS,4 Years,0,13-08-2018,Computer Science
Infonexus  College,Rawalpindi,BS,4 Years,0,01-01-1970,Computer Science
Iuse School Of Engineering And Management Sciences,Rawalpindi,BS,4 Years,0,21-10-2013,Computer Science
Modern College Of Computer Studies,Rawalpindi,BCS,4 Years,0,01-01-1970,Computer Science
Raees-ul-ahrar College Of Commerce,Rawalpindi,BS,4 Years,0,30-08-2018,Computer Science
Scholars College,Rawalpindi,B.Sc. [Hons],4 Years,0,30-09-2014,Computer Science
Sir Syed Science College For Boys,Rawalpindi,BS,4 Years,0,05-08-2017,Computer Science
Sir Syed Science College For Girls,Rawalpindi,BS,4 Years,0,05-08-2017,Computer Science
"The Millennium University College, Rawlpindi",Rawalpindi,B.Sc. [Hons],4 Years,0,21-08-2021,Computer Science
The Scholar College Cantt,Rawalpindi,BS,4 Years,0,01-01-1970,Computer Science
University College Of Advanced Technologies,Rawalpindi,BCS,3 Years,0,01-01-1970,Computer Science
Paf Degree College,Risalpur,BCS,3 Years,0,01-01-1970,Computer Science
Madrasat-ul-banat College,Sadiqabad,BS,4 Years,0,31-10-2015,Computer Science
Comand College,Sahiwal,BS,4 Years,0,03-10-2019,Computer Science
The Lahore Institute Of Management & Information Technology [sahiwal],Sahiwal,BCS,2 Years,0,30-11--0001,Computer Science
Greenfeild College,Sargodha,BS,4 Years,0,31-10-2015,Computer Science
Iqra Girls College,Sargodha,BS,4 Years,0,02-01-2023,Computer Science
Misali Ravian College,Sargodha,AD,2 Years,0,31-10-2018,Computer Science
"Riphah Community College, Sargodha Campus",Sargodha,AD,2 Years,0,16-10-2020,Computer Science
"The Readers Group Of Colleges, Boys",Sargodha,BS,4 Years,0,16-10-2020,Computer Science
Nisa Girls College,Sialkot,BS,4 Years,0,08-01-2022,Computer Science
Comsit Training Institute,Sukkur,BS,4 Years,0,01-01-1970,Computer Science
Islamia College,Toba Tek Singh,BS,4 Years,0,02-01-2019,Computer Science
Islamia College Of Commerce,Toba Tek Singh,BS,4 Years,0,29-10-2017,Computer Science
Swedish College  Of Engineering And Technology[wah  Cantt Campus],Wah Cantt,BS,4 Years,0,02-10-2022,Computer Science
Pine Hills Institute Of Business And Informaiton Technology,Abbottabad,BS,4 Years,0,01-01-1970,Computer Science
Barani Institute Of Sciences,Burewala,BS,4 Years,0,26-09-2014,Computer Science
South Punjab Institute Of Science & Technology,D.g.khan,BS,4 Years,0,30-10-2017,Computer Science
Nfc Institute Of Engineering & Fertilizer Research,Faisalabad,B.Sc. [Hons],4 Years,45000,22-07-2025,Computer Science
Comsats Institute Of Information Technology (virtual Campus),Islamabad,BS,4 Years,34300,01-01-2016,Computer Science
Petroman (institute Of Computer And Management Scinces),Karachi,BS,4 Years,0,01-01-1970,Computer Science
Petroman (institute Of Computer And Management Scinces),Karachi,BCS,3 Years,0,01-01-1970,Computer Science
Information And Technology Institute,Lahore,BCS,3 Years,0,01-01-1970,Computer Science
Sheikh Zayed Islamic Centre,Peshawar,BS,4 Years,0,19-09-2025,Computer Science
"Barani Institute Of Knowledge, Administration & Technology",Rawalpindi,BS,4 Years,0,22-02-2020,Computer Science
Barani Institute Of Management Sciences,Rawalpindi,BS,4 Years,0,31-01-2026,Computer Science
Barani Institute Of Management Sciences,Rawalpindi,AD,2 Years,0,31-01-2026,Computer Science
Comwave Institute Of Information Technology [abt],Abbottabad,BS,4 Years,0,03-09-2018,Computer Science
Best Institute,Bannu,BS,4 Years,0,30-11--0001,Computer Science
Indus International Institute,D.g.khan,BS,4 Years,0,20-10-2016,Computer Science
Nfc Institute Of Engineering & Fertilizer Research,Faisalabad,B.Sc. [Hons],4 Years,0,02-07-2019,Computer Science
"International Institute Of Science, Arts And Technology",Gujranwala,BS,4 Years,0,05-10-2025,Computer Science
Comwave Institute Of Information Technology [haripur],Haripur,BS,4 Years,0,22-09-2018,Computer Science
Hyderabad Institute For Technology Management Sciences,Hyderabad,BS,4 Years,0,25-07-2025,Computer Science
Almanara Institute Of Management And Sciences,Islamabad,BCS,4 Years,0,08-02-2014,Computer Science
Bahria Institute Of Management & Computer Science,Islamabad,BCS,3 Years,0,09-05-2011,Computer Science
"Centre For Emerging Sciences, Engineering And Technology",Islamabad,BS,4 Years,0,23-09-2016,Computer Science
Comwave Institute Of Information Technology,Islamabad,BS,4 Years,0,18-11-2023,Computer Science
Froebels Institute Of Information Technology And Management Sciences,Islamabad,BS,4 Years,0,01-01-1970,Computer Science
Imperial Institute,Islamabad,BCS,4 Years,0,01-09-2014,Computer Science
Imperial Institute Of Information Technology,Islamabad,BCS (H),4 Years,0,30-09-2013,Computer Science
Institute Of Advance Technology,Islamabad,BS,4 Years,0,01-01-1970,Computer Science
Islamabad Institute Of Arts And Applied Sciences,Islamabad,B.Sc.,4 Years,0,03-09-2016,Computer Science
National Institute Of Information Technology,Islamabad,BS,4 Years,0,01-01-1970,Computer Science
National Textile Institute,Islamabad,BS,4 Years,40000,09-10-2018,Computer Science
Prime Institute Of Health Sciences,Islamabad,BS,4 Years,0,29-12-2020,Computer Science
Sir Syed Institute Of Technology,Islamabad,BS,4 Years,0,01-01-1970,Computer Science
Super Technology Institute Of Computer Sciences,Islamabad,BCS,2 Years,0,01-01-1970,Computer Science
Dr. A.q. Khan Institute Of Computer Sciences & Information Technology,Kahuta,BCS,4 Years,110500,30-06-2025,Computer Science
Aawaz Institute Of Media And Management Sciences,Karachi,BS,4 Years,0,25-01-2022,Computer Science
Abacus Institute Of Mangement & Computer Science,Karachi,BS,4 Years,0,01-01-1970,Computer Science
Biztek Institute Of Business & Technology,Karachi,BCS,3 Years,0,23-02-2012,Computer Science
Emaan Institute Of Management & Sciences,Karachi,BS,4 Years,96000,20-07-2024,Computer Science
Emaan Institute Of Management & Sciences,Karachi,AD,2 Years,96000,20-07-2024,Computer Science
Fast Institute Of Computer Science,Karachi,BCS,4 Years,0,01-01-1970,Computer Science
Institute Of Management And Bahria College Computer Science,Karachi,B.Sc.,3 Years,0,01-01-1970,Computer Science
Karachi Institute Of Technology & Enterpreneurship,Karachi,BCS,4 Years,198000,30-11--0001,Computer Science
Mentor Institute,Karachi,BS,4 Years,0,15-12-2014,Computer Science
Nazar Ali Kalani Institute Of Science And Technology ( Nakist ),Karachi,BS,4 Years,0,25-09-2018,Computer Science
Orasoft Training Institute,Karachi,BS,4 Years,0,10-12-2019,Computer Science
Usman Institute Of Technology,Karachi,BS,4 Years,226400,22-09-2021,Computer Science
Iba-institute Of Emerging Technologies,Khair Pur,BS,4 Years,0,20-11-2025,Computer Science
Afro-asian Institute,Lahore,BS,4 Years,0,10-08-2023,Computer Science
Afro-asian Institute,Lahore,AD,2 Years,0,10-08-2023,Computer Science
Aims Institute Of Management Sciences,Lahore,BS,4 Years,0,30-11-2017,Computer Science
Beaconhouse Informatics,Lahore,BCS,4 Years,0,01-01-1970,Computer Science
Global Institute Lahore,Lahore,B.Sc.,2 Years,120000,30-10-2016,Computer Science
Institute For Art And Culture,Lahore,BS,4 Years,0,03-09-2025,Computer Science
Institute Of Management Sciences,Lahore,BS,4 Years,81400,16-05-2012,Computer Science
Institute Of South Asia,Lahore,BCS,3 Years,0,01-01-1970,Computer Science
"Islah International Institute Of Sciences, Languages & Humanities",Lahore,BS,4 Years,0,05-11-2019,Computer Science
Johar Institute Of Professional Studies,Lahore,BS,4 Years,0,15-11-2024,Computer Science
Nasjon Institute Of Health Sciences,Lahore,BS,4 Years,0,27-10-2020,Computer Science
Nastp Institute Of Information Technology,Lahore,BS,4 Years,0,22-08-2025,Computer Science
"Pak Indus Institute Of Computer, Management & Technology",Lahore,BS,4 Years,0,08-10-2022,Computer Science
Pak-canadian Polytechnic Institute,Lahore,BS,4 Years,0,31-10-2016,Computer Science
Punjab Institute Of Computer Science,Lahore,BCS,3 Years,0,01-01-1970,Computer Science
Punjab Institute Of Contemporary Sciences,Lahore,BS,4 Years,0,10-10-2020,Computer Science
Punjab Institute Of Professional Studies,Lahore,BS,4 Years,0,13-03-2021,Computer Science
The Institute Of Management Sciences,Lahore,BCS,4 Years,0,17-10-2025,Computer Science
The Institute Of Management Sciences,Lahore,AD,2 Years,0,17-10-2025,Computer Science
Toppers Institute Of Management & Sciences,Lahore,BS,4 Years,0,20-08-2018,Computer Science
Petroman Training Institute,Larkana,BS,4 Years,0,01-01-1970,Computer Science
Asian Institute Of Management Sciences,Layyah,BS,4 Years,0,31-10-2015,Computer Science
Mardan Institute Of Science & Technology,Mardan,BCS,4 Years,0,31-10-2015,Computer Science
Mardan Institute Of Technology And Management Sciences,Mardan,BCS,3 Years,0,01-01-1970,Computer Science
Kaims International Institute,Multan,BS,4 Years,0,31-07-2019,Computer Science
Pakistan Institute Of Engineering And Technology,Multan,BS,4 Years,0,10-08-2019,Computer Science
Brains Institute,Peshawar,BCS,4 Years,0,30-08-2024,Computer Science
Brains Institute,Peshawar,AD,2 Years,0,30-08-2024,Computer Science
Frontier College Of Information Science & Technology,Peshawar,BCS,4 Years,0,30-11--0001,Computer Science
Horizon Institute Of Higher Studies,Peshawar,BS,4 Years,0,09-11-2018,Computer Science
Institute Of Computer And Management Sciences(icms),Peshawar,BS (HONS),4 Years,0,21-10-2017,Computer Science
Ncs Education System,Peshawar,BS,4 Years,0,27-09-2025,Computer Science
National Institute Of Computer And Advanced Studies,Rahim Yar Khan,BS,4 Years,0,31-08-2023,Computer Science
Barani Institute Of Information Technology,Rawalpindi,BS,4 Years,80000,26-08-2025,Computer Science
Institute Of Computer & Management Sciences,Rawalpindi,BS,4 Years,0,01-01-1970,Computer Science
Zohra Institute Of Health Sciences,Rawalpindi,BS,4 Years,0,30-11-2019,Computer Science
"Sialkot College Of Physical Therapy, Amin Medical Complex",Sialkot,BS,4 Years,0,25-09-2019,Computer Science
Hidayat Institute Of Rehabilitation & Emerging Sciences,Sukkur,BS,4 Years,0,05-01-2018,Computer Science
Petroman Training Institute,Sukkur,BS,4 Years,0,01-01-1970,Computer Science
Ata Institute Of Engineering & Technology,Wazirabad,BCS,4 Years,0,11-10-2014,Computer Science
School Of Advance Business And Commerce,Lahore,BCS (H),4 Months,0,23-12-2022,Computer Science
Times Institute,Multan,AD,2 Years,60000,18-08-2025,Computer Science
Times Institute,Multan,BS,4 Years,60000,18-08-2025,Computer Science
Jamal International Public School & College,Peshawar,BS,4 Years,0,13-09-2025,Computer Science
Comp. Tech. Computer Acadmy,Kohat,B.Sc.,2 Years,0,01-01-1970,Computer Science
Centre Of Information Technology,Islamabad,BS,4 Years,0,01-01-1970,Computer Science
Infinity Institute Of Technology,Lahore,BS,4 Years,0,22-07-2023,Computer Science
Abd Ul Wali Khan University Mardan ( Buner Campus ),Buner,BCS (H),4 Years,0,15-08-2016,Computer Science
Abdul Wali Khan University [palosa Campus],Charsadda,BCS,4 Years,41794,26-08-2011,Computer Science
"University Of Balochistan, (sub-campus Kharan)",Kharan,BS,4 Years,33000,11-08-2025,Computer Science
"Bahauddin Zakariya University, Lahore Campus",Lahore,BS,4 Years,48000,30-11--0001,Computer Science
Sindh University ( Larkana Campus ),Larkana,BS,4 Years,14500,04-10-2023,Computer Science
Abdul Wali Khan University ( Shankar Campus ),Mardan,BS,4 Years,65000,30-11--0001,Computer Science
"University Of Balochistan, ( Sub-campus Mastung)",Mastung,BS,4 Years,33000,11-08-2025,Computer Science
Abdulwali Khan University ( Shaheed Rashid Hussain Campus Pabbi ),Pabbi,BCS,2 Years,65000,18-08-2025,Computer Science
University Of Sargodha ( Comand Campus Sahiwal ),Sahiwal,BS,4 Years,0,30-11--0001,Computer Science
University Of Gujrat ( Sialkot Campus),Sialkot,BS,4 Years,0,18-09-2017,Computer Science
University Of Sindh ( Thatta Campus ),Thatta,BS,4 Years,14500,14-09-2025,Computer Science
Abdulwali Khan University ( Timergara Campus ),Timergara,BCS (H),4 Years,65000,18-08-2025,Computer Science
First College Of Business & Sciences,Karachi,BCS,4 Years,0,01-01-1970,Computer Science
South Asian Institute Of Management & Information Technology,Rawalpindi,BCS,4 Years,0,01-01-1970,Computer Science
Grafton College,Islamabad,BCS (H),4 Years,75300,29-10-2019,Computer Science
Central College [lhr],Lahore,BS,4 Years,0,27-09-2014,Computer Science
Pakistan College Of Commerce,Lahore,BCS,2 Years,0,30-11--0001,Computer Science
"Bahauddin Zakria University,sahiwal Campus",Sahiwal,BS,4 Years,43940,02-10-2015,Computer Science
Qarshi University,Muridke,BS,4 Years,0,30-11--0001,Computer Science Information Technology
The Islamia University Of Bahawalpur,Bahawal Pur,BS (HONS),4 Years,53415,30-06-2025,Computer System
Ned University Of Engineering & Technology,Karachi,BE,4 Years,46670,20-05-2025,Computer System
Uit University,Karachi,BS,4 Years,0,18-07-2025,Computer System
Balochistan University Of Engineering & Technology,Khuzdar,BE,4 Years,16000,17-10-2025,Computer System
Sukkur Iba University,Sukkur,BE,4 Years,120000,07-02-2026,Computer System
Riphah International University,Islamabad,BS,4 Years,90000,30-07-2025,Computer System
Hamdard University,Karachi,BS,4 Years,138600,15-03-2025,Computer System
Karachi Institute Of Economics & Technology,Karachi,B.Sc. [Engg.],4 Years,117600,06-01-2024,Computer System
Muhammad Ali Jinnah University,Karachi,BE,4 Years,166250,22-07-2024,Computer System
"Riphah International University, Faisalabad Campus",Faisalabad,BS,4 Years,117000,18-10-2025,Computer System
Riphah International University Lahore,Lahore,BS,4 Years,0,25-01-2026,Computer System
Usman Institute Of Technology,Karachi,BE,4 Years,215200,22-09-2021,Computer System
"National University Of Modern Languages, Islamabad",Islamabad,AD,2 Years,104000,09-12-2025,Computing
University Of Kotli,Kotli,AD,2 Years,0,15-08-2025,Computing
"University Of Engineering & Technology, Lahore",Lahore,BS,4 Years,0,22-03-2026,Computing
Iqra University [kch],Karachi,BS,4 Years,189000,14-02-2026,Computing
Iqra University [kch],Karachi,AD,2 Years,144000,14-02-2026,Computing
National University Of Modern Languages ( Faisalabad Campus ),Faisalabad,AD,2 Years,0,09-12-2025,Computing
National University Of Modern Languages ( Hyderabad Campus ),Hyderabad,AD,2 Years,104000,09-12-2025,Computing
National University Of Modern Languages ( Karachi Campus ),Karachi,AD,2 Years,104000,09-12-2025,Computing
National University Of Modern Languages ( Lahore  Campus ),Lahore,AD,2 Years,104000,09-12-2025,Computing
"National University Of Modern Languages, Azad Jammu And Kashmir Campus",Mir Pur (ajk),AD,2 Years,0,09-12-2025,Computing
National University Of Modern Language ( Multan Campus ),Multan,AD,2 Years,64550,31-01-2026,Computing
National University Of Modern Languages ( Peshawar Campus ),Peshawar,AD,2 Years,104000,09-12-2025,Computing
"National University Of Modern Languages, Rawalpindi Campus",Rawalpindi,AD,2 Years,104000,08-07-2025,Computing
Emerson University Multan,Multan,BS,4 Years,0,15-08-2025,Computing
University College Of Advanced Technologies,Rawalpindi,B.Sc. [Hons],3 Years,0,01-01-1970,Computing
Asia Pacific Institute Of Information Technology,Karachi,B.Sc. [Hons],4 Years,0,01-01-1970,Computing
Informatics Computer Institute,Rawalpindi,B.Sc. [Hons],4 Years,0,01-01-1970,Computing
Fata University,Darra Adam Khail,BS,4 Years,22000,02-10-2024,Conflict Peace Studies
National Defence University,Islamabad,BS,4 Years,88507,31-12-2025,Conflict Peace Studies
"National University Of Modern Languages, Islamabad",Islamabad,BS,4 Years,79580,08-07-2025,Conflict Peace Studies
Shah Abdul Latif University,Khair Pur,BS,4 Years,0,22-09-2025,Conflict Peace Studies
University Of Peshawar,Peshawar,BS,4 Years,71000,23-09-2025,Conflict Peace Studies
Hazara University,Mansehra,BS (HONS),4 Years,38980,01-09-2025,Conservation Studies
Ned University Of Engineering & Technology,Karachi,BE,4 Years,46670,20-05-2025,Construction Engineering Management
Institute For Art And Culture,Lahore,BS,4 Years,0,03-09-2025,Construction Management
University Of Malakand,Chakdara,BS,4 Years,0,31-07-2025,Criminology
Ghazi University,D.g.khan,BS,4 Years,21300,04-07-2025,Criminology
Gomal University,D.i. Khan,BS,4 Years,0,31-07-2025,Criminology
Gomal University,D.i. Khan,AD,2 Years,0,31-07-2025,Criminology
Government College University,Faisalabad,BS,4 Years,24300,24-06-2025,Criminology
University Of Agriculture,Faisalabad,BS,4 Years,0,28-07-2025,Criminology
University Of Gujrat,Gujrat,BS,4 Years,0,15-08-2025,Criminology
University Of Sindh,Jamshoro,BS,4 Years,15200,14-09-2025,Criminology
"Shaheed Zulfiqar Ali Bhutto, University Of Law, Clifton",Karachi,BS,4 Years,40000,12-01-2026,Criminology
University Of Karachi,Karachi,BA [HONS],4 Years,28500,07-11-2025,Criminology
University Of Karachi,Karachi,BS,4 Years,28500,28-11-2025,Criminology
Kohat University Of Science & Technology,Kohat,BS,4 Years,24100,15-09-2025,Criminology
University Of The Punjab,Lahore,BS,4 Years,41940,25-09-2025,Criminology
"Abdul Wali Khan University, Mardan",Mardan,BS,4 Years,35000,18-08-2025,Criminology
"Bahauddin Zakariya University, Multan",Multan,BS,4 Years,20150,02-01-2026,Criminology
Nfc Institute Of Engineering & Technology,Multan,BS,4 Years,33700,30-09-2024,Criminology
University Of Okara,Okara,BS,4 Years,0,18-07-2025,Criminology
University Of Peshawar,Peshawar,BS,4 Years,0,23-09-2025,Criminology
University Of Sahiwal,Sahiwal,BS,4 Years,50220,31-07-2025,Criminology
University Of Sargodha,Sargodha,BS,4 Years,30000,15-12-2025,Criminology
Government College Women University,Sialkot,BS,4 Years,25000,22-01-2026,Criminology
University Of Sialkot,Sialkot,BS,4 Years,0,01-11-2024,Criminology
The University Of Faisalabad,Faisalabad,BS,4 Years,112500,07-10-2023,Criminology
Hamdard University,Karachi,BS,4 Years,0,15-03-2025,Criminology
Lahore Leads University,Lahore,BS,4 Years,140000,04-09-2025,Criminology
The Superior University,Lahore,BS,4 Years,0,31-01-2026,Criminology
The University Of Lahore ( Main Campus ),Lahore,BS,4 Years,0,31-01-2026,Criminology
"Riphah International University, Faisalabad Campus",Faisalabad,BS,4 Years,80000,18-10-2025,Criminology
Emerson University Multan,Multan,BS,4 Years,0,15-08-2025,Criminology
Pimsat - Institute Of Higher Education,Karachi,BS,4 Years,0,18-02-2017,Criminology
Sohail University,Karachi,BS,4 Hours,0,17-10-2024,Critical Care Sciences
The University Of Lahore ( Main Campus ),Lahore,BS,4 Years,0,14-09-2024,Critical Care Sciences
Indus College Of Allied Health,Karachi,BS,4 Years,0,08-01-2023,Critical Care Sciences
Liaquat National Medical College,Karachi,BS,4 Years,0,27-12-2025,Critical Care Sciences
Sindh Institute Of Urology And Transplantation,Karachi,BS,4 Years,0,01-12-2024,Critical Care Sciences
Sindh Agriculture University,Tando Jam,BS,4 Years,25000,30-09-2025,Crop Physiology
National College Of Arts,Lahore,BS,4 Years,127320,12-08-2025,Culture
"Abdul Wali Khan University, Mardan",Mardan,BS,4 Years,35000,18-08-2025,Culture
Air University,Islamabad,BS,4 Years,0,25-07-2025,Cyber Psychology
The Islamia University Of Bahawalpur,Bahawal Pur,BS,4 Years,49665,30-06-2025,Cyber Security
University Of Science & Technology,Bannu,BS,4 Years,0,20-09-2025,Cyber Security
University Of Malakand,Chakdara,BS,4 Years,20000,31-07-2025,Cyber Security
Gomal University,D.i. Khan,BS,4 Years,41000,31-07-2025,Cyber Security
Government College Women University,Faisalabad,AD,2 Years,44300,31-07-2025,Cyber Security
University Of Gujrat,Gujrat,BS,4 Years,0,15-08-2025,Cyber Security
University Of Haripur,Haripur,BS,4 Years,53358,26-01-2026,Cyber Security
Air University,Islamabad,BS,4 Years,112050,25-07-2025,Cyber Security
Allama Iqbal Open University,Islamabad,AD,2 Years,47300,10-02-2026,Cyber Security
Comsats University Islamabad,Islamabad,BS,4 Years,121150,17-12-2025,Cyber Security
National Skills University,Islamabad,BS,4 Years,40600,13-09-2025,Cyber Security
"National University Of Computer And Emerging Sciences, Islamabad",Islamabad,BS,4 Years,160000,04-07-2025,Cyber Security
"National University Of Modern Languages, Islamabad",Islamabad,BS,4 Years,0,30-11--0001,Cyber Security
National University Of Technology,Islamabad,BS,4 Years,115000,12-07-2025,Cyber Security
Mehran University Of Engineering & Technology,Jamshoro,BS,4 Years,38600,10-05-2025,Cyber Security
Dawood University Of Engineering And Technology,Karachi,BS,4 Years,70000,15-07-2025,Cyber Security
Ned University Of Engineering & Technology,Karachi,BS,4 Years,46670,20-05-2025,Cyber Security
Sindh Madressatul Islam University,Karachi,BS,4 Years,47050,01-12-2025,Cyber Security
Kohat University Of Science & Technology,Kohat,BS,4 Years,0,15-09-2025,Cyber Security
"University Of Engineering & Technology, Lahore",Lahore,AD,2 Years,0,22-03-2026,Cyber Security
"University Of Engineering & Technology, Lahore",Lahore,BS,4 Years,0,22-03-2026,Cyber Security
Hazara University,Mansehra,BS,4 Years,38980,01-09-2025,Cyber Security
"Abdul Wali Khan University, Mardan",Mardan,BS,4 Years,65000,18-08-2025,Cyber Security
"University Of Engineering & Technology ,mardan",Mardan,BS,4 Years,51013,07-07-2025,Cyber Security
"Bahauddin Zakariya University, Multan",Multan,BS,4 Years,0,15-09-2025,Cyber Security
Multan University Of Science And Technology,Multan,BS,4 Years,0,24-01-2026,Cyber Security
University Of Azad Jammu & Kashmir,Muzaffarabad,BS,4 Years,0,08-08-2025,Cyber Security
"Quaid-e-awam University Of Engineering, Sciences & Technology",Nawab Shah,BS,4 Years,20000,31-05-2025,Cyber Security
University Of Okara,Okara,BS,4 Years,46000,18-07-2025,Cyber Security
The University Of Agriculture,Peshawar,BS,4 Years,0,15-08-2025,Cyber Security
"University Of Engineering & Technology, Peshawar",Peshawar,BS,4 Years,85000,04-07-2025,Cyber Security
University Of Peshawar,Peshawar,BS,4 Years,0,11-08-2025,Cyber Security
Khawaja Fareed University Of Engineering & Information Technology,Rahim Yar Khan,BS,4 Years,40250,20-06-2025,Cyber Security
"Unversity Of The Poonch, Rawala Kot",Rawala Kot,BS,4 Years,0,20-08-2025,Cyber Security
University Of Sargodha,Sargodha,BS,4 Years,43000,15-12-2025,Cyber Security
University Of Sialkot,Sialkot,CERT,4 Years,129000,01-11-2024,Cyber Security
"Aror University Of Art, Architecture, Design And Heritage",Sukkur,BS,4 Years,54000,14-01-2026,Cyber Security
University Of Swabi,Swabi,BS,4 Years,51270,16-09-2025,Cyber Security
"University Of Engineering &  Technology, Taxila",Taxila,BS,4 Years,0,22-03-2026,Cyber Security
"Shaheed Benazir Bhutto University, Sheringal",Upper Dir,BS,4 Years,30010,10-10-2025,Cyber Security
Capital University Of Science And Technology,Islamabad,BS,4 Years,0,02-09-2025,Cyber Security
Muslim Youth University,Islamabad,BS,4 Years,0,29-10-2025,Cyber Security
Riphah International University,Islamabad,BS,4 Years,144000,30-07-2025,Cyber Security
Sir Syed Case Institute Of Technology,Islamabad,BS,4 Years,173000,13-01-2026,Cyber Security
Dha Suffa University(main Campus),Karachi,BS,4 Years,0,14-06-2025,Cyber Security
Greenwich University,Karachi,BS,4 Years,0,14-07-2024,Cyber Security
Nazeer Hussain University,Karachi,AD,2 Years,0,17-12-2023,Cyber Security
Shaheed Benazir Bhutto Dewan University,Karachi,BS,4 Years,0,15-02-2026,Cyber Security
Sohail University,Karachi,AD,2 Years,0,17-10-2024,Cyber Security
Zia-ud-din Medical University,Karachi,BS,4 Years,124000,26-08-2025,Cyber Security
Green International University,Lahore,BS,4 Years,0,02-09-2025,Cyber Security
Lahore Leads University,Lahore,BS,4 Years,0,04-09-2025,Cyber Security
Minhaj University,Lahore,BS,4 Years,0,31-10-2025,Cyber Security
Qarshi University (lhr),Lahore,BS,4 Years,0,12-07-2025,Cyber Security
The Superior University,Lahore,BS,4 Years,230000,31-01-2026,Cyber Security
University Of Central Punjab,Lahore,BS,4 Years,329125,10-10-2024,Cyber Security
University Of Management And Technology,Lahore,BS,4 Years,0,01-10-2025,Cyber Security
Institute Of Southern Punjab,Multan,BS,4 Years,0,31-01-2025,Cyber Security
Abasyn University,Peshawar,BS,4 Years,105000,01-02-2026,Cyber Security
Sarhad University Of Science & Information Technology,Peshawar,BS,4 Years,56000,05-12-2025,Cyber Security
Al- Hamd Islamic University,Quetta,BS,4 Years,0,18-08-2024,Cyber Security
Grand Asian University Sialkot,Sialkot,BS,2 Years,0,21-09-2024,Cyber Security
Ghulam Ishaq Khan  Institute Of Engineering Sciences & Technology,Swabi,BS,4 Years,695000,30-05-2024,Cyber Security
Hitec University,Taxila,BS,4 Years,100000,30-08-2025,Cyber Security
University Of Wah,Wah Cantt,BS,4 Years,0,20-09-2023,Cyber Security
University Of Engineering And Technology[fiasalabad Campus],Faisalabad,BS,4 Years,0,22-03-2026,Cyber Security
Universtiy Of Engineering And Technology (sub Campus),Kala Shah Kaku,BS,4 Years,0,22-12-2025,Cyber Security
"Air University, Multan Campus",Multan,BS,4 Years,112050,18-08-2025,Cyber Security
The Islamic University Of Bahawalpur[rahimyar Khan Campus],Rahim Yar Khan,BS,4 Years,49665,30-06-2025,Cyber Security
National College Of Business Administration And Economics ( Bahwal Pur Campus ),Bahawal Pur,BS,4 Years,0,19-10-2025,Cyber Security
"Riphah International University, Faisalabad Campus",Faisalabad,BS,4 Years,117000,18-10-2025,Cyber Security
Abasyn University (sub Campus),Islamabad,BS,4 Years,0,28-12-2025,Cyber Security
"Air University, Aerospace & Aviation Campus Kamra",Kamra,BS,4 Years,112050,15-07-2025,Cyber Security
"Air University, Karachi Campus",Karachi,BS,4 Years,0,25-08-2025,Cyber Security
National University Of Computer And Emerging Sciences ( Karachi Campus ),Karachi,BS,4 Years,160000,04-07-2025,Cyber Security
"Air University, Kharian Campus",Kharian,BS,4 Years,0,15-07-2025,Cyber Security
National University Of Computer And Emerging Sciences ( Lahore ),Lahore,BS,4 Years,160000,04-07-2025,Cyber Security
Riphah International University Lahore,Lahore,BS,4 Years,0,25-01-2026,Cyber Security
National College Of Business Administration And Economics ( Multan Campus ),Multan,BS,4 Years,0,19-10-2025,Cyber Security
"Pak- Austria Fachhuochschule, Institute Of Applied Sciences And Technology",Haripur,BS,4 Years,0,03-01-2025,Cyber Security
Emerson University Multan,Multan,BS,4 Years,0,15-08-2025,Cyber Security
Lyallpur Institute Of Advance Studies,Faisalabad,BS,4 Years,0,01-10-2024,Cyber Security
Al-shifa Institute Of Health Sciences,Narowal,BS,4 Years,0,20-12-2025,Cyber Security
Nfc Institute Of Engineering & Fertilizer Research,Faisalabad,BS,4 Years,0,22-07-2025,Cyber Security
Nastp Institute Of Information Technology,Lahore,BS,4 Years,0,22-08-2025,Cyber Security
Brains Institute,Peshawar,AD,2 Years,0,30-08-2024,Cyber Security
Gomal University,D.i. Khan,BS,4 Years,0,31-07-2025,Dairy Science
University Of Agriculture,Faisalabad,B.Sc. [Hons],4 Years,46200,28-07-2025,Dairy Science
Comsats University Islamabad ( Vehari Campus ),Vehari,BS,4 Years,112200,11-08-2025,Dairy Science
"Bahauddin Zakariya University, Multan",Multan,B.Sc. [Hons],4 Years,27150,18-08-2025,Dairy Technology
Sindh Agriculture University,Tando Jam,BS,4 Years,25000,30-09-2025,Dairy Technology
University Of Veterinary And Animal Sciences [ Ravi Campus],Pattoki,BS (HONS),4 Years,22750,12-09-2025,Dairy Technology
Virtual University Of Pakistan,Lahore,AD,2 Years,21800,30-09-2025,Database Management Systems
Grand Asian University Sialkot,Sialkot,AD,2 Years,0,21-09-2024,Database Management Systems
Ghazi University,D.g.khan,BS,4 Years,0,04-07-2025,Data Analytics
Government College University,Faisalabad,BS,4 Years,47400,24-06-2025,Data Analytics
University Of Gujrat,Gujrat,BS,4 Years,0,15-08-2025,Data Analytics
University Of Haripur,Haripur,BS,4 Years,41559,26-01-2026,Data Analytics
Allama Iqbal Open University,Islamabad,BS,4 Years,0,10-02-2026,Data Analytics
Lahore College For Women University,Lahore,BS,4 Years,54650,25-09-2025,Data Analytics
"University Of Engineering & Technology, Lahore",Lahore,B.Sc.,4 Years,62427,22-03-2026,Data Analytics
University Of Mianwali,Mianwali,BS,4 Years,0,19-01-2026,Data Analytics
Pir Mahar Ali Shah Arid Agriculture University,Rawalpindi,BS,4 Years,0,08-08-2025,Data Analytics
Emerson University Multan,Multan,BS,4 Years,0,15-08-2025,Data Analytics
Women University Azad Jammu & Kashmir,Bagh,BS,4 Years,43110,01-09-2025,Data Science
The Islamia University Of Bahawalpur,Bahawal Pur,BS,4 Years,49665,30-06-2025,Data Science
University Of Science & Technology,Bannu,BS,4 Years,16400,20-09-2025,Data Science
University Of Malakand,Chakdara,BS,4 Years,20000,31-07-2025,Data Science
Bacha Khan University,Charsadda,BS,4 Years,37000,22-09-2025,Data Science
Ghazi University,D.g.khan,BS,4 Years,0,04-07-2025,Data Science
Gomal University,D.i. Khan,BS,4 Years,0,31-07-2025,Data Science
Government College University,Faisalabad,BS,4 Years,47400,24-06-2025,Data Science
University Of Agriculture,Faisalabad,BS,4 Years,0,28-07-2025,Data Science
Karakuram International University,Gilgit,BS,4 Years,0,10-08-2025,Data Science
University Of Gujrat,Gujrat,BS,4 Years,0,15-08-2025,Data Science
University Of Gwadar,Gwadar,BS,4 Years,0,08-08-2025,Data Science
University Of Haripur,Haripur,BS,4 Years,53358,26-01-2026,Data Science
Government College University Hyderabad,Hyderabad,BS,4 Years,0,15-09-2025,Data Science
Air University,Islamabad,BS,4 Years,93375,25-07-2025,Data Science
Allama Iqbal Open University,Islamabad,BS,4 Years,47300,10-02-2026,Data Science
Comsats University Islamabad,Islamabad,BS,4 Years,121150,17-12-2025,Data Science
Federal Urdu University Of Arts Science & Technology Islamabad,Islamabad,BS,4 Years,55000,30-01-2026,Data Science
Institute Of Space Technology,Islamabad,BS,4 Years,126229,31-07-2025,Data Science
"National University Of Computer And Emerging Sciences, Islamabad",Islamabad,BS,4 Years,160000,04-07-2025,Data Science
"National University Of Modern Languages, Islamabad",Islamabad,BS,4 Years,0,09-12-2025,Data Science
University Of Sindh,Jamshoro,BS,4 Years,15950,17-09-2024,Data Science
Dawood University Of Engineering And Technology,Karachi,BS,4 Years,32000,15-07-2025,Data Science
Ned University Of Engineering & Technology,Karachi,BS,4 Years,46670,20-05-2025,Data Science
Sindh Madressatul Islam University,Karachi,BS,4 Years,47050,01-12-2025,Data Science
Uit University,Karachi,BS,4 Years,0,18-07-2025,Data Science
Kohat University Of Science & Technology,Kohat,BS,4 Years,0,15-09-2025,Data Science
University Of Kotli,Kotli,BS,4 Years,0,15-08-2025,Data Science
"University Of Engineering & Technology, Lahore",Lahore,BS,4 Years,0,22-03-2026,Data Science
"University Of Engineering & Technology, Lahore",Lahore,AD,2 Years,0,22-03-2026,Data Science
University Of The Punjab,Lahore,BS,4 Years,48650,25-09-2025,Data Science
Virtual University Of Pakistan,Lahore,BS,4 Years,0,30-09-2025,Data Science
Virtual University Of Pakistan,Lahore,AD,2 Years,0,30-09-2025,Data Science
"Abdul Wali Khan University, Mardan",Mardan,BS,4 Years,35000,18-08-2025,Data Science
"University Of Engineering & Technology ,mardan",Mardan,BS,4 Years,51013,07-07-2025,Data Science
The University Of Mirpur Khas,Mir Pur Khas,BS,4 Years,0,10-10-2025,Data Science
"Bahauddin Zakariya University, Multan",Multan,BS,4 Years,0,18-08-2025,Data Science
Muhammad Nawaz Sharif University Of Agriculture,Multan,BS,4 Years,35000,29-09-2025,Data Science
University Of Azad Jammu & Kashmir,Muzaffarabad,BS,4 Years,0,08-08-2025,Data Science
Baba Guru Nanak University,Nankana Sahib,BS,4 Years,30150,19-09-2025,Data Science
"Quaid-e-awam University Of Engineering, Sciences & Technology",Nawab Shah,BS,4 Years,20000,31-05-2025,Data Science
University Of Okara,Okara,BS,4 Years,48000,18-07-2025,Data Science
Institute Of Management Sciences,Peshawar,BS,4 Years,155700,03-08-2023,Data Science
Islamia College University,Peshawar,BS,4 Years,0,16-09-2025,Data Science
The University Of Agriculture,Peshawar,BS,4 Years,0,15-08-2025,Data Science
"University Of Engineering & Technology, Peshawar",Peshawar,BS,4 Years,85000,04-07-2025,Data Science
University Of Peshawar,Peshawar,BS,4 Years,0,11-08-2025,Data Science
Balochistan University Of It & Management Sciences,Quetta,BS,4 Years,48415,20-08-2025,Data Science
Khawaja Fareed University Of Engineering & Information Technology,Rahim Yar Khan,BS,4 Years,40250,20-06-2025,Data Science
"Unversity Of The Poonch, Rawala Kot",Rawala Kot,BS,4 Years,0,20-08-2025,Data Science
University Of Sahiwal,Sahiwal,BS,4 Years,31440,31-07-2025,Data Science
University Of Sargodha,Sargodha,BS,4 Years,43000,15-12-2025,Data Science
University Of Swabi,Swabi,BS,4 Years,51270,16-09-2025,Data Science
Women University Swabi,Swabi,BS,4 Years,42460,12-09-2025,Data Science
The University Of Faisalabad,Faisalabad,BS,4 Years,0,07-10-2023,Data Science
Gift University,Gujranwala,BS,4 Years,217800,01-02-2026,Data Science
Riphah International University,Islamabad,BS,4 Years,144000,30-07-2025,Data Science
Sir Syed Case Institute Of Technology,Islamabad,BS,4 Years,0,21-08-2024,Data Science
Dha Suffa University(main Campus),Karachi,BS,4 Years,0,14-06-2025,Data Science
Greenwich University,Karachi,BS,4 Years,0,14-07-2024,Data Science
Institute Of Business Management,Karachi,BS,4 Years,155800,28-07-2022,Data Science
Jinnah University For Women,Karachi,BS,4 Years,0,15-10-2025,Data Science
Karachi Institute Of Economics & Technology,Karachi,BS,4 Years,111300,06-01-2024,Data Science
Shaheed Benazir Bhutto Dewan University,Karachi,BS,4 Years,0,15-02-2026,Data Science
Sir Syed University Of Engineering & Technology,Karachi,BS,4 Years,172800,19-07-2024,Data Science
Zia-ud-din Medical University,Karachi,BS,4 Years,114000,26-08-2025,Data Science
Beaconhouse National University,Lahore,BS,4 Years,0,22-08-2025,Data Science
Imperial College Of Business Studies,Lahore,BS,4 Years,0,21-08-2023,Data Science
Lahore Leads University,Lahore,BS,4 Years,140000,04-09-2025,Data Science
Minhaj University,Lahore,BS,4 Years,0,31-10-2025,Data Science
"National College Of Business Administration And Economics, Lahore",Lahore,BS,4 Years,0,26-02-2023,Data Science
Qarshi University (lhr),Lahore,BS,4 Years,0,12-07-2025,Data Science
The Superior University,Lahore,BS,4 Years,230000,31-01-2026,Data Science
University Of Central Punjab,Lahore,BS,4 Years,268750,10-10-2024,Data Science
University Of Management And Technology,Lahore,BS,4 Years,274750,01-10-2025,Data Science
Abasyn University,Peshawar,BS,4 Years,0,01-02-2026,Data Science
City University Of Science & Information Technology,Peshawar,BS,4 Years,160000,10-11-2025,Data Science
Grand Asian University Sialkot,Sialkot,AD,2 Years,0,21-09-2024,Data Science
Ghulam Ishaq Khan  Institute Of Engineering Sciences & Technology,Swabi,BS,4 Years,695000,30-05-2024,Data Science
University Of Engineering & Technology ( Abbotabad Campus ),Abbottabad,BS,4 Years,85000,12-07-2024,Data Science
University Of Engineering And Technology[fiasalabad Campus],Faisalabad,BS,4 Years,0,22-03-2026,Data Science
Universtiy Of Engineering And Technology (sub Campus),Kala Shah Kaku,BS,4 Years,0,22-12-2025,Data Science
"Air University, Multan Campus",Multan,BS,4 Years,86100,18-08-2025,Data Science
The Islamic University Of Bahawalpur[rahimyar Khan Campus],Rahim Yar Khan,BS,4 Years,49665,28-07-2023,Data Science
"National University Of Modern Languages, Rawalpindi Campus",Rawalpindi,BS,4 Years,0,09-12-2025,Data Science
Comsats University Islamabad ( Sahiwal Campus ),Sahiwal,BS,4 Years,112200,15-08-2025,Data Science
National College Of Business Administration And Economics ( Bahwal Pur Campus ),Bahawal Pur,BS,4 Years,0,19-10-2025,Data Science
"Riphah International University, Faisalabad Campus",Faisalabad,BS,4 Years,80000,18-10-2025,Data Science
Abasyn University (sub Campus),Islamabad,BS,4 Years,0,28-12-2025,Data Science
"Air University, Karachi Campus",Karachi,BS,4 Years,0,25-08-2025,Data Science
National University Of Computer And Emerging Sciences ( Karachi Campus ),Karachi,BS,4 Years,160000,04-07-2025,Data Science
National University Of Computer And Emerging Sciences ( Lahore ),Lahore,BS,4 Years,160000,04-07-2025,Data Science
Riphah International University Lahore,Lahore,BS,4 Years,0,25-01-2026,Data Science
National College Of Business Administration And Economics ( Multan Campus ),Multan,BS,4 Years,0,19-10-2025,Data Science
"Pak- Austria Fachhuochschule, Institute Of Applied Sciences And Technology",Haripur,BS,4 Years,0,03-01-2025,Data Science
Emerson University Multan,Multan,BS,4 Years,0,15-08-2025,Data Science
Al-shifa Institute Of Health Sciences,Narowal,BS,4 Years,0,20-12-2025,Data Science
Nfc Institute Of Engineering & Fertilizer Research,Faisalabad,BS,4 Years,0,22-07-2025,Data Science
"International Institute Of Science, Arts And Technology",Gujranwala,BS,4 Years,0,05-10-2025,Data Science
Emaan Institute Of Management & Sciences,Karachi,AD,2 Years,96000,20-07-2024,Data Science
The Islamia University Of Bahawalpur,Bahawal Pur,BS,4 Years,43015,30-06-2025,Defense Diplomatic Studies
Gomal University,D.i. Khan,BS,4 Years,0,31-07-2025,Defense Strategic Studies
Gomal University,D.i. Khan,AD,2 Years,0,31-07-2025,Defense Strategic Studies
Government College University,Faisalabad,BS,2 Years,24300,24-06-2025,Defense Strategic Studies
University Of Gujrat,Gujrat,BS,4 Years,0,15-08-2025,Defense Strategic Studies
Quaid-e-azam University,Islamabad,BS,4 Years,54565,29-07-2025,Defense Strategic Studies
"Bahauddin Zakariya University, Multan",Multan,BS,4 Years,20150,15-09-2025,Defense Strategic Studies
Minhaj University,Lahore,BS,4 Years,0,31-10-2025,Defense Strategic Studies
Emerson University Multan,Multan,BS,4 Years,0,15-08-2025,Defense Strategic Studies
Dow University Of Health Sciences,Karachi,BS,4 Years,100000,20-12-2025,Dental Hygienist
Jinnah Sindh Medical University,Karachi,BS,4 Years,0,17-12-2025,Dental Hygienist
Aga Khan University,Karachi,AD,2 Years,195000,27-04-2023,Dental Hygienist
Sohail University,Karachi,BS,4 Years,0,17-10-2024,Dental Hygienist
Zia-ud-din Medical University,Karachi,AD,2 Years,96500,26-08-2025,Dental Hygienist
Rashid Latif Khan University,Lahore,BS,4 Years,0,25-10-2025,Dental Hygienist
The Superior University,Lahore,BS,4 Years,0,31-01-2026,Dental Hygienist
University Of Management And Technology,Lahore,BS,4 Years,0,16-11-2024,Dental Hygienist
Al- Hamd Islamic University,Quetta,BS,4 Years,0,18-08-2024,Dental Hygienist
Alhamd Islamic University [ibd],Islamabad,BS,4 Years,0,16-08-2024,Dental Hygienist
Hbs Medical And Dental College,Islamabad,BS,4 Years,0,27-12-2025,Dental Hygienist
Islamic International Dental College/hospital,Islamabad,AD,2 Years,0,19-03-2021,Dental Hygienist
Aga Khan University,Karachi,AAS,2 Years,195000,08-05-2025,Dental Hygienist
Rashid Latif Medical College,Lahore,BS,4 Years,0,19-01-2024,Dental Hygienist
Bakhtawar Amin Medical And Dental College,Multan,BS,4 Years,0,01-01-2025,Dental Hygienist
Islamic International Dental College/hospital,Islamabad,AD,2 Years,0,19-03-2021,Dental Laboratory Technecian
Women University Azad Jammu & Kashmir,Bagh,BS,4 Years,51660,01-09-2025,Dental Technology
University Of Science & Technology,Bannu,BS,4 Years,0,20-09-2025,Dental Technology
The University Of Buner,Buner,BS,4 Years,0,18-09-2025,Dental Technology
Gomal University,D.i. Khan,BS,4 Years,0,31-07-2025,Dental Technology
University Of Haripur,Haripur,BS,4 Years,48829,26-01-2026,Dental Technology
"Shaheed Zulfiqar Ali Bhutto Medical University, Pims",Islamabad,BS,4 Years,0,22-10-2025,Dental Technology
Dow University Of Health Sciences,Karachi,B.Sc. [Hons],4 Years,140000,20-12-2025,Dental Technology
Jinnah Sindh Medical University,Karachi,BS,4 Years,0,17-12-2025,Dental Technology
King Edward Medical University / Mayo Hospital,Lahore,B.Sc. [Hons],4 Years,54000,10-12-2025,Dental Technology
Nishtar Medical College / Nishter Hospital,Multan,BS,4 Years,0,06-01-2026,Dental Technology
Khyber Medical University,Peshawar,B.Sc.,4 Years,80000,30-10-2025,Dental Technology
The University Of Agriculture,Peshawar,BS,4 Years,0,15-08-2025,Dental Technology
University Of Peshawar,Peshawar,BS,4 Years,0,11-08-2025,Dental Technology
Bolan University Of Medical & Health Sciences,Quetta,AD,2 Years,0,20-01-2026,Dental Technology
University Of Swabi,Swabi,BS,4 Years,51270,16-09-2025,Dental Technology
The University Of Veterinary & Animal Sciences,Swat,BS,4 Years,18000,30-09-2025,Dental Technology
The University Of Faisalabad,Faisalabad,BS,4 Years,124875,07-10-2023,Dental Technology
Muslim Youth University,Islamabad,BS,4 Years,0,29-10-2025,Dental Technology
Sohail University,Karachi,BS,4 Years,0,17-10-2024,Dental Technology
Nur International University,Lahore,BS,4 Years,155278,18-01-2025,Dental Technology
Rashid Latif Khan University,Lahore,BS,4 Years,0,25-10-2025,Dental Technology
The Superior University,Lahore,BS,4 Years,0,31-01-2026,Dental Technology
University Of Management And Technology,Lahore,BS,4 Years,0,16-11-2024,Dental Technology
Northern University,Nowshera,BS,4 Years,30250,16-02-2026,Dental Technology
Abasyn University,Peshawar,BS,4 Years,0,01-02-2026,Dental Technology
Cecos University Of Information Tech. & Emerging Sciences,Peshawar,BS,4 Years,0,28-07-2025,Dental Technology
City University Of Science & Information Technology,Peshawar,BS,4 Years,0,10-11-2025,Dental Technology
Gandhara University,Peshawar,BS,4 Years,0,25-10-2025,Dental Technology
Iqra National University,Peshawar,BS,4 Years,80903,07-02-2026,Dental Technology
Sarhad University Of Science & Information Technology,Peshawar,BS,4 Years,66000,05-12-2025,Dental Technology
"Kmu Institute Of Health Sciences, G. I. Khan Campus",D.i. Khan,BS,4 Years,0,11-09-2025,Dental Technology
"Kmu Institute Of Health Sciences, Kohat",Kohat,BS,4 Years,0,11-09-2025,Dental Technology
"Kmu Institute Of Health Sciences, Hazara",Mansehra,BS,4 Years,0,11-09-2025,Dental Technology
"Institute Of Health Sciences, Kurram",Para Chinar,BS,4 Years,0,11-09-2025,Dental Technology
Kmu Institute Of Health Sciences,Swabi,BS,4 Years,0,11-09-2025,Dental Technology
Kmu Institute Of Health Sciences,Swat,BS,4 Years,0,11-09-2025,Dental Technology
"Iqra University, Chak Shahzad Campus",Islamabad,BS,4 Years,111180,29-02-2024,Dental Technology
Riphah International University Lahore,Lahore,BS,4 Years,0,15-01-2024,Dental Technology
"Iqra National Univesity, Swat Campus",Swat,BS,4 Years,77231,30-09-2025,Dental Technology
Institute Of Health Sciences,Islamabad,BS,4 Years,0,11-09-2025,Dental Technology
Bacha Khan Medical College,Mardan,BS,4 Years,0,28-11-2025,Dental Technology
Al- Qassar Institute Of Health Sciences,D.i. Khan,BS,4 Years,0,31-10-2020,Dental Technology
Al Wateen Institute Of Medical Sciences,Islamabad,BS,4 Years,0,22-02-2019,Dental Technology
Capital College Of Health Sciences,Islamabad,BS,4 Years,0,20-09-2022,Dental Technology
College Of Medical Technology/pims,Islamabad,BS,4 Years,0,18-09-2025,Dental Technology
"Professional College Of Medical Science, Karak Campus",Karak,BS,4 Years,0,14-12-2019,Dental Technology
Fmh College Of Medicine & Dentistry,Lahore,B.Sc. [Hons],4 Years,0,17-12-2022,Dental Technology
Rashid Latif Medical College,Lahore,BS,4 Years,0,19-01-2024,Dental Technology
Bakhtawar Amin Medical And Dental College,Multan,BS,4 Years,0,01-01-2025,Dental Technology
Ahmad Medical Institute,Peshawar,BS,4 Years,0,01-11-2019,Dental Technology
Ghazali Institute Of Medical Sciences,Peshawar,BS,4 Years,0,08-09-2025,Dental Technology
Hafeez Institute Of Medical Sciences,Peshawar,BS,4 Years,0,13-12-2021,Dental Technology
Hallmark College Of Pharmacy,Peshawar,BS,4 Years,0,29-01-2021,Dental Technology
Hefa Foundation,Peshawar,BS,4 Years,0,05-11-2020,Dental Technology
Institute Of Health Sciences,Peshawar,BS,4 Years,0,22-01-2022,Dental Technology
Khyber Pakhtunkhwa Institute Of Medical Sciences,Peshawar,BS,4 Years,0,15-01-2022,Dental Technology
National College Of Nursing,Peshawar,BS,4 Years,0,20-12-2025,Dental Technology
P E F University College,Peshawar,BS,4 Years,0,31-10-2025,Dental Technology
"Al Wateen Institute Of Medical Sciences, Rawalpindi Campus",Rawalpindi,BS,4 Years,0,23-02-2019,Dental Technology
Health Services Academy,Islamabad,BS,4 Years,0,31-01-2026,Dental Technology
Kmu Institute Of Medical Sciences,Kohat,BS,4 Years,0,18-10-2024,Dental Technology
The Childrens Hospital & The Institute Of Child Health,Lahore,B.Sc. [Hons],4 Years,0,29-11-2024,Dental Technology
Vertex Institute Of Science & Technology,Abbottabad,BS,4 Years,0,18-04-2025,Dental Technology
Dr. Ihsanullah Khan Medical Institute,Charsadda,BS (HONS),4 Years,136000,02-10-2022,Dental Technology
Bashir Institute Of Health Sciences,Islamabad,BS,4 Years,0,08-03-2023,Dental Technology
Fmh Institute Of Allied Health Sciences,Lahore,B.Sc. [Hons],4 Years,0,23-11-2023,Dental Technology
Kmu Institute Of Health Sciences,Mardan,BS,4 Years,0,11-09-2025,Dental Technology
Global Institute Of Medical Sciences,Peshawar,BS,4 Years,0,30-11-2024,Dental Technology
National Institute Of Health And Management Sciences,Peshawar,BS (HONS),4 Years,0,20-12-2025,Dental Technology
Premier Institute Of Health And Management Sciences,Peshawar,BS,4 Years,0,17-09-2024,Dental Technology
Rehman Medical Institute,Peshawar,BS,4 Years,0,13-09-2025,Dental Technology
Seena Institute Of Medical Sciences,Swabi,BS,4 Years,0,09-01-2022,Dental Technology
School Of Health Sciences,Peshawar,BS,4 Years,0,30-11-2020,Dental Technology
Khawaja Fareed University Of Engineering & Information Technology,Rahim Yar Khan,BS,4 Years,40250,30-06-2022,Dermatology
The University Of Faisalabad,Faisalabad,BS,4 Years,0,07-10-2023,Dermatology
The University Of Lahore ( Main Campus ),Lahore,BS,4 Years,0,03-01-2026,Dermatology
Abbottabad University Of Science And Technology,Abbottabad,BS,4 Hours,27500,30-09-2024,Development Studies
The Islamia University Of Bahawalpur,Bahawal Pur,BS,4 Years,43015,30-06-2025,Development Studies
University Of Science & Technology,Bannu,BS,4 Years,0,20-09-2025,Development Studies
Ghazi University,D.g.khan,B.Sc. [Hons],4 Years,21300,04-07-2025,Development Studies
University Of Agriculture,Faisalabad,BS,4 Years,0,28-07-2025,Development Studies
Karakuram International University,Gilgit,BS,4 Years,0,10-08-2025,Development Studies
University Of Gujrat,Gujrat,BS,4 Years,0,15-08-2025,Development Studies
"Bahria University, E-8 Campus",Islamabad,BS,4 Years,124950,18-12-2025,Development Studies
Ned University Of Engineering & Technology,Karachi,BS,4 Years,46670,20-05-2025,Development Studies
Sindh Madressatul Islam University,Karachi,BS,4 Years,36500,01-12-2025,Development Studies
Kohat University Of Science & Technology,Kohat,BS,4 Years,24100,15-09-2025,Development Studies
"Abdul Wali Khan University, Mardan",Mardan,BS,4 Years,35000,18-08-2025,Development Studies
The University Of Agriculture,Peshawar,BS,4 Years,38000,15-08-2025,Development Studies
University Of Peshawar,Peshawar,BS,4 Years,73800,23-09-2025,Development Studies
University Of Balochistan,Quetta,BS,4 Years,32000,03-03-2023,Development Studies
"Unversity Of The Poonch, Rawala Kot",Rawala Kot,BS,4 Years,0,20-08-2025,Development Studies
University Of Sargodha,Sargodha,BS,4 Years,30000,15-12-2025,Development Studies
University Of Swat,Swat,BS,4 Years,19730,12-10-2023,Development Studies
Shaheed Zulfiqar Ali Bhutto Institute Of Science & Technology,Karachi,BS,4 Years,0,12-02-2026,Development Studies
Comsats University Islamabad ( Abbotabad Campus ),Abbottabad,BS,4 Years,112200,29-01-2026,Development Studies
Edwardes College,Peshawar,BS,4 Years,0,26-09-2024,Development Studies
Women University Azad Jammu & Kashmir,Bagh,BS,4 Years,51660,01-09-2025,Diagnostic Radiology
University Of Azad Jammu & Kashmir,Muzaffarabad,BS,4 Years,0,08-08-2025,Diagnostic Radiology
Liaquat National Medical College,Karachi,BS,4 Years,0,27-12-2025,Diagnostic Radiology
Sindh Institute Of Urology And Transplantation,Karachi,BS,4 Years,0,03-12-2025,Diagnostic Radiology
The Superior University,Lahore,BS,4 Years,0,31-01-2026,Diagnostic Ultrasound
Jinnah Sindh Medical University,Karachi,BS,4 Years,0,17-12-2025,Dialysis Technology
University Of Azad Jammu & Kashmir,Muzaffarabad,BS,4 Years,0,08-08-2025,Dialysis Technology
Shifa Tameer-e-millat University,Islamabad,B.Sc.,4 Years,188000,18-11-2025,Dialysis Technology
Shifa Tameer-e-millat University,Islamabad,AD,2.5 Years,14000,18-11-2025,Dialysis Technology
The University Of Lahore ( Main Campus ),Lahore,BS,4 Years,0,03-01-2026,Dialysis Technology
Capital College Of Health Sciences,Islamabad,BS,4 Years,0,20-09-2022,Dialysis Technology
Liaquat National Medical College,Karachi,BS,4 Years,0,27-12-2025,Dialysis Technology
Hafeez Institute Of Medical Sciences,Peshawar,BS,4 Years,0,13-12-2021,Dialysis Technology
Sindh Institute Of Urology And Transplantation,Karachi,BS,4 Years,0,03-12-2025,Dialysis Technology
The University Of Lahore ( Main Campus ),Lahore,BTM,4 Years,219400,31-01-2026,Diet Nutritional Sciences
Al- Hamd Islamic University,Quetta,BS,4 Years,0,18-08-2024,Diet Nutritional Sciences
The University Of Lahore ( Chanab Campus),Gujrat,DND,5 Years,0,13-09-2019,Diet Nutritional Sciences
Sialkot Medical College,Sialkot,BS,4 Years,0,20-08-2018,Diet Nutritional Sciences
"Aror University Of Art, Architecture, Design And Heritage",Sukkur,BS,4 Years,54000,14-01-2026,Digital Art
"Bahauddin Zakariya University, Multan",Multan,BS,4 Years,0,02-01-2026,Digital Financial Services
Hamdard University,Karachi,BS,4 Years,0,15-03-2025,Digital Forensics
"Bahauddin Zakariya University, Multan",Multan,BS,4 Years,27150,15-09-2025,Digital Marketing
Greenwich University,Karachi,BS,4 Years,132110,14-07-2024,Digital Marketing
Ilma University,Karachi,BS,4 Years,137150,10-09-2022,Digital Marketing
Green International University,Lahore,BS,4 Years,0,02-09-2025,Digital Marketing
Nur International University,Lahore,BS,4 Years,155278,18-01-2025,Digital Marketing
University Of South Asia,Lahore,BS,4 Years,0,05-11-2022,Digital Marketing
"Riphah International University, Faisalabad Campus",Faisalabad,BS,4 Years,84000,18-10-2025,Digital Marketing
"The University Of Lahore, Sub Campus",Sargodha,BS,4 Years,0,08-02-2025,Digital Marketing
National College Of Business Administration & Economics (west Canal Campus),Lahore,AD,2 Years,0,04-10-2024,Digital Marketing
The Islamia University Of Bahawalpur,Bahawal Pur,BS,4 Years,48115,30-06-2025,Disaster Management
Ghazi University,D.g.khan,BS,4 Years,21300,15-08-2023,Disaster Management
Gomal University,D.i. Khan,BS,4 Years,0,30-11--0001,Disaster Management
Karakuram International University,Gilgit,BS,4 Years,41900,10-08-2025,Disaster Management
University Of Haripur,Haripur,BS,4 Years,20109,17-09-2023,Disaster Management
University Of Sindh,Jamshoro,BS,4 Years,15200,14-09-2025,Disaster Management
Kohat University Of Science & Technology,Kohat,BS,4 Years,24100,15-09-2025,Disaster Management
Lahore College For Women University,Lahore,BS,4 Years,46790,25-09-2025,Disaster Management
University Of The Punjab,Lahore,BS,4 Years,47540,25-09-2025,Disaster Management
"Bahauddin Zakariya University, Multan",Multan,BS,4 Years,0,02-01-2026,Disaster Management
University Of Balochistan,Quetta,BS,4 Years,32000,11-08-2025,Disaster Management
"Unversity Of The Poonch, Rawala Kot",Rawala Kot,BS,4 Years,0,20-08-2025,Disaster Management
"Government College University Lahore, Kala Shah Kaku Campus",Kala Shah Kaku,BS,4 Years,0,11-12-2025,Disaster Management
University Of Peshawar,Peshawar,BS,4 Years,71000,23-09-2025,Disaster Preparedness Management
Wazirabad College Of Pharmacy,Wazirabad,DIP,2 Years,0,19-03-2022,Dispenser
The Islamia University Of Bahawalpur,Bahawal Pur,BEMS,5 Years,94170,30-06-2025,Eastern Medicine Surgery
Government College University,Faisalabad,BEMS,5 Years,36800,12-01-2026,Eastern Medicine Surgery
University Of Sindh,Jamshoro,BS,4 Years,15200,14-09-2025,Eastern Medicine Surgery
Multan University Of Science And Technology,Multan,BEMS,5 Years,0,24-01-2026,Eastern Medicine Surgery
University Of Balochistan,Quetta,BS,4 Years,40000,05-01-2026,Eastern Medicine Surgery
"Unversity Of The Poonch, Rawala Kot",Rawala Kot,BEMS,5 Years,32000,20-08-2025,Eastern Medicine Surgery
Pir Mahar Ali Shah Arid Agriculture University,Rawalpindi,BEMS,5 Years,0,08-08-2025,Eastern Medicine Surgery
Hamdard University,Karachi,BEMS,5 Years,100100,15-03-2025,Eastern Medicine Surgery
Jinnah University For Women,Karachi,BEMS,5 Years,58000,04-01-2022,Eastern Medicine Surgery
Zia-ud-din Medical University,Karachi,BEMS,5 Years,184000,19-08-2023,Eastern Medicine Surgery
Qarshi University (lhr),Lahore,BEMS,5 Years,125000,12-07-2025,Eastern Medicine Surgery
The Superior University,Lahore,BEMS,5 Years,0,31-01-2026,Eastern Medicine Surgery
Qarshi University,Muridke,BEMS,5 Years,0,30-11--0001,Eastern Medicine Surgery
Hamdard University - Islamabad Campus,Islamabad,BS,4 Years,0,15-07-2023,Eastern Medicine Surgery
Himayat-e-islam Tibbiyah College,Lahore,BEMS,4 Years,0,16-10-2022,Eastern Medicine Surgery
National Institution Of Management Sciences,Faisalabad,DIP,4 Years,0,27-10-2018,Eastern Medicine Surgery
Government College Women University,Sialkot,BS,4 Years,25000,18-07-2024,Ecology
Abbottabad University Of Science And Technology,Abbottabad,BBA,4 Years,27500,26-08-2025,Economics
Women University Azad Jammu & Kashmir,Bagh,BS,4 Years,36260,01-09-2025,Economics
The Government Sadiq College Women University,Bahawal Pur,BS,4 Years,25540,28-01-2026,Economics
The Islamia University Of Bahawalpur,Bahawal Pur,BS,4 Years,43015,30-06-2025,Economics
University Of Science & Technology,Bannu,BS,4 Years,16400,20-09-2025,Economics
Thal University,Bhakkar,BS,4 Years,28000,10-01-2025,Economics
Azad Jammu & Kashmir University Of Bhimber,Bhimber,BS,4 Years,0,08-09-2024,Economics
The University Of Buner,Buner,BS,4 Years,0,15-08-2025,Economics
University Of Malakand,Chakdara,BS (HONS),4 Years,14000,15-09-2025,Economics
Bacha Khan University,Charsadda,BS,4 Years,37000,22-09-2025,Economics
University Of Chitral,Chitral,BS,4 Years,0,30-10-2023,Economics
Ghazi University,D.g.khan,BS,4 Years,21300,04-07-2025,Economics
University Of Education [ D.g. Khan Campus ],D.g.khan,BS,4 Years,20214,02-09-2025,Economics
Gomal University,D.i. Khan,AD,2 Years,0,09-01-2026,Economics
Gomal University,D.i. Khan,B.Sc. [Hons],4 Years,41000,09-01-2026,Economics
Government College University,Faisalabad,BA [HONS],4 Years,24300,12-01-2026,Economics
Government College Women University,Faisalabad,BS,4 Years,30200,31-07-2025,Economics
University Of Agriculture,Faisalabad,BS,4 Years,0,28-07-2025,Economics
University Of Education [ Faisalabad Campus ],Faisalabad,BS,4 Years,20214,02-09-2025,Economics
Karakuram International University,Gilgit,BS,4 Years,33400,10-08-2025,Economics
University Of Gujrat,Gujrat,BS,4 Years,66590,15-08-2025,Economics
University Of Gwadar,Gwadar,BS,4 Years,0,08-08-2025,Economics
University Of Haripur,Haripur,BS,4 Years,18648,26-01-2026,Economics
Hazara University [havellian Campus],Havelian,B.Sc.,2 Years,0,23-02-2015,Economics
Government College University Hyderabad,Hyderabad,BS,4 Years,0,15-09-2025,Economics
Allama Iqbal Open University,Islamabad,BS,4 Years,13750,10-02-2026,Economics
"Bahria University, E-8 Campus",Islamabad,BS,4 Years,128700,18-12-2025,Economics
Comsats University Islamabad,Islamabad,BS,4 Years,112200,17-12-2025,Economics
Federal Urdu University Of Arts Science & Technology Islamabad,Islamabad,BS,4 Years,50000,30-01-2026,Economics
Federal Urdu University Of Arts Science & Technology Islamabad,Islamabad,AD,2 Years,50000,30-01-2026,Economics
International Islamic University,Islamabad,B.Sc. [Hons],4 Years,49050,31-12-2025,Economics
National Defence University,Islamabad,BS,4 Years,88507,31-12-2025,Economics
"National University Of Modern Languages, Islamabad",Islamabad,BS,4 Years,65000,09-12-2025,Economics
National University Of Science & Technology,Islamabad,BS,4 Years,225400,25-01-2026,Economics
Quaid-e-azam University,Islamabad,BS,4 Years,54565,29-07-2025,Economics
University Of Sindh,Jamshoro,BS,4 Years,15200,14-09-2025,Economics
University Of Jhang,Jhang,BS,4 Years,0,15-09-2025,Economics
Institute Of Business Administration [khi],Karachi,BS,4 Years,199500,11-06-2025,Economics
Sindh Madressatul Islam University,Karachi,BS,4 Years,36500,01-12-2025,Economics
University Of Karachi,Karachi,BS,4 Years,16500,28-11-2025,Economics
Khushal Khan Khattak University,Karak,BS,4 Years,34000,19-01-2026,Economics
Shah Abdul Latif University,Khair Pur,BA [HONS],4 Years,14000,22-09-2025,Economics
Kohat University Of Science & Technology,Kohat,BS,4 Years,24100,15-09-2025,Economics
The University Of Management Sciences & Information Technology,Kotli,BS,4 Years,0,10-09-2016,Economics
University Of Kotli,Kotli,BS,4 Years,0,15-08-2025,Economics
Government College University Lahore,Lahore,B.Sc. [Hons],4 Years,52000,08-08-2025,Economics
Information Technology University,Lahore,BS,4 Years,206000,18-06-2025,Economics
Kinnaird College For Women,Lahore,BS,4 Years,88200,01-12-2025,Economics
Lahore College For Women University,Lahore,BS,4 Years,46790,25-09-2025,Economics
University Of Education,Lahore,BS,4 Years,20214,09-01-2026,Economics
University Of The Punjab,Lahore,BS,4 Years,41940,25-09-2025,Economics
Virtual University Of Pakistan,Lahore,BS,4 Years,21800,30-09-2025,Economics
The University Of Larkano,Larkana,BS,4 Years,0,27-08-2025,Economics
"Lasbela University Of Agriculture, Water And Marine Sciences, Uthal",Lasbela,BS,4 Years,16000,20-10-2025,Economics
University Of Layyah,Layyah,BS,4 Years,22460,17-07-2023,Economics
University Of Loralai,Loralai,BS,4 Years,11300,18-08-2025,Economics
Punjab University Of Technology  [ Rasul],Mandi Baha-ud-din,BS,4 Years,0,25-09-2025,Economics
Hazara University,Mansehra,B.Sc.,2 Years,38980,01-09-2025,Economics
"Abdul Wali Khan University, Mardan",Mardan,BS,4 Years,35000,18-08-2025,Economics
Women University Mardan,Mardan,BS,4 Years,37400,28-01-2026,Economics
University Of Mianwali,Mianwali,BS,4 Years,0,03-10-2025,Economics
"Bahauddin Zakariya University, Multan",Multan,BS,4 Years,27150,02-01-2026,Economics
Institute Of Southern Punjab (girls Campus),Multan,BS,4 Years,0,31-08-2024,Economics
The Women University,Multan,BS,4 Years,24250,07-01-2025,Economics
The Women University,Multan,AD,2 Years,24150,07-01-2025,Economics
University Of Azad Jammu & Kashmir,Muzaffarabad,BS,4 Years,0,08-08-2025,Economics
University Of Narowal,Narowal,BS,4 Years,30000,19-02-2026,Economics
"Shaheed Benazir Bhutto University, Nawab Shah",Nawab Shah,BS,4 Years,18000,06-10-2025,Economics
University Of Okara,Okara,BS,4 Years,52000,18-07-2025,Economics
Institute Of Management Sciences,Peshawar,B.Sc. [Hons],4 Years,155700,03-08-2023,Economics
Islamia College University,Peshawar,BS,4 Years,62000,16-09-2025,Economics
Shaheed Benazir Bhutto Women University,Peshawar,BS,4 Years,29513,28-09-2025,Economics
The University Of Agriculture,Peshawar,BS (HONS),4 Years,38000,15-08-2025,Economics
University Of Peshawar,Peshawar,B.Sc. [Hons],4 Years,73800,23-09-2025,Economics
Balochistan University Of It & Management Sciences,Quetta,BS,4 Years,39410,20-08-2025,Economics
Sardar Bahadur Khan Women University,Quetta,B.Sc.,4 Years,6760,15-09-2025,Economics
University Of Balochistan,Quetta,BS,4 Years,32000,11-08-2025,Economics
Khawaja Fareed University Of Engineering & Information Technology,Rahim Yar Khan,BS,4 Years,40250,20-06-2025,Economics
"Unversity Of The Poonch, Rawala Kot",Rawala Kot,BS,4 Years,41800,20-08-2025,Economics
Fatima Jinnah Women University,Rawalpindi,BA [PASS],2 Years,52050,18-08-2025,Economics
Fatima Jinnah Women University,Rawalpindi,AD,2 Years,52050,18-08-2025,Economics
Pir Mahar Ali Shah Arid Agriculture University,Rawalpindi,BS,4 Years,45650,08-08-2025,Economics
University Of Sahiwal,Sahiwal,BS,4 Years,31440,31-07-2025,Economics
University Of Sargodha,Sargodha,BS,4 Years,30000,15-12-2025,Economics
Government College Women University,Sialkot,BS,4 Years,21000,22-01-2026,Economics
University Of Sialkot,Sialkot,BS,4 Years,95000,01-11-2024,Economics
Sukkur Iba University,Sukkur,B.ED (HONS),4 Years,120000,07-02-2026,Economics
University Of Swabi,Swabi,BS,4 Years,51270,16-09-2025,Economics
Women University Swabi,Swabi,BS,4 Years,45760,12-09-2025,Economics
University Of Swat,Swat,BS,4 Years,19730,12-10-2023,Economics
University Of Turbat,Turbat,BS,4 Years,18000,21-10-2024,Economics
University Of Chakwal,Chakwal,BS,4 Years,0,11-08-2025,Economics
Qurtuba University Of Science & Technology [di Khan],D.i. Khan,BS,4 Years,0,30-10-2022,Economics
The University Of Faisalabad,Faisalabad,BS,4 Years,0,07-10-2023,Economics
Al-karam International University,Islamabad,BS,4 Years,0,25-02-2017,Economics
Muslim Youth University,Islamabad,BS,4 Years,0,29-10-2025,Economics
Shifa Tameer-e-millat University,Islamabad,BS,4 Years,179000,29-09-2022,Economics
Jinnah University For Women,Karachi,BA [HONS],4 Years,25000,15-10-2025,Economics
Shaheed Zulfiqar Ali Bhutto Institute Of Science & Technology,Karachi,BS,4 Years,0,12-02-2026,Economics
Preston University [kht],Kohat,BS,4 Years,0,30-10-2025,Economics
Beaconhouse National University,Lahore,B.Sc.,4 Years,169050,22-08-2025,Economics
Forman Christian College,Lahore,B.Sc. [Hons],4 Years,358200,30-11-2025,Economics
Hajvery University,Lahore,BS,4 Years,96000,26-10-2024,Economics
Imperial College Of Business Studies,Lahore,BS,4 Years,0,21-08-2023,Economics
Lahore Garrison University,Lahore,BS,4 Years,174635,30-11--0001,Economics
Lahore School Of Economics,Lahore,B.Sc. [Hons],3 Years,341000,28-06-2025,Economics
Lahore University Of Management Sciences,Lahore,B.Sc. [Hons],4 Years,680400,10-03-2026,Economics
Minhaj University,Lahore,B.Sc.,2 Years,123250,31-10-2025,Economics
Nur International University,Lahore,BS,4 Years,155278,30-09-2024,Economics
The Superior University,Lahore,BS,4 Years,0,31-01-2026,Economics
The University Of Lahore ( Main Campus ),Lahore,BS,4 Years,102100,31-01-2026,Economics
University Of Central Punjab,Lahore,BS,4 Years,178250,20-09-2024,Economics
University Of Management And Technology,Lahore,BS,4 Years,124750,31-07-2024,Economics
Mohi-ud-din Islamic University,Mir Pur (ajk),BS,4 Years,56000,12-07-2022,Economics
Institute Of Southern Punjab,Multan,B.Sc. [Hons],4 Years,0,31-01-2025,Economics
Qarshi University,Muridke,BS,4 Years,0,30-11--0001,Economics
City University Of Science & Information Technology,Peshawar,BS,4 Years,0,10-11-2025,Economics
Preston University [pesh],Peshawar,BS,4 Years,0,20-06-2016,Economics
University Of Wah,Wah Cantt,BS,4 Years,82000,20-09-2023,Economics
Comsats University Islamabad ( Abbotabad Campus ),Abbottabad,BS,4 Years,112200,29-01-2026,Economics
"The Islamia University Of Bahawalpur, Ahmadpur East Campus",Ahmadpur East,BS,4 Years,43015,30-06-2024,Economics
The Islamia University Of Bahawalpur[sub Campus],Bahawal Nagar,BS,4 Years,43015,30-06-2025,Economics
"University Of Malakand, Women Campus, Batkhela",Batkhela,BS,4 Years,0,15-09-2025,Economics
University Of Sargodha ( Bhakkar Campus ),Bhakkar,BS,4 Years,27900,03-11-2021,Economics
"Mirpur University Of Science & Technology, Bhimber Campus",Bhimber,BS,4 Years,0,31-07-2023,Economics
University College Of Education,Faisalabad,BS,4 Years,0,14-07-2023,Economics
Lahore College For Women University,Jhang,BS,4 Years,39800,13-09-2019,Economics
"Federal Urdu University Of Arts  Science & Technology, Karachi",Karachi,BA [HONS],4 Years,16000,29-11-2024,Economics
Comsats University Islamabad( Lahore Campus ),Lahore,BS,4 Years,112200,29-12-2025,Economics
University Of Gujrat (lahore Campus),Lahore,BS,4 Years,0,25-08-2018,Economics
"The Islamia University Of Bahawalpur, Liaqatpur Campus",Liaqatpur,BS,4 Years,43015,30-06-2025,Economics
University Of Sargodha ( Mandi Baha-ud-din Campus ),Mandi Baha-ud-din,BS (HONS),4 Years,0,30-09-2016,Economics
"Balochistan University Of Information Technology, Engineering And Management Sciences, Muslim Bagh Campus",Muslim Bagh,BS,4 Years,0,20-08-2025,Economics
University Of Makran,Panjgur,BS,4 Years,0,25-10-2024,Economics
National University Of Modern Languages ( Quetta Campus ),Quetta,BS,4 Years,65000,24-03-2023,Economics
The Islamic University Of Bahawalpur[rahimyar Khan Campus],Rahim Yar Khan,BS,4 Years,38800,30-06-2025,Economics
"Shaheed Benazir Bhutto Women University Peshawar, Sub Campus",Swabi,BS,4 Years,0,02-09-2014,Economics
"Bahauddin Zakariya University, ( Vehari Campus )",Vehari,BS,4 Years,27150,02-01-2026,Economics
Comsats University Islamabad ( Vehari Campus ),Vehari,BS,4 Years,112200,16-01-2026,Economics
University Of Education [ Vehari Campus ],Vehari,BS,4 Years,20214,02-09-2025,Economics
"Riphah International University, Faisalabad Campus",Faisalabad,BS,4 Years,80000,18-10-2025,Economics
The University Of Lahore ( Chanab Campus),Gujrat,BS,4 Years,0,13-09-2019,Economics
Preston University [isb],Islamabad,BS,4 Years,0,30-10-2025,Economics
Shaheed Zulfiqar Ali Bhutto Institute Of Science And Technology,Islamabad,BS,4 Years,121200,19-08-2023,Economics
Preston University [lhr],Lahore,BS,4 Years,0,20-06-2016,Economics
National College Of Business Administration & Economics ( Rahim Yar Khan Campus ),Rahim Yar Khan,BS,4 Years,0,03-11-2024,Economics
"University Of Management And Technology, Sialkot Campus",Sialkot,BS,4 Years,0,31-01-2019,Economics
Government Khushal Khan Khattak College,Akhorakhatak,BS,4 Years,0,21-08-2012,Economics
Government Degree College For Women[dmr],Bahawal Pur,BS,4 Years,3500,07-10-2025,Economics
Government S E College,Bahawal Pur,BS,4 Years,0,26-09-2014,Economics
Government Postgraduate College,Bannu,BS,4 Years,0,31-08-2013,Economics
Government Post Graduate College,Burewala,BS,4,3500,06-11-2020,Economics
Government Postgraduate College,Chakwal,BS,4 Years,0,30-11--0001,Economics
Government College For Boys( Shab Qadar),Charsadda,BS,4 Years,0,20-09-2012,Economics
Government Postgraduate College,Charsadda,BS,4 Years,0,27-08-2018,Economics
Government Degree College For Women[company Bagh],D.g.khan,BS,4 Years,0,30-11--0001,Economics
Government Degree College[block-17],D.g.khan,BS,4 Years,0,05-10-2024,Economics
Government Post Graduate College,D.g.khan,BS,4 Years,0,30-11--0001,Economics
Government College For Women [madina Town],Faisalabad,BS,4 Years,0,30-11--0001,Economics
Government Post Graduate College Of Science,Faisalabad,BS,4 Years,0,23-10-2021,Economics
Government Post Graduate College [samanabad],Faisalabad,BS,4 Years,0,23-09-2023,Economics
Government Postgraduate Islamia College,Faisalabad,BS,4 Years,0,04-10-2014,Economics
Government Post Graduate College For Women [satellite Town],Gujranwala,BS,4 Years,0,10-09-2024,Economics
Government Post Graduate College[satellite Town],Gujranwala,BS (HONS),4 Years,0,02-10-2025,Economics
Government Post Graduate Islamia College,Gujranwala,BS,4 Years,0,08-10-2025,Economics
"Islamabad Model College For Girls( Postgraduate ),f-7/2",Islamabad,BS,4 Years,0,07-09-2025,Economics
Government Post Graduate College,Jhang,BS,4 Years,0,30-09-2025,Economics
Government Post Gradute College[jhelum City],Jhelum,BS,4 Years,0,30-11--0001,Economics
Government Postgraduate College,Kohat,BS,4 Years,0,20-08-2014,Economics
Apwa Degree College For Women[jail Road],Lahore,CERT,4 Years,3500,02-10-2024,Economics
Government College For Women [gulberg],Lahore,BS,4 Years,0,15-05-2024,Economics
Government College For Women[gulberg],Lahore,BS,4 Years,0,28-10-2022,Economics
Government College Of Science[wahdat Road],Lahore,BS,4 Years,0,14-09-2024,Economics
Government College [baghbanpura],Lahore,BS,4 Years,0,05-11-2022,Economics
Government College [township],Lahore,BS,4 Years,0,07-09-2024,Economics
Government Fatima Jinnah College For Women,Lahore,BS (HONS),4 Years,0,05-10-2020,Economics
Government Islamia College Of Commerce,Lahore,BS,4 Years,0,15-11-2022,Economics
Government Islamia College [civil Lines],Lahore,BS,4 Years,0,25-09-2023,Economics
Government Islamia Post Graduate College For Women,Lahore,BS,4 Years,0,17-09-2019,Economics
Government Islamia Post Graduate College For Women [cooper Road],Lahore,BS,4 Years,0,21-09-2023,Economics
Government M.a.o College,Lahore,BS (HONS),4 Years,0,30-11-1999,Economics
Government Post Graduate College For Women [samanabad],Lahore,BS (HONS),4 Years,0,28-10-2021,Economics
Government Postgraduate College For Women [wahdat Conlony],Lahore,BS,4 Years,0,06-11-2021,Economics
Government Queen Marry College,Lahore,BS,4 Years,0,15-07-2024,Economics
University College Lahore,Lahore,B.Sc. [Hons],4 Years,0,15-08-2014,Economics
Government Degree College For Boys[kot Sultan],Layyah,BS,4 Years,0,30-11--0001,Economics
Government Post Graduate College,Mandi Baha-ud-din,BS,4,0,26-10-2020,Economics
Government Postgraduate College,Mansehra,BS,4 Years,0,22-08-2015,Economics
Emerson University Multan,Multan,BS,4 Years,0,15-08-2025,Economics
Government College For Women [katchery],Multan,BS,4 Years,0,30-11--0001,Economics
Government College,Muzafargarh,BS,4 Years,0,05-10-2021,Economics
Government Postgraduate Boys College,Muzaffarabad,BS,4 Years,0,20-10-2012,Economics
Government Post Graduate College,Nowshera,BS,4 Years,0,08-09-2014,Economics
Government College For Boys,Peshawar,BS,4 Years,0,30-08-2017,Economics
Government College Peshawar,Peshawar,BS,4 Years,0,31-08-2019,Economics
Government Degree College For Bys[hayatabad],Peshawar,BS,4 Years,0,31-08-2018,Economics
Government Frontier College For Women,Peshawar,BS,4 Years,0,30-08-2014,Economics
Government Superior Science College,Peshawar,BS,4 Years,0,20-08-2016,Economics
Jinnah College For Women,Peshawar,BS,4 Years,0,04-10-2021,Economics
Government College [quet],Quetta,BS,4 Years,0,05-04-2025,Economics
Government Girls College,Quetta,BS,4 Years,0,05-04-2025,Economics
Government Girls Degree College[quarry Road],Quetta,BS,4 Years,0,20-04-2025,Economics
Khawaj Farid Government Post Graduate College,Rahim Yar Khan,BS,4,0,10-10-2020,Economics
F.g Sir Syed Degree College,Rawalpindi,BS,4 Years,0,03-10-2023,Economics
Government Degree College For Women [dhoke Ratta],Rawalpindi,B.Sc.,2 Years,0,01-01-1970,Economics
Government Post Graduate College[asghar Mall ],Rawalpindi,BS,4,0,17-08-2025,Economics
Government Post Graduate Gordon College,Rawalpindi,BS,4 Years,0,08-09-2023,Economics
Government Post Graduate College,Sahiwal,BS,4 Years,0,09-10-2013,Economics
Government Post Grduate College For Women,Sahiwal,BS,4 Years,0,10-11-2022,Economics
Government Post Graduate College For Women [chandni Chowk],Sargodha,BS,4 Years,0,30-11--0001,Economics
Government Murray College,Sialkot,BS,4 Years,15000,18-08-2023,Economics
Government Postgraduate College For Women,Sialkot,BS,4 Years,0,30-11--0001,Economics
Government Post Graduate College,Swabi,BS,4 Years,0,05-09-2015,Economics
Government Degree College,Timergara,BS,4 Years,0,08-10-2021,Economics
Federal Government Post Graduate College For Women,Wah Cantt,BS,4 Years,0,30-09-2022,Economics
University College Of Zhob,Zhob,BS,4 Years,0,26-01-2026,Economics
Akhuwat College For Women,Chakwal,BS,4 Years,0,11-09-2019,Economics
Gul-e-fatima Post Graduate College,D.g.khan,BS,4 Years,0,14-11-2015,Economics
Edison College,Faisalabad,BS,4 Years,0,07-08-2017,Economics
Faisalabad College For Women[main Samanabad Road],Faisalabad,BS,4 Years,0,04-08-2017,Economics
"Kips College, Boys, Jail Road",Faisalabad,BS,4 Years,0,15-10-2019,Economics
"Kips College, Girls, Jail Road",Faisalabad,BS,4 Years,0,15-10-2019,Economics
Shiblee College Of Commerce & Science,Faisalabad,BS,4 Years,0,24-10-2020,Economics
Shiblee College Of Commerce For Women[gulberg Campus],Faisalabad,BS,4 Years,0,24-10-2020,Economics
"Iqra Degree College, Havelian",Havelian,AD,2 Years,0,04-12-2021,Economics
Alta Vista College,Islamabad,B.Sc. [Hons],3 Years,0,18-06-2011,Economics
The Millennium University College,Islamabad,B.Sc. [Hons],4 Years,0,11-09-2021,Economics
Universal College Islamabad,Islamabad,B.Sc.,3 Years,0,29-09-2018,Economics
Gabriel College,Mandi Baha-ud-din,B.Sc. [Hons],4 Years,0,31-10-2015,Economics
Scholars College,Multan,BA [PASS],2 Years,0,30-11--0001,Economics
The Noble College Of Education,Multan,BS,4 Years,0,09-10-2020,Economics
Edwardes College,Peshawar,BS,4 Years,0,24-09-2025,Economics
Barani Institute Of Sciences,Burewala,BS,4 Years,0,26-09-2014,Economics
South Punjab Institute Of Science & Technology,D.g.khan,BS,4 Years,0,30-10-2016,Economics
Health Services Academy,Islamabad,BS,4 Years,0,31-01-2026,Economics
Lahore Institute For Social Sciences,Lahore,BS,4 Years,0,28-11-2015,Economics
Horizon Institute Of Higher Studies,Peshawar,BS,4 Years,0,09-11-2018,Economics
It Alrounders,Peshawar,BS,4 Years,0,18-10-2014,Economics
The Limit Institution Of Health Sciences,Sahiwal,BS,4 Years,0,18-11-2016,Economics
University Of Gujrat ( Sialkot Campus),Sialkot,BS,4 Years,0,18-09-2017,Economics
Abdulwali Khan University ( Timergara Campus ),Timergara,BS,4 Years,35000,18-08-2025,Economics
Institute Of Business Management,Karachi,BS,4 Years,155800,28-07-2022,Economics Law
"Superior Group Of Colleges, Ravi Campus Shahdara",Lahore,B.Sc.,2 Years,0,15-10-2016,Economics Law
University College Lahore,Lahore,B.Sc.,3 Years,0,15-08-2014,Economics Management
Government Degree College For Women [dhoke Ratta],Rawalpindi,B.Sc.,2 Years,0,01-01-1970,Economics Management
Alta Vista College,Islamabad,B.Sc. [Hons],3 Years,0,18-06-2011,Economics Management
Universal College Islamabad,Islamabad,B.Sc.,3 Years,0,29-09-2018,Economics Management
Institute Of Business Administration [khi],Karachi,BS,4 Years,199500,11-06-2025,Economics Mathematics
Institute Of Business Management,Karachi,BS,4 Years,155800,28-07-2022,Economics Mathematics
Lahore University Of Management Sciences,Lahore,BS,4 Years,680400,10-03-2026,Economics Mathematics
University Of Loralai,Loralai,BS,4 Years,11300,18-08-2025,Economics Politics
Lahore University Of Management Sciences,Lahore,B.Sc. [Hons],4 Years,680400,10-03-2026,Economics Politics
University Of Science & Technology,Bannu,B.Sc.,4 Years,44300,20-09-2025,Electrical
Gomal University,D.i. Khan,B.Sc. [Engg.],4 Years,52220,31-07-2025,Electrical
Government College University,Faisalabad,B.Sc.,4 Years,63400,24-06-2025,Electrical
University Of Gujrat,Gujrat,BS,4 Years,68010,15-08-2025,Electrical
Air University,Islamabad,BS,4 Years,112050,25-07-2025,Electrical
Comsats University Islamabad,Islamabad,BE,4` Years,0,09-07-2025,Electrical
Federal Urdu University Of Arts Science & Technology Islamabad,Islamabad,B.Sc.,4 Years,93000,15-02-2007,Electrical
Institute Of Space Technology,Islamabad,BS,4 Years,147659,31-07-2025,Electrical
International Islamic University,Islamabad,BS,4 Years,99900,30-07-2025,Electrical
"National University Of Computer And Emerging Sciences, Islamabad",Islamabad,BS,4 Years,160000,04-07-2025,Electrical
National University Of Science & Technology,Islamabad,BE,4 Years,174050,25-01-2026,Electrical
National University Of Technology,Islamabad,BS,4 Years,115000,12-07-2025,Electrical
Pakistan Institute Of Engineering & Applied Sciences,Islamabad,B.Sc. [Engg.],4 Years,112000,28-03-2025,Electrical
Mehran University Of Engineering & Technology,Jamshoro,BE,4 Years,38600,18-08-2025,Electrical
University Of Sindh,Jamshoro,BS,4 Years,15200,14-09-2025,Electrical
Ned University Of Engineering & Technology,Karachi,BE,4 Years,46670,20-05-2025,Electrical
Uit University,Karachi,BE,4 Years,0,18-07-2025,Electrical
Balochistan University Of Engineering & Technology,Khuzdar,BE,4 Years,16000,17-10-2025,Electrical
Government College University Lahore,Lahore,B.Sc. [Engg.],4 Years,150000,08-08-2025,Electrical
Information Technology University,Lahore,BS,4 Years,206000,18-06-2025,Electrical
Lahore College For Women University,Lahore,BE,4 Years,55350,25-09-2025,Electrical
"University Of Engineering & Technology, Lahore",Lahore,B.Sc. [Engg.],4 Years,62427,22-03-2026,Electrical
University Of The Punjab,Lahore,B.Sc. [Engg.],4 Years,47540,25-09-2025,Electrical
The University Of Larkano,Larkana,BS,4 Years,0,24-06-2025,Electrical
"University Of Engineering & Technology ,mardan",Mardan,B.Sc. [Engg.],4 Years,48825,15-08-2025,Electrical
Mirpur University Of Science And Technology,Mir Pur (ajk),BS,4 Years,74300,15-08-2024,Electrical
"Bahauddin Zakariya University, Multan",Multan,B.Sc. [Engg.],4 Years,43650,18-08-2025,Electrical
Muhammad Nawaz Sharif University Of Engineering And Technology,Multan,B.Sc. [Engg.],4 Years,40300,15-09-2023,Electrical
Nfc Institute Of Engineering & Technology,Multan,BE,4 Years,79300,01-08-2025,Electrical
University Of Azad Jammu & Kashmir,Muzaffarabad,B.Sc. [Engg.],4 Years,0,08-08-2025,Electrical
"Quaid-e-awam University Of Engineering, Sciences & Technology",Nawab Shah,BE,4 Years,20000,31-05-2025,Electrical
"University Of Engineering & Technology, Peshawar",Peshawar,B.Sc. [Engg.],4 Years,85000,19-08-2025,Electrical
Balochistan University Of It & Management Sciences,Quetta,BS,4 Years,48415,26-01-2026,Electrical
Khawaja Fareed University Of Engineering & Information Technology,Rahim Yar Khan,B.Sc. [Engg.],4 Years,40250,20-06-2025,Electrical
"Unversity Of The Poonch, Rawala Kot",Rawala Kot,B.Sc. [Engg.],4 Years,0,20-08-2025,Electrical
University Of Sargodha,Sargodha,B.Sc. [Engg.],4 Years,64000,11-07-2025,Electrical
Sukkur Iba University,Sukkur,BS,4 Years,120000,07-02-2026,Electrical
"University Of Engineering &  Technology, Taxila",Taxila,B.Sc. [Engg.],4 Years,102400,22-03-2026,Electrical
Qurtuba University Of Science & Technology [di Khan],D.i. Khan,B.Sc. [Engg.],4 Years,0,31-12-2022,Electrical
The University Of Faisalabad,Faisalabad,B.Sc. [Engg.],4 Years,187500,07-10-2023,Electrical
Gift University,Gujranwala,B.Sc. [Hons],4 Years,227920,01-02-2026,Electrical
Isra University/hospital,Hyderabad,BS,4 Years,260000,13-07-2024,Electrical
Capital University Of Science And Technology,Islamabad,BS,4 Years,374000,02-09-2025,Electrical
Muslim Youth University,Islamabad,BS,4 Years,187200,25-02-2025,Electrical
Riphah International University,Islamabad,B.Sc. [Engg.],4 Years,138000,30-07-2024,Electrical
Sir Syed Case Institute Of Technology,Islamabad,B.Sc. [Engg.],4 Years,185000,21-08-2024,Electrical
Dha Suffa University(main Campus),Karachi,BE,4 Years,215000,14-06-2025,Electrical
Habib University,Karachi,BS,4 Years,1194000,31-01-2023,Electrical
Hamdard University,Karachi,BE,4 Years,155400,13-07-2024,Electrical
Institute Of Business Management,Karachi,BE,4 Years,155800,28-07-2022,Electrical
Karachi Institute Of Economics & Technology,Karachi,BE,4 Years,117600,06-01-2024,Electrical
Muhammad Ali Jinnah University,Karachi,BE,4 Years,156750,22-07-2024,Electrical
Nazeer Hussain University,Karachi,BE,4 Years,155000,17-12-2023,Electrical
Sir Syed University Of Engineering & Technology,Karachi,B.Sc. [Engg.],4 Years,172800,19-07-2024,Electrical
Zia-ud-din Medical University,Karachi,BS,4 Years,176000,26-08-2025,Electrical
Green International University,Lahore,BS,4 Years,0,11-11-2023,Electrical
Hajvery University,Lahore,BE,4 Years,180000,30-11--0001,Electrical
Imperial College Of Business Studies,Lahore,B.Sc. [Engg.],4 Years,0,21-08-2023,Electrical
Lahore Leads University ( Faculty Of Engineering ),Lahore,B.Sc. [Engg.],4 Years,196000,20-11-2022,Electrical
Lahore University Of Management Sciences,Lahore,BS,4 Years,811100,10-03-2026,Electrical
Minhaj University,Lahore,BS,4 Years,258000,31-10-2025,Electrical
The University Of Lahore ( Main Campus ),Lahore,BS,4 Years,281500,14-09-2024,Electrical
University Of Central Punjab,Lahore,B.Sc. [Engg.],4 Years,352375,10-10-2024,Electrical
University Of Management And Technology,Lahore,BS,4 Years,374750,31-07-2024,Electrical
Institute Of Southern Punjab,Multan,B.Sc. [Engg.],4 Years,0,31-08-2024,Electrical
Abasyn University,Peshawar,B.Sc.,4 Years,198000,04-11-2024,Electrical
Cecos University Of Information Tech. & Emerging Sciences,Peshawar,B.Sc. [Engg.],4 Years,300000,28-07-2025,Electrical
City University Of Science & Information Technology,Peshawar,B.Sc.,4 Years,160000,14-10-2024,Electrical
Iqra National University,Peshawar,BE,4 Years,103518,30-09-2025,Electrical
Sarhad University Of Science & Information Technology,Peshawar,BE,4 Years,18500,05-12-2025,Electrical
Grand Asian University Sialkot,Sialkot,BS,4 Years,0,21-09-2024,Electrical
Ghulam Ishaq Khan  Institute Of Engineering Sciences & Technology,Swabi,BS,4 Years,695000,30-05-2024,Electrical
Hitec University,Taxila,BS,4 Years,220000,30-08-2025,Electrical
University Of Wah,Wah Cantt,B.Sc. [Engg.],4 Years,204000,20-09-2023,Electrical
Comsats University Islamabad ( Abbotabad Campus ),Abbottabad,BS,4 Years,121150,04-08-2025,Electrical
Comsats University Islamabad ( Attock Campus ),Attock,BS,4 Years,121150,11-08-2025,Electrical
University Of Engineering & Technology ( Bannu Campus ),Bannu,B.Sc. [Engg.],4 Years,60000,19-08-2025,Electrical
University Of Engineering And Technology[fiasalabad Campus],Faisalabad,B.Sc. [Engg.],4 Years,62427,22-03-2026,Electrical
Rachna College Of Engineering And Technology,Gujranwala,B.Sc. [Engg.],4 Years,62427,22-03-2026,Electrical
Universtiy Of Engineering And Technology (sub Campus),Kala Shah Kaku,B.Sc. [Engg.],4 Years,62427,11-07-2025,Electrical
Bahria University ( Karachi Campus ),Karachi,BE,4 Years,121550,17-11-2025,Electrical
"Mehran University Of Engineering And Technology ( Szab Campus, Khair Pur )",Khair Pur,BE,4 Years,120000,18-08-2025,Electrical
University Of Engineering & Technology Peshawar ( Kohat Campus ),Kohat,B.Sc. [Engg.],4 Years,85000,19-08-2025,Electrical
Comsats University Islamabad( Lahore Campus ),Lahore,BS,4 Years,121150,17-07-2025,Electrical
"Quaid-e-awam University Of Engineering, Science And Technology, Larkana Campus",Larkana,BE,4 Years,0,10-06-2023,Electrical
University Of Engineering & Technology (narowal Campus),Narowal,BS,4 Years,62427,22-03-2026,Electrical
University Of Engineering & Technology Peshawar ( Jalozai Campus ),Pabbi,B.Sc. [Engg.],4 Years,60000,19-08-2025,Electrical
Comsats University Islamabad ( Sahiwal Campus ),Sahiwal,BS,4 Years,121150,15-08-2025,Electrical
Comsats University Islamabad ( Wah Campus ),Wah,BS,4 Years,121150,01-08-2024,Electrical
National University Of Computer And Emerging Sciences ( Faisalabad Campus ),Faisalabad,BS,4 Years,160000,04-07-2025,Electrical
"Riphah International University, Faisalabad Campus",Faisalabad,B.Sc. [Engg.],4 Years,150000,18-10-2025,Electrical
Abasyn University (sub Campus),Islamabad,BE,4 Years,0,07-02-2023,Electrical
Hamdard University - Islamabad Campus,Islamabad,BE,4 Years,163400,15-07-2023,Electrical
The University Of Lahore ( Islamabad Campus ),Islamabad,BS,4 Years,190000,06-09-2019,Electrical
"Air University, Aerospace & Aviation Campus Kamra",Kamra,BS,4 Years,112050,15-07-2025,Electrical
"Air University, Karachi Campus",Karachi,BS,4 Years,0,25-08-2025,Electrical
Isra University [khi],Karachi,BS,4 Years,260000,09-11-2018,Electrical
National University Of Computer And Emerging Sciences ( Karachi Campus ),Karachi,BS,4 Years,160000,04-07-2025,Electrical
National University Of Computer And Emerging Sciences ( Lahore ),Lahore,BS,4 Years,160000,04-07-2025,Electrical
Riphah International University Lahore,Lahore,B.Sc. [Engg.],4 Years,119800,15-01-2024,Electrical
National University Of Computer And Emerging Sciences ( Peshawar Campus ),Peshawar,BS,4 Years,160000,04-07-2025,Electrical
Foundation University Islamabad (sub Campus),Rawalpindi,BS,4 Years,200000,01-08-2025,Electrical
Riphah International University ( Rawalpindi Campus ),Rawalpindi,BS,4 Years,0,19-09-2018,Electrical
"University Of Management And Technology, Sialkot Campus",Sialkot,BS,4 Years,0,30-10-2021,Electrical
"Pak- Austria Fachhuochschule, Institute Of Applied Sciences And Technology",Haripur,BE,4 Years,0,03-01-2025,Electrical
Pakistan Navy Engineering College,Karachi,BE,4 Years,174050,25-01-2026,Electrical
Ali Ahmad Shah University College Of Engineering  & Tech.,Mir Pur (ajk),B.Sc. [Engg.],4 Years,0,01-01-1970,Electrical
College Of Electrical And Mechenical Engineering,Rawalpindi,BS,4 Years,174050,25-01-2026,Electrical
Chenab College Of Engineering & Technology,Gujranwala,B.Sc. [Engg.],4 Years,0,31-10-2019,Electrical
Pimsat - Institute Of Higher Education,Karachi,BE,4 Years,0,18-02-2017,Electrical
Grand Charter College,Lahore,B.Sc. [Engg.],4 Years,50000,02-08-2018,Electrical
Rise Group Of Colleges,Lahore,B.Sc. [Engg.],4 Years,0,15-11-2015,Electrical
Sharif College Of Engineering & Technology,Lahore,B.Sc. [Engg.],4 Years,144000,04-09-2023,Electrical
Namal College,Mianwali,B.Sc. [Engg.],4 Years,0,30-06-2019,Electrical
Quaid-e-azam College Of Engineering & Technology,Pattoki,B.Sc. [Engg.],4 Years,0,05-11-2016,Electrical
Brave College Of Technology,Peshawar,B.Sc. [Engg.],4 Years,0,09-11-2013,Electrical
Peshawar College Of Engineering,Peshawar,B.Sc. [Engg.],4 Years,0,03-11-2016,Electrical
Swedish College  Of Engineering And Technology,Rahim Yar Khan,B.Sc.,4 Years,0,04-09-2023,Electrical
Army Public College Of Management & Sciences,Rawalpindi,B.Sc. [Engg.],4 Years,0,06-08-2020,Electrical
Iuse School Of Engineering And Management Sciences,Rawalpindi,BS,4 Years,0,07-10-2017,Electrical
Quaid-e-azam College Of Engineering And Technology,Sahiwal,B.Sc. [Engg.],4 Years,0,04-09-2023,Electrical
Islam College Of Engineering & Management Sciences,Sialkot,B.Sc. [Engg.],4 Years,0,03-11-2021,Electrical
Swedish College  Of Engineering And Technology[wah  Cantt Campus],Wah Cantt,B.Sc. [Engg.],4 Years,0,02-10-2022,Electrical
Nfc Institute Of Engineering & Fertilizer Research,Faisalabad,B.Sc. [Engg.],4 Years,45000,22-07-2025,Electrical
Nfc Institute Of Engineering & Fertilizer Research,Faisalabad,B.Sc. [Engg.],4 Years,0,02-07-2019,Electrical
"Centre For Emerging Sciences, Engineering And Technology",Islamabad,B.Sc. [Engg.],4 Years,0,23-09-2016,Electrical
Islamabad Institute Of Arts And Applied Sciences,Islamabad,B.Sc. [Engg.],4 Years,0,03-09-2016,Electrical
Emaan Institute Of Management & Sciences,Karachi,BS,4 Years,96000,20-07-2024,Electrical
Pakistan Institute Of Engineering And Technology,Multan,B.Sc.,4 Years,0,10-08-2019,Electrical
Gandhara Institute Of Sceince & Technology  Pgs Engineering College,Peshawar,B.Sc. [Engg.],4 Years,0,05-10-2019,Electrical
Ata Institute Of Engineering & Technology,Wazirabad,B.Sc. [Engg.],4 Years,0,24-11-2017,Electrical
Ss-care School Of Engineering,Islamabad,B.Sc.,4 Years,0,01-01-1970,Electrical
Grafton College,Islamabad,BE,4 Years,97950,05-12-2022,Electrical
The Islamia University Of Bahawalpur,Bahawal Pur,B.Sc. [Engg.],4 Years,53415,30-06-2025,Electrical Power
The Islamia University Of Bahawalpur,Bahawal Pur,B.Sc. [Engg.],4 Years,53415,30-06-2025,Electronics
The University Of Buner,Buner,BS,4 Years,0,15-08-2025,Electronics
Fata University,Darra Adam Khail,BS,4 Years,0,16-08-2025,Electronics
Air University,Islamabad,BE,4 Years,112050,25-07-2025,Electronics
Comsats University Islamabad,Islamabad,BS,4 Years,112200,17-12-2025,Electronics
"National University Of Modern Languages, Islamabad",Islamabad,BS,4 Years,68000,04-12-2024,Electronics
Quaid-e-azam University,Islamabad,BS,4 Years,54565,29-07-2025,Electronics
Mehran University Of Engineering & Technology,Jamshoro,BE,4 Years,38600,18-08-2025,Electronics
University Of Sindh,Jamshoro,BS,4 Years,25000,17-09-2024,Electronics
Dawood University Of Engineering And Technology,Karachi,BE,4 Years,32000,15-07-2025,Electronics
Ned University Of Engineering & Technology,Karachi,BE,4 Years,46670,20-05-2025,Electronics
Shah Abdul Latif University,Khair Pur,BS,4 Years,28000,22-09-2025,Electronics
Balochistan University Of Engineering & Technology,Khuzdar,BE,4 Years,16000,17-10-2025,Electronics
Government College University Lahore,Lahore,B.Sc. [Engg.],4 Years,90000,08-08-2025,Electronics
The University Of Larkano,Larkana,BS,4 Years,0,27-08-2025,Electronics
"Quaid-e-awam University Of Engineering, Sciences & Technology",Nawab Shah,BE,4 Years,20000,31-05-2025,Electronics
University Of Okara,Okara,BS,4 Years,46000,18-07-2025,Electronics
Islamia College University,Peshawar,BS,4 Years,62000,16-09-2025,Electronics
University Of Peshawar,Peshawar,BS,4 Years,73800,23-09-2025,Electronics
Balochistan University Of It & Management Sciences,Quetta,BS,4 Years,48415,26-01-2026,Electronics
Fatima Jinnah Women University,Rawalpindi,BS,4 Years,52050,18-08-2025,Electronics
University Of Sahiwal,Sahiwal,BS,4 Years,31440,22-07-2024,Electronics
Sukkur Iba University,Sukkur,BE,4 Years,120000,07-02-2026,Electronics
"University Of Engineering &  Technology, Taxila",Taxila,B.Sc. [Engg.],4 Years,102400,22-03-2026,Electronics
University Of Chakwal,Chakwal,BS,4 Years,0,11-08-2025,Electronics
Al-khair University [ajk],Islamabad,BE,4 Years,0,01-01-1970,Electronics
Muslim Youth University,Islamabad,BS,4 Years,0,25-02-2025,Electronics
Karachi Institute Of Economics & Technology,Karachi,B.Sc.,4 Years,111300,06-01-2024,Electronics
Sir Syed University Of Engineering & Technology,Karachi,BS,4 Years,172800,19-07-2024,Electronics
Minhaj University,Lahore,BS,4 Years,0,31-10-2025,Electronics
University Of Central Punjab,Lahore,BS,4 Years,329125,10-10-2024,Electronics
Abasyn University,Peshawar,BS,4 Years,99000,17-03-2023,Electronics
Sarhad University Of Science & Information Technology,Peshawar,BS,4 Years,79000,16-05-2023,Electronics
Ghulam Ishaq Khan  Institute Of Engineering Sciences & Technology,Swabi,BS,4 Years,695000,30-05-2024,Electronics
Comsats University Islamabad ( Abbotabad Campus ),Abbottabad,BS,4 Years,121150,04-08-2025,Electronics
University Of Engineering & Technology ( Abbotabad Campus ),Abbottabad,B.Sc. [Engg.],4 Years,60000,19-08-2025,Electronics
"University Of Engineering & Technology,taxila, ( Chakwal Campus )",Chakwal,B.Sc. [Engg.],4 Years,10430,27-06-2021,Electronics
"Federal Urdu University Of Arts  Science & Technology, Karachi",Karachi,BS,4 Years,23150,10-01-2025,Electronics
"Mehran University Of Engineering And Technology ( Szab Campus, Khair Pur )",Khair Pur,BE,4 Years,120000,10-05-2025,Electronics
Comsats University Islamabad( Lahore Campus ),Lahore,BS,4 Years,121150,29-12-2025,Electronics
"Quaid-e-awam University Of Engineering, Science And Technology, Larkana Campus",Larkana,BE,4 Years,0,10-06-2023,Electronics
"National University Of Modern Languages, Rawalpindi Campus",Rawalpindi,BS,4 Years,68000,28-07-2023,Electronics
"Riphah International University, Faisalabad Campus",Faisalabad,BS,4 Years,84000,18-10-2025,Electronics
"Bahria University, H-11 Campus",Islamabad,BS,4 Years,121550,24-07-2025,Electronics
Isra University [isb]],Islamabad,AD,2 Years,76000,28-09-2021,Electronics
Isra University [isb]],Islamabad,BE,4 Years,168000,05-09-2022,Electronics
Isra University [khi],Karachi,BS,4 Years,260000,09-11-2018,Electronics
Preston University [lhr],Lahore,BIS,4 Years,0,20-06-2016,Electronics
Government Postgraduate College,Bannu,BS,4 Years,0,31-08-2013,Electronics
Government Postgraduate College,Charsadda,BS,4 Years,0,27-08-2018,Electronics
The Limit College Of Engineering & Technology,Lahore,BE,4 Years,0,30-11--0001,Electronics
The Limit College Of Engineering & Technology [okara],Okara,BE,4 Years,0,30-11--0001,Electronics
"Centre For Emerging Sciences, Engineering & Technology",Rawalpindi,BS,4 Years,0,30-11--0001,Electronics
The Limit College Of Engineering & Technology [sahiwal],Sahiwal,BE,4 Years,0,30-11--0001,Electronics
Wah Engineering College,Taxila,B.Sc. [Engg.],4 Years,0,25-07-2011,Electronics
Biztek Institute Of Business & Technology,Karachi,BS,4 Years,0,23-02-2012,Electronics
Usman Institute Of Technology,Karachi,BE,4 Years,215200,22-09-2021,Electronics
Buraq Institute Of Technology,Rawalpindi,DAE,3 Years,0,30-11--0001,Electronics
The University Of Buner,Buner,BS,4 Years,0,18-09-2025,Electronics Communication
The University Of Lahore ( Main Campus ),Lahore,BS,4 Years,152000,19-09-2018,Electronics Communication
The University Of Lahore ( Islamabad Campus ),Islamabad,BS,4 Years,127200,23-03-2019,Electronics Communication
The University Of Lahore ( Main Campus ),Lahore,BS,4 Years,156000,23-08-2025,Electronics Electrical System
Sarhad University Of Science & Information Technology,Peshawar,BS(TECHNOLOGY),4 Years,34000,16-05-2023,Electronics Telecom
Comwave Institute Of Information Technology [abt],Abbottabad,B.TECH,4 Years,0,03-09-2018,Electronics Telecom
Comwave Institute Of Information Technology [haripur],Haripur,B.TECH,4 Years,0,22-09-2018,Electronics Telecom
Air University,Islamabad,BS,4 Years,0,25-07-2025,Embedded System
"The University Of Lahore, Sub Campus",Sargodha,BS,4 Years,0,08-02-2025,Embedded System
City University Of Science & Information Technology,Peshawar,BS,4 Years,0,10-11-2025,Emergency And Critical Care Nursing
University Of Kotli,Kotli,BS,4 Years,0,15-08-2025,Emergency Clinical Medicine Technology
University Of Management And Technology,Lahore,BS,4 Years,0,16-11-2024,Emergency Clinical Medicine Technology
National University Of Medical Sciences,Rawalpindi,BS,4 Years,43000,16-01-2026,Emergency Clinical Medicine Technology
Women University Azad Jammu & Kashmir,Bagh,BS,4 Years,51660,01-09-2025,Emergency Intensive Care Sciences
"Shaheed Zulfiqar Ali Bhutto Medical University, Pims",Islamabad,BS,4 Years,0,22-10-2025,Emergency Intensive Care Sciences
Khyber Medical University,Peshawar,BS,4 Years,80000,30-10-2025,Emergency Intensive Care Sciences
University Of Peshawar,Peshawar,BS,4 Years,0,11-08-2025,Emergency Intensive Care Sciences
The University Of Faisalabad,Faisalabad,BS,4 Years,112500,30-09-2022,Emergency Intensive Care Sciences
Nur International University,Lahore,BS,4 Years,155278,18-01-2025,Emergency Intensive Care Sciences
The Superior University,Lahore,BS,4 Years,0,31-01-2026,Emergency Intensive Care Sciences
The University Of Lahore ( Main Campus ),Lahore,BS,4 Years,0,03-01-2026,Emergency Intensive Care Sciences
Gandhara University,Peshawar,BS,4 Years,0,25-10-2025,Emergency Intensive Care Sciences
Sarhad University Of Science & Information Technology,Peshawar,BS,4 Years,56500,05-12-2025,Emergency Intensive Care Sciences
Institute Of Health Sciences,Islamabad,BS,4 Years,0,11-09-2025,Emergency Intensive Care Sciences
Gulab Devi Educational Complex,Lahore,BS (HONS),4 Years,0,30-11--0001,Emergency Intensive Care Sciences
Bakhtawar Amin Medical And Dental College,Multan,BS,4 Years,0,01-01-2025,Emergency Intensive Care Sciences
Ghazali Institute Of Medical Sciences,Peshawar,BS,4 Years,0,08-09-2025,Emergency Intensive Care Sciences
Hafeez Institute Of Medical Sciences,Peshawar,BS,4 Years,0,13-12-2021,Emergency Intensive Care Sciences
Institute Of Health Care Management And Development,Peshawar,BS,4 Years,0,28-02-2024,Emergency Intensive Care Sciences
Pir Abdul Qadir Shah Jeelani Institute Of Medical Sciences,Gambat,BS,4 Years,0,07-03-2025,Emergency Intensive Care Sciences
Health Services Academy,Islamabad,BS,4 Years,0,31-01-2026,Emergency Intensive Care Sciences
Kmu Institute Of Medical Sciences,Kohat,BS,4 Years,0,18-10-2024,Emergency Intensive Care Sciences
Bashir Institute Of Health Sciences,Islamabad,BS,4 Years,0,08-03-2023,Emergency Intensive Care Sciences
Gulab Devi Post Graduate Medical Institute,Lahore,B.Sc. [Hons],4 Years,0,30-11--0001,Emergency Intensive Care Sciences
Rehman Medical Institute,Peshawar,BS,4 Years,0,13-09-2025,Emergency Intensive Care Sciences
Gomal University,D.i. Khan,BS,4 Years,0,31-07-2025,Emerging Care Technology
Kohat University Of Science & Technology,Kohat,BS,4 Years,70700,15-09-2025,Emerging Care Technology
"Kmu Institute Of Health Sciences, Hazara",Mansehra,BS,4 Years,0,11-09-2025,Emerging Care Technology
Bannu College Of Medical Technologies,Bannu,BS,4 Years,0,21-10-2022,Emerging Care Technology
University Of Azad Jammu & Kashmir,Muzaffarabad,BS,4 Years,0,08-08-2025,Emergency Medicine
Capital College Of Health Sciences,Islamabad,BS,4 Years,0,20-09-2022,Emergency Medicine
Muslim Youth University,Islamabad,BS,4 Years,0,29-10-2025,Emergency Technology
"Kmu Institute Of Health Sciences, Kohat",Kohat,BS,4 Years,0,11-09-2025,Emergency Technology
"Institute Of Health Sciences, Kurram",Para Chinar,BS,4 Years,0,11-09-2025,Emergency Technology
Nishtar Medical College / Nishter Hospital,Multan,B.Sc.,4 Years,0,06-01-2026,Endoscopy
The University Of Lahore ( Main Campus ),Lahore,BS,4 Years,0,03-01-2026,Endoscopy
Pir Abdul Qadir Shah Jeelani Institute Of Medical Sciences,Gambat,BS,4 Years,0,07-03-2025,Endoscopy
Dawood University Of Engineering And Technology,Karachi,BE,4 Years,32000,15-07-2025,Energy Environment
"Quaid-e-awam University Of Engineering, Sciences & Technology",Nawab Shah,BE,4 Years,20000,31-05-2025,Energy Environment
University Of The Punjab,Lahore,B.Sc. [Engg.],4 Years,47540,25-09-2025,Energy Engineering
"University Of Engineering & Technology, Peshawar",Peshawar,B.Sc. [Engg.],4 Years,85000,19-08-2025,Energy Engineering
Universtiy Of Engineering And Technology (sub Campus),Kala Shah Kaku,BS,4 Years,62427,02-06-2025,Energy Management
University Of Agriculture,Faisalabad,B.Sc. [Engg.],4 Years,60500,28-07-2025,Energy Systems Engineering
Balochistan University Of Engineering & Technology,Khuzdar,BE,4 Years,16000,17-10-2025,Energy Systems Engineering
Hamdard University,Karachi,BE,4 Years,138600,15-07-2023,Energy Systems Engineering
Ghulam Ishaq Khan  Institute Of Engineering Sciences & Technology,Swabi,B.Sc. [Engg.],4 Years,695000,30-05-2024,Engineering Science
Karachi Institute Of Economics & Technology,Karachi,BS,4 Years,99750,06-01-2024,Enterprise Resource Planning
"Bahauddin Zakariya University, Multan",Multan,B.Sc. [Hons],4 Years,27150,18-08-2025,Dairy Technology
Sindh Agriculture University,Tando Jam,BS,4 Years,25000,30-09-2025,Dairy Technology
University Of Veterinary And Animal Sciences [ Ravi Campus],Pattoki,BS (HONS),4 Years,22750,12-09-2025,Dairy Technology
The Islamia University Of Bahawalpur,Bahawal Pur,BS,4 Years,48115,30-06-2025,Entrepreneurship
University Of Science & Technology,Bannu,BS,4 Years,25704,20-09-2025,Entrepreneurship
Gomal University,D.i. Khan,BS,4 Years,0,09-01-2026,Entrepreneurship
"Benazir Bhutto Shaheed University, Lyari",Karachi,BS,4 Years,28100,17-11-2025,Entrepreneurship
Sindh Madressatul Islam University,Karachi,BS,4 Years,38000,01-12-2025,Entrepreneurship
University Of Kotli,Kotli,BS,4 Years,0,15-08-2025,Entrepreneurship
Government College University Lahore,Lahore,BS,4 Years,0,11-12-2025,Entrepreneurship
"Abdul Wali Khan University, Mardan",Mardan,BS,4 Years,35000,18-08-2025,Entrepreneurship
"Bahauddin Zakariya University, Multan",Multan,BS,4 Years,27150,18-08-2025,Entrepreneurship
University Of Sargodha,Sargodha,BS,4 Years,30000,15-12-2025,Entrepreneurship
Ibadat International University Islamabad,Islamabad,BS,4 Years,93900,10-09-2023,Entrepreneurship
Institute Of Business Management,Karachi,BS,4 Years,155800,28-07-2022,Entrepreneurship
Jinnah University For Women,Karachi,AD,2 Years,60000,30-05-2025,Entrepreneurship
Karachi Institute Of Economics & Technology,Karachi,BS,4 Years,105000,06-01-2024,Entrepreneurship
Shaheed Benazir Bhutto Dewan University,Karachi,BS,4 Years,0,15-02-2026,Entrepreneurship
Shaheed Zulfiqar Ali Bhutto Institute Of Science & Technology,Karachi,BS,4 Years,140400,12-02-2026,Entrepreneurship
Lahore Leads University,Lahore,BS,4 Years,0,04-09-2025,Entrepreneurship
University Of Management And Technology,Lahore,BS,4 Years,0,31-07-2024,Entrepreneurship
"The Islamia University Of Bahawalpur, Ahmadpur East Campus",Ahmadpur East,BS,4 Years,48115,30-06-2024,Entrepreneurship
"The Islamia University Of Bahawalpur, Liaqatpur Campus",Liaqatpur,BS,4 Years,48115,30-06-2025,Entrepreneurship
The Islamic University Of Bahawalpur[rahimyar Khan Campus],Rahim Yar Khan,BS,4 Years,48115,30-06-2025,Entrepreneurship
"Pak- Austria Fachhuochschule, Institute Of Applied Sciences And Technology",Haripur,BS,4 Years,0,03-01-2025,Entrepreneurship
Emerson University Multan,Multan,BS,4 Years,0,15-08-2025,Entrepreneurship
Muhammad Nawaz Sharif University Of Engineering And Technology,Multan,BS,4 Years,35300,06-12-2021,Entrepreneurship Management
"Unversity Of The Poonch, Rawala Kot",Rawala Kot,BS,4 Years,0,20-08-2025,Environmental Economics
University Of Agriculture,Faisalabad,B.Sc. [Engg.],4 Years,60500,28-07-2025,Environmental Engineering
National University Of Science & Technology,Islamabad,BE,4 Years,174050,25-01-2026,Environmental Engineering
Mehran University Of Engineering & Technology,Jamshoro,BE,4 Years,38600,18-08-2025,Environmental Engineering
"University Of Engineering & Technology, Lahore",Lahore,B.Sc.,4 Years,62427,22-03-2026,Environmental Engineering
"Quaid-e-awam University Of Engineering, Sciences & Technology",Nawab Shah,BE,4 Years,20000,31-05-2025,Environmental Engineering
Khawaja Fareed University Of Engineering & Information Technology,Rahim Yar Khan,BS,4 Years,40250,30-06-2022,Environmental Engineering
"University Of Engineering &  Technology, Taxila",Taxila,B.Sc. [Engg.],4 Years,102400,22-03-2026,Environmental Engineering
Pir Abdul Qadir Shah Jeelani Institute Of Medical Sciences,Gambat,BS,4 Years,0,07-03-2025,Epidemiology Biostatistics
Dadabhoy Institute Of Higher Education,Karachi,BS,4 Years,104750,31-01-2020,Epidemiology Public Health
The Islamia University Of Bahawalpur,Bahawal Pur,BS,4 Years,49665,30-06-2025,E Commerce
University Of Gujrat,Gujrat,BS,4 Years,0,15-08-2025,E Commerce
Allama Iqbal Open University,Islamabad,BS,4 Years,0,10-02-2026,E Commerce
University Of The Punjab,Lahore,BS,4 Years,37540,25-09-2025,E Commerce
"Bahauddin Zakariya University, Multan",Multan,BS,4 Years,0,18-08-2025,E Commerce
"Unversity Of The Poonch, Rawala Kot",Rawala Kot,B.COM [HONS],4 Years,0,20-08-2025,E Commerce
University Of Sialkot,Sialkot,BS,4 Years,129000,01-11-2024,E Commerce
Kasb [ Khadim Ali Shah Bukhari ]  Institute Of Technology,Karachi,AD,2 Years,0,01-10-2022,E Commerce
Hajvery University,Lahore,BS,4 Years,108000,26-10-2024,E Commerce
Minhaj University,Lahore,BS,4 Years,0,31-10-2025,E Commerce
The Superior University,Lahore,BS,4 Years,0,31-01-2026,E Commerce
University Of The Punjab [ Gujranwala Campus ],Gujranwala,BS,4 Years,0,25-09-2025,E Commerce
University Of The Punjab (jhelum Campus),Jhelum,BS,4 Years,0,25-09-2025,E Commerce
"Government Graduate College, Hunza Block, Allama Iqbal Town",Lahore,BS,4 Years,0,30-11-2022,E Commerce
Emerson University Multan,Multan,BS,4 Years,0,15-08-2025,E Commerce
Brains Institute,Peshawar,AD,2 Years,0,30-12-2022,E Commerce
University Of Agriculture,Faisalabad,AD,2 Years,46200,28-07-2025,Farm Management
"Bahauddin Zakariya University, Multan",Multan,B.Sc. [Hons],4 Years,25150,18-08-2025,Farm Management
University Of Sargodha,Sargodha,BS,4 Years,30000,15-12-2025,Farm Management
The Islamia University Of Bahawalpur,Bahawal Pur,BS,4 Years,43015,30-06-2025,Finance Technoloy
International Islamic University,Islamabad,BS,4 Years,62100,31-12-2025,Finance Technoloy
"National University Of Computer And Emerging Sciences, Islamabad",Islamabad,BS,4 Years,160000,04-07-2025,Finance Technoloy
Government College University Lahore,Lahore,BS,4 Years,0,08-08-2025,Finance Technoloy
"Abdul Wali Khan University, Mardan",Mardan,BS,4 Years,35000,18-08-2025,Finance Technoloy
"Bahauddin Zakariya University, Multan",Multan,BS,4 Years,0,18-08-2025,Finance Technoloy
"Unversity Of The Poonch, Rawala Kot",Rawala Kot,BS,4 Years,0,20-08-2025,Finance Technoloy
Pir Mahar Ali Shah Arid Agriculture University,Rawalpindi,BS,4 Years,0,08-08-2025,Finance Technoloy
Sir Syed Case Institute Of Technology,Islamabad,BS,4 Years,0,21-08-2024,Finance Technoloy
Jinnah University For Women,Karachi,BS,4 Years,76000,30-05-2025,Finance Technoloy
Muhammad Ali Jinnah University,Karachi,BS,4 Years,0,22-07-2024,Finance Technoloy
Green International University,Lahore,BS,4 Years,0,02-09-2025,Finance Technoloy
National College Of Business Administration And Economics ( Bahwal Pur Campus ),Bahawal Pur,B.Sc.,4 Years,0,19-10-2025,Finance Technoloy
National University Of Computer And Emerging Sciences ( Faisalabad Campus ),Faisalabad,BS,4 Years,160000,04-07-2025,Finance Technoloy
"Air University, H-11 Campus",Islamabad,BS,4 Years,0,23-12-2025,Finance Technoloy
"Air University, Aerospace & Aviation Campus Kamra",Kamra,BS,4 Years,108460,15-07-2025,Finance Technoloy
"Air University, Karachi Campus",Karachi,BS,4 Years,0,25-08-2025,Finance Technoloy
National University Of Computer And Emerging Sciences ( Lahore ),Lahore,BS,4 Years,160000,04-07-2025,Finance Technoloy
National College Of Business Administration And Economics ( Multan Campus ),Multan,BS,4 Years,0,19-10-2025,Finance Technoloy
Lahore School Of Accountancy & Finance,Lahore,BS,4 Years,0,16-02-2026,Finance Technoloy
University Of Haripur,Haripur,BS,4 Years,41559,17-09-2023,Financial Mathematics
University Of Karachi,Karachi,BS,4 Years,25500,28-11-2025,Financial Mathematics
National Skills University,Islamabad,BS,4 Years,40600,13-09-2025,Financial Technology
Information Technology University,Lahore,BS,4 Years,206000,18-06-2025,Financial Technology
Baba Guru Nanak University,Nankana Sahib,BS,4 Years,29000,19-09-2025,Financial Technology
Lahore Leads University,Lahore,BS,4 Years,0,04-09-2025,Financial Technology
The Superior University,Lahore,BS,4 Years,0,31-01-2026,Financial Technology
Northern University,Nowshera,BS,4 Years,30250,16-02-2026,Financial Technology
"Air University, Multan Campus",Multan,BS,4 Years,108460,18-08-2025,Financial Technology
Foundation University Islamabad (sub Campus),Rawalpindi,BS,4 Years,110000,08-01-2026,Financial Technology
Ghazi University,D.g.khan,BS,4 Years,0,04-07-2025,Fisheries Aquaculture
Gomal University,D.i. Khan,BS,4 Years,0,31-07-2025,Fisheries Aquaculture
University Of Agriculture,Faisalabad,BS,4 Years,0,28-07-2025,Fisheries Aquaculture
University Of Haripur,Haripur,BS,4 Years,20109,26-01-2026,Fisheries Aquaculture
"Abdul Wali Khan University, Mardan",Mardan,BS,4 Years,35000,18-08-2025,Fisheries Aquaculture
The University Of Agriculture,Peshawar,BS,4 Years,33000,15-08-2025,Fisheries Aquaculture
"Unversity Of The Poonch, Rawala Kot",Rawala Kot,BS,4 Years,0,30-09-2023,Fisheries Aquaculture
Shaheed Benazir Bhutto  International University Of Veterinary And Animal Sciences,Sakrand,BS,4 Years,9300,19-12-2025,Fisheries Aquaculture
Sindh Agriculture University,Tando Jam,BS,4 Years,25000,30-09-2025,Fisheries Aquaculture
University Of Veterinary And Animal Sciences [ Ravi Campus],Pattoki,BS (HONS),4 Years,22750,12-09-2025,Fisheries Aquaculture
Emerson University Multan,Multan,BS,4 Years,0,15-08-2025,Fisheries Aquaculture
University Of Gujrat,Gujrat,BS,4 Years,0,15-08-2025,Food Processing Packaging Technology
Gomal University,D.i. Khan,BS,4 Years,0,31-07-2025,Food Quality Management
"Bahauddin Zakariya University, Multan",Multan,BS,4 Years,27150,18-08-2025,Food Quality Management
University Of Management And Technology,Lahore,BS,4 Years,0,24-10-2024,Food Quality Management
Grand Asian University Sialkot,Sialkot,BS,4 Years,0,21-09-2024,Food Quality Management
Pir Mahar Ali Shah Arid Agriculture University,Rawalpindi,BS,4 Years,0,08-08-2025,Food Safety Control
University Of Sindh,Jamshoro,BS,4 Years,15200,14-09-2025,Food Nutrition
Gift University,Gujranwala,BS,4 Years,121000,01-02-2026,Food Nutrition
"National College Of Business Administration And Economics, Lahore",Lahore,BS,4 Years,144000,26-02-2023,Food Nutrition
Nur International University,Lahore,BS,4 Years,155278,30-09-2024,Food Nutrition
University Of South Asia,Lahore,BS,4 Years,188000,05-11-2022,Food Nutrition
"Karakuram International University, Diamer Campus",Chilas,BS,4 Years,0,28-02-2022,Food Nutrition
"Federal Government College Of Home Economics And Management Sciences,f-7/2",Islamabad,BS,4 Years,0,07-09-2025,Food Nutrition
College Of Home Economics,Peshawar,BS,4 Years,0,04-10-2021,Food Nutrition
Multan College Of Health And Nutrition Sciences,Multan,B.Sc. [Hons],4 Years,0,10-02-2020,Food Nutrition
Multan College Of Physiotherapy,Multan,B.Sc. [Hons],4 Years,0,28-11-2022,Food Nutrition
Aims Institute Of Management Sciences,Lahore,BS,4 Years,0,26-11-2016,Food Nutrition
Kaims International Institute,Multan,BS,4 Years,0,31-07-2019,Food Nutrition
Multan Institute Of Health Sciences,Multan,BS,4 Years,0,29-09-2016,Food Nutrition
The Limit Institution Of Health Sciences,Sahiwal,BS,4 Years,0,18-11-2016,Food Nutrition
University Of Agriculture,Faisalabad,B.Sc. [Engg.],4 Years,60500,28-07-2025,Food Engineering
Ned University Of Engineering & Technology,Karachi,BE,5 Years,46670,20-05-2025,Food Engineering
Grand Asian University Sialkot,Sialkot,AD,2 Years,0,12-11-2022,Food Science
Comand College,Sahiwal,BS,4 Years,0,03-10-2019,Food Science
University Of Sargodha ( Comand Campus Sahiwal ),Sahiwal,BS,4 Years,0,30-11--0001,Food Science
Kinnaird College For Women,Lahore,BS,4 Years,90200,04-07-2025,Food Sciences Human Nutrition
Gomal University,D.i. Khan,BS,4 Years,0,31-07-2025,Food Science Nutrition
Women University Swabi,Swabi,BS,4 Years,77000,12-09-2025,Food Science Nutrition
Comsats University Islamabad ( Sahiwal Campus ),Sahiwal,BS,4 Years,112200,16-01-2026,Food Science Nutrition
Abbottabad University Of Science And Technology,Abbottabad,BS,4 Years,28500,26-08-2025,Food Science Technology
Cholistan University Of  Veterinary & Animal Sciences,Bahawal Pur,BS,4 Years,37500,31-01-2026,Food Science Technology
Cholistan University Of  Veterinary & Animal Sciences,Bahawal Pur,AD,2 Years,37500,15-08-2024,Food Science Technology
The Government Sadiq College Women University,Bahawal Pur,BS,4 Years,0,28-01-2026,Food Science Technology
The Islamia University Of Bahawalpur,Bahawal Pur,BS,4 Years,49665,30-06-2025,Food Science Technology
Ghazi University,D.g.khan,B.Sc. [Hons],4 Years,21300,04-07-2025,Food Science Technology
Mir Chakar Khan Rind University Of Technology,D.g.khan,BS,4 Years,0,31-07-2025,Food Science Technology
Gomal University,D.i. Khan,BS,4 Years,46600,31-07-2025,Food Science Technology
Government College University,Faisalabad,BS,4 Years,28200,12-01-2026,Food Science Technology
Government College University,Faisalabad,AD,2 Years,28200,12-01-2026,Food Science Technology
Government College Women University,Faisalabad,BS,4 Years,33100,31-07-2025,Food Science Technology
University Of Agriculture,Faisalabad,B.Sc. [Hons],4 Years,51700,28-07-2025,Food Science Technology
Karakuram International University,Gilgit,BS,4 Years,41900,10-08-2025,Food Science Technology
University Of Haripur,Haripur,BS,4 Years,23039,26-01-2026,Food Science Technology
International Islamic University,Islamabad,BS,4 Years,89685,31-12-2025,Food Science Technology
Sindh Madressatul Islam University,Karachi,BS,4 Years,51100,01-12-2025,Food Science Technology
University Of Karachi,Karachi,BS,4 Years,21000,28-11-2025,Food Science Technology
University Of The Punjab,Lahore,BS,4 Years,47540,25-09-2025,Food Science Technology
University Of Veterinary And Animal Sciences,Lahore,BS,4 Years,45500,12-09-2025,Food Science Technology
"Abdul Wali Khan University, Mardan",Mardan,BS,4 Years,45000,18-08-2025,Food Science Technology
"Bahauddin Zakariya University, Multan",Multan,B.Sc. [Hons],4 Years,27150,18-08-2025,Food Science Technology
Muhammad Nawaz Sharif University Of Agriculture,Multan,B.Sc. [Hons],4 Years,25200,25-07-2025,Food Science Technology
Nfc Institute Of Engineering & Technology,Multan,BS,4 Years,79300,01-08-2025,Food Science Technology
Kohsar University,Murree,BS,4 Years,0,26-02-2026,Food Science Technology
Baba Guru Nanak University,Nankana Sahib,BS,4 Years,29000,19-09-2025,Food Science Technology
University Of Narowal,Narowal,BS,4 Years,30000,19-02-2026,Food Science Technology
University Of Okara,Okara,BS,4 Years,0,18-07-2025,Food Science Technology
The University Of Agriculture,Peshawar,BS,4 Years,47000,09-01-2026,Food Science Technology
Khawaja Fareed University Of Engineering & Information Technology,Rahim Yar Khan,BS,4 Years,40250,05-01-2026,Food Science Technology
"Unversity Of The Poonch, Rawala Kot",Rawala Kot,BS,4 Years,0,20-08-2025,Food Science Technology
Pir Mahar Ali Shah Arid Agriculture University,Rawalpindi,BS,4 Years,45650,08-08-2025,Food Science Technology
Shaheed Benazir Bhutto  International University Of Veterinary And Animal Sciences,Sakrand,BS,4 Years,9300,19-12-2025,Food Science Technology
University Of Sargodha,Sargodha,BS,4 Years,35000,15-12-2025,Food Science Technology
University Of Swabi,Swabi,BS (HONS),4 Years,51270,16-09-2025,Food Science Technology
Sindh Agriculture University,Tando Jam,BSC (AGRI.) HON,4 Years,25000,30-09-2025,Food Science Technology
Dadabhoy Institute Of Higher Education,Karachi,BS,4 Years,104750,31-01-2020,Food Science Technology
Hamdard University,Karachi,BS,4 Years,77850,15-03-2025,Food Science Technology
Jinnah University For Women,Karachi,BS,4 Years,51000,15-10-2025,Food Science Technology
Jinnah University For Women,Karachi,BS,4 Years,65000,30-05-2025,Food Science Technology
Shaheed Zulfiqar Ali Bhutto Institute Of Science & Technology,Karachi,BS,4 Years,96390,12-02-2026,Food Science Technology
Sir Syed University Of Engineering & Technology,Karachi,BS,4 Years,0,19-07-2024,Food Science Technology
Zia-ud-din Medical University,Karachi,BS,4 Years,0,26-08-2025,Food Science Technology
Green International University,Lahore,BS,4 Years,0,02-09-2025,Food Science Technology
Lahore Leads University,Lahore,BS,4 Years,0,04-09-2025,Food Science Technology
Lahore University Of Biological & Applied Sciences,Lahore,BS,4 Years,0,13-07-2024,Food Science Technology
Minhaj University,Lahore,BS,4 Years,0,18-05-2024,Food Science Technology
Nur International University,Lahore,BS,4 Years,155278,30-09-2024,Food Science Technology
Qarshi University (lhr),Lahore,BS,4 Years,0,12-07-2025,Food Science Technology
The University Of Lahore ( Main Campus ),Lahore,BS,4 Years,219400,31-01-2026,Food Science Technology
University Of Central Punjab,Lahore,BS,4 Years,206500,10-10-2024,Food Science Technology
University Of Management And Technology,Lahore,BS (HONS),4 Years,199750,24-10-2024,Food Science Technology
Grand Asian University Sialkot,Sialkot,AD,2 Years,0,21-09-2024,Food Science Technology
Grand Asian University Sialkot,Sialkot,BS,4 Years,0,21-09-2024,Food Science Technology
"University Of Agriculture Faisalabad, Sub Campu",Burewala,BS,4 Years,0,28-07-2025,Food Science Technology
University Of Agriculture Faisalabad[sub Campus],Depal Pur,BS,4 Years,0,28-07-2025,Food Science Technology
University Of Sargodha (lyallpur Campus),Faisalabad,BS,4 Years,0,30-09-2016,Food Science Technology
Universtiy Of Engineering And Technology (sub Campus),Kala Shah Kaku,BS,4 Years,62427,02-06-2025,Food Science Technology
Government College University Faisalabad (layyah Campus),Layyah,BS,4 Years,0,04-09-2023,Food Science Technology
Government College University Faisalabad (layyah Campus),Layyah,AD,2 Years,0,04-09-2023,Food Science Technology
University Of Veterinary And Animal Sciences [ Ravi Campus],Pattoki,BS,4 Years,22750,12-09-2025,Food Science Technology
"Government College University Faisalabad, Sahiwal Campus",Sahiwal,AD,2 Years,0,04-09-2023,Food Science Technology
"Government College University Faisalabad, Sahiwal Campus",Sahiwal,BS,4 Years,0,04-09-2023,Food Science Technology
"The University Of Agriculture, Swat",Swat,B.Sc. [Hons],4 Years,0,19-01-2026,Food Science Technology
"Riphah International University, Faisalabad Campus",Faisalabad,BS,4 Years,106000,18-10-2025,Food Science Technology
Abasyn University (sub Campus),Islamabad,BS,4 Years,0,28-12-2025,Food Science Technology
Hamdard University - Islamabad Campus,Islamabad,BS,4 Years,0,15-07-2023,Food Science Technology
Riphah International University Lahore,Lahore,BS,4 Years,0,15-01-2024,Food Science Technology
"The University Of Lahore, Sub Campus",Sargodha,BS,4 Years,0,08-02-2025,Food Science Technology
Khairpur College Of Agricultural Engineering And Technology,Khair Pur,B.Sc. [Hons],4 Years,0,30-09-2025,Food Science Technology
University Of Home Economics,Lahore,BS,4 Years,0,25-07-2025,Food Science Technology
Health Services Academy,Islamabad,BS,4 Years,0,15-03-2024,Food Science Technology
University Of Agriculture,Faisalabad,B.Sc. [Hons],4 Years,46200,28-07-2025,Food Technology
"Quaid-e-awam University Of Engineering, Sciences & Technology",Nawab Shah,BS,4 Years,20000,31-05-2025,Food Technology
Institute Of Southern Punjab,Multan,BS,4 Years,0,31-08-2024,Food Technology
Liaquat University Of Medical And Health Sciences,Jamshoro,BS,4 Years,68000,10-10-2025,Forensic Chemistry
The Islamia University Of Bahawalpur,Bahawal Pur,BS,4 Years,47115,30-06-2025,Forensic Studies
Government College Women University,Faisalabad,BS,4 Years,33100,31-07-2025,Forensic Studies
Dow University Of Health Sciences,Karachi,BS,4 Years,140000,20-12-2025,Forensic Studies
Hazara University,Mansehra,BS,4 Years,38980,01-09-2025,Forensic Studies
"Abdul Wali Khan University, Mardan",Mardan,BS,4 Years,35000,18-08-2025,Forensic Studies
Khawaja Fareed University Of Engineering & Information Technology,Rahim Yar Khan,BS,4 Years,40250,20-06-2025,Forensic Studies
"Unversity Of The Poonch, Rawala Kot",Rawala Kot,BS,4 Years,0,20-08-2025,Forensic Studies
University Of Swat,Swat,BS,4 Years,19730,12-10-2023,Forensic Studies
The University Of Modern Sciences,Tando Muhammad Khan,BS,4 Years,0,16-12-2024,Forensic Studies
"Shaheed Benazir Bhutto University, Sheringal",Upper Dir,BS,4 Years,30010,10-10-2025,Forensic Studies
Lahore University Of Biological & Applied Sciences,Lahore,BS,4 Years,0,31-01-2026,Forensic Studies
Emerson University Multan,Multan,BS,4 Years,0,15-08-2025,Forensic Studies
The Islamia University Of Bahawalpur,Bahawal Pur,BS,4 Years,49665,30-06-2025,Forestry
Ghazi University,D.g.khan,B.Sc. [Hons],4 Years,21300,15-08-2022,Forestry
Gomal University,D.i. Khan,BS,4 Years,46600,31-07-2025,Forestry
University Of Agriculture,Faisalabad,BS,4 Years,0,28-07-2025,Forestry
Karakuram International University,Gilgit,BS,4 Years,44100,10-08-2025,Forestry
University Of Haripur,Haripur,BS,4 Years,49259,26-01-2026,Forestry
Kohat University Of Science & Technology,Kohat,BS,4 Years,37700,15-09-2025,Forestry
University Of Loralai,Loralai,BS,4 Years,11300,18-08-2025,Forestry
Hazara University,Mansehra,BS,4 Years,38980,01-09-2025,Forestry
"Abdul Wali Khan University, Mardan",Mardan,BS,4 Years,35000,18-08-2025,Forestry
"Bahauddin Zakariya University, Multan",Multan,BS,4 Years,25150,18-08-2025,Forestry
Kohsar University,Murree,BS,4 Years,0,26-02-2026,Forestry
"Unversity Of The Poonch, Rawala Kot",Rawala Kot,BS,4 Years,0,20-08-2025,Forestry
Pir Mahar Ali Shah Arid Agriculture University,Rawalpindi,BS,4 Years,23150,08-08-2025,Forestry
Shaheed Benazir Bhutto  International University Of Veterinary And Animal Sciences,Sakrand,BS,4 Years,9300,19-12-2025,Forestry
University Of Sargodha,Sargodha,BS,4 Years,30000,15-12-2025,Forestry
University Of Swat,Swat,BS,4 Years,30900,12-10-2023,Forestry
"Shaheed Benazir Bhutto University, Sheringal",Upper Dir,BS,4 Years,30010,10-10-2025,Forestry
Mirpur University Of Science And Technology ( Pallandri Campus),Pallandri,BS,4 Years,0,15-08-2024,Forestry
Pakistan Forest Institute,Peshawar,B.Sc.,2 Years,0,17-08-2025,Forestry
University Of Sindh,Jamshoro,BS,4 Years,15200,14-09-2025,"Fraud Prevention, Detection Investigation"
Gomal University,D.i. Khan,BS,4 Years,46600,31-07-2025,Freshwater Biology Fisheries
University Of Sindh,Jamshoro,BS,4 Years,15200,14-09-2025,Freshwater Biology Fisheries
Riphah International University,Islamabad,BS,4 Years,97000,30-07-2025,Game Design
Sir Syed University Of Engineering & Technology,Karachi,BS,4 Years,172800,19-07-2024,Game Design
University Of Management And Technology,Lahore,BS,4 Years,0,01-10-2025,Game Design
"Pak- Austria Fachhuochschule, Institute Of Applied Sciences And Technology",Haripur,BS,4 Years,0,31-12-2025,Game Design
Institute For Art And Culture,Lahore,BS,4 Years,0,03-09-2025,Game Design
Mehran University Of Engineering & Technology,Jamshoro,BS,4 Years,38600,30-11--0001,Garment Manufacturing
Lahore College For Women University,Lahore,BS,4 Years,46790,25-09-2025,Gender Development
University Of Balochistan,Quetta,BS,4 Years,32000,11-08-2025,Gender Development
Fatima Jinnah Women University,Rawalpindi,BS,4 Years,52050,18-08-2025,Gender Development
Allama Iqbal Open University,Islamabad,BS,4 Years,13750,10-02-2026,Gender Women Studies
The Islamia University Of Bahawalpur,Bahawal Pur,BS,4 Years,43015,30-06-2025,Gender Studies
Quaid-e-azam University,Islamabad,BS,4 Years,54565,29-07-2025,Gender Studies
University Of Sindh,Jamshoro,BS,4 Years,15200,14-09-2025,Gender Studies
University Of Jhang,Jhang,BS,4 Years,0,29-09-2023,Gender Studies
University Of The Punjab,Lahore,BS,4 Years,29940,25-09-2025,Gender Studies
"Bahauddin Zakariya University, Multan",Multan,BS,4 Years,27150,02-01-2026,Gender Studies
University Of Peshawar,Peshawar,BS,4 Years,68400,23-09-2025,Gender Studies
Fatima Jinnah Women University,Rawalpindi,AD,2 Years,52050,18-08-2025,Gender Studies
Fatima Jinnah Women University,Rawalpindi,B.Sc.,4 Years,52050,18-08-2025,Gender Studies
University Of Management And Technology,Lahore,BS,4 Years,124750,31-07-2024,Gender Studies
Government Fatima Jinnah College For Women,Lahore,BS (HONS),4 Years,0,05-10-2020,Gender Studies
University Of Home Economics,Lahore,BS,4 Years,0,25-07-2025,Gender Studies
University Of Sindh,Jamshoro,BS,4 Years,15200,04-10-2023,General History
"Federal Urdu University Of Arts  Science & Technology, Karachi",Karachi,BA [HONS],4 Years,20600,29-11-2024,General History
Jinnah Medical & Dental College,Karachi,B.NURS,4 Years,0,31-08-2016,General Nursing
Cholistan University Of  Veterinary & Animal Sciences,Bahawal Pur,BS,4 Years,37500,15-08-2024,Genetics
The Islamia University Of Bahawalpur,Bahawal Pur,BS,4 Years,47115,30-06-2025,Genetics
Gomal University,D.i. Khan,BS,4 Years,0,31-07-2025,Genetics
University Of Sindh,Jamshoro,BS,4 Years,15200,14-09-2025,Genetics
University Of Karachi,Karachi,BS,4 Years,18500,07-11-2025,Genetics
Kinnaird College For Women,Lahore,BS,4 Years,90200,01-12-2025,Genetics
"Shaheed Benazir Bhutto University, Nawab Shah",Nawab Shah,BS,4 Years,18000,06-10-2025,Genetics
Pir Mahar Ali Shah Arid Agriculture University,Rawalpindi,BS,4 Years,0,08-08-2025,Genetics
University Of Swat,Swat,BS,4 Years,30900,12-10-2023,Genetics
"University Of Health Sciences, Kala Shah Kaku Campus",Kala Shah Kaku,BS,4 Years,0,30-01-2020,Genetics
University Of Veterinary And Animal Sciences [ Ravi Campus],Pattoki,BS,4 Years,22750,12-09-2025,Genetics
Emerson University Multan,Multan,BS,4 Years,0,15-08-2025,Genetics
University Of The Punjab,Lahore,BS,4 Years,48650,25-09-2025,Geographical Information System
The Islamia University Of Bahawalpur,Bahawal Pur,BS,4 Years,47115,30-06-2025,Geography
Government College University,Faisalabad,BA [HONS],4 Years,28200,24-06-2025,Geography
Government College Women University,Faisalabad,BS,4 Years,33100,31-07-2025,Geography
Karakuram International University,Gilgit,BS,4 Years,0,10-08-2025,Geography
University Of Gujrat,Gujrat,BS,4 Years,68010,15-08-2025,Geography
University Of Sindh,Jamshoro,BA [PASS],4 Years,15200,14-09-2025,Geography
University Of Karachi,Karachi,BS,4 Years,18500,07-11-2025,Geography
Shah Abdul Latif University,Khair Pur,BS,4 Years,13000,22-09-2025,Geography
Kohat University Of Science & Technology,Kohat,BS,4 Years,0,15-09-2025,Geography
Government College University Lahore,Lahore,B.Sc. [Hons],4 Years,52000,24-09-2023,Geography
Kinnaird College For Women,Lahore,BS,4 Years,90200,01-12-2025,Geography
Lahore College For Women University,Lahore,BS,4 Years,56050,25-09-2025,Geography
University Of The Punjab,Lahore,BS (HONS),4 Years,32940,25-09-2025,Geography
"Bahauddin Zakariya University, Multan",Multan,BS,4 Years,27150,02-01-2026,Geography
Islamia College University,Peshawar,BS,4 Years,62000,16-09-2025,Geography
Shaheed Benazir Bhutto Women University,Peshawar,BS,4 Years,29513,28-09-2025,Geography
University Of Peshawar,Peshawar,BS,4 Years,71000,23-09-2025,Geography
University Of Balochistan,Quetta,BS,4 Years,32000,11-08-2025,Geography
University Of Sargodha,Sargodha,BS,4 Years,30000,15-12-2025,Geography
Forman Christian College,Lahore,B.Sc. [Hons],4 Years,358200,30-11-2025,Geography
Lahore Garrison University,Lahore,BS,4 Years,174635,30-11--0001,Geography
"Government College University Lahore, Kala Shah Kaku Campus",Kala Shah Kaku,BS,4 Years,0,11-12-2025,Geography
"Federal Urdu University Of Arts  Science & Technology, Karachi",Karachi,BA [HONS],4 Years,22250,29-11-2024,Geography
"Federal Urdu University Of Arts  Science & Technology, Karachi",Karachi,B.Sc. [Hons],4 Years,22250,29-11-2024,Geography
Government S E College,Bahawal Pur,BS,4 Years,0,26-09-2014,Geography
Government Post Graduate College [samanabad],Faisalabad,BS,4 Years,0,23-09-2023,Geography
Government Post Graduate College,Jhang,BS (HONS),4 Years,0,30-09-2025,Geography
Government College Of Science[wahdat Road],Lahore,BS,4 Years,0,14-09-2024,Geography
Government College For Boys,Peshawar,BS,4 Years,0,30-08-2017,Geography
Government College Peshawar,Peshawar,BS,4 Years,0,31-08-2019,Geography
Government College [quet],Quetta,BS,4 Years,0,05-04-2025,Geography
Government Post Graduate College[asghar Mall ],Rawalpindi,BS,4 Years,0,17-08-2025,Geography
Government Post Graduate College,Sahiwal,BS,4 Years,0,30-11--0001,Geography
Government Post Graduate College,Swabi,BS,4 Years,0,05-09-2015,Geography
"Iqra Degree College, Havelian",Havelian,AD,2 Years,0,04-12-2021,Geography
National University Of Science & Technology,Islamabad,BS,4 Years,174050,25-01-2026,Geoinformatics
Pir Mahar Ali Shah Arid Agriculture University,Rawalpindi,BS,4 Years,45650,09-09-2024,Geoinformatics
"University Of Engineering & Technology, Lahore",Lahore,B.Sc. [Engg.],4 Years,62427,22-03-2026,Geological Engineering
Balochistan University Of It & Management Sciences,Quetta,BS,4 Years,48415,26-01-2026,Geological Engineering
"Government College University Lahore, Kala Shah Kaku Campus",Kala Shah Kaku,BS,4 Years,0,11-12-2025,Global Studies
Government College Women University,Faisalabad,CERT,4 Years,0,31-07-2025,Government Public Policy
National Defence University,Islamabad,BS,4 Years,88507,31-12-2025,Government Public Policy
University Of Loralai,Loralai,BS,4 Years,11300,12-08-2024,Government Public Policy
"Abdul Wali Khan University, Mardan",Mardan,BS,4 Years,35000,18-08-2025,Government Public Policy
University Of Peshawar,Peshawar,BS,4 Years,0,23-09-2025,Government Public Policy
Minhaj University,Lahore,BS,4 Years,0,31-10-2025,Government Public Policy
Abasyn University,Peshawar,BS,4 Years,0,30-03-2022,Government Public Policy
University Of Okara,Okara,CERT,4 Years,46000,18-07-2025,Graphic Animation
The Islamia University Of Bahawalpur,Bahawal Pur,B.DES,4 Years,46565,30-06-2025,Graphic Designing
Mir Chakar Khan Rind University Of Technology,D.g.khan,BS,4 Years,0,31-07-2025,Graphic Designing
Government College University,Faisalabad,AD,2 Years,36700,24-06-2025,Graphic Designing
Government College University,Faisalabad,BFA,4 Years,36700,24-06-2025,Graphic Designing
Government College University Lahore,Lahore,BFA,4 Years,48000,24-09-2023,Graphic Designing
Lahore College For Women University,Lahore,BS,4 Years,56790,25-09-2025,Graphic Designing
University Of Education,Lahore,BS,4 Years,15374,02-09-2025,Graphic Designing
University Of The Punjab,Lahore,BFA,4 Years,41940,25-09-2025,Graphic Designing
"Bahauddin Zakariya University, Multan",Multan,BS,4 Years,27150,18-08-2025,Graphic Designing
The Women University,Multan,BS,4 Years,34750,07-01-2025,Graphic Designing
Baba Guru Nanak University,Nankana Sahib,BS,4 Years,31250,19-09-2025,Graphic Designing
University Of Sargodha,Sargodha,B.DES,4 Years,36000,15-12-2025,Graphic Designing
University Of Sialkot,Sialkot,BS,4 Years,121000,01-11-2024,Graphic Designing
University Of Sialkot,Sialkot,AD,2 Years,121000,01-11-2024,Graphic Designing
The University Of Faisalabad,Faisalabad,AD,2 Years,0,07-10-2023,Graphic Designing
The University Of Faisalabad,Faisalabad,BS,4 Years,350000,07-10-2023,Graphic Designing
Gift University,Gujranwala,B.DES,4 Years,148720,01-02-2026,Graphic Designing
Jinnah University For Women,Karachi,BS,4 Years,65000,15-10-2025,Graphic Designing
"National College Of Business Administration And Economics, Lahore",Lahore,B.DES,4 Years,144000,26-02-2023,Graphic Designing
The Superior University,Lahore,BS,4 Years,0,31-01-2026,Graphic Designing
University Of Management And Technology,Lahore,BS,4 Years,224750,31-07-2024,Graphic Designing
Institute Of Southern Punjab,Multan,BFA,4 Years,0,31-01-2025,Graphic Designing
Comsats Institute Of Information Technology (virtual Campus),Faisalabad,BS,4 Years,0,12-09-2014,Graphic Designing
"Government College University Lahore, Kala Shah Kaku Campus",Kala Shah Kaku,BS,4 Years,0,08-08-2025,Graphic Designing
National College Of Business Administration And Economics ( Bahwal Pur Campus ),Bahawal Pur,BS,4 Years,0,19-10-2025,Graphic Designing
National College Of Business Administration And Economics ( Multan Campus ),Multan,BS,4 Years,0,19-10-2025,Graphic Designing
"University Of Management And Technology, Sialkot Campus",Sialkot,BS,4 Years,0,30-10-2021,Graphic Designing
"Federal Government College Of Home Economics And Management Sciences,f-7/2",Islamabad,AD,2 Years,0,07-09-2025,Graphic Designing
Government Queen Marry College,Lahore,BS,4 Years,0,15-07-2024,Graphic Designing
University Of Home Economics,Lahore,BS,4 Years,0,25-07-2025,Graphic Designing
Emerson University Multan,Multan,BS,4 Years,0,15-08-2025,Graphic Designing
Hunerkada,Islamabad,BS,4 Years,0,08-10-2015,Graphic Designing
Hunerkada College Of Visual & Performing Arts,Lahore,BS,4 Years,0,30-10-2021,Graphic Designing
Lahore School Of Fashion Design,Lahore,B.DES,4 Years,0,31-05-2018,Graphic Designing
National College Of Business Administration & Economics (front Lane Campus),Lahore,B.DES,4 Years,0,17-09-2018,Graphic Designing
"International Institute Of Science, Arts And Technology",Gujranwala,BS,4 Years,0,05-10-2025,Graphic Designing
Islamabad Institute Of Arts And Applied Sciences,Islamabad,BFA,4 Years,0,03-09-2016,Graphic Designing
Aawaz Institute Of Media And Management Sciences,Karachi,BS,4 Years,0,25-01-2022,Graphic Designing
Institute For Art And Culture,Lahore,BS,4 Years,0,03-09-2025,Graphic Designing
"Institute Of Art, Design & Management",Lahore,BA [PASS],2 Years,0,02-10-2017,Graphic Designing
Ata Institute Of Engineering & Technology,Wazirabad,BFAD,4 Hours,0,30-11--0001,Graphic Designing
Health Services Academy,Islamabad,BS,4 Years,0,31-01-2026,Health Economics Management
Shifa Tameer-e-millat University,Islamabad,BS,4 Years,144000,29-09-2022,Health Services Management
University Of Science & Technology,Bannu,BS,4 Years,0,20-09-2025,Health Technology
Khyber Medical University,Peshawar,BS,4 Years,80000,30-10-2025,Health Technology
Abasyn University,Peshawar,BS,4 Years,0,01-02-2026,Health Technology
Sarhad University Of Science & Information Technology,Peshawar,BS,4 Years,56500,05-12-2025,Health Technology
"Kmu Institute Of Health Sciences, G. I. Khan Campus",D.i. Khan,BS,4 Years,0,11-09-2025,Health Technology
"Kmu Institute Of Health Sciences, Kohat",Kohat,BS,4 Years,0,11-09-2025,Health Technology
Kmu Institute Of Health Sciences,Swabi,BS,4 Years,0,11-09-2025,Health Technology
Institute Of Health Sciences,Islamabad,BS,4 Years,0,11-09-2025,Health Technology
Ghazali Institute Of Medical Sciences,Peshawar,BS,4 Years,0,08-09-2025,Health Technology
International College Of Health Sciences,Peshawar,BS,4 Years,0,19-11-2022,Health Technology
National College Of Nursing,Peshawar,BS,4 Years,0,20-12-2025,Health Technology
Kmu Institute Of Medical Sciences,Kohat,BS,4 Years,0,18-10-2024,Health Technology
Comwave Institute Of Information Technology,Islamabad,BS,4 Years,0,18-11-2023,Health Technology
Kmu Institute Of Health Sciences,Mardan,BS,4 Years,0,11-09-2025,Health Technology
Global Institute Of Medical Sciences,Peshawar,BS,4 Years,0,30-11-2024,Health Technology
Premier Institute Of Health And Management Sciences,Peshawar,BS,4 Years,0,17-09-2024,Health Technology
Rehman Medical Institute,Peshawar,BS,4 Years,0,13-09-2025,Health Technology
Barikot College Of Nursing,Barikot,CERT,4 Years,0,12-04-2025,Health
Institute Of Professional Learning,Charsadda,BS,4 Years,0,31-07-2014,Health
National Institute Of Health And Management Sciences,Peshawar,BS (HONS),4 Years,0,20-12-2025,Health
University Of Gujrat,Gujrat,BS,4 Years,0,15-08-2025,Healthcare Management
Dow University Of Health Sciences,Karachi,BS,4 Years,0,19-01-2026,Healthcare Management
Khawaja Fareed University Of Engineering & Information Technology,Rahim Yar Khan,BS,4 Years,40250,20-06-2025,Healthcare Management
The University Of Veterinary & Animal Sciences,Swat,BS,4 Years,18000,30-09-2025,Healthcare Management
Lahore Leads University,Lahore,BS,4 Years,0,04-09-2025,Healthcare Management
"Air University, H-11 Campus",Islamabad,BS,4 Years,0,23-12-2025,Healthcare Management
The University Of Faisalabad,Faisalabad,BS,4 Years,0,07-10-2023,Healthcare Systems Management
Mir Chakar Khan Rind University Of Technology,D.g.khan,BS,4 Years,0,31-07-2025,Health Safety Management
Hamdard University,Karachi,BS,4 Years,84700,15-07-2023,Health Safety Management
Women University Swabi,Swabi,BS,4 Years,45760,13-09-2024,Health Biotechnology
Riphah International University,Islamabad,BS,4 Years,102000,30-07-2025,Health Care Business Management
Lahore University Of Biological & Applied Sciences,Lahore,BS,4 Years,0,13-07-2024,Health Care Hospital Management
Liaquat University Of Medical And Health Sciences,Jamshoro,BS,4 Years,50000,10-10-2025,Health Informatics
Women University Swabi,Swabi,BS,4 Years,77000,12-09-2025,Health Informatics
"Pak- Austria Fachhuochschule, Institute Of Applied Sciences And Technology",Haripur,BS,4 Years,0,03-01-2025,Health Informatics
Health Services Academy,Islamabad,BS,4 Years,0,31-01-2026,Health Management
Government College University,Faisalabad,BS,4 Years,24300,24-06-2025,Heritage Management
Hazara University,Mansehra,BS,4 Years,38980,01-09-2025,Heritage Management
"Bahauddin Zakariya University, Multan",Multan,BS,4 Years,27150,18-08-2025,Heritage Management
University Of Narowal,Narowal,BS,4 Years,30000,19-02-2026,Heritage Management
University Of The Punjab,Lahore,BS,4 Years,41940,25-09-2025,High Energy Physics
Abbottabad University Of Science And Technology,Abbottabad,B.Sc.,4 Years,27500,26-08-2025,History
The Islamia University Of Bahawalpur,Bahawal Pur,BS,4 Years,43015,30-06-2025,History
Ghazi University,D.g.khan,BS,4 Years,21300,04-07-2025,History
Gomal University,D.i. Khan,BS,4 Years,0,09-01-2026,History
Gomal University,D.i. Khan,AD,2 Years,0,09-01-2026,History
Government College University,Faisalabad,BS,4 Years,24300,12-01-2026,History
University Of Gujrat,Gujrat,BS,4 Years,66590,15-08-2025,History
University Of Haripur,Haripur,BS,4 Years,18648,26-01-2026,History
Allama Iqbal Open University,Islamabad,BS,4 Years,13750,10-02-2026,History
International Islamic University,Islamabad,BS (HONS),4 Years,50400,31-12-2025,History
"National University Of Modern Languages, Islamabad",Islamabad,BS,4 Years,48610,12-12-2022,History
Quaid-e-azam University,Islamabad,BS,4 Years,54565,29-07-2025,History
University Of Sindh,Jamshoro,BS,4 Years,15200,14-09-2025,History
University Of Karachi,Karachi,BA [HONS],4 Years,15000,28-11-2025,History
Government College University Lahore,Lahore,BA [HONS],4 Years,48000,24-09-2023,History
Lahore College For Women University,Lahore,BS,4 Years,46790,25-09-2025,History
University Of Education,Lahore,BS,4 Years,20214,02-09-2025,History
University Of The Punjab,Lahore,BS,4 Years,29940,25-09-2025,History
Hazara University,Mansehra,BS,4 Years,38980,01-09-2025,History
University Of Mianwali,Mianwali,BS,4 Years,0,31-10-2022,History
"Bahauddin Zakariya University, Multan",Multan,BS,4 Years,20150,15-09-2025,History
The Women University,Multan,BS,4 Years,24250,07-01-2025,History
University Of Azad Jammu & Kashmir,Muzaffarabad,BS,4 Years,0,08-08-2025,History
Shaheed Benazir Bhutto Women University,Peshawar,BS,4 Years,29513,28-09-2025,History
University Of Peshawar,Peshawar,BS,4 Years,71000,23-09-2025,History
University Of Balochistan,Quetta,BS,4 Years,32000,11-08-2025,History
University Of Sargodha,Sargodha,BS,4 Years,30000,15-12-2025,History
"Aror University Of Art, Architecture, Design And Heritage",Sukkur,BS,4 Years,54000,14-01-2026,History
Forman Christian College,Lahore,BA [HONS],4 Years,358200,30-11-2025,History
Lahore University Of Management Sciences,Lahore,B.Sc. [Hons],4 Years,680400,10-03-2026,History
Minhaj University,Lahore,BS,4 Years,93750,31-10-2025,History
"Government College University Lahore, Kala Shah Kaku Campus",Kala Shah Kaku,BS,4 Years,0,11-12-2025,History
University Of Gujrat (lahore Campus),Lahore,BS,4 Years,0,25-08-2018,History
"Shaheed Benazir Bhutto Women University Peshawar, Sub Campus",Swabi,BS,4 Years,0,10-10-2013,History
Government Postgraduate College,Charsadda,BS,4 Years,0,27-08-2018,History
Government Post Graduate College [samanabad],Faisalabad,BS,4 Years,0,23-09-2023,History
"Islamabad College For Boys, G-6/3",Islamabad,AD,2 Years,0,30-08-2024,History
Government Post Graduate College,Jhang,BS,4 Years,0,30-09-2025,History
Apwa Degree College For Women[jail Road],Lahore,AD,2 Years,0,02-10-2024,History
Government College [baghbanpura],Lahore,BS,4 Years,0,05-11-2022,History
Government Islamia College [civil Lines],Lahore,BS,4 Years,0,25-09-2023,History
Government College For Women [katchery],Multan,BS,4 Years,0,30-11--0001,History
Government College [quet],Quetta,BS,4 Years,0,05-04-2025,History
Government Postgraduate College For Women[satellite Town],Rawalpindi,BS,4 Years,0,30-11--0001,History
Government Ambala Muslim College,Sargodha,BS,4 Years,0,30-11--0001,History
Government Post Graduate College For Women [chandni Chowk],Sargodha,BS,4 Years,0,30-11--0001,History
Government Post Graduate College,Swabi,BS,4 Years,0,05-09-2015,History
Government Degree College,Timergara,BS,4 Years,0,08-10-2021,History
Abbottabad University Of Science And Technology,Abbottabad,B.Sc.,4 Years,27500,26-08-2025,Home Economics
The Islamia University Of Bahawalpur,Bahawal Pur,BS,4 Years,43015,30-06-2025,Home Economics
Kalam Bibi International Women Institute,Bannu,BS,4 Years,0,18-09-2025,Home Economics
"Bahauddin Zakria University,multan[d.g.khan Campus]",D.g.khan,BS,4 Years,0,26-01-2015,Home Economics
Gomal University,D.i. Khan,BS,4 Years,40000,31-07-2025,Home Economics
Fata University,Darra Adam Khail,BS,4 Years,22000,02-10-2024,Home Economics
Government College University,Faisalabad,BS,4 Years,28200,12-01-2026,Home Economics
Government College Women University,Faisalabad,BS,4 Years,30200,31-07-2025,Home Economics
University Of Agriculture,Faisalabad,B.Sc.,2 Years,46200,28-07-2025,Home Economics
Lahore College For Women University,Lahore,BS,4 Years,56050,25-09-2025,Home Economics
Mirpur University Of Science And Technology,Mir Pur (ajk),BS,4 Years,39250,15-08-2024,Home Economics
Muhammad Nawaz Sharif University Of Agriculture,Multan,BS,4 Years,25200,29-09-2025,Home Economics
Shaheed Benazir Bhutto Women University,Peshawar,BS,4 Years,29513,20-09-2024,Home Economics
University Of Peshawar,Peshawar,BS,4 Years,71000,23-09-2025,Home Economics
"Unversity Of The Poonch, Rawala Kot",Rawala Kot,BS,4 Years,0,20-08-2025,Home Economics
University Of Sargodha,Sargodha,BS,4 Years,74220,15-12-2025,Home Economics
Gift University,Gujranwala,AD,2 Years,121000,01-02-2026,Home Economics
Gift University,Gujranwala,BS,4 Years,121000,01-02-2026,Home Economics
Lahore Garrison University,Lahore,BS,4 Years,174635,30-11--0001,Home Economics
"University Of Science And Technology, Women Campus",Bannu,BS,4 Years,32800,10-09-2021,Home Economics
"Shaheed Benazir Bhutto Women University Peshawar, Sub Campus",Swabi,BS,4 Years,0,02-09-2014,Home Economics
University Of Swat ( Women Campus ),Swat,BS,4 Years,19730,12-10-2023,Home Economics
"Riphah International University, Faisalabad Campus",Faisalabad,BS,4 Years,100000,18-10-2025,Home Economics
Government College For Women [madina Town],Faisalabad,BS,4 Years,0,30-11--0001,Home Economics
Government Home Economics College,Gujranwala,BS (HONS),4 Years,0,19-10-2025,Home Economics
Government Dr. I.h. Zuberi Girls College Of Home Economics,Hyderabad,B.Sc.,2 Years,0,01-01-1970,Home Economics
"Federal Government College Of Home Economics And Management Sciences,f-7/2",Islamabad,BS,4 Years,0,07-09-2025,Home Economics
Government College For Women[korangi No.4],Karachi,B.Sc.,2 Years,0,01-01-1970,Home Economics
Rana Liaquat Ali Khan Government College,Karachi,BS,4 Years,0,31-12-2025,Home Economics
Government Degree College For Women,Khair Pur,B.Sc.,2 Years,0,01-01-1970,Home Economics
Government College For Women [gulberg],Lahore,BS,4 Years,0,15-05-2024,Home Economics
Government College For Women[gulberg],Lahore,BS,4 Years,0,28-10-2022,Home Economics
Government Post Graduate College For Women [samanabad],Lahore,BS (HONS),4 Years,0,28-10-2021,Home Economics
Government Queen Marry College,Lahore,BS,4 Years,0,15-07-2024,Home Economics
University Of Home Economics,Lahore,BS,4 Hours,0,25-07-2025,Home Economics
Government College For Women [katchery],Multan,BS,4 Years,0,30-11--0001,Home Economics
Government Home Economics College Nowshera,Nowshera,BS,4 Years,0,02-09-2019,Home Economics
College Of Home Economics,Peshawar,B.Sc.,2 Years,0,22-08-2019,Home Economics
Nisa Girls College,Sialkot,B.Sc.,2 Years,0,08-01-2022,Home Economics
University Of Chitral,Chitral,BS,4 Years,0,30-10-2023,Horticulture
University Of Agriculture,Faisalabad,BS,4 Years,0,28-07-2025,Horticulture
Karakuram International University,Gilgit,BS,4 Years,41900,10-08-2025,Horticulture
University Of Haripur,Haripur,BS,4 Years,49259,04-02-2025,Horticulture
Kinnaird College For Women,Lahore,BS,4 Years,90200,01-12-2025,Horticulture
University Of Swabi,Swabi,BS (HONS),4 Years,51270,16-09-2025,Horticulture
Sindh Agriculture University,Tando Jam,BSC (AGRI.) HON,4 Years,25000,30-09-2025,Horticulture
"The University Of Agriculture, Swat",Swat,B.Sc. [Hons],4 Years,0,19-01-2026,Horticulture
Khairpur College Of Agricultural Engineering And Technology,Khair Pur,BSC (AGRI.) HON,4 Years,0,30-09-2025,Horticulture
University Of Gujrat,Gujrat,BS,4 Years,0,15-08-2025,Hospitality Management
Punjab University Of Technology  [ Rasul],Mandi Baha-ud-din,BS,4 Years,0,25-09-2025,Hospitality Management
The University Of Chenab,Gujrat,AD,2 Years,0,03-01-2026,Hospitality Management
Riphah International University,Islamabad,BS,2 Years,140000,30-07-2025,Hospitality Management
Beaconhouse National University,Lahore,BS,4 Years,276775,30-12-2025,Hospitality Management
Riphah International University Lahore,Lahore,BS,4 Years,0,25-01-2026,Hospitality Management
Ithm College,Faisalabad,B.Sc.,4 Years,0,31-08-2024,Hospitality Management
Jinnah Sindh Medical University,Karachi,BBA,4 Years,0,12-12-2024,Hospital Health Services Management
University Of Gujrat,Gujrat,AD,2 Years,68010,15-08-2025,Hotel Management
Aga Khan University,Karachi,BS,4 Years,0,17-12-2024,Human Environmental Biology
Mardan Institute Of Sciences,Mardan,BS,4 Years,0,31-10-2014,Human Nutrition
Government Degree College Of Special Education,Bahawal Pur,BA [PASS],2 Years,0,03-10-2022,Humanities
Govt Shalimar College,Lahore,BA [PASS],2 Years,0,20-09-2012,Humanities
Government College For Women [shah Rukh-e-alam],Multan,BA [PASS],2 Years,0,26-09-2018,Humanities
F.g Degree College For Women [abid Majeed Raod],Rawalpindi,BA [PASS],2 Years,0,03-10-2023,Humanities
Al-haram College Of Education,Faisalabad,BA [PASS],2 Years,0,30-11--0001,Humanities
Defence Authority Degree College For Women,Karachi,BA [PASS],2 Years,0,31-12-2016,Humanities
Jauhar Degree College,Karachi,BA [PASS],2 Years,0,30-11--0001,Humanities
Ashrafia Girls College,Lahore,BA [PASS],2 Years,0,01-08-2022,Humanities
"Garrison Post Graduate College For Women,lahore Cantt",Lahore,BA [PASS],2 Years,0,24-09-2011,Humanities
Jinnah Islamia College Of Commerce,Lahore,BA [PASS],2 Years,0,31-10-2018,Humanities
Leads College Of Commerce,Lahore,B.COM,2 Years,0,30-11--0001,Humanities
Standard College,Lahore,BA [PASS],2 Years,0,02-09-2016,Humanities
The Lahore Institute Of Management & Information Technology,Lahore,BA [PASS],2 Years,0,30-11--0001,Humanities
The Lahore Institute Of Management & Information Technology [multan],Multan,BA [PASS],2 Years,0,30-11--0001,Humanities
The Lahore Institute Of Management & Information Technology [okara],Okara,BA [PASS],2 Years,0,30-11--0001,Humanities
Quaid-e-azam Degree College,Peshawar,BA [PASS],2 Years,0,02-09-2017,Humanities
"Askaria College, Boys Wing",Rawalpindi,BA [PASS],2 Years,0,25-08-2017,Humanities
College Of Global Technologies,Rawalpindi,BA [PASS],2 Years,0,28-02-2013,Humanities
Jinnah Islamia Group Of Colleges,Rawalpindi,B.COM,2 Years,0,30-11--0001,Humanities
The Lahore Institute Of Management & Information Technology [sahiwal],Sahiwal,BA [PASS],2 Years,0,30-11--0001,Humanities
Nisa Girls College,Sialkot,BA [PASS],2 Years,0,08-01-2022,Humanities
Jinnah Muslim Law College,Islamabad,BA [PASS],2 Years,0,13-08-2016,Humanities
Central College [lhr],Lahore,B.Sc. [Hons],2 Years,0,27-09-2014,Humanities
Ibl Group Of Colleges [sgd],Sargodha,BA [PASS],2 u,0,30-11--0001,Humanities
University Of Peshawar,Peshawar,BS,4 Years,0,23-09-2025,Human Development Early Child Development
"Federal Government College Of Home Economics And Management Sciences,f-7/2",Islamabad,BS,4 Years,0,07-09-2025,Human Development Early Child Development
University Of Home Economics,Lahore,BS,4 Years,0,25-07-2025,Human Development Early Child Development
College Of Home Economics,Peshawar,BS,4 Years,0,04-10-2021,Human Development Early Child Development
Abbottabad University Of Science And Technology,Abbottabad,BS,2 Hours,0,26-08-2025,Human Diet Nutrition
Cholistan University Of  Veterinary & Animal Sciences,Bahawal Pur,BS,4 Years,37500,15-08-2024,Human Diet Nutrition
The Islamia University Of Bahawalpur,Bahawal Pur,BS,4 Years,49665,30-06-2025,Human Diet Nutrition
Bacha Khan University,Charsadda,BS,4 Years,37000,22-09-2025,Human Diet Nutrition
Ghazi University,D.g.khan,BS,4 Years,21300,15-08-2023,Human Diet Nutrition
Gomal University,D.i. Khan,BS,4 Years,0,31-07-2025,Human Diet Nutrition
Government College University,Faisalabad,BS,4 Years,36800,24-06-2025,Human Diet Nutrition
Karakuram International University,Gilgit,BS,4 Years,41900,10-08-2025,Human Diet Nutrition
University Of Gujrat,Gujrat,BS,4 Years,0,15-08-2025,Human Diet Nutrition
University Of Haripur,Haripur,BS,4 Years,49929,26-01-2026,Human Diet Nutrition
Allama Iqbal Open University,Islamabad,BCS,4 Years,43950,10-02-2026,Human Diet Nutrition
National University Of Science & Technology,Islamabad,BSC (AGRI.) HON,4 Years,174050,15-01-2026,Human Diet Nutrition
University Of Karachi,Karachi,BS,4 Years,25500,10-10-2025,Human Diet Nutrition
Kohat University Of Science & Technology,Kohat,BS,4 Years,39700,15-09-2025,Human Diet Nutrition
University Of Loralai,Loralai,BS,4 Years,11300,12-08-2024,Human Diet Nutrition
Women University Mardan,Mardan,BS,4 Years,41400,10-09-2025,Human Diet Nutrition
Mirpur University Of Science And Technology,Mir Pur (ajk),BS,4 Years,0,15-08-2024,Human Diet Nutrition
"Bahauddin Zakariya University, Multan",Multan,B.Sc. [Hons],4 Years,27150,18-08-2025,Human Diet Nutrition
Muhammad Nawaz Sharif University Of Agriculture,Multan,B.Sc. [Hons],4 Years,40000,30-11--0001,Human Diet Nutrition
Multan University Of Science And Technology,Multan,BS,4 Years,0,24-01-2025,Human Diet Nutrition
University Of Okara,Okara,BS,4 Years,46000,18-07-2025,Human Diet Nutrition
Shaheed Benazir Bhutto Women University,Peshawar,BS,4 Years,29513,31-01-2025,Human Diet Nutrition
The University Of Agriculture,Peshawar,BS,4 Years,47000,09-01-2026,Human Diet Nutrition
University Of Peshawar,Peshawar,BS,4 Years,0,23-09-2025,Human Diet Nutrition
Bolan University Of Medical & Health Sciences,Quetta,BS,4 Years,0,20-01-2026,Human Diet Nutrition
Sardar Bahadur Khan Women University,Quetta,BS,4 Years,8040,26-08-2024,Human Diet Nutrition
Khawaja Fareed University Of Engineering & Information Technology,Rahim Yar Khan,BS,4 Years,40250,05-01-2026,Human Diet Nutrition
"Unversity Of The Poonch, Rawala Kot",Rawala Kot,BS,4 Years,0,20-08-2025,Human Diet Nutrition
Fatima Jinnah Women University,Rawalpindi,BS,4 Years,52050,18-08-2025,Human Diet Nutrition
University Of Sargodha,Sargodha,BS,4 Years,35000,15-12-2025,Human Diet Nutrition
University Of Sialkot,Sialkot,DND,5 Years,160000,01-03-2025,Human Diet Nutrition
Sindh Agriculture University,Tando Jam,BS,4 Years,25000,30-09-2025,Human Diet Nutrition
University Of Chakwal,Chakwal,BS,4 Years,0,11-08-2025,Human Diet Nutrition
Ibadat International University Islamabad,Islamabad,BS,4 Years,90700,10-09-2023,Human Diet Nutrition
Muslim Youth University,Islamabad,BS,4 Years,0,29-10-2025,Human Diet Nutrition
Riphah International University,Islamabad,BS,2 Years,114000,30-07-2025,Human Diet Nutrition
Hamdard University,Karachi,BS,4 Years,84700,15-03-2025,Human Diet Nutrition
Jinnah University For Women,Karachi,BS,4 Years,65000,15-10-2025,Human Diet Nutrition
Sohail University,Karachi,BS,4 Years,0,17-10-2024,Human Diet Nutrition
Zia-ud-din Medical University,Karachi,BS,4 Years,172800,26-08-2025,Human Diet Nutrition
Lahore Leads University,Lahore,BS,4 Years,0,04-09-2025,Human Diet Nutrition
Lahore University Of Biological & Applied Sciences,Lahore,BS,4 Years,0,31-01-2026,Human Diet Nutrition
Minhaj University,Lahore,BS,4 Years,0,18-05-2024,Human Diet Nutrition
Qarshi University (lhr),Lahore,BS,4 Years,0,12-07-2025,Human Diet Nutrition
Rashid Latif Khan University,Lahore,BS,4 Years,0,25-10-2025,Human Diet Nutrition
The Superior University,Lahore,BS,4 Years,169800,31-01-2026,Human Diet Nutrition
University Of Central Punjab,Lahore,BS,4 Years,160000,10-10-2024,Human Diet Nutrition
University Of Management And Technology,Lahore,BS,4 Years,0,24-10-2024,Human Diet Nutrition
National University Of Medical Sciences,Rawalpindi,BS,4 Years,300000,16-01-2026,Human Diet Nutrition
Grand Asian University Sialkot,Sialkot,BS,4 Years,0,21-09-2024,Human Diet Nutrition
"Pir Mehr Ali Shah Arid Agriculture University Rawalpindi, Sub Campus",Attock,BS,4 Years,0,08-08-2025,Human Diet Nutrition
"University Of Agriculture Faisalabad, Sub Campu",Burewala,BS,4 Years,0,28-07-2025,Human Diet Nutrition
Government College University Faisalabad (layyah Campus),Layyah,BS,4 Years,0,04-09-2023,Human Diet Nutrition
The Islamic University Of Bahawalpur[rahimyar Khan Campus],Rahim Yar Khan,BS,4 Years,49665,25-12-2023,Human Diet Nutrition
"Government College University Faisalabad, Sahiwal Campus",Sahiwal,BS,4 Years,0,04-09-2023,Human Diet Nutrition
"The University Of Agriculture, Swat",Swat,BS,4 Years,0,19-01-2026,Human Diet Nutrition
University Of Agriculture Faisal Abad[toba Tek Singh Campus],Toba Tek Singh,BS,4 Years,0,28-07-2025,Human Diet Nutrition
"Riphah International University, Faisalabad Campus",Faisalabad,BS,4 Years,114000,18-10-2025,Human Diet Nutrition
Abasyn University (sub Campus),Islamabad,BS,4 Years,0,14-12-2024,Human Diet Nutrition
Hamdard University - Islamabad Campus,Islamabad,BS,4 Years,0,15-07-2023,Human Diet Nutrition
"Iqra University, Chak Shahzad Campus",Islamabad,BS,4 Years,121890,29-02-2024,Human Diet Nutrition
Riphah International University Lahore,Lahore,BS,4 Years,0,25-01-2026,Human Diet Nutrition
"The University Of Lahore, Sub Campus",Sargodha,BS,4 Years,0,08-02-2025,Human Diet Nutrition
"Pak- Austria Fachhuochschule, Institute Of Applied Sciences And Technology",Haripur,BS,4 Years,0,03-01-2025,Human Diet Nutrition
Institute Of Health Sciences,Islamabad,BS,4 Years,0,11-09-2025,Human Diet Nutrition
University Of Home Economics,Lahore,BS,4 Years,0,25-07-2025,Human Diet Nutrition
Sutlej College Of Allied Health Sciences,Bahawal Pur,BS,4 Years,0,22-01-2021,Human Diet Nutrition
Layallpur Institute Of Management & Sciences ( Lims ),Faisalabad,BS,4 Years,0,14-10-2017,Human Diet Nutrition
Ahmed College Of Pharmacy & Institute Of Allied Medical Sciences,Gujranwala,BS,4 Years,0,05-10-2018,Human Diet Nutrition
Royal Gorup Of Colleges,Gujranwala,BS,4 Years,0,27-10-2018,Human Diet Nutrition
Allied College Of Health Sciences,Khanewal,BS,4 Years,0,30-09-2021,Human Diet Nutrition
A C E Institute Of Medical And Emerging Sciences,Lahore,BS,4 Years,0,02-11-2024,Human Diet Nutrition
Gulab Devi Educational Complex,Lahore,BS,4 Years,0,30-11--0001,Human Diet Nutrition
Hussain College Of Health Sciences,Lahore,BS,4 Years,0,31-08-2025,Human Diet Nutrition
Informatics Group Of Colleges,Lahore,BS,4 Years,0,31-07-2024,Human Diet Nutrition
Yashfeen College Of Pharmacy,Lahore,BS,4 Years,0,05-10-2024,Human Diet Nutrition
Dr Yahya Institute Of Medical Sciences,Layyah,BS,4 Years,0,15-12-2021,Human Diet Nutrition
Allied College Of Health Sciences,Multan,BS,4 Years,0,26-11-2022,Human Diet Nutrition
Islamic International Institute Of Sciences,Multan,BS,4 Years,0,29-11-2018,Human Diet Nutrition
Center Of Advanced Studies In Health & Technology,Rawalpindi,BS,4 Years,0,05-10-2023,Human Diet Nutrition
Comand College,Sahiwal,BS,4 Years,0,03-10-2019,Human Diet Nutrition
Pir Abdul Qadir Shah Jeelani Institute Of Medical Sciences,Gambat,BS,4 Years,0,07-03-2025,Human Diet Nutrition
Health Services Academy,Islamabad,BS,4 Years,0,31-01-2026,Human Diet Nutrition
The Childrens Hospital & The Institute Of Child Health,Lahore,BS,4 Years,0,29-11-2024,Human Diet Nutrition
Barani Institute Of Management Sciences,Rawalpindi,BS,4 Years,0,31-01-2026,Human Diet Nutrition
Faisal Institute Of Health Sciences,Faisalabad,BS,4 Years,0,25-10-2025,Human Diet Nutrition
"International Institute Of Science, Arts And Technology",Gujranwala,BS,4 Years,0,05-10-2025,Human Diet Nutrition
Abu Zafar Institute Of Medical Sciences,Karachi,BS,4 Years,0,31-12-2018,Human Diet Nutrition
Afro-asian Institute,Lahore,DND,4 Years,0,10-08-2023,Human Diet Nutrition
Gulab Devi Post Graduate Medical Institute,Lahore,BS,4 Years,0,30-11--0001,Human Diet Nutrition
Johar Institute Of Professional Studies,Lahore,BS,4 Years,0,15-11-2024,Human Diet Nutrition
Punjab Institute Of Professional Studies,Lahore,BS,4 Years,0,13-03-2021,Human Diet Nutrition
Laeeque Rafique Institute Of Medical Sciences & Nursing School,Multan,BS,4 Years,0,30-11-2021,Human Diet Nutrition
Royal Institute Of Medical Sciences,Multan,BS,4 Years,0,10-12-2022,Human Diet Nutrition
Sargodha Institute Of Health Sciences,Sargodha,BS,4 Years,0,27-10-2018,Human Diet Nutrition
Times Institute,Multan,BS,4 Years,60000,18-08-2025,Human Diet Nutrition
University Of Health Sciences,Lahore,BS,4 Years,0,07-10-2025,Human Genetics
Government College Women University,Faisalabad,BS,4 Years,33100,31-07-2025,Human Nutrition Dietetics Mission
University Of Agriculture,Faisalabad,B.Sc. [Hons],4 Years,51700,28-07-2025,Human Nutrition Dietetics Mission
Pir Mahar Ali Shah Arid Agriculture University,Rawalpindi,BS,4 Years,45650,08-08-2025,Human Nutrition Dietetics Mission
Gomal University,D.i. Khan,BS,4 Hours,0,18-11-2022,Human Resources Management
University Of Karachi,Karachi,BS,4 Years,55500,28-11-2025,Human Resources Management
University Of Kotli,Kotli,BS,4 Years,0,15-08-2025,Human Resources Management
Virtual University Of Pakistan,Lahore,AD,2 Years,21800,30-09-2025,Human Resources Management
Shifa Tameer-e-millat University,Islamabad,BS,4 Years,144000,29-09-2022,Human Resources Management
Ilma University,Karachi,BBA,4 Years,137150,10-09-2022,Human Resources Management
Lahore Leads University,Lahore,BS,4 Years,0,04-09-2025,Human Resources Management
"Mirpur University Of Science & Technology, Bhimber Campus",Bhimber,BS,4 Years,0,31-07-2023,Human Resources Management
University College Lahore,Lahore,B.Sc.,3 Years,0,15-08-2014,Human Resources Management
Pimsat - Institute Of Higher Education,Karachi,AD,2 Years,0,18-02-2017,Human Resources Management
National College Of Business Administration & Economics (east Canal Campus),Lahore,BS (HONS),4 Years,0,17-09-2018,Human Resources Management
National College Of Business Administration & Economics (front Lane Campus),Lahore,B.Sc.,2 Years,0,14-10-2017,Human Resources Management
"Bahauddin Zakariya University, Multan",Multan,BS,4 Years,0,02-01-2026,Industrial Biochemistry
University Of Gujrat,Gujrat,BS,4 Years,0,15-08-2025,Industrial Design
National University Of Science & Technology,Islamabad,BS,4 Years,174050,25-01-2026,Industrial Design
Karachi Institute Of Technology & Enterpreneurship,Karachi,B.DES,4 Years,218000,30-11--0001,Industrial Design
Institute Of Industrial Electronics Engineering,Karachi,BE,4 Years,0,15-07-2025,Industrial Electronics
Mehran University Of Engineering & Technology,Jamshoro,BE,4 Years,38600,10-05-2025,Industrial Engineering
Dawood University Of Engineering And Technology,Karachi,BE,4 Years,32000,15-07-2025,Industrial Engineering
"University Of Engineering & Technology, Peshawar",Peshawar,B.Sc. [Engg.],4 Years,85000,19-08-2025,Industrial Engineering
"University Of Engineering &  Technology, Taxila",Taxila,B.Sc. [Engg.],4 Years,102400,22-03-2026,Industrial Engineering
University Of Management And Technology,Lahore,BS,4 Years,299750,08-04-2023,Industrial Engineering
University Of Engineering & Technology Peshawar ( Jalozai Campus ),Pabbi,B.Sc. [Engg.],4 Years,60000,19-08-2025,Industrial Engineering
Infinity Institute Of Technology,Lahore,BS,4 Years,0,22-07-2023,Industrial Engineering
University Of The Punjab,Lahore,B.Sc. [Engg.],4 Years,47540,25-09-2025,Industrial Engineering Management
University Of Haripur,Haripur,BS,4 Years,42044,17-09-2023,Industrial Management
Dawood University Of Engineering And Technology,Karachi,BS,4 Years,32000,15-07-2025,Industrial Management
Hamdard University,Karachi,BS,4 Years,84700,13-07-2024,Industrial Management
Institute Of Business Management,Karachi,BS,4 Years,155800,28-07-2022,Industrial Management
The Royal College,Lahore,BBA (H),4 Years,0,11-11-2016,Industrial Management
Ned University Of Engineering & Technology,Karachi,BE,4 Years,46670,20-05-2025,Industrial Manufacturing
"University Of Engineering & Technology, Lahore",Lahore,B.Sc. [Engg.],4 Years,62427,22-03-2026,Industrial Manufacturing
"Quaid-e-awam University Of Engineering, Sciences & Technology",Nawab Shah,BS,4 Years,20000,31-05-2025,Industrial Manufacturing
Textile Institute Of Pakistan,Karachi,BS,4 Years,180000,10-07-2023,Industrial Manufacturing
Rachna College Of Engineering And Technology,Gujranwala,B.Sc. [Engg.],4 Years,62427,22-03-2026,Industrial Manufacturing
Pir Abdul Qadir Shah Jeelani Institute Of Medical Sciences,Gambat,BS,4 Years,0,07-03-2025,Infection Control For Nurses
Isra University [khi],Karachi,BS,4 Years,150000,09-11-2018,Information Communication Technologies
National College Of Business Administration & Economics (west Canal Campus),Lahore,AD,2 Years,0,04-10-2024,Information Technology Management
National College Of Business Administration & Economics (west Canal Campus),Lahore,CERT,4 Years,0,04-10-2024,Information Technology Management
The Islamia University Of Bahawalpur,Bahawal Pur,BS,4 Years,43015,30-06-2025,Information Management
Government College University,Faisalabad,BS,4 Years,24300,18-09-2024,Information Management
University Of The Punjab,Lahore,BS,4 Years,29940,25-09-2025,Information Management
University Of Sargodha,Sargodha,BS,4 Years,30000,15-12-2025,Information Management
The Superior University,Lahore,BS,4 Years,0,31-01-2026,Information Management
University Of Home Economics,Lahore,BS,4 Years,0,25-07-2025,Information Management
Preston University [fdb],Faisalabad,BIS,3 Years,0,01-01-1970,Information Sciences
Preston University [guj],Gujranwala,BIS,4 Years,0,01-01-1970,Information Sciences
Preston University [mut],Multan,BIS,4 Years,0,01-01-1970,Information Sciences
Preston University [qut],Quetta,BIS,3 Years,0,01-01-1970,Information Sciences
The Islamia University Of Bahawalpur,Bahawal Pur,BS,4 Years,49665,30-06-2025,Information Security
Dawood University Of Engineering And Technology,Karachi,BS,4 Years,32000,15-07-2025,Information Security
Government College University Lahore,Lahore,BS,4 Years,140000,08-08-2025,Information Security
"University Of Engineering & Technology, Peshawar",Peshawar,B.TECH,4 Years,0,03-10-2025,Information Security
Sarhad University Of Science & Information Technology,Peshawar,BS,4 Years,41500,05-12-2025,Information Security
"The Islamia University Of Bahawalpur, Ahmadpur East Campus",Ahmadpur East,BS,4 Years,49665,30-06-2024,Information Security
The Islamia University Of Bahawalpur[sub Campus],Bahawal Nagar,BS,4 Years,49665,30-06-2025,Information Security
"The Islamia University Of Bahawalpur, Liaqatpur Campus",Liaqatpur,BS,4 Years,49665,30-06-2025,Information Security
"Riphah International University, Faisalabad Campus",Faisalabad,BS,4 Years,0,18-10-2025,Information Security
College Of Electrical And Mechenical Engineering,Rawalpindi,BS,4 Years,174050,25-01-2026,Information Security
The Islamia University Of Bahawalpur,Bahawal Pur,BS,4 Years,49665,30-06-2025,Information Systems
Khawaja Fareed University Of Engineering & Information Technology,Rahim Yar Khan,BS,4 Years,40250,20-06-2025,Information Systems
Al-khair University,Bhimber,BS,4 Years,0,10-01-2013,Information Systems
Emerson University Multan,Multan,BS,4 Years,0,24-01-2025,Information Systems
Minhaj University,Lahore,BS,4 Years,0,31-10-2025,Information System Management
National College Of Business Administration And Economics ( Bahwal Pur Campus ),Bahawal Pur,BS,4 Years,0,19-10-2025,Information System Management
National College Of Business Administration And Economics ( Multan Campus ),Multan,BS,4 Years,0,19-10-2025,Information System Management
University College Lahore,Lahore,B.Sc.,3 Years,0,15-08-2014,Information System Management
Government Degree College For Women [dhoke Ratta],Rawalpindi,B.Sc.,2 Years,0,01-01-1970,Information System Management
Alta Vista College,Islamabad,B.Sc. [Hons],3 Years,0,18-06-2011,Information System Management
"University Of Engineering & Technology, Lahore",Lahore,BS,4 Years,0,22-03-2026,Information System Technology
The University Of Lahore ( Main Campus ),Lahore,B.TECH [HONS],4 Years,130000,03-01-2026,Information System Technology
Universtiy Of Engineering And Technology (sub Campus),Kala Shah Kaku,BS,4 Years,62427,02-06-2025,Information System Technology
National College Of Business Administration & Economics (west Canal Campus),Lahore,AD,2 Years,0,04-10-2024,Information Technology Management
National College Of Business Administration & Economics (west Canal Campus),Lahore,CERT,4 Years,0,04-10-2024,Information Technology Management
Karakuram International University,Gilgit,BS,4 Years,0,10-08-2025,Inorganic Chemistry
"Shaheed Benazir Bhutto University, Nawab Shah",Nawab Shah,BS,4 Years,18000,30-10-2018,Inorganic Chemistry
The University Of Lahore ( Main Campus ),Lahore,BS,4 Years,130000,18-01-2020,Inorganic Chemistry
Ahmad Hassan Polytechnic Institute,Lahore,BS(TECHNOLOGY),4 Hours,0,23-09-2016,Instrumentation
University College Lahore,Lahore,B.Sc.,3 Years,0,15-08-2014,International Business Trade
College Of Tourism And Hotel Management,Okara,BS (HONS),4 Years,0,30-08-2014,International Hospitality Management
Abbottabad University Of Science And Technology,Abbottabad,BS,4 Years,27500,26-08-2025,International Relations
Women University Azad Jammu & Kashmir,Bagh,BS,4 Years,36260,01-09-2025,International Relations
The Islamia University Of Bahawalpur,Bahawal Pur,BS,4 Years,43015,30-06-2025,International Relations
Thal University,Bhakkar,BS,4 Years,30000,10-01-2025,International Relations
Ghazi University,D.g.khan,BS,4 Years,21300,04-07-2025,International Relations
Gomal University,D.i. Khan,BS,4 Years,0,09-01-2026,International Relations
Government College University,Faisalabad,BS,4 Years,24300,24-06-2025,International Relations
Government College Women University,Faisalabad,BS,4 Years,30200,31-07-2025,International Relations
Karakuram International University,Gilgit,BS,4 Years,33400,10-08-2025,International Relations
University Of Gujrat,Gujrat,BS,4 Years,66590,15-08-2025,International Relations
University Of Haripur,Haripur,BS,4 Years,18648,26-01-2026,International Relations
Allama Iqbal Open University,Islamabad,BS,4 Years,13750,10-02-2026,International Relations
"Bahria University, E-8 Campus",Islamabad,BS,4 Years,123520,18-12-2025,International Relations
Comsats University Islamabad,Islamabad,BS,4 Years,112200,17-12-2025,International Relations
Federal Urdu University Of Arts Science & Technology Islamabad,Islamabad,BS,4 Years,50000,30-01-2026,International Relations
Federal Urdu University Of Arts Science & Technology Islamabad,Islamabad,AD,2 Years,50000,30-01-2026,International Relations
International Islamic University,Islamabad,BS,4 Years,50400,31-12-2025,International Relations
National Defence University,Islamabad,BS,4 Years,88507,31-12-2025,International Relations
"National University Of Modern Languages, Islamabad",Islamabad,BS,4 Years,84580,09-12-2025,International Relations
Quaid-e-azam University,Islamabad,BS,4 Years,56355,29-07-2025,International Relations
University Of Sindh,Jamshoro,BS,4 Years,152000,14-09-2025,International Relations
"Benazir Bhutto Shaheed University, Lyari",Karachi,BS,4 Years,24600,17-11-2025,International Relations
University Of Karachi,Karachi,BS,4 Years,16500,28-11-2025,International Relations
Shah Abdul Latif University,Khair Pur,BA [HONS],4 Years,14000,22-09-2025,International Relations
Kohat University Of Science & Technology,Kohat,BS,4 Years,0,15-09-2025,International Relations
University Of Kotli,Kotli,BS,4 Years,0,15-08-2025,International Relations
Government College University Lahore,Lahore,BS,4 Years,48000,08-08-2025,International Relations
Kinnaird College For Women,Lahore,BS,4 Years,88200,04-07-2025,International Relations
Lahore College For Women University,Lahore,BS,4 Years,46790,25-09-2025,International Relations
University Of The Punjab,Lahore,BS,4 Years,29940,25-09-2025,International Relations
"Lasbela University Of Agriculture, Water And Marine Sciences, Uthal",Lasbela,BS,4 Years,16000,20-10-2025,International Relations
University Of Layyah,Layyah,BS,4 Years,0,17-07-2023,International Relations
University Of Loralai,Loralai,BS,4 Years,11300,12-08-2024,International Relations
Punjab University Of Technology  [ Rasul],Mandi Baha-ud-din,BS,4 Years,0,25-09-2025,International Relations
Hazara University,Mansehra,BS (HONS),4 Years,38980,01-09-2025,International Relations
"Abdul Wali Khan University, Mardan",Mardan,BS,4 Years,45000,18-08-2025,International Relations
University Of Mianwali,Mianwali,BS,4 Years,0,24-02-2025,International Relations
Mirpur University Of Science And Technology,Mir Pur (ajk),BS,4 Years,0,15-08-2024,International Relations
"Bahauddin Zakariya University, Multan",Multan,BS,4 Years,20150,15-09-2025,International Relations
Multan University Of Science And Technology,Multan,BS,4 Years,0,24-01-2026,International Relations
University Of Azad Jammu & Kashmir,Muzaffarabad,BS,4 Years,0,08-08-2025,International Relations
University Of Okara,Okara,BS,4 Years,46000,18-07-2025,International Relations
University Of Peshawar,Peshawar,BS,4 Years,68400,23-09-2025,International Relations
Balochistan University Of It & Management Sciences,Quetta,BS,4 Years,39410,20-08-2025,International Relations
University Of Balochistan,Quetta,BS,4 Years,32000,11-08-2025,International Relations
Khawaja Fareed University Of Engineering & Information Technology,Rahim Yar Khan,BS,4 Years,40250,20-06-2025,International Relations
"Unversity Of The Poonch, Rawala Kot",Rawala Kot,BS,4 Years,0,20-08-2025,International Relations
Fatima Jinnah Women University,Rawalpindi,B.Sc.,4 Years,52050,18-08-2025,International Relations
University Of Sargodha,Sargodha,BS,4 Years,30000,15-12-2025,International Relations
Government College Women University,Sialkot,BS,4 Years,21000,22-01-2026,International Relations
University Of Sialkot,Sialkot,BS,4 Years,95000,01-11-2024,International Relations
University Of Swabi,Swabi,BS,4 Years,51270,16-09-2025,International Relations
University Of Chakwal,Chakwal,BS,4 Years,0,11-08-2025,International Relations
Qurtuba University Of Science & Technology [di Khan],D.i. Khan,BS,4 Years,0,31-10-2024,International Relations
The University Of Faisalabad,Faisalabad,BS,4 Years,135000,07-10-2023,International Relations
Gift University,Gujranwala,BS,4 Years,83800,01-02-2026,International Relations
Muslim Youth University,Islamabad,BS,4 Years,87890,29-10-2025,International Relations
Riphah International University,Islamabad,BS,4 Years,69000,30-07-2025,International Relations
Dha Suffa University(main Campus),Karachi,AD,2 Years,0,30-12-2025,International Relations
Dha Suffa University(main Campus),Karachi,BS,4 Years,0,30-12-2025,International Relations
Institute Of Business Management,Karachi,BS,4 Years,155800,28-07-2022,International Relations
Jinnah University For Women,Karachi,BS,4 Hours,27500,15-10-2025,International Relations
Shaheed Zulfiqar Ali Bhutto Institute Of Science & Technology,Karachi,BS,4 Years,0,12-02-2026,International Relations
Green International University,Lahore,BS,4 Years,0,11-11-2023,International Relations
Lahore Garrison University,Lahore,BS,4 Years,174635,30-11--0001,International Relations
Lahore Leads University,Lahore,BS,4 Years,140000,04-09-2025,International Relations
Minhaj University,Lahore,BS,4 Years,93750,18-05-2024,International Relations
"National College Of Business Administration And Economics, Lahore",Lahore,BS,4 Years,144000,26-02-2023,International Relations
The Superior University,Lahore,BS,4 Years,0,31-01-2026,International Relations
University Of Central Punjab,Lahore,BS,4 Years,182250,10-10-2024,International Relations
University Of Management And Technology,Lahore,BS,4 Years,199750,31-07-2024,International Relations
Abasyn University,Peshawar,BS,4 Years,0,01-02-2026,International Relations
Iqra National University,Peshawar,BS,4 Years,0,16-03-2024,International Relations
Preston University [pesh],Peshawar,BS,4 Years,0,20-06-2016,International Relations
Al- Hamd Islamic University,Quetta,BS,4 Years,0,18-08-2024,International Relations
National University Of Modern Languages ( Faisalabad Campus ),Faisalabad,BS,4 Years,67400,09-12-2025,International Relations
"Federal Urdu University Of Arts  Science & Technology, Karachi",Karachi,BA [HONS],4 Years,20600,10-01-2025,International Relations
University Of Gujrat (lahore Campus),Lahore,BS,4 Years,0,25-08-2018,International Relations
"Air University, Multan Campus",Multan,BS,4 Years,57420,18-08-2025,International Relations
National University Of Modern Language ( Multan Campus ),Multan,BS,4 Years,0,31-01-2026,International Relations
Mirpur University Of Science And Technology ( Pallandri Campus),Pallandri,BS,4 Years,0,15-08-2024,International Relations
University Of Makran,Panjgur,BS,4 Years,0,25-10-2024,International Relations
National University Of Modern Languages ( Peshawar Campus ),Peshawar,BS,4 Years,84580,04-12-2024,International Relations
"National University Of Modern Languages, Rawalpindi Campus",Rawalpindi,BS,4 Years,84580,09-12-2025,International Relations
"Riphah International University, Faisalabad Campus",Faisalabad,BS,4 Years,80000,18-10-2025,International Relations
"Air University, H-11 Campus",Islamabad,BS,4 Years,0,23-12-2025,International Relations
"Iqra University, Chak Shahzad Campus",Islamabad,BS,4 Years,115320,29-02-2024,International Relations
"Iqra University, H-9 Campus",Islamabad,AD,2 Years,0,10-09-2025,International Relations
"Iqra University, H-9 Campus",Islamabad,BS,4 Years,202040,10-09-2025,International Relations
Preston University [isb],Islamabad,BS,4 Years,80000,30-10-2025,International Relations
Shaheed Zulfiqar Ali Bhutto Institute Of Science And Technology,Islamabad,BS,4 Years,121200,19-08-2023,International Relations
Preston University [lhr],Lahore,BS,4 Years,0,20-06-2016,International Relations
Qurtuba University Of Science & Information Technology,Peshawar,BS,4 Years,0,08-11-2025,International Relations
"University Of Management And Technology, Sialkot Campus",Sialkot,BS,4 Years,0,30-10-2021,International Relations
Government Postgraduate College ( Mandian),Abbottabad,BS,4 Years,0,30-11--0001,International Relations
Emerson University Multan,Multan,BS,4 Years,0,15-08-2025,International Relations
"F. G. Girls Degree College, Madrissa Road",Quetta,BS,4 Years,0,13-10-2025,International Relations
F.g Boys Degree College,Quetta,BS,4 Years,0,13-10-2025,International Relations
Government Post Graduate College[asghar Mall ],Rawalpindi,BS,4 Years,0,30-11--0001,International Relations
Government Postgraduate College For Women[satellite Town],Rawalpindi,BS,4 Years,0,30-11--0001,International Relations
Universal College Islamabad,Islamabad,B.Sc.,3 Years,0,29-09-2018,International Relations
P S E College,Lahore,BS,4 Years,0,27-08-2019,International Relations
Nisa Institute Of Science & Arts,Quetta,BS,4 Years,0,19-09-2024,International Relations
Bilquis College Of Eduacton For Women [chaklala],Rawalpindi,BS,4 Years,0,05-01-2026,International Relations
Garrison Degree College,Rawalpindi,BS,4 Years,0,13-08-2018,International Relations
Nfc Institute Of Engineering & Fertilizer Research,Faisalabad,BS,4 Years,0,22-07-2025,International Relations
"International Institute Of Science, Arts And Technology",Gujranwala,BS,4 Years,0,05-10-2025,International Relations
University Of Gujrat ( Sialkot Campus),Sialkot,BS,4 Years,0,18-09-2017,International Relations
The University Of Faisalabad,Faisalabad,BS,4 Years,222750,30-09-2022,Internet Of Things
The Superior University,Lahore,BS,4 Years,0,31-01-2026,Internet Of Things
Hitec University,Taxila,BS,4 Years,162000,30-08-2025,Internet Of Things
The Islamia University Of Bahawalpur[sub Campus],Bahawal Nagar,BS,4 Years,49665,10-02-2022,Internet Of Things
The Islamic University Of Bahawalpur[rahimyar Khan Campus],Rahim Yar Khan,BS,4 Years,49665,28-07-2023,Internet Of Things
King Edward Medical University / Mayo Hospital,Lahore,B.Sc. [Hons],4 Years,54000,11-12-2024,Investigative Ophthalmology
College Of Ophthalmology & Allied Vision Sciences,Lahore,B.Sc.,4 Years,0,10-01-2022,Investigative Ophthalmology
The Islamia University Of Bahawalpur,Bahawal Pur,BS,4 Years,43015,30-06-2025,Iqbal Studies
The Islamia University Of Bahawalpur[sub Campus],Bahawal Nagar,BS,4 Years,43015,30-06-2025,Iqbal Studies
The Islamic University Of Bahawalpur[rahimyar Khan Campus],Rahim Yar Khan,BS,4 Years,43015,30-06-2025,Iqbal Studies
University Of The Punjab,Lahore,BS,4 Years,29940,25-09-2025,Kashmiryat
University Of Azad Jammu & Kashmir,Muzaffarabad,BS,4 Years,0,08-08-2025,Kashmiryat
"Unversity Of The Poonch, Rawala Kot",Rawala Kot,BS,4 Years,0,03-10-2022,Kashmiryat
Prime Institute Of Health Sciences,Islamabad,BS,4 Years,0,29-12-2020,Laboratory Technology
The Islamia University Of Bahawalpur,Bahawal Pur,LLB,5 Years,43015,15-10-2025,Law
University Of Malakand,Chakdara,LLB,4 Years,14000,15-09-2025,Law
"Bahauddin Zakria University,multan[d.g.khan Campus]",D.g.khan,LLB,3 Years,22460,31-01-2015,Law
Gomal University,D.i. Khan,LLB,3 Years,43000,31-07-2025,Law
Government College University,Faisalabad,LLB [HONS],5 Years,36600,24-06-2025,Law
University Of Gujrat,Gujrat,LLB [HONS],5 Years,66590,15-08-2025,Law
The University Of Sufism  And Modern Sciences,Hala,BS,5 Years,23000,10-07-2023,Law
University Of Haripur,Haripur,LLB,5 Years,59434,26-01-2026,Law
"Bahria University, E-8 Campus",Islamabad,LLB,5 Years,127075,18-12-2025,Law
International Islamic University,Islamabad,LLB,5 Years,88900,31-12-2025,Law
National University Of Science & Technology,Islamabad,LLB [HONS],5 Years,253080,25-01-2026,Law
Quaid-e-azam University,Islamabad,LLB,5 Years,56355,29-07-2025,Law
University Of Sindh,Jamshoro,LLB [HONS],5 Years,40000,14-09-2025,Law
"Shaheed Zulfiqar Ali Bhutto, University Of Law, Clifton",Karachi,LLB [HONS],5 Years,40000,20-08-2025,Law
University Of Karachi,Karachi,LLB,5 Years,44000,07-11-2025,Law
University Of Karachi,Karachi,LLB,3 Years,44000,07-11-2025,Law
Shah Abdul Latif University,Khair Pur,LLB,5 Years,49080,22-09-2025,Law
Kohat University Of Science & Technology,Kohat,BS,4 Years,36500,15-09-2025,Law
The University Of Management Sciences & Information Technology,Kotli,LLB,5 Years,0,10-09-2016,Law
University Of Kotli,Kotli,BS,5 Years,0,15-08-2025,Law
Government College University Lahore,Lahore,BS,4 Years,0,02-10-2025,Law
Kinnaird College For Women,Lahore,LLB,5 Years,116100,04-07-2025,Law
University Of The Punjab,Lahore,LLB [HONS],5 Years,47540,18-08-2025,Law
University Of Loralai,Loralai,LLB,5 Years,11300,18-08-2025,Law
Punjab University Of Technology  [ Rasul],Mandi Baha-ud-din,LLB,5 Years,0,25-09-2025,Law
Hazara University,Mansehra,LLB,5 Years,69211,01-09-2025,Law
"Abdul Wali Khan University, Mardan",Mardan,LLB [HONS],5 Years,75000,18-08-2025,Law
Mirpur University Of Science And Technology,Mir Pur (ajk),LLB,5 Years,36250,15-08-2024,Law
"Bahauddin Zakariya University, Multan",Multan,LLB,5 Years,27150,18-08-2025,Law
Multan University Of Science And Technology,Multan,BS,5 Years,0,24-01-2026,Law
University Of Azad Jammu & Kashmir,Muzaffarabad,BS,5 Years,0,08-08-2025,Law
"Shaheed Benazir Bhutto University, Nawab Shah",Nawab Shah,LLB,5 Years,18000,06-10-2025,Law
University Of Okara,Okara,LLB [HONS],5 Years,54000,18-07-2025,Law
Islamia College University,Peshawar,LLB [HONS],5 Years,62000,16-09-2025,Law
Shaheed Benazir Bhutto Women University,Peshawar,LLB,4 Years,29513,28-09-2025,Law
University Of Peshawar,Peshawar,LLB,5 Years,84400,11-08-2025,Law
Balochistan University Of It & Management Sciences,Quetta,LLB,5 Years,48415,20-08-2025,Law
University Of Balochistan,Quetta,LLB,5 Years,36000,31-01-2024,Law
Khawaja Fareed University Of Engineering & Information Technology,Rahim Yar Khan,LLB [HONS],5 Years,40250,20-06-2025,Law
"Unversity Of The Poonch, Rawala Kot",Rawala Kot,LLB,5 Years,0,20-08-2025,Law
Fatima Jinnah Women University,Rawalpindi,LLB,5 Years,52050,15-08-2024,Law
University Of Sahiwal,Sahiwal,LLB [HONS],5 Years,34440,31-07-2025,Law
University Of Sargodha,Sargodha,LLB [HONS],5 Years,71000,11-07-2025,Law
University Of Sialkot,Sialkot,LLB [HONS],5 Years,165000,01-11-2024,Law
Mir Chakar Khan Rind University,Sibi,LLB,5 Years,0,31-07-2025,Law
University Of Swabi,Swabi,LLB,4 Years,51270,16-09-2025,Law
Women University Swabi,Swabi,BS,5 Years,42460,12-09-2025,Law
University Of Swat,Swat,LLB,5 Years,19730,12-10-2023,Law
University Of Turbat,Turbat,LLB,5 Years,43520,21-10-2024,Law
"Shaheed Benazir Bhutto University, Sheringal",Upper Dir,BS,5 Years,30010,10-10-2025,Law
University Of Chakwal,Chakwal,BS,4 Years,0,11-08-2025,Law
Qurtuba University Of Science & Technology [di Khan],D.i. Khan,LLB,5 Years,0,25-08-2025,Law
The University Of Faisalabad,Faisalabad,LLB,5 Years,288000,07-10-2023,Law
The University Of Chenab,Gujrat,LLB,5 Years,0,03-01-2026,Law
University Of East,Hyderabad,LLB,3 Years,0,01-01-1970,Law
Capital University Of Science And Technology,Islamabad,LLB,5 Years,0,02-09-2025,Law
Ibadat International University Islamabad,Islamabad,LLB,5 Years,92400,10-09-2023,Law
Muslim Youth University,Islamabad,LLB,5 Years,0,29-10-2025,Law
Dadabhoy Institute Of Higher Education,Karachi,LLB,5 Years,100450,31-01-2020,Law
Hamdard University,Karachi,BA [PASS],5 Years,110000,15-03-2025,Law
Shaheed Zulfiqar Ali Bhutto Institute Of Science & Technology,Karachi,LLB,3 Years,0,12-02-2026,Law
Zia-ud-din Medical University,Karachi,LLB,5 Years,442000,26-08-2025,Law
Green International University,Lahore,LLB,5 Years,0,02-09-2025,Law
Lahore Leads University,Lahore,LLB,5 Years,0,04-09-2025,Law
Lahore University Of Management Sciences,Lahore,LLB,5 Years,680400,10-03-2026,Law
Minhaj University,Lahore,LLB,5 Years,0,31-10-2025,Law
Rashid Latif Khan University,Lahore,BS,5 Years,0,25-10-2025,Law
The University Of Lahore ( Main Campus ),Lahore,LLB,5 Years,195400,31-01-2026,Law
University Of Central Punjab,Lahore,LLB,5 Years,341000,10-10-2024,Law
University Of Management And Technology,Lahore,LLB,5 Years,374750,31-07-2024,Law
University Of South Asia,Lahore,LLB,5 Years,140000,05-11-2022,Law
Mohi-ud-din Islamic University,Mir Pur (ajk),LLB,5 Years,52000,13-07-2023,Law
Institute Of Southern Punjab,Multan,LLB,5 Years,0,31-08-2024,Law
Grand Asian University Sialkot,Sialkot,LLB,5 Years,0,21-09-2024,Law
The Islamia University Of Bahawalpur[sub Campus],Bahawal Nagar,LLB,5 Years,43015,30-06-2025,Law
"University Of Punjab, Pothohar Campus",Gujar Khan,LLB,5 Years,0,18-08-2025,Law
University Of The Punjab [ Gujranwala Campus ],Gujranwala,LLB,3 Years,18210,18-08-2025,Law
"University Of Sindh, Elsa Kazi Campus",Hyderabad,LLB,5 Years,0,14-09-2025,Law
University Of The Punjab (jhelum Campus),Jhelum,LLB,3 Years,0,18-08-2025,Law
"Federal Urdu University Of Arts  Science & Technology, Karachi",Karachi,LLB,5 Years,0,26-12-2024,Law
University Of Azad Jammu & Kashmir,Kotli,LLB,3 Years,0,31-10-2017,Law
"University Of Balochistan, (sub-campus Pishin )",Pishin,LLB,5 Years,36000,05-01-2026,Law
The Islamic University Of Bahawalpur[rahimyar Khan Campus],Rahim Yar Khan,LLB,5 Years,43015,30-06-2025,Law
"Shaheed Benazir Bhutto Women University Peshawar, Sub Campus",Swabi,BS,4 Years,0,10-10-2013,Law
Riphah International University Lahore,Lahore,LLB,5 Years,170000,25-01-2026,Law
The University Of Lahore ( Baba Fareed Campus ),Pak Pattan,LLB,5 Years,0,25-07-2015,Law
Government Pir Illahi Bux Law College,Dadu,LLB,3 Years,0,01-01-1970,Law
Muhammad Ali Jinnah Law College,Gujranwala,LLB,3 Years,0,01-01-1970,Law
Government Hyderabad Sindh Law College,Hyderabad,LLB,3 Years,0,01-01-1970,Law
Government Jinnah Law College,Hyderabad,LLB,3 Years,0,01-01-1970,Law
S D K Law College,Jaccobabad,LLB,5 Years,0,20-03-2019,Law
F.g Urdu College,Karachi,LLB,3 Years,0,01-01-1970,Law
Sindh Muslim Law College,Karachi,LLB [HONS],5 Years,0,20-08-2025,Law
Government Law College,Khair Pur,LLB,5 Years,0,20-03-2019,Law
University College Lahore,Lahore,LLB [HONS],5 Years,0,15-08-2014,Law
University Law College,Lahore,LLB,3 Years,0,24-11-2021,Law
Government Law College,Larkana,LLB,5 Years,0,20-03-2019,Law
University Law College,Quetta,LLB,3 Years,0,28-01-2025,Law
Government Degree College For Women [dhoke Ratta],Rawalpindi,LLB,3 Years,0,01-01-1970,Law
Haji Maula Bakhsh Government Law College,Shikar Pur,LLB,5 Years,0,20-03-2019,Law
Government Agha Badare Alam Durrani Law College,Sukkur,LLB,5 Years,0,20-03-2019,Law
Government Post Graduate College,Swabi,BS,3 Years,0,05-09-2015,Law
Abbot Law Colelge,Abbottabad,LLB,3 Years,0,25-08-2017,Law
Abbot Law Colelge,Abbottabad,LLB,5 Years,0,12-11-2020,Law
College Of Legal And Ethical Studies,Abbottabad,LLB,3 Years,0,16-12-2023,Law
Islamia Modern School & College,Abbottabad,LLB,3-5 Years,0,27-07-2018,Law
Justice Law College,Abbottabad,BS,4 Years,0,18-10-2025,Law
Women Law College,Abbottabad,LLB,3 Years,0,01-01-1970,Law
Jinnah Law College,Bahawal Pur,LLB,5 Years,0,22-02-2020,Law
Zain College,Bhakkar,LLB,3 Years,0,22-09-2018,Law
Askari Law College,Burewala,LLB,4 Years,0,31-05-2021,Law
Indus Law College,D.g.khan,LLB,3 Years,0,11-01-2018,Law
Ghousia College,Depal Pur,LLB,3 Years,0,01-01-1970,Law
Alley Group Of Colleges,Faisalabad,LLB,5 Years,0,21-03-2021,Law
Faisalabad College Of Law,Faisalabad,LLB,5 Years,0,21-12-2024,Law
Fortune Institute Of Advance Studies,Faisalabad,LLB,5 Years,0,30-11-2021,Law
Kingston College Of Science And Commerce,Faisalabad,LLB,3 Years,0,30-11-2017,Law
Lyallpur Law College,Faisalabad,LLB,3 Years,0,01-01-1970,Law
Punjab Law College,Faisalabad,LLB,3 Years,0,01-01-1970,Law
Sandal Bar Law College,Faisalabad,LLB,5 Years,0,06-10-2024,Law
Western Punjab College Of Law,Faisalabad,LLB,5 Years,0,30-12-2021,Law
Law College,Ghotki,LLB,3 Years,0,20-03-2019,Law
Premier Law Collge,Gujranwala,LLB,3 Years,0,09-03-2019,Law
Gujrat Law College,Gujrat,LLB,3 Years,0,01-01-1970,Law
Farabee Law College,Hafizabad,LLB,3 Years,0,17-11-2019,Law
Ayub Law College,Haripur,LLB,5 Years,0,31-10-2018,Law
Ayub Law College,Haripur,LLB,3 Years,0,31-10-2018,Law
East & West Law College,Haripur,LLB,5 Years,0,29-10-2020,Law
Sani Islamia Law College,Haripur,LLB,5 Years,0,02-11-2022,Law
East & West Law Caollege,Hassanabdal,LLB,5 Years,0,29-10-2020,Law
Everest College Of Law,Hyderabad,LLB,5 Years,0,05-10-2019,Law
Indus College Of Law,Hyderabad,LLB [HONS],5 Years,0,31-12-2018,Law
East & West Law College,Islamabad,LLB,3 Years,0,18-11-2017,Law
Islamabad Law College,Islamabad,LLB,3 Years,0,21-05-2016,Law
National Institute Of Modern Studies,Islamabad,LLB,3 Years,0,06-02-2022,Law
Newport College Islamabad,Islamabad,LLB,3 Years,0,01-01-1970,Law
The Leads College,Islamabad,LLB,3 Years,0,19-12-2015,Law
The Millennium University College,Islamabad,LLB,3 Years,0,11-09-2021,Law
Universal College Islamabad,Islamabad,LLB,3 Years,0,30-09-2022,Law
Jinnah Law College,Jhelum,LLB,3 Years,0,04-12-2019,Law
Government Islamia Law College,Karachi,LLB,3 Years,0,25-08-2025,Law
Shaheed Zulfiqar Ali Bhutto Law College,Karachi,LLB [HONS],5 Years,0,21-12-2025,Law
Quaid-e-azam Law College,Kasur,LLB,5 Years,0,25-10-2025,Law
Kohat Law College,Kohat,LLB,5 Years,0,12-09-2017,Law
Alley Group Of Colleges,Lahore,BS (HONS),5 Years,0,12-08-2023,Law
Amna Inayat Medical & Educational Campus,Lahore,LLB,5 Years,0,05-01-2023,Law
Asian Law College,Lahore,LLB,3/5 Years,0,18-01-2025,Law
City Law College,Lahore,LLB,3 Years,0,05-12-2015,Law
Global Law College,Lahore,LLB,3/5 Years,0,21-12-2024,Law
Hamayat Islam Law College,Lahore,LLB,3 Years,0,14-10-2017,Law
Himayat-e-islam Law College,Lahore,LLB,3 Years,0,01-10-2025,Law
Himayat-i-islam Degree College For Women,Lahore,LLB,3 Years,0,01-01-1970,Law
Ivy College Of Management Sciences,Lahore,LLB [HONS],5 Years,0,30-09-2021,Law
Lahore Law College,Lahore,LLB,3 Years,0,31-10-2025,Law
Lahore School Of Law,Lahore,LLB,5 Years,0,30-11-2023,Law
"Leads Law College, Township",Lahore,LLB,5 Years,0,31-03-2019,Law
Lords Law College,Lahore,LLB,5 Years,0,30-11-2024,Law
National Law College,Lahore,LLB,3 Years,0,19-10-2019,Law
P S E College,Lahore,LLB,3 Years,0,19-01-2021,Law
Pak Vision College,Lahore,LLB,3 Years,0,07-01-2017,Law
Pakistan College Of Law,Lahore,LLB,3 Years,0,24-08-2016,Law
Punjab Law College,Lahore,LLB,5 Years,0,30-09-2015,Law
Punjab Law College,Lahore,LLB,3 Years,0,30-09-2015,Law
Quaid-e-azam Law College,Lahore,LLB,3 Years,0,25-10-2025,Law
Ravi Law College,Lahore,LLB,5 Years,0,21-01-2024,Law
Riphah College Of Veterinary Sciences,Lahore,LLB,4 Years,0,18-01-2026,Law
School Of Law,Lahore,LLB,3 Years,0,15-12-2021,Law
Shams Tabrez Law College,Lahore,LLB,3 Years,0,20-01-2022,Law
Superior College Of Law,Lahore,LLB,4 Years,0,11-10-2022,Law
The Future College,Lahore,LLB,5 Years,0,31-03-2021,Law
The Institute Of Legal Studies,Lahore,LLB [HONS],5 Years,0,27-09-2025,Law
The Limit Group Of Colleges,Lahore,LLB,3 Years,35000,07-03-2020,Law
The Millennium University College,Lahore,LLB,3 Years,0,07-09-2025,Law
Toppers Law College,Lahore,LLB,3 Years,0,30-11--0001,Law
Toppers Law College,Lahore,BA [PASS],5 Years,0,15-11-2023,Law
Liccs Law College,Layyah,LLB,4 Years,0,30-11--0001,Law
Abbot Law College,Mansehra,LLB,3 Years,0,10-09-2016,Law
Abbot Law College,Mansehra,LLB,5 Years,0,12-11-2020,Law
Mardan Law College,Mardan,LLB,3 Years,0,01-01-1970,Law
Kashmir Law College,Mir Pur (ajk),LLB,3 Years,0,01-01-1970,Law
The Brains College,Mir Pur (ajk),LLB,3 Years,0,06-09-2014,Law
Law College Mirpurkhas,Mir Pur Khas,LLB,3 Years,0,18-01-2020,Law
Allama Iqbal Law College,Multan,LLB,4 Years,0,25-10-2014,Law
Ayan Law Colege,Multan,LLB,3 Years,0,25-11-2017,Law
Central Law College,Multan,LLB,4 Years,0,12-11-2020,Law
Kaims International Law College,Multan,LLB,3 Years,0,30-12-2020,Law
Muhammadan Law College,Multan,LLB,4 Years,0,30-11--0001,Law
Multan Law College,Multan,LLB,4 Years,0,20-05-2022,Law
Noor Law College,Multan,LLB,4 Years,0,30-11--0001,Law
Professional College Of Commerce & Computer Sciences,Multan,LLB,3 Years,0,29-04-2017,Law
Southern Punjab Law College,Multan,LLB,3 Years,0,15-12-2017,Law
Supreme Law College,Multan,LLB,4 Years,20000,15-11-2014,Law
The Future Law College,Multan,LLB,3 Years,0,31-12-2016,Law
The Next College,Multan,LLB,5 Years,0,01-01-2022,Law
The Toppers Law College,Multan,LLB,3 Years,0,28-11-2015,Law
Kashmir Law College,Muzaffarabad,LLB,3 Years,0,01-01-1970,Law
Salu Law College,Naushero Feroze,LLB,5 Years,0,20-03-2019,Law
Quaid-e-azam Law College,Nawab Shah,LLB,3 Years,0,01-01-1970,Law
Quaid-e-azam Law College,Okara,LLB,3 Years,0,25-10-2025,Law
Edwardes College,Peshawar,LLB,5 Years,0,24-09-2025,Law
Frontier Law College,Peshawar,LLB,3 Years,0,26-09-2025,Law
Islamia Law College,Peshawar,LLB,5 Years,0,17-11-2018,Law
Jinnah Law College,Peshawar,LLB,3 Years,0,02-10-2017,Law
P E F University College,Peshawar,LLB,3 Years,0,04-11-2021,Law
Peshawar Law College,Peshawar,LLB,3 Years,0,01-01-1970,Law
Supreme Law College,Peshawar,LLB,3 Years,0,01-01-1970,Law
National Law College,Quetta,LLB,3 Years,0,27-04-2018,Law
National Law College,Quetta,LLB [HONS],5 Years,0,20-01-2019,Law
Quetta Law College,Quetta,LLB,5 Years,0,06-01-2024,Law
Zarghoona Law College,Quetta,LLB,3 Years,0,04-03-2023,Law
Ali Law College,Rahim Yar Khan,LLB,5 Years,50000,30-04-2025,Law
Citi Law College,Rawala Kot,LLB,3 Years,0,21-03-2023,Law
Al-maizan Law College,Rawalpindi,LLB,3 Years,0,01-01-1970,Law
Capital Law College,Rawalpindi,LLB,3 Years,0,02-12-2021,Law
Citi College,Rawalpindi,LLB,3 Years,0,31-12-2020,Law
Muslim Law College,Rawalpindi,LLB,3 Years,0,16-03-2024,Law
Punjab Law College,Rawalpindi,LLB,3 Years,0,29-09-2014,Law
Punjab Law College,Rawalpindi,LLB,5 Years,0,29-09-2014,Law
"Rawalpind College Of Commerce[301, Peshawar Road]",Rawalpindi,LLB,5 Years,0,05-08-2017,Law
Rawalpindi College Of Commerce [murree Road],Rawalpindi,LLB,3 Years,0,05-08-2017,Law
Rawalpindi Law College,Rawalpindi,LLB,3 Years,0,14-01-2019,Law
The Best Law College,Rawalpindi,LLB,3/5 Years,0,28-12-2024,Law
Command Law College,Sahiwal,LLB,5 Years,0,02-02-2019,Law
Montgomery Sahiwal Law College,Sahiwal,LLB,3 Years,0,22-01-2018,Law
Muhammadan Law College,Sahiwal,LLB,4 Years,0,30-11--0001,Law
Multan Law College,Sahiwal,LLB,4 Years,0,30-11--0001,Law
Quaid-e-azam Law College,Sahiwal,LLB,4 Years,0,30-11--0001,Law
The Limit Law College,Sahiwal,LLB,3 Years,0,25-02-2022,Law
Muslim Law College,Saidu Sharif,LLB,3 Years,0,01-01-1970,Law
Muhammadan Law Colelge,Sargodha,LLB,3 Years,0,30-12-2017,Law
Quaid-e-azam Law Collge,Sargodha,LLB,3 Years,0,25-10-2025,Law
Muhammadan Law College,Sheikhupura,LLB,3 Years,0,01-01-1970,Law
Allama Iqbal Law College,Sialkot,LLB,3 Years,0,30-11-2019,Law
Swabi Law College,Swabi,LLB,3 Years,0,01-01-1970,Law
National Institute Of Legal Studies,Attock,LLB,3 Years,0,01-01-1970,Law
Imperial Institute,Faisalabad,LLB,3 Years,0,31-08-2018,Law
"International Institute Of Science, Arts And Technology",Gujranwala,LLB,5 Years,0,05-10-2025,Law
Al-meezan Institute Of Legal Studies,Islamabad,LLB,4 Years,0,28-09-2025,Law
"The Institute Of Legal Studies, Islamabad Campus",Islamabad,LLB [HONS],3 Years,0,30-09-2019,Law
Sindh Mehran Institute Of Law,Jamshoro,LLB [HONS],5 Years,0,07-12-2019,Law
Institute Of Law,Lahore,LLB,3 Years,0,30-10-2020,Law
Wise Institute Of Law & Judicial Academy,Lahore,LLB,3 Years,0,30-11-2015,Law
Kaims International Institute,Multan,LLB,5 Years,0,31-07-2019,Law
"The Institute Of Legal Studies, Multan Campus",Multan,LLB [HONS],3 Years,0,30-09-2019,Law
Quaid-e-azam Institue Of Legal Studies,Nowshera,LLB,3 Years,0,01-01-1970,Law
Centre For Study Law And Democracy,Peshawar,LLB,3 Years,0,01-01-1970,Law
Institute Of Legal Studies,Peshawar,LLB,3 Years,0,01-01-1970,Law
Institute Of Legal Studies,Peshawar,LLB [HONS],4 Years,0,01-01-1970,Law
P.e.f Post Graduate College,Peshawar,LLB,3 Years,0,16-10-2021,Law
"Jinnah Institute Of Informatics, Science & Commerce",Rawalpindi,LLB,3 Years,0,31-10-2016,Law
Islamabad School Of Law,Islamabad,LLB [HONS],4 Years,0,01-01-1970,Law
Times Institute,Multan,LLB,5 Years,60000,18-08-2025,Law
City School Of Law,Quetta,LLB,5 Years,0,25-06-2021,Law
"University Of Balochistan, (sub-campus Kharan)",Kharan,LLB,3 Years,36000,05-01-2026,Law
"Bahauddin Zakariya University, Lahore Campus",Lahore,LLB [HONS],5 Years,32000,30-11--0001,Law
"Bahauddin Zakariya University, Lahore Campus",Lahore,LLB,3 Years,32000,30-11--0001,Law
Abdul Wali Khan University ( Riffat Mahal Campus ),Mardan,LLB [HONS],5 Years,75000,30-11--0001,Law
Jinnah Muslim Law College,Islamabad,LLB,3 Years,0,04-01-2018,Law
Sardar Noor Mohammad Khan Bijaranai Law College,Kandh Kot,LLB,5 Years,0,20-03-2019,Law
"Bahauddin Zakria University,sahiwal Campus",Sahiwal,LLB [HONS],5 Years,22460,02-10-2015,Law
The Islamia University Of Bahawalpur,Bahawal Pur,BS,4 Years,48115,30-06-2025,Leadership Management Studies
National Defence University,Islamabad,BS,4 Years,88507,31-12-2025,Leadership Management Studies
Punjab Law College,Lahore,AD,2 Years,0,30-09-2015,Legal Studies
Punjab Law College,Rawalpindi,AD,2 Years,0,29-09-2014,Legal Studies
Beaconhouse National University,Lahore,BS,4 Years,169050,30-12-2025,Liberal Studies
University Of Management And Technology,Lahore,BS,4 Years,124750,31-03-2024,Liberal Studies
The Islamia University Of Bahawalpur,Bahawal Pur,BS,4 Years,43015,30-06-2025,Library Information Science
Gomal University,D.i. Khan,BS,4 Years,0,30-09-2024,Library Information Science
Allama Iqbal Open University,Islamabad,B.Sc.,4 Years,13750,10-02-2026,Library Information Science
University Of Sindh,Jamshoro,BS,4 Years,15200,14-09-2025,Library Information Science
University Of Karachi,Karachi,BLS,2 Years,15000,28-11-2025,Library Information Science
Khushal Khan Khattak University,Karak,BS,4 Years,34000,19-01-2026,Library Information Science
"Bahauddin Zakariya University, Multan",Multan,BS,4 Years,27150,15-09-2025,Library Information Science
University Of Okara,Okara,BS,4 Years,46000,18-07-2025,Library Information Science
University Of Peshawar,Peshawar,BS,4 Years,78400,23-09-2025,Library Information Science
University Of Balochistan,Quetta,BS,4 Years,32000,11-08-2025,Library Information Science
Fatima Jinnah Women University,Rawalpindi,BS,4 Years,52050,18-08-2025,Library Information Science
University Of Sargodha,Sargodha,BS,4 Years,30000,12-07-2024,Library Information Science
Minhaj University,Lahore,BS,4 Years,120000,18-05-2024,Library Information Science
Mohi-ud-din Islamic University,Mir Pur (ajk),BS,4 Years,0,15-02-2024,Library Information Science
Sarhad University Of Science & Information Technology,Peshawar,AD,2 Years,18500,05-12-2025,Library Information Science
Frontier Institute Of Medical Sciences [abbottabad],Abbottabad,BS,4 Years,0,12-04-2025,Library Information Science
Comwave Institute Of Information Technology,Islamabad,BS,4 Years,0,18-11-2023,Library Information Science
National Textile Institute,Islamabad,BLS,4 Years,0,09-10-2018,Library Information Science
Abbottabad University Of Science And Technology,Abbottabad,B.Sc.,4 Years,27500,26-08-2025,Library Sciences
Gomal University,D.i. Khan,AD,2 Years,0,09-01-2026,Library Sciences
Muslim Youth University,Islamabad,BS,4 Years,0,29-10-2025,Library Sciences
"Para Veterinary Institute, Karor Lal Easan",Layyah,AD,2 Years,48180,30-04-2019,Livestock
Gomal University,D.i. Khan,BS,4 Years,0,09-01-2026,Management
The University Of Management Sciences & Information Technology,Kotli,BS,4 Years,0,10-09-2016,Management
University Of Kotli,Kotli,BS,4 Years,0,15-08-2025,Management
Government College University Lahore,Lahore,B.Sc.,4 Years,140000,08-08-2025,Management
University Of The Punjab,Lahore,BS,4 Years,47540,25-09-2025,Management
Lahore Leads University,Lahore,B.Sc.,4 Years,0,04-09-2025,Management
University Of The Punjab (jhelum Campus),Jhelum,BS,4 Years,29950,25-09-2025,Management
Hailey College Of Commerce,Lahore,BS (HONS),4 Years,0,30-11--0001,Management
Alta Vista College,Islamabad,B.Sc. [Hons],3 Years,0,18-06-2011,Management
Beaconhouse National University,Lahore,BS,4 Years,0,22-08-2025,Management Business Computing
University College Lahore,Lahore,B.Sc.,3 Years,0,15-08-2014,Management Law
University Of Chitral,Chitral,BS,4 Years,0,30-10-2023,Management Sciences
Ned University Of Engineering & Technology,Karachi,BS,4 Years,46670,20-05-2025,Management Sciences
Multan University Of Science And Technology,Multan,BS,4 Years,0,16-11-2024,Management Sciences
"Shaheed Benazir Bhutto University, Sheringal",Upper Dir,BS,4 Years,30010,10-10-2025,Management Sciences
Karachi Institute Of Economics & Technology,Karachi,AD,2 Years,93450,06-01-2024,Management Sciences
Lahore University Of Management Sciences,Lahore,B.Sc. [Hons],4 Years,680400,10-03-2026,Management Sciences
Ghulam Ishaq Khan  Institute Of Engineering Sciences & Technology,Swabi,BS,4 Years,630000,30-05-2024,Management Sciences
"Riphah International University, Faisalabad Campus",Faisalabad,BS,4 Years,112000,18-10-2025,Management Sciences
National College Of Business Administration & Economics (west Canal Campus),Lahore,CERT,4 Years,0,04-10-2024,Management Sciences
Brains Institute,Peshawar,BS,4 Years,0,30-08-2024,Management Sciences
Textile Institute Of Pakistan,Karachi,BS,4 Years,180000,13-01-2023,Manufacturing Engineering Management
University Of Sindh,Jamshoro,BS,4 Years,15200,14-09-2025,Marine Sciences
University Of Karachi,Karachi,BS,4 Years,18500,07-11-2025,Marine Sciences
"Lasbela University Of Agriculture, Water And Marine Sciences, Uthal",Lasbela,BS,4 Years,16000,20-10-2025,Marine Sciences
Bahria University ( Karachi Campus ),Karachi,BS,4 Years,89775,17-11-2025,Maritime Management
Shifa Tameer-e-millat University,Islamabad,BS,4 Years,144000,29-09-2022,Marketing
Ilma University,Karachi,BBA,4 Years,137150,10-09-2022,Marketing
Lahore Leads University,Lahore,BS,4 Hours,0,04-09-2025,Marketing
"National College Of Business Administration And Economics, Lahore",Lahore,BS (HONS),4 Years,0,26-02-2023,Marketing
Hailey College Of Commerce,Lahore,BS (HONS),4 Years,0,30-11--0001,Marketing
University College Lahore,Lahore,B.Sc.,3 Years,0,15-08-2014,Marketing
National College Of Business Administration & Economics (east Canal Campus),Lahore,BS (HONS),4 Years,0,17-09-2018,Marketing
Palpa Institute Of Aviation And Management Sciences,Karachi,BBA,4 Years,0,30-11-2012,Marketing
Institute Of Space Technology,Islamabad,BS,4 Years,141669,31-07-2025,Materials Science Engineering
Dawood University Of Engineering And Technology,Karachi,BS,4 Years,32000,15-07-2025,Materials Science Engineering
Dawood University Of Engineering And Technology,Karachi,BE,4 Years,32000,15-07-2025,Materials Engineering
Ned University Of Engineering & Technology,Karachi,BE,4 Years,46670,20-05-2025,Materials Engineering
Ghulam Ishaq Khan  Institute Of Engineering Sciences & Technology,Swabi,BS,4 Years,695000,30-05-2024,Materials Engineering
"Pak- Austria Fachhuochschule, Institute Of Applied Sciences And Technology",Haripur,BS,4 Years,0,03-01-2025,Materials Engineering
Federal Urdu University Of Arts Science & Technology Islamabad,Islamabad,AD,2 Years,70000,30-01-2026,Mathematical Sciences
Abbottabad University Of Science And Technology,Abbottabad,BS,4 Years,27500,26-08-2025,Mathematics
Women University Azad Jammu & Kashmir,Bagh,BS,4 Years,43110,01-09-2025,Mathematics
The Government Sadiq College Women University,Bahawal Pur,AD,2 Years,0,30-08-2024,Mathematics
The Government Sadiq College Women University,Bahawal Pur,BS,4 Years,29540,28-01-2026,Mathematics
The Islamia University Of Bahawalpur,Bahawal Pur,BS,4 Years,45565,30-06-2025,Mathematics
University Of Science & Technology,Bannu,BS (HONS),4 Years,16400,20-09-2025,Mathematics
Thal University,Bhakkar,BS,4 Years,30000,10-01-2025,Mathematics
The University Of Buner,Buner,BS,4 Years,0,15-08-2025,Mathematics
University Of Malakand,Chakdara,BS (HONS),4 Years,20000,15-09-2025,Mathematics
Bacha Khan University,Charsadda,BS,4 Years,37000,22-09-2025,Mathematics
University Of Chitral,Chitral,BS,4 Years,0,30-10-2023,Mathematics
Ghazi University,D.g.khan,BS,4 Years,21300,04-07-2025,Mathematics
University Of Education [ D.g. Khan Campus ],D.g.khan,BS,4 Years,20214,02-09-2025,Mathematics
Gomal University,D.i. Khan,B.Sc. [Hons],4 Years,40000,09-01-2026,Mathematics
Gomal University,D.i. Khan,AD,2 Years,0,09-01-2026,Mathematics
Fata University,Darra Adam Khail,BS,4 Years,22000,16-08-2025,Mathematics
Government College University,Faisalabad,BS,4 Years,28200,12-01-2026,Mathematics
Government College Women University,Faisalabad,BS,4 Years,33100,31-07-2025,Mathematics
University Of Agriculture,Faisalabad,BS,4 Years,0,28-07-2025,Mathematics
University Of Education [ Faisalabad Campus ],Faisalabad,BS,4 Years,20214,02-09-2025,Mathematics
Karakuram International University,Gilgit,BS,4 Years,33400,10-08-2025,Mathematics
University Of Gujrat,Gujrat,BS,4 Years,68010,15-08-2025,Mathematics
University Of Haripur,Haripur,BS,4 Years,20109,26-01-2026,Mathematics
Hazara University [havellian Campus],Havelian,BS,4 Years,0,23-02-2015,Mathematics
Government College University Hyderabad,Hyderabad,BS,4 Years,20000,15-09-2025,Mathematics
Allama Iqbal Open University,Islamabad,BS,4 Years,40450,10-02-2026,Mathematics
Comsats University Islamabad,Islamabad,BS,4 Years,112200,17-12-2025,Mathematics
Federal Urdu University Of Arts Science & Technology Islamabad,Islamabad,BS,4 Years,70000,30-01-2026,Mathematics
Institute Of Space Technology,Islamabad,BS,4 Years,83105,31-07-2025,Mathematics
International Islamic University,Islamabad,BS,4 Years,50400,31-12-2025,Mathematics
National Skills University,Islamabad,BS,4 Years,40600,03-10-2022,Mathematics
"National University Of Modern Languages, Islamabad",Islamabad,BS,4 Years,62000,09-12-2025,Mathematics
National University Of Science & Technology,Islamabad,BS,4 Years,174050,25-01-2026,Mathematics
Quaid-e-azam University,Islamabad,BS,4 Years,54565,29-07-2025,Mathematics
Mehran University Of Engineering & Technology,Jamshoro,BS,4 Years,38600,10-05-2025,Mathematics
University Of Sindh,Jamshoro,BS,4 Years,15200,14-09-2025,Mathematics
University Of Jhang,Jhang,BS,4 Years,0,15-09-2025,Mathematics
"Benazir Bhutto Shaheed University, Lyari",Karachi,BS,4 Years,28100,03-02-2023,Mathematics
Institute Of Business Administration [khi],Karachi,BS,4 Years,199500,11-06-2025,Mathematics
Sindh Madressatul Islam University,Karachi,BS,4 Years,36500,01-12-2025,Mathematics
University Of Karachi,Karachi,BS,4 Years,18500,28-11-2025,Mathematics
Khushal Khan Khattak University,Karak,BS,4 Years,34000,19-01-2026,Mathematics
Shah Abdul Latif University,Khair Pur,B.Sc. [Hons],4 Years,27000,22-09-2025,Mathematics
Kohat University Of Science & Technology,Kohat,BS,4 Years,24100,15-09-2025,Mathematics
The University Of Management Sciences & Information Technology,Kotli,BS,4 Years,0,10-09-2016,Mathematics
University Of Kotli,Kotli,BS,4 Years,0,15-08-2025,Mathematics
Government College University Lahore,Lahore,B.Sc. [Hons],4 Years,52000,24-09-2023,Mathematics
Kinnaird College For Women,Lahore,BS,4 Years,88200,01-12-2025,Mathematics
Lahore College For Women University,Lahore,BS,4 Years,46790,25-09-2025,Mathematics
University Of Education,Lahore,BS.ED.,4 Years,20214,02-09-2025,Mathematics
"University Of Engineering & Technology, Lahore",Lahore,BS,4 Years,62427,22-03-2026,Mathematics
University Of The Punjab,Lahore,BS,4 Years,41940,25-09-2025,Mathematics
Virtual University Of Pakistan,Lahore,B.Sc.,2 Years,21800,30-09-2025,Mathematics
The University Of Lakki Marwat,Lakki Marwat,BS,4 Years,17100,25-09-2024,Mathematics
The University Of Larkano,Larkana,BS,4 Years,0,27-08-2025,Mathematics
University Of Layyah,Layyah,BS,4 Years,0,17-07-2023,Mathematics
University Of Loralai,Loralai,BS,4 Years,11300,18-08-2025,Mathematics
Punjab University Of Technology  [ Rasul],Mandi Baha-ud-din,BS,4 Years,0,25-09-2025,Mathematics
Hazara University,Mansehra,B.Sc. [Hons],4 Years,38980,01-09-2025,Mathematics
"Abdul Wali Khan University, Mardan",Mardan,BS,4 Years,35000,18-08-2025,Mathematics
Women University Mardan,Mardan,BS,4 Years,41400,28-01-2026,Mathematics
University Of Mianwali,Mianwali,BS,4 Years,0,03-10-2025,Mathematics
Mirpur University Of Science And Technology,Mir Pur (ajk),BS,4 Years,54300,15-10-2024,Mathematics
"Bahauddin Zakariya University, Multan",Multan,BS,4 Years,27150,15-09-2025,Mathematics
Institute Of Southern Punjab (girls Campus),Multan,BS,4 Years,0,31-08-2024,Mathematics
Institute Of Southern Punjab (girls Campus),Multan,AD,2 Years,0,31-08-2024,Mathematics
Muhammad Nawaz Sharif University Of Engineering And Technology,Multan,BS,4 Years,35300,12-02-2024,Mathematics
The Women University,Multan,BS,4 Years,25750,07-01-2025,Mathematics
University Of Education [ Multan Campus ],Multan,BS,4 Years,20214,02-09-2025,Mathematics
Kohsar University,Murree,BS,4 Years,0,14-02-2025,Mathematics
University Of Azad Jammu & Kashmir,Muzaffarabad,BS,4 Years,0,08-08-2025,Mathematics
Baba Guru Nanak University,Nankana Sahib,BS,4 Years,21350,19-09-2025,Mathematics
University Of Narowal,Narowal,BS,4 Years,30000,19-02-2026,Mathematics
"Quaid-e-awam University Of Engineering, Sciences & Technology",Nawab Shah,BS,4 Years,20000,31-05-2025,Mathematics
University Of Okara,Okara,BS (HONS),4 Years,46000,18-07-2025,Mathematics
Islamia College University,Peshawar,BS,4 Years,62000,16-09-2025,Mathematics
Shaheed Benazir Bhutto Women University,Peshawar,BS,4 Years,29513,28-09-2025,Mathematics
University Of Peshawar,Peshawar,BS,4 Years,71000,23-09-2025,Mathematics
Balochistan University Of It & Management Sciences,Quetta,BS,4 Years,39410,26-01-2026,Mathematics
Sardar Bahadur Khan Women University,Quetta,BS,4 Years,8040,28-02-2025,Mathematics
University Of Balochistan,Quetta,BS,4 Years,36000,11-08-2025,Mathematics
Khawaja Fareed University Of Engineering & Information Technology,Rahim Yar Khan,BS,4 Years,40250,05-01-2026,Mathematics
"Unversity Of The Poonch, Rawala Kot",Rawala Kot,BS,4 Years,46000,20-08-2025,Mathematics
Fatima Jinnah Women University,Rawalpindi,BS,4 Years,52050,18-08-2025,Mathematics
Pir Mahar Ali Shah Arid Agriculture University,Rawalpindi,BS,4 Years,45650,08-08-2025,Mathematics
Rawalpindi Women University,Rawalpindi,BS,4 Years,33065,03-09-2025,Mathematics
University Of Sahiwal,Sahiwal,BS,4 Years,31440,31-07-2025,Mathematics
University Of Sargodha,Sargodha,BS,4 Years,30000,15-12-2025,Mathematics
Government College Women University,Sialkot,BS,4 Years,25000,27-01-2025,Mathematics
University Of Sialkot,Sialkot,BS,4 Years,115000,01-11-2024,Mathematics
Sukkur Iba University,Sukkur,BS,4 Years,120000,07-02-2026,Mathematics
The Begum Nusrat Bhutto Women University,Sukkur,BS,4 Years,27250,04-06-2025,Mathematics
University Of Swabi,Swabi,BS,4 Years,51270,16-09-2025,Mathematics
Women University Swabi,Swabi,BS,4 Years,45760,12-09-2025,Mathematics
University Of Swat,Swat,BS,4 Years,19730,12-10-2023,Mathematics
"University Of Engineering &  Technology, Taxila",Taxila,BS,4 Years,102400,22-03-2026,Mathematics
"Shaheed Benazir Bhutto University, Sheringal",Upper Dir,BS,4 Years,30010,10-10-2025,Mathematics
University Of Chakwal,Chakwal,BS,4 Years,0,11-08-2025,Mathematics
Qurtuba University Of Science & Technology [di Khan],D.i. Khan,BS,4 Years,0,25-08-2025,Mathematics
The University Of Faisalabad,Faisalabad,BS,4 Years,67500,07-10-2023,Mathematics
Gift University,Gujranwala,BS,4 Years,126920,01-02-2026,Mathematics
The University Of Chenab,Gujrat,BS,4 Years,0,03-01-2026,Mathematics
Capital University Of Science And Technology,Islamabad,BS,4 Years,0,02-09-2025,Mathematics
Ibadat International University Islamabad,Islamabad,BS,4 Years,0,10-09-2023,Mathematics
Muslim Youth University,Islamabad,BS,4 Years,0,29-10-2025,Mathematics
Riphah International University,Islamabad,BS,4 Years,147942,30-07-2023,Mathematics
Shifa Tameer-e-millat University,Islamabad,BS,4 Years,0,12-08-2022,Mathematics
Sir Syed Case Institute Of Technology,Islamabad,BS,4 Years,0,21-08-2024,Mathematics
Institute Of Business Management,Karachi,BS,4 Years,155800,28-07-2022,Mathematics
Jinnah University For Women,Karachi,B.Sc. [Hons],4 Years,29000,15-10-2025,Mathematics
Karachi Institute Of Economics & Technology,Karachi,BS,4 Years,0,06-01-2024,Mathematics
Forman Christian College,Lahore,B.Sc. [Hons],4 Years,358200,30-11-2025,Mathematics
Lahore Garrison University,Lahore,BS,4 Years,174635,30-11--0001,Mathematics
Lahore Leads University,Lahore,B.Sc.,2 Years,140000,04-09-2025,Mathematics
Lahore University Of Management Sciences,Lahore,B.Sc. [Hons],4 Years,811100,10-03-2026,Mathematics
Minhaj University,Lahore,BS,4 Years,103500,31-10-2025,Mathematics
"National College Of Business Administration And Economics, Lahore",Lahore,BS (HONS),4 Years,144000,26-02-2023,Mathematics
The University Of Lahore ( Main Campus ),Lahore,BS (HONS),4 Years,135000,31-01-2026,Mathematics
University Of Central Punjab,Lahore,BS,4 Years,160000,10-10-2024,Mathematics
University Of Management And Technology,Lahore,BS,4 Years,212250,18-10-2024,Mathematics
Mohi-ud-din Islamic University,Mir Pur (ajk),BS,4 Years,56000,15-02-2024,Mathematics
Institute Of Southern Punjab,Multan,AD,2 Years,0,31-01-2025,Mathematics
Institute Of Southern Punjab,Multan,BS,4 Years,0,31-01-2025,Mathematics
Qarshi University,Muridke,BS,4 Years,0,30-11--0001,Mathematics
Northern University,Nowshera,BS,4 Years,30250,16-02-2026,Mathematics
Cecos University Of Information Tech. & Emerging Sciences,Peshawar,BS,4 Years,0,28-07-2025,Mathematics
City University Of Science & Information Technology,Peshawar,BS,4 Years,160000,10-11-2025,Mathematics
Preston University [pesh],Peshawar,BS,4 Years,80000,20-06-2016,Mathematics
Sarhad University Of Science & Information Technology,Peshawar,BS,4 Years,0,05-12-2025,Mathematics
The Shaikh Ayaz University,Shikar Pur,BS,4 Years,21500,10-11-2025,Mathematics
Grand Asian University Sialkot,Sialkot,BS,4 Years,0,21-09-2024,Mathematics
Grand Asian University Sialkot,Sialkot,AD,2 Years,0,21-09-2024,Mathematics
Hitec University,Taxila,BS,4 Years,100000,30-08-2025,Mathematics
University Of Wah,Wah Cantt,BS,4 Years,112000,20-09-2023,Mathematics
Comsats University Islamabad ( Abbotabad Campus ),Abbottabad,BS,4 Years,121150,29-01-2026,Mathematics
"The Islamia University Of Bahawalpur, Ahmadpur East Campus",Ahmadpur East,BS,4 Years,45565,30-06-2024,Mathematics
Comsats University Islamabad ( Attock Campus ),Attock,BS,4 Years,112200,16-01-2026,Mathematics
University Of Education ( Attock Campus ),Attock,BS,4 Years,20214,02-09-2025,Mathematics
The Islamia University Of Bahawalpur[sub Campus],Bahawal Nagar,BS,4 Years,45565,30-06-2025,Mathematics
"Gomal University, Desc",Bhakkar,BS,4 Years,0,26-01-2019,Mathematics
University Of Sargodha ( Bhakkar Campus ),Bhakkar,BS,4 Years,0,03-11-2021,Mathematics
"University Of Agriculture Faisalabad, Sub Campu",Burewala,BS,4 Years,0,28-07-2025,Mathematics
"Government College University Faisalabad, Chiniot Campus",Chiniot,BS,4 Years,0,24-06-2025,Mathematics
Mirpur University Of Science And Technology [dadyal],Dadyal,BS,4 Years,0,15-08-2011,Mathematics
University Of Agriculture Faisalabad[sub Campus],Depal Pur,BS,4 Years,0,28-07-2025,Mathematics
National University Of Modern Languages ( Faisalabad Campus ),Faisalabad,BS,4 Years,0,09-12-2025,Mathematics
University College Of Education,Faisalabad,BS,4 Years,0,14-07-2023,Mathematics
University Of Engineering And Technology[fiasalabad Campus],Faisalabad,BS,4 Years,62427,22-03-2026,Mathematics
University Of Sargodha ( Women Campus Faisalabad ),Faisalabad,BS,4 Years,0,10-10-2016,Mathematics
University Of Sargodha (lyallpur Campus),Faisalabad,BS,4 Years,0,30-09-2017,Mathematics
Rachna College Of Engineering And Technology,Gujranwala,BS,4 Years,62427,22-03-2026,Mathematics
University Of Sargodha (gujranwala Campus),Gujranwala,BS,4 Years,0,30-09-2017,Mathematics
"Government College University Faisalabad, Hafizabad Capus",Hafizabad,BS,4 Years,0,24-06-2025,Mathematics
"University Of The Poonch Rawalakot, Kahuta-haveli Campus",Haveli (ajk),BS,4 Years,0,20-08-2025,Mathematics
National University Of Modern Languages ( Hyderabad Campus ),Hyderabad,BS,4 Years,0,09-12-2025,Mathematics
Lahore College For Women University,Jhang,BS,4 Years,39800,13-09-2019,Mathematics
University Of Education [ Jauharabad Campus ],Joharabad,BS,4 Years,20214,02-09-2025,Mathematics
"Government College University Lahore, Kala Shah Kaku Campus",Kala Shah Kaku,BS,4 Years,0,11-12-2025,Mathematics
Universtiy Of Engineering And Technology (sub Campus),Kala Shah Kaku,BS,4 Years,62427,02-06-2025,Mathematics
Bahria University ( Karachi Campus ),Karachi,BS,4 Years,80889,02-12-2024,Mathematics
"Federal Urdu University Of Arts  Science & Technology, Karachi",Karachi,B.Sc. [Hons],4 Years,34400,10-01-2025,Mathematics
"Mehran University Of Engineering And Technology ( Szab Campus, Khair Pur )",Khair Pur,BS,4 Years,0,10-05-2025,Mathematics
Arid Institute Of Management Sciences,Lahore,BS,4 Years,0,29-10-2021,Mathematics
Comsats University Islamabad( Lahore Campus ),Lahore,BS,4 Years,112200,17-07-2025,Mathematics
National University Of Modern Languages ( Lahore  Campus ),Lahore,BS,4 Years,0,09-12-2025,Mathematics
University Of Gujrat (lahore Campus),Lahore,BS,4 Years,0,25-08-2018,Mathematics
University Of Sargodha ( Lahore Campus ),Lahore,BS,4 Years,0,30-09-2017,Mathematics
"Quaid-e-awam University Of Engineering, Science And Technology, Larkana Campus",Larkana,BS,4 Years,0,18-07-2022,Mathematics
Government College University Faisalabad (layyah Campus),Layyah,BS,4 Years,0,04-09-2023,Mathematics
"The Islamia University Of Bahawalpur, Liaqatpur Campus",Liaqatpur,BS,4 Years,45565,30-06-2025,Mathematics
University Of Sargodha ( Mandi Baha-ud-din Campus ),Mandi Baha-ud-din,BS,4 Years,0,30-09-2017,Mathematics
University Of Sargodha ( Mianwali Campus ),Mianwali,BS,4 Years,0,24-09-2018,Mathematics
University College Of Education,Multan,BS,4 Years,0,14-07-2023,Mathematics
University Of Engineering & Technology (narowal Campus),Narowal,BS,4 Years,62427,22-03-2026,Mathematics
University Of Gujrat (narowal Campus,Narowal,BS,4 Years,0,26-07-2017,Mathematics
University Of Education,Okara,BS (HONS),4 Years,9400,21-09-2015,Mathematics
University Of Makran,Panjgur,BS,4 Years,8053,25-10-2024,Mathematics
National University Of Modern Languages ( Quetta Campus ),Quetta,BS,4 Years,62000,24-03-2023,Mathematics
The Islamic University Of Bahawalpur[rahimyar Khan Campus],Rahim Yar Khan,BS,4 Years,45565,30-06-2025,Mathematics
"National University Of Modern Languages, Rawalpindi Campus",Rawalpindi,BS,4 Years,62000,28-07-2023,Mathematics
University Of Gujrat (rawalpindi Campus),Rawalpindi,BS,4 Years,0,26-07-2018,Mathematics
Comsats University Islamabad ( Sahiwal Campus ),Sahiwal,BS,4 Years,112200,16-01-2026,Mathematics
"Government College University Faisalabad, Sahiwal Campus",Sahiwal,BS,4 Years,0,04-09-2023,Mathematics
Shah Abdul Latif University (sub Campus),Shikar Pur,BS,4 Years,0,05-12-2018,Mathematics
"Shaheed Benazir Bhutto Women University Peshawar, Sub Campus",Swabi,BS,4 Years,0,10-10-2013,Mathematics
University Of Agriculture Faisal Abad[toba Tek Singh Campus],Toba Tek Singh,BS,4 Years,46200,28-07-2025,Mathematics
"Bahauddin Zakariya University, ( Vehari Campus )",Vehari,BS,4 Years,27150,02-01-2026,Mathematics
Comsats University Islamabad ( Vehari Campus ),Vehari,BS,4 Years,112200,16-01-2026,Mathematics
University Of Education [ Vehari Campus ],Vehari,BS,4 Years,20214,02-09-2025,Mathematics
National College Of Business Administration And Economics ( Bahwal Pur Campus ),Bahawal Pur,BS,4 Years,0,19-10-2025,Mathematics
"Riphah International University, Faisalabad Campus",Faisalabad,BS,4 Years,98000,18-10-2025,Mathematics
The University Of Lahore ( Chanab Campus),Gujrat,BS,4 Years,0,13-09-2019,Mathematics
Preston University [isb],Islamabad,BS,4 Years,80000,30-10-2025,Mathematics
Preston University [lhr],Lahore,BS,4 Years,80000,20-06-2016,Mathematics
Riphah International University Lahore,Lahore,BS,4 Years,0,15-01-2024,Mathematics
National College Of Business Administration And Economics ( Multan Campus ),Multan,BS,4 Years,0,19-10-2025,Mathematics
The University Of Lahore ( Baba Fareed Campus ),Pak Pattan,BS,4 Years,0,20-02-2021,Mathematics
Qurtuba University Of Science & Information Technology,Peshawar,BS,4 Years,0,31-10-2024,Mathematics
National College Of Business Administration & Economics ( Rahim Yar Khan Campus ),Rahim Yar Khan,BS,4 Years,0,03-11-2024,Mathematics
Riphah International University ( Rawalpindi Campus ),Rawalpindi,BS,4 Years,0,19-09-2018,Mathematics
"The University Of Lahore, Sub Campus",Sargodha,BS,4 Years,0,08-02-2025,Mathematics
"University Of Management And Technology, Sialkot Campus",Sialkot,BS,4 Years,0,30-10-2021,Mathematics
Government S E College,Bahawal Pur,BS,4 Years,0,26-09-2014,Mathematics
Government Postgraduate College,Bannu,BS,4 Years,0,31-08-2013,Mathematics
Government Post Graduate College,Burewala,BS,4,3500,06-11-2020,Mathematics
Government Postgraduate College,Chakwal,BS,4 Years,0,30-11--0001,Mathematics
Government Abdul Ali Khan Degree College,Charsadda,BS,4 Years,0,27-08-2018,Mathematics
Government Degree College Tangi,Charsadda,BS,4 Years,0,27-08-2018,Mathematics
Government Postgraduate College,Charsadda,BS,4 Years,0,27-08-2018,Mathematics
Government Degree College For Women[company Bagh],D.g.khan,BS,4 Years,0,30-11--0001,Mathematics
Government Post Graduate College,D.g.khan,BS,4 Years,0,30-11--0001,Mathematics
Government College For Women [madina Town],Faisalabad,BS,4 Years,0,30-11--0001,Mathematics
Government Post Graduate College Of Science,Faisalabad,BS,4 Years,0,23-09-2024,Mathematics
Government Post Graduate College [samanabad],Faisalabad,BS,4 Years,0,23-09-2023,Mathematics
"Uaf Community Collge, Jhang Road",Faisalabad,BS,4 Years,0,28-07-2025,Mathematics
Government Post Graduate College For Women [satellite Town],Gujranwala,BS,4 Years,0,10-09-2024,Mathematics
Government Post Graduate College[satellite Town],Gujranwala,BS (HONS),4 Years,0,02-10-2025,Mathematics
Government Post Graduate Islamia College,Gujranwala,BS,4 Years,0,08-10-2025,Mathematics
"Islamabad College For Boys, G-6/3",Islamabad,BS,4 Years,0,30-08-2024,Mathematics
Islamabad Model College For Girls Shalimar F-6/2,Islamabad,BS,4 Years,0,07-09-2025,Mathematics
"Islamabad Model College For Girls,g-10/4 ( Postgraduate)",Islamabad,BS,4 Years,0,07-09-2025,Mathematics
"Islamabad Model Postgraduate College, H-8",Islamabad,BS,4 Years,0,07-09-2025,Mathematics
Government Post Graduate College,Jhang,BS (HONS),4 Years,0,30-09-2025,Mathematics
Government Degree College,Kahuta,BS,4 Years,0,31-12-2021,Mathematics
Government Superior Science College,Karachi,BS,4 Years,0,31-12-2025,Mathematics
Government Postgraduate College,Kohat,BS,4 Years,0,20-08-2014,Mathematics
Apwa Degree College For Women[jail Road],Lahore,CERT,4,3500,02-10-2024,Mathematics
"F.g Degree College, Aziz Bhatti Road",Lahore,BS,4 Years,0,28-09-2019,Mathematics
Government College For Boys[model Town],Lahore,BS,4 Years,0,30-10-2021,Mathematics
Government College Of Science[wahdat Road],Lahore,BS,4 Years,0,14-09-2024,Mathematics
Government College [baghbanpura],Lahore,BS,4 Years,0,05-11-2022,Mathematics
Government College [township],Lahore,BS,4 Years,0,07-09-2024,Mathematics
Government Dyal Singh College[laxmi Chowk],Lahore,BS,4 Years,3500,31-10-2022,Mathematics
Government Islamia College [civil Lines],Lahore,BS,4 Years,0,25-09-2023,Mathematics
Government Islamia College [railway Road],Lahore,BS,4 Years,0,15-10-2021,Mathematics
Government Islamia Post Graduate College For Women,Lahore,BS,4 Years,0,30-11--0001,Mathematics
Government Islamia Post Graduate College For Women [cooper Road],Lahore,BS,4 Years,0,21-09-2023,Mathematics
Government M.a.o College,Lahore,BS (HONS),4 Years,0,31-12-2022,Mathematics
Government Post Graduate College For Women [samanabad],Lahore,BS (HONS),4 Years,0,28-10-2021,Mathematics
Government Postgraduate College For Women [wahdat Conlony],Lahore,BS,4 Years,0,06-11-2021,Mathematics
Government Queen Marry College,Lahore,BS,4 Years,0,15-07-2024,Mathematics
Queen Marry College,Lahore,BS (HONS),4 Years,0,03-10-2020,Mathematics
Government Post Graduate College,Mandi Baha-ud-din,BS,4 Years,0,26-10-2020,Mathematics
Government Postgraduate College,Mansehra,BS,4 Years,0,22-08-2015,Mathematics
University College For Women,Mardan,AD,2 Years,52678,18-08-2025,Mathematics
"Government College Of Education, Fazalpur",Mir Pur (ajk),BS,4 Months,0,30-09-2018,Mathematics
Government Shah Abdul Latif Boys College,Mir Pur Khas,BS,4 Years,0,24-01-2026,Mathematics
Emerson University Multan,Multan,BS,4 Years,0,15-08-2025,Mathematics
Government College Of Science,Multan,BS,4 Years,0,23-10-2018,Mathematics
Government College,Muzafargarh,BS,4 Years,0,05-10-2021,Mathematics
Government Post Graduate College,Nowshera,BS,4 Years,0,08-09-2014,Mathematics
Government College For Boys,Peshawar,BS,4 Years,0,30-08-2017,Mathematics
Government College Peshawar,Peshawar,BS,4 Years,0,31-08-2019,Mathematics
Government Degree College For Bys[hayatabad],Peshawar,BS,4 Years,0,31-08-2018,Mathematics
Government Superior Science College,Peshawar,BS,4 Years,0,20-08-2016,Mathematics
"F. G. Girls Degree College, Madrissa Road",Quetta,BS,4 Years,0,13-10-2025,Mathematics
F.g Boys Degree College,Quetta,BS,4 Years,0,13-10-2025,Mathematics
General Musa Government Degree College,Quetta,BS,4 Years,0,05-10-2020,Mathematics
Government College [quet],Quetta,BS,4 Years,0,05-04-2025,Mathematics
Government Inter Girls College Satellite Town,Quetta,BS,4 Years,0,20-04-2025,Mathematics
Khawaj Farid Government Post Graduate College,Rahim Yar Khan,BS,4 Years,0,10-10-2020,Mathematics
F.g Sir Syed Degree College,Rawalpindi,BS,4 Years,0,03-10-2023,Mathematics
Government Post Graduate College[asghar Mall ],Rawalpindi,BS,4 Years,0,17-08-2025,Mathematics
Government Post Graduate Gordon College,Rawalpindi,BS,4 Years,0,08-09-2023,Mathematics
Government Postgraduate College For Women[satellite Town],Rawalpindi,BS,4 Years,0,08-09-2013,Mathematics
"Government Postgraduate College, Boys [satellite Town]",Rawalpindi,BS,4 Years,0,24-08-2024,Mathematics
Nisar Shaheed College,Risalpur,BS,4 Years,0,08-09-2019,Mathematics
Government Post Graduate College,Sahiwal,BS,4 Years,0,09-10-2013,Mathematics
Government Post Grduate College For Women,Sahiwal,BS,4 Years,0,10-11-2022,Mathematics
Government Post Graduate College,Sammandri,BS,4 Years,0,09-10-2018,Mathematics
Government Ambala Muslim College,Sargodha,BS,4 Years,0,30-11--0001,Mathematics
Government Murray College,Sialkot,BS,4 Years,15000,18-08-2023,Mathematics
Government Postgraduate College For Women,Sialkot,BS,4 Years,0,30-11--0001,Mathematics
Government Post Graduate College,Swabi,BS,4 Years,0,05-09-2015,Mathematics
Government Degree College,Timergara,BS,4 Years,0,08-10-2021,Mathematics
F.g College For Men,Wah Cantt,BS,4 Years,0,30-09-2022,Mathematics
Federal Government Post Graduate College For Women,Wah Cantt,BS,4 Years,0,30-09-2022,Mathematics
"Riphah Community College, Abbotabad Campus",Abbottabad,BS,4 Years,0,31-08-2023,Mathematics
Heritage College,Arif Wala,BS,4 Years,0,21-10-2017,Mathematics
"Riphah International College, Bahawlpur",Bahawal Pur,AD,2 Years,0,31-10-2022,Mathematics
Kalarkahar Science College,Chakwal,BS,4 Years,0,23-09-2018,Mathematics
Abdul Salam College,Faisalabad,BS,4 Years,0,25-11-2017,Mathematics
Ali Fatimah College Of Science & Management,Faisalabad,BS,4 Years,0,20-10-2020,Mathematics
Chenab College Of Advance Studies,Faisalabad,BS,4 Years,0,20-10-2020,Mathematics
Edison College,Faisalabad,BS,4 Years,0,07-08-2017,Mathematics
Faisalabad College For Women[main Samanabad Road],Faisalabad,BS,4 Years,0,04-08-2017,Mathematics
Fortune Institute Of Advance Studies,Faisalabad,BS,4 Years,0,30-11-2021,Mathematics
Ilm College,Faisalabad,BS,4 Years,0,25-10-2019,Mathematics
Informatics Group Of Colleges,Faisalabad,AD,2 Years,36000,07-01-2023,Mathematics
Kingston College Of Science And Commerce,Faisalabad,BS,4 Years,0,21-10-2017,Mathematics
"Kips College, Boys, Jail Road",Faisalabad,BS,4 Years,0,15-10-2019,Mathematics
"Kips College, Girls, Jail Road",Faisalabad,BS,4 Years,0,15-10-2019,Mathematics
Shiblee College Of Commerce & Science,Faisalabad,BS,4 Years,0,24-10-2020,Mathematics
Shiblee College Of Commerce For Women[gulberg Campus],Faisalabad,BS,4 Years,0,24-10-2020,Mathematics
Shifa College For Women,Faisalabad,BS,4 Years,0,16-11-2019,Mathematics
"Superior College, Boys",Faisalabad,BS,4 Years,0,02-12-2022,Mathematics
Aspire College,Gujranwala,BS,4 Years,0,31-10-2021,Mathematics
"Concorida Colleges, Gujranwala",Gujranwala,BS,4 Years,0,30-09-2019,Mathematics
Royal Gorup Of Colleges,Gujranwala,BS,4 Years,0,31-10-2020,Mathematics
"Iqra Degree College, Havelian",Havelian,AD,2 Years,0,04-12-2021,Mathematics
Jinnah Muslim College Of Commerce,Islamabad,BS,4 Years,0,03-11-2019,Mathematics
"Concordia Colleges, Kasur",Kasur,BS,4 Years,0,30-09-2019,Mathematics
Al- Bahria Institute,Lahore,BS,4 Years,39600,07-01-2022,Mathematics
Aspire College,Lahore,BS,4 Years,0,24-10-2020,Mathematics
Cims Group Of Colleges,Lahore,BS,4 Years,0,22-10-2016,Mathematics
Concordia Colleges,Lahore,BS,4 Years,0,28-10-2020,Mathematics
Informatics Group Of Colleges,Lahore,BS,4 Years,0,31-07-2024,Mathematics
National College Of Business Administration & Economics (front Lane Campus),Lahore,BS,2 Years,0,17-09-2018,Mathematics
Punjab Group Of Colleges,Lahore,BS,4 Years,0,13-12-2022,Mathematics
"Riphah International College, Lahore",Lahore,AD,2 Years,0,01-11-2024,Mathematics
Fgk College,Layyah,BS,4 Years,0,27-10-2018,Mathematics
Gabriel College,Mandi Baha-ud-din,B.Sc. [Hons],4 Years,0,31-10-2015,Mathematics
British University College,Multan,BS,4 Years,0,31-10-2015,Mathematics
Legend College,Multan,BS,4 Years,0,03-12-2022,Mathematics
Multan Postgraduate College,Multan,BS,4 Years,0,30-09-2025,Mathematics
Pakistan College Of Science And Commerce,Multan,BS,4 Years,0,14-01-2022,Mathematics
The Educators College,Multan,BS,2 Years,0,11-12-2021,Mathematics
"Misali Zakriya Graduate College, Dinpur",Muzafargarh,BS,4 Years,0,04-12-2021,Mathematics
Army Public College Of Education For Women,Peshawar,BS (HONS),4 Years,0,29-10-2016,Mathematics
Vertex College Of Science And Technology,Peshawar,AD,2 Years,0,27-09-2018,Mathematics
Islamia College,Pir Mehal,BS,4 Years,0,02-01-2019,Mathematics
Aligarh College,Rahim Yar Khan,BS,4 Years,0,15-12-2021,Mathematics
Brookfield College,Rahim Yar Khan,BS,4 Years,0,31-10-2018,Mathematics
N I C C A S Postgraduate College,Rahim Yar Khan,BS,4 Years,0,27-09-2019,Mathematics
Bilquis College Of Eduacton For Women [chaklala],Rawalpindi,B.Sc. [Hons],4 Years,0,05-01-2026,Mathematics
Comand College,Sahiwal,BS,4 Years,0,03-10-2019,Mathematics
Greenfeild College,Sargodha,B.Sc. [Hons],4 Years,0,31-10-2015,Mathematics
"The Readers Group Of Colleges, Boys",Sargodha,BS,4 Years,0,16-10-2020,Mathematics
Superior College For Boys,Sillanwali,BS,4 Years,0,18-09-2021,Mathematics
Superior College For Girls,Sillanwali,BS,4 Years,0,18-09-2021,Mathematics
Islamia College,Toba Tek Singh,BS,4 Years,0,02-01-2019,Mathematics
Islamia College Of Commerce,Toba Tek Singh,BS,4 Years,0,29-10-2017,Mathematics
South Punjab Institute Of Science & Technology,D.g.khan,BS,4 Years,0,30-10-2017,Mathematics
Indus International Institute,D.g.khan,BS,4 Years,0,20-10-2016,Mathematics
"International Institute Of Science, Arts And Technology",Gujranwala,BS,4 Years,0,05-10-2025,Mathematics
Afro-asian Institute,Lahore,BS,4 Years,0,30-10-2018,Mathematics
Kaims International Institute,Multan,BS,4 Years,0,31-07-2019,Mathematics
Pakistan Institute Of Engineering And Technology,Multan,BS,4 Years,0,21-01-2018,Mathematics
Brains Institute,Peshawar,BS,4 Years,0,30-12-2022,Mathematics
National Institute Of Computer And Advanced Studies,Rahim Yar Khan,BS,4 Years,0,31-08-2023,Mathematics
Times Institute,Multan,BS,4 Years,60000,15-11-2022,Mathematics
Abdul Wali Khan University ( Shankar Campus ),Mardan,BS,4 Years,35000,30-11--0001,Mathematics
University Of Sargodha ( Comand Campus Sahiwal ),Sahiwal,BS,4 Years,0,30-11--0001,Mathematics
University Of Gujrat ( Sialkot Campus),Sialkot,BS,4 Years,0,18-09-2017,Mathematics
"Pak- Austria Fachhuochschule, Institute Of Applied Sciences And Technology",Haripur,BS,4 Years,0,31-12-2025,Mechanical Engineering Technology
Air University,Islamabad,BE,4 Years,99600,25-07-2025,Mechatronics
Mehran University Of Engineering & Technology,Jamshoro,BE,4 Years,38600,18-08-2025,Mechatronics
"University Of Engineering & Technology, Peshawar",Peshawar,B.Sc. [Engg.],4 Years,85000,19-08-2025,Mechatronics
"University Of Engineering &  Technology, Taxila",Taxila,BS,4 Years,102400,22-03-2026,Mechatronics
University Of Chakwal,Chakwal,BS,4 Years,0,11-08-2025,Mechatronics
Al-khair University [ajk],Islamabad,BE,4 Years,0,01-01-1970,Mechatronics
Karachi Institute Of Economics & Technology,Karachi,BE,4 Years,117600,06-01-2024,Mechatronics
Shaheed Zulfiqar Ali Bhutto Institute Of Science & Technology,Karachi,BE,4 Years,108800,12-02-2026,Mechatronics
University Of Wah,Wah Cantt,BE,4 Years,194000,20-09-2023,Mechatronics
"University Of Engineering & Technology,taxila, ( Chakwal Campus )",Chakwal,B.Sc. [Engg.],4 Years,10430,27-06-2021,Mechatronics
"Air University, Karachi Campus",Karachi,BS,4 Years,0,25-08-2025,Mechatronics
College Of Electrical And Mechenical Engineering,Rawalpindi,BS,4 Years,174050,25-01-2026,Mechatronics
Wah Engineering College,Taxila,B.Sc. [Engg.],4 Years,0,25-07-2011,Mechatronics
"University Of Engineering & Technology, Lahore",Lahore,B.Sc. [Engg.],4 Years,62427,22-03-2026,Mechatronics Control
University Of Engineering And Technology[fiasalabad Campus],Faisalabad,B.Sc. [Engg.],4 Years,62427,22-03-2026,Mechatronics Control
The University Of Faisalabad,Faisalabad,BS,4 Years,135200,07-10-2023,Medical Laboratory Sciences
Baqai Medical University,Karachi,BS,4 Years,100000,18-10-2024,Medical Laboratory Sciences
The Superior University,Lahore,BS,4 Years,141600,31-01-2026,Medical Laboratory Sciences
The University Of Lahore ( Main Campus ),Lahore,BS,4 Years,147400,03-01-2026,Medical Laboratory Sciences
University Of Management And Technology,Lahore,AD,2 Years,0,16-11-2024,Medical Laboratory Sciences
The University Of Lahore ( Islamabad Campus ),Islamabad,MD,5 Years,0,11-10-2019,Medical Laboratory Sciences
Al Wateen Institute Of Medical Sciences,Islamabad,BS,4 Years,0,22-02-2019,Medical Laboratory Sciences
Vertex College Of Science And Technology,Islamabad,BS,5 Years,0,02-11-2018,Medical Laboratory Sciences
Hussain College Of Health Sciences,Lahore,BS,4 Years,0,31-08-2025,Medical Laboratory Sciences
Zohra Institute Of Health Sciences,Rawalpindi,BS,4 Years,90000,01-01-2021,Medical Laboratory Sciences
Karakuram International University,Gilgit,BS,4 Years,33400,10-08-2025,Medical Physics
University Of Kotli,Kotli,BS,4 Years,0,15-08-2025,Medical Physics
"Abdul Wali Khan University, Mardan",Mardan,BS,4 Years,45000,31-08-2024,Medical Physics
"Bahauddin Zakariya University, Multan",Multan,BS,4 Years,0,02-01-2026,Medical Physics
The University Of Lahore ( Main Campus ),Lahore,BS,4 Years,120000,03-01-2026,Medical Physics
University Of Kotli,Kotli,BS,4 Years,0,02-10-2024,Medical Technology
Shaheed Mohtarma Benazir Bhutto Medical University,Larkana,BS,4 Years,0,09-01-2026,Medical Technology
Zia-ud-din Medical University,Karachi,B.Sc.,3 Years,96500,26-08-2025,Medical Technology
"Zia Ud Din University, Sukkur Campus",Sukkur,BS,4 Years,0,26-08-2025,Medical Technology
Pakistan Institute Of Medical Sciences,Islamabad,BS,4 Years,0,21-09-2015,Medical Technology
Sughra Shafi Medical Complex,Narowal,B.Sc.,2 Years,0,30-11--0001,Medical Technology
Ibadat International University Islamabad,Islamabad,BS,4 Years,96000,10-09-2023,Medical Ultrasound
Green International University,Lahore,BS,4 Years,0,02-09-2025,Medical Ultrasound
The University Of Lahore ( Main Campus ),Lahore,BS,4 Years,144200,03-01-2026,Medical Ultrasound
Riphah International University Lahore,Lahore,B.Sc. [Hons],4 Years,0,20-09-2024,Medical Ultrasound
Liaquat University Of Medical And Health Sciences,Jamshoro,MBBS,5 Years,31900,17-05-2025,Medicine Mbbs
Jinnah Sindh Medical University,Karachi,MBBS,5 Years,31900,15-01-2025,Medicine Mbbs
Fatima Jinnah Medical University,Lahore,MBBS,5 Years,15630,21-11-2025,Medicine Mbbs
King Edward Medical University / Mayo Hospital,Lahore,MBBS,5 Years,15630,21-11-2025,Medicine Mbbs
Shaheed Mohtarma Benazir Bhutto Medical University,Larkana,BDS,4 Years,27000,18-12-2025,Medicine Mbbs
Nishtar Medical College / Nishter Hospital,Multan,MBBS,5 Years,15630,21-11-2025,Medicine Mbbs
Peoples University Of Medical And Health Sciences For Women,Nawab Shah,MBBS,5 Years,16000,15-01-2025,Medicine Mbbs
Bolan Medical College / Bolan Hospital,Quetta,MBBS,5 Years,70000,31-12-2025,Medicine Mbbs
Rawalpindi Medical University,Rawalpindi,MBBS,5 Years,23000,21-11-2025,Medicine Mbbs
The University Of Modern Sciences,Tando Muhammad Khan,MBBS,5 Hours,0,30-11-2022,Medicine Mbbs
Isra University/hospital,Hyderabad,MBBS,5 Years,1300000,10-12-2025,Medicine Mbbs
Bahria University Medical & Dental College,Karachi,MBBS,5 Years,1600000,10-12-2025,Medicine Mbbs
Baqai Medical University,Karachi,MBBS,5 Years,914000,10-12-2025,Medicine Mbbs
Hamdard University,Karachi,MBBS,5 Years,1375000,10-12-2025,Medicine Mbbs
Zia-ud-din Medical University,Karachi,MBBS,5 Years,1660000,10-12-2025,Medicine Mbbs
University College Of Medicine And Dentistry,Lahore,MBBS,5 Years,1640000,21-11-2025,Medicine Mbbs
Ayub Medical College / Ayub Hospital,Abbottabad,MBBS,5 Years,200000,21-11-2025,Medicine Mbbs
Quaid-e-azam Medical College / Victoria Hospital,Bahawal Pur,MBBS,5 Years,15630,21-11-2025,Medicine Mbbs
Bannu Medical College,Bannu,MBBS,5 Years,0,21-11-2025,Medicine Mbbs
D. G. Khan Medical College,D.g.khan,MBBS,5 Years,15630,21-11-2025,Medicine Mbbs
Gomal Medical College,D.i. Khan,MBBS,5 Years,28655,21-11-2025,Medicine Mbbs
Abwa Medical College,Faisalabad,MBBS,5 Years,1600000,21-11-2025,Medicine Mbbs
Punjab Medical College / Allied Hospital,Faisalabad,MBBS,5 Years,15630,21-11-2025,Medicine Mbbs
Gujranwala Medical College,Gujranwala,MBBS,5 Years,15630,21-11-2025,Medicine Mbbs
Nawaz Sharif Medical College [gujrat],Gujrat,MBBS,5 Years,63696,21-11-2025,Medicine Mbbs
Fazaia Medical College,Islamabad,MBBS,5 Years,1700000,08-11-2024,Medicine Mbbs
Federal Medical And Dental College,Islamabad,MBBS,5 Years,24000,10-12-2025,Medicine Mbbs
Foundation University Medical College,Islamabad,MBBS,5 Years,630000,30-11--0001,Medicine Mbbs
Bilawal Medical College,Jamshoro,MBBS,5 Years,0,08-12-2025,Medicine Mbbs
Dow International Medical College (ojha Campus),Karachi,MBBS,5 Years,31900,29-11-2025,Medicine Mbbs
Dow Medical College (dmc Campus),Karachi,MBBS,5 Years,31900,15-01-2025,Medicine Mbbs
Karachi Medical & Dental College / Abbasi Shaheed Hospital,Karachi,MBBS,5 Years,32000,15-01-2025,Medicine Mbbs
"Shaheed Muhtrama Benazir Bhutto Medical College, Lyari",Karachi,MBBS,5 Years,31900,15-01-2025,Medicine Mbbs
Sindh Medical College / Jinnah Hospital,Karachi,MBBS,5 Years,29000,15-01-2025,Medicine Mbbs
Khairpur Medical College,Khair Pur,MBBS,5 Years,38900,15-01-2025,Medicine Mbbs
Jhalawan Medical College,Khuzdar,MBBS,5 Years,0,31-12-2025,Medicine Mbbs
Allama Iqbal Medical College / Jinnah Hospital,Lahore,MBBS,5 Years,15630,21-11-2025,Medicine Mbbs
Ameer Ud Din Medical College,Lahore,MBBS,5 Years,15630,21-11-2025,Medicine Mbbs
Services Institute Of Medical Sciences,Lahore,MBBS,5 Years,15630,21-11-2025,Medicine Mbbs
Shaikh Khalifa Bin Zayed Al-nahayan Medical & Dental College,Lahore,MBBS,5 Years,35780,20-01-2025,Medicine Mbbs
Chandka Medical College / Dhq Hospital,Larkana,MBBS,5 Years,31900,15-01-2025,Medicine Mbbs
Loralai Medical College,Loralai,MBBS,5 Years,0,31-12-2025,Medicine Mbbs
Bacha Khan Medical College,Mardan,MBBS,5 Years,38950,21-11-2025,Medicine Mbbs
Mohtarma Benazir Bhutto Shaheed Medical College,Mir Pur (ajk),MBBS,5 Years,0,05-12-2025,Medicine Mbbs
Azad Jammu And Kashmir Medical College,Muzaffarabad,MBBS,5 Years,37000,05-12-2025,Medicine Mbbs
Nawab Shah  Medical College For Women,Nawab Shah,MBBS,5 Years,0,01-01-1970,Medicine Mbbs
Nowshera Medical College,Nowshera,MBBS,5 Years,0,21-11-2025,Medicine Mbbs
Khyber Girls Medical College,Peshawar,MBBS,5 Years,110000,21-11-2025,Medicine Mbbs
Khyber Medical College / Khyber Teaching Hospital,Peshawar,MBBS,5 Years,110000,21-11-2025,Medicine Mbbs
Sheikh Zayed Medical College/hospital,Rahim Yar Khan,MBBS,5 Years,15630,31-01-2026,Medicine Mbbs
Poonch Medical College,Rawala Kot,MBBS,5 Years,0,05-12-2025,Medicine Mbbs
Army Medical College / Cmh,Rawalpindi,MBBS,5 Years,220000,28-07-2025,Medicine Mbbs
Sahiwal Medical College,Sahiwal,MBBS,5 Years,15630,21-11-2025,Medicine Mbbs
Saidu Medical College,Saidu Sharif,MBBS,5 Years,15000,21-11-2025,Medicine Mbbs
Sargodha Medical College,Sargodha,MBBS,5 Years,73720,21-11-2025,Medicine Mbbs
Khawaja Muhammad Safdar Medical College,Sialkot,MBBS,5 Years,15630,21-11-2025,Medicine Mbbs
Gajju Khan Medical College,Swabi,MBBS,5 Years,0,21-11-2025,Medicine Mbbs
Makran Medical College,Turbat,MBBS,5 Years,0,31-12-2025,Medicine Mbbs
Abbottabad International Medical College,Abbottabad,MBBS,5 Years,1500000,08-12-2025,Medicine Mbbs
Frontier Medical College,Abbottabad,MBBS,5 Years,1400000,08-12-2025,Medicine Mbbs
Women Medical And Dental College,Abbottabad,MBBS,5 Years,1250000,08-12-2025,Medicine Mbbs
Bahawal Pur Medical & Dental College,Bahawal Pur,MBBS,5 Years,0,23-01-2023,Medicine Mbbs
Aziz Fatimah Medical And Dental College,Faisalabad,MBBS,5 Years,1428000,21-11-2025,Medicine Mbbs
Independent Medical College,Faisalabad,MBBS,5 Years,1500000,21-11-2025,Medicine Mbbs
University Medical & Dental College,Faisalabad,MBBS,5 Years,1700000,21-11-2025,Medicine Mbbs
M. Islam Medical & Dental College,Gujranwala,MBBS,5 Years,1225000,21-11-2025,Medicine Mbbs
Al-nafees Medical College & Hospital,Islamabad,MBBS,5 Years,1310000,12-11-2022,Medicine Mbbs
"Bahria University Medical College, Islamabad",Islamabad,MBBS,5 Years,0,10-12-2025,Medicine Mbbs
Hbs Medical And Dental College,Islamabad,MBBS,5 Years,1640000,15-12-2021,Medicine Mbbs
Islamabad Medical & Dental College,Islamabad,MBBS,5 Years,1317000,21-02-2022,Medicine Mbbs
Nust School Of Health Sciences,Islamabad,MBBS,5 Years,0,10-12-2025,Medicine Mbbs
Shifa College Of Medicine/hospital,Islamabad,MBBS,5 Years,1450000,01-09-2025,Medicine Mbbs
Yusra Medical & Dental College,Islamabad,MBBS,5 Years,723000,30-11--0001,Medicine Mbbs
Hashmat Medical College,Jalal Pur Jattan,MBBS,5 Years,0,06-11-2020,Medicine Mbbs
Aga Khan University,Karachi,MBBS,5 Years,1507000,08-05-2025,Medicine Mbbs
Fazaia Ruth Pfau Medical College,Karachi,MBBS,5 Years,1700000,10-12-2025,Medicine Mbbs
Jinnah Medical & Dental College,Karachi,MBBS,5 Years,1470000,12-12-2025,Medicine Mbbs
Liaquat College Of Medicine & Dentistry,Karachi,MBBS,5 Years,1300000,10-12-2025,Medicine Mbbs
Liaquat National Medical College,Karachi,MBBS,5 Years,1300000,25-01-2025,Medicine Mbbs
Sir Syed College Of Medical Sciences For Girls,Karachi,MBBS,5 Years,1320000,10-12-2025,Medicine Mbbs
United Medical And Dental College,Karachi,MBBS,5 Years,1750000,10-12-2025,Medicine Mbbs
Pak Red Crescent Medical And Dental College,Kasur,MBBS,5 Years,1500000,21-11-2025,Medicine Mbbs
Abu Umara Medical And Dental College,Lahore,MBBS,5 Years,0,21-11-2025,Medicine Mbbs
Akhtar Saeed Medical And Dental College,Lahore,MBBS,5 Years,1750000,21-11-2025,Medicine Mbbs
"Al- Aleem Medical College, Gulab Devi Educational Complex",Lahore,MBBS,5 Years,1500000,21-11-2025,Medicine Mbbs
Avicenna Medical College,Lahore,MBBS,5 Years,1300000,21-11-2025,Medicine Mbbs
Azra Naheed Medical College,Lahore,MBBS,5 Years,1390000,21-11-2025,Medicine Mbbs
Central Park Medical College,Lahore,MBBS,5 Years,1300000,21-11-2025,Medicine Mbbs
Cmh Lahore Medical College,Lahore,MBBS,5 Years,1600000,10-12-2025,Medicine Mbbs
Continental Medical College,Lahore,MBBS,5 Years,1425000,21-11-2025,Medicine Mbbs
Fmh College Of Medicine & Dentistry,Lahore,MBBS,5 Years,1590000,21-11-2025,Medicine Mbbs
Lahore Medical & Dental College,Lahore,MBBS,5 Years,1750000,15-12-2025,Medicine Mbbs
Rahbar Medical And Dental College,Lahore,MBBS,5 Years,1608000,21-11-2025,Medicine Mbbs
Rashid Latif Medical College,Lahore,MBBS,5 Years,1500000,21-11-2025,Medicine Mbbs
Shalamar Medical & Dental College,Lahore,MBBS,5 Years,1640000,21-11-2025,Medicine Mbbs
Sharif Medical & Dental College,Lahore,MBBS,5 Years,1500000,21-11-2025,Medicine Mbbs
Shahida Islam Medical College,Lodhran,MBBS,5 Years,1500000,21-11-2025,Medicine Mbbs
Muhammad Medical College,Mir Pur Khas,MBBS,5 Years,1400000,10-12-2025,Medicine Mbbs
Bakhtawar Amin Medical And Dental College,Multan,MBBS,5 Years,1800000,21-11-2025,Medicine Mbbs
Cmh Multan Institute Of Medical Sciences,Multan,MBBS,5 Years,1175000,10-12-2025,Medicine Mbbs
Multan Medical And Dental College,Multan,MBBS,5 Years,1717000,21-11-2025,Medicine Mbbs
Sahara Medical College,Narowal,MBBS,5 Years,1525000,21-11-2025,Medicine Mbbs
Jinnah Medical College,Peshawar,MBBS,5 Years,850000,08-12-2025,Medicine Mbbs
Kabir Medical College,Peshawar,MBBS,5 Years,1220000,08-12-2025,Medicine Mbbs
Muhammad College Of Medicine ( Former Al-razi Medical College),Peshawar,MBBS,5 Years,1214000,08-12-2025,Medicine Mbbs
North West School Of Medicine,Peshawar,MBBS,5 Years,1414000,08-12-2025,Medicine Mbbs
Pak International Medical College,Peshawar,MBBS,5 Years,1220000,08-12-2025,Medicine Mbbs
Peshawar Medical And Dental College,Peshawar,MBBS,5 Years,1500000,08-12-2025,Medicine Mbbs
Rehman Medical College,Peshawar,MBBS,5 Years,1300000,08-12-2025,Medicine Mbbs
Quetta Institute Of Medical Sciences,Quetta,MBBS,5 Years,883810,10-12-2025,Medicine Mbbs
"Akhtar Saeed Medical College, Rawalpindi Campus",Rawalpindi,MBBS,5 Years,0,21-11-2025,Medicine Mbbs
Watim Dental College,Rawalpindi,MBBS,5 Years,1260000,21-11-2025,Medicine Mbbs
Niazi Medical And Dental College,Sargodha,MBBS,5 Years,1500000,21-11-2025,Medicine Mbbs
Rai Medical College,Sargodha,MBBS,5 Years,1400000,31-01-2026,Medicine Mbbs
Amna Inayat Medical College,Sheikhupura,MBBS,5 Years,1427000,21-11-2025,Medicine Mbbs
Islam Medical College,Sialkot,MBBS,5 Years,1217000,21-11-2025,Medicine Mbbs
Sialkot Medical College,Sialkot,MBBS,5 Years,1350000,21-11-2025,Medicine Mbbs
Saidu Medical College Swat,Swat,MBBS,5 Years,400000,12-12-2023,Medicine Mbbs
Swat Medical College,Swat,MBBS,5 Years,0,08-12-2025,Medicine Mbbs
Suleman Roshan Medical College,Tando Adam,MBBS,5 Years,1240000,10-12-2025,Medicine Mbbs
Indus Medical College,Tando Muhammad Khan,MBBS,5 Years,1350000,10-12-2025,Medicine Mbbs
Wah Medical College,Wah,MBBS,5 Years,1400000,10-12-2025,Medicine Mbbs
Pir Abdul Qadir Shah Jeelani Institute Of Medical Sciences,Gambat,MBBS,5 Years,31900,10-12-2025,Medicine Mbbs
Cmh Kharian Medical College,Kharian,MBBS,5 Years,1103500,10-12-2025,Medicine Mbbs
Kmu Institute Of Medical Sciences,Kohat,MBBS,5 Years,110000,21-11-2025,Medicine Mbbs
Sheikh Zayed Federal Postgraduate Medical Institute / Hospital,Lahore,MBBS,5 Years,450000,17-11-2025,Medicine Mbbs
Hitech Institute Of Medical Sciences,Taxila,MBBS,5 Years,1340000,10-12-2025,Medicine Mbbs
Liaquat Institute Of Medical & Health Sciences,Thatta,MBBS,5 Years,0,08-12-2025,Medicine Mbbs
Cmh Institute Of Medical Sciences,Bahawal Pur,MBBS,5 Years,950000,10-12-2025,Medicine Mbbs
Rawal Institute Of Health Sciences,Islamabad,MBBS,5 Years,1200000,12-11-2022,Medicine Mbbs
Karachi Institute Of Medical Sciences,Karachi,MBBS,5 Years,950000,10-12-2025,Medicine Mbbs
Foundation University Madical College,Islamabad,MBBS,5 Years,1350000,10-12-2025,Medicine Mbbs
Al-tibri Medical College,Karachi,MBBS,5 Years,1300000,10-12-2025,Medicine Mbbs
Mohi-ud-din Islamic Medical College,Mir Pur (ajk),MBBS,5 Years,1300000,30-11--0001,Medicine Mbbs
Islamic International Medical College,Rawalpindi,MBBS,5 Years,1500000,30-11-2025,Medicine Mbbs
Amina Inayat Medical College,Sheikhupura,MBBS,5 Years,760000,07-10-2019,Medicine Mbbs
Ghulam Muhammad Mahar Medical College,Sukkur,MBBS,5 Years,31900,15-01-2025,Medicine Mbbs
Green International University,Lahore,BS,5 Years,0,11-11-2023,Medicine
Women Institute Of Science & Humanities,Islamabad,BS,4 Years,0,15-08-2016,Mental Health Diagnostic Skills
National University Of Science & Technology,Islamabad,BE,4 Years,174050,25-01-2026,Metallurgy Materials
Pakistan Institute Of Engineering & Applied Sciences,Islamabad,BS,4 Years,112000,28-03-2025,Metallurgy Materials
Mehran University Of Engineering & Technology,Jamshoro,BE,4 Years,38600,10-05-2025,Metallurgy Materials
Ned University Of Engineering & Technology,Karachi,BE,4 Years,46670,20-05-2025,Metallurgy Materials
"University Of Engineering & Technology, Lahore",Lahore,B.Sc. [Engg.],4 Years,62427,22-03-2026,Metallurgy Materials
University Of The Punjab,Lahore,B.Sc. [Engg.],4 Years,47540,25-09-2025,Metallurgy Materials
"Bahauddin Zakariya University, Multan",Multan,B.Sc.,4 Years,43650,26-09-2024,Metallurgy Materials
Women University Swabi,Swabi,BS,4 Years,42460,06-02-2023,Molecular Biology Biotechnology
The University Of Lahore ( Main Campus ),Lahore,BS,4 Years,167000,31-01-2026,Molecular Biology Biotechnology
Liaquat University Of Medical And Health Sciences,Jamshoro,BS,4 Years,58000,10-10-2025,Microbiology Molecular Genetics
University Of The Punjab,Lahore,BS,4 Years,41940,25-09-2025,Microbiology Molecular Genetics
"Bahauddin Zakariya University, Multan",Multan,BS,4 Years,27150,02-01-2026,Microbiology Molecular Genetics
The Women University,Multan,BS,4 Years,25750,07-01-2025,Microbiology Molecular Genetics
University Of Okara,Okara,BS,4 Years,46000,18-07-2025,Microbiology Molecular Genetics
"International Institute Of Science, Arts And Technology",Gujranwala,BS,4 Years,0,05-10-2025,Microbiology Molecular Genetics
Abbottabad University Of Science And Technology,Abbottabad,BS,4 Years,28500,26-08-2025,Microbiology
Women University Azad Jammu & Kashmir,Bagh,BS,4 Years,43110,01-09-2025,Microbiology
University Of Science & Technology,Bannu,BS,4 Years,16400,20-09-2025,Microbiology
Bacha Khan University,Charsadda,BS,4 Years,37000,22-09-2025,Microbiology
Ghazi University,D.g.khan,BS,4 Years,21300,15-08-2023,Microbiology
Gomal University,D.i. Khan,BS,4 Years,46600,09-01-2026,Microbiology
Fata University,Darra Adam Khail,BS,4 Years,22000,16-08-2025,Microbiology
Government College University,Faisalabad,BS,4 Years,28200,24-06-2025,Microbiology
University Of Agriculture,Faisalabad,B.Sc. [Hons],4 Years,60500,28-07-2025,Microbiology
Karakuram International University,Gilgit,BS,4 Years,41900,10-08-2025,Microbiology
University Of Gujrat,Gujrat,BS,4 Years,0,15-08-2025,Microbiology
University Of Haripur,Haripur,BS,4 Years,20109,26-01-2026,Microbiology
Hazara University [havellian Campus],Havelian,BS,4 Years,0,23-02-2015,Microbiology
Government College University Hyderabad,Hyderabad,BS,4 Years,0,15-09-2025,Microbiology
Allama Iqbal Open University,Islamabad,BS,4 Years,45100,10-02-2026,Microbiology
International Islamic University,Islamabad,BS,4 Years,89685,31-12-2025,Microbiology
Quaid-e-azam University,Islamabad,BS,4 Years,54565,29-07-2025,Microbiology
University Of Sindh,Jamshoro,BS,4 Years,15200,14-09-2025,Microbiology
University Of Jhang,Jhang,BS,4 Years,0,15-09-2025,Microbiology
University Of Karachi,Karachi,BS,4 Years,21000,28-11-2025,Microbiology
Shah Abdul Latif University,Khair Pur,B.Sc. [Hons],4 Years,12150,22-09-2025,Microbiology
Kohat University Of Science & Technology,Kohat,B.Sc. [Hons],4 Years,27900,15-09-2025,Microbiology
University Of Kotli,Kotli,BS,4 Years,0,15-08-2025,Microbiology
Government College University Lahore,Lahore,B.Sc. [Hons],4 Years,90000,11-12-2025,Microbiology
University Of Layyah,Layyah,BS,4 Years,0,17-07-2023,Microbiology
Punjab University Of Technology  [ Rasul],Mandi Baha-ud-din,BS,4 Years,0,25-09-2025,Microbiology
Hazara University,Mansehra,B.Sc. [Hons],4 Years,38980,01-09-2025,Microbiology
"Abdul Wali Khan University, Mardan",Mardan,BS,4 Years,55000,18-08-2025,Microbiology
Women University Mardan,Mardan,BS,4 Years,41400,28-01-2026,Microbiology
University Of Mianwali,Mianwali,BS,4 Years,0,18-08-2025,Microbiology
Mirpur University Of Science And Technology,Mir Pur (ajk),BS,4 Years,0,15-08-2024,Microbiology
Muhammad Nawaz Sharif University Of Agriculture,Multan,BS,4 Years,30000,29-09-2025,Microbiology
Kohsar University,Murree,BS,4 Years,0,26-02-2026,Microbiology
"Shaheed Benazir Bhutto University, Nawab Shah",Nawab Shah,BS,4 Years,18000,06-10-2025,Microbiology
Islamia College University,Peshawar,BS,4 Years,62000,16-09-2025,Microbiology
Khyber Medical University,Peshawar,BS,4 Years,0,30-10-2025,Microbiology
Shaheed Benazir Bhutto Women University,Peshawar,BS,4 Years,29513,28-09-2025,Microbiology
The University Of Agriculture,Peshawar,BS,4 Years,33000,15-08-2025,Microbiology
University Of Peshawar,Peshawar,B.Sc.,4 Years,71000,23-09-2025,Microbiology
Balochistan University Of It & Management Sciences,Quetta,BS,4 Years,39410,26-01-2026,Microbiology
Sardar Bahadur Khan Women University,Quetta,BS,4 Years,8040,15-09-2025,Microbiology
University Of Balochistan,Quetta,BS,4 Years,36000,11-08-2025,Microbiology
Khawaja Fareed University Of Engineering & Information Technology,Rahim Yar Khan,BS,4 Years,40250,20-06-2025,Microbiology
"Unversity Of The Poonch, Rawala Kot",Rawala Kot,BS,4 Years,46000,20-08-2025,Microbiology
Pir Mahar Ali Shah Arid Agriculture University,Rawalpindi,BS,4 Years,45650,08-08-2025,Microbiology
University Of Sargodha,Sargodha,BS,4 Years,30000,15-12-2025,Microbiology
University Of Swabi,Swabi,BS,4 Years,51270,16-09-2025,Microbiology
Women University Swabi,Swabi,BS,4 Years,77000,12-09-2025,Microbiology
The University Of Veterinary & Animal Sciences,Swat,BS,4 Years,18000,30-09-2025,Microbiology
University Of Swat,Swat,BS,4 Years,30900,12-10-2023,Microbiology
"Shaheed Benazir Bhutto University, Sheringal",Upper Dir,BS,4 Years,30010,10-10-2025,Microbiology
Hamdard University,Karachi,BS,4 Years,0,15-03-2025,Microbiology
Jinnah University For Women,Karachi,B.Sc. [Hons],4 Years,55000,15-10-2025,Microbiology
Zia-ud-din Medical University,Karachi,BS,4 Years,152800,26-08-2025,Microbiology
Lahore Garrison University,Lahore,BS,4 Years,174635,30-11--0001,Microbiology
Lahore University Of Biological & Applied Sciences,Lahore,BS,4 Years,0,13-07-2024,Microbiology
Minhaj University,Lahore,BS,4 Years,0,18-05-2024,Microbiology
Qarshi University (lhr),Lahore,BS,4 Years,0,20-08-2024,Microbiology
University Of Central Punjab,Lahore,BS,4 Years,190750,20-09-2024,Microbiology
University Of Management And Technology,Lahore,BS,4 Years,212250,18-10-2024,Microbiology
Abasyn University,Peshawar,BS,4 Years,105000,01-02-2026,Microbiology
City University Of Science & Information Technology,Peshawar,BS,4 Years,0,10-11-2025,Microbiology
Sarhad University Of Science & Information Technology,Peshawar,BS,4 Years,56500,16-05-2023,Microbiology
National University Of Medical Sciences,Rawalpindi,BS,4 Years,300000,16-01-2026,Microbiology
Grand Asian University Sialkot,Sialkot,BS,4 Years,0,21-09-2024,Microbiology
Comsats University Islamabad ( Abbotabad Campus ),Abbottabad,BS,4 Years,112200,04-08-2025,Microbiology
"Kohat University Of Science And Technology, (sub Campus)",Hangu,BS,4 Years,56800,15-09-2025,Microbiology
"Federal Urdu University Of Arts  Science & Technology, Karachi",Karachi,B.Sc. [Hons],4 Years,34400,10-01-2025,Microbiology
Government Postgraduate College ( Mandian),Abbottabad,BS,4 Years,0,30-11--0001,Microbiology
"Pak- Austria Fachhuochschule, Institute Of Applied Sciences And Technology",Haripur,BS,4 Years,0,03-01-2025,Microbiology
Institute Of Health Sciences,Islamabad,BS,4 Years,0,11-09-2025,Microbiology
Dj Sindh Government Science College,Karachi,BS,4 Years,0,31-12-2025,Microbiology
Government Dyal Singh College[laxmi Chowk],Lahore,BS,4 Years,0,31-10-2022,Microbiology
Government Islamia Post Graduate College For Women [cooper Road],Lahore,BS,4 Years,0,21-09-2023,Microbiology
Emerson University Multan,Multan,BS,4 Years,0,15-08-2025,Microbiology
King College Of Health Sciences,Bahawal Pur,BS (HONS),4 Years,0,16-09-2017,Microbiology
Royal Gorup Of Colleges,Gujranwala,BS,4 Years,0,27-10-2018,Microbiology
Advance Life College Of Medical Sciences,Lahore,BS,4 Years,0,30-11-2016,Microbiology
Central Park College Of Allied Health Sciences,Lahore,BS,4 Years,0,30-09-2019,Microbiology
Gulab Devi Educational Complex,Lahore,BS,4 Years,0,30-11--0001,Microbiology
Islamic International Institute Of Sciences,Multan,BS,4 Years,0,29-11-2018,Microbiology
Kings College Of Health Sciences,Sahiwal,BS,4 Years,0,16-09-2017,Microbiology
Sialkot Medical College,Sialkot,BS,4 Years,0,20-08-2018,Microbiology
Health Services Academy,Islamabad,BS,4 Years,0,25-07-2025,Microbiology
Comwave Institute Of Information Technology [abt],Abbottabad,BS,4 Years,0,03-09-2018,Microbiology
Indus International Institute,D.g.khan,BS,4 Years,0,20-10-2016,Microbiology
Comwave Institute Of Information Technology [haripur],Haripur,BS,4 Years,0,22-09-2018,Microbiology
Gulab Devi Post Graduate Medical Institute,Lahore,BS,4 Years,0,30-11--0001,Microbiology
Kaims International Institute,Multan,BS,4 Years,0,31-07-2019,Microbiology
Laeeque Rafique Institute Of Medical Sciences & Nursing School,Multan,BS,4 Years,0,30-11-2021,Microbiology
The Limit Institution Of Health Sciences,Sahiwal,BS,4 Years,0,18-11-2016,Microbiology
Abdulwali Khan University ( Timergara Campus ),Timergara,BS,4 Years,55000,18-08-2025,Microbiology
The University Of Lahore ( Main Campus ),Lahore,BS,4 Years,167000,31-01-2026,Microbiology Biotechnology
Fatima Jinnah Medical University,Lahore,BS,4 Years,0,29-10-2025,Midwifery
"Zia Ud Din University, Sukkur Campus",Sukkur,BS,4 Years,0,26-08-2025,Midwifery
Aga Khan University,Karachi,B.Sc.,2 Years,270000,28-04-2022,Midwifery
Health Services Academy,Islamabad,BS,4 Years,0,31-01-2026,Midwifery
Karakuram International University,Gilgit,B.Sc. [Engg.],4 Years,55100,10-08-2025,Mining
Mehran University Of Engineering & Technology,Jamshoro,BE,4 Years,38600,10-05-2025,Mining
"University Of Engineering & Technology, Lahore",Lahore,B.Sc. [Engg.],4 Years,62427,22-03-2026,Mining
"University Of Engineering & Technology, Peshawar",Peshawar,B.Sc. [Engg.],4 Years,85000,19-08-2025,Mining
Balochistan University Of It & Management Sciences,Quetta,BS,4 Years,48415,26-01-2026,Mining
Lahore Garrison University,Lahore,BS,4 Years,174635,30-11--0001,Molecular Genetics Virology
Gomal University,D.i. Khan,BS,4 Years,0,09-01-2026,Molecular Biology
"Shaheed Zulfiqar Ali Bhutto Medical University, Pims",Islamabad,BS,4 Years,0,19-10-2025,Molecular Biology
"Abdul Wali Khan University, Mardan",Mardan,BS,4 Years,35000,18-08-2025,Molecular Biology
"Bahauddin Zakariya University, Multan",Multan,BS,4 Years,27150,02-01-2026,Molecular Biology
"Shaheed Benazir Bhutto University, Nawab Shah",Nawab Shah,BS,4 Years,18000,08-11-2024,Molecular Biology
University Of Okara,Okara,BS,4 Years,46000,18-07-2025,Molecular Biology
Islamia College University,Peshawar,BS,4 Years,62000,16-09-2025,Molecular Biology
Shaheed Benazir Bhutto Women University,Peshawar,BS,4 Years,29513,28-09-2025,Molecular Biology
University Of Peshawar,Peshawar,BS,4 Years,0,16-10-2023,Molecular Biology
Jinnah University For Women,Karachi,BS,4 Years,50000,15-10-2025,Molecular Biology
Minhaj University,Lahore,BS,4 Years,0,18-05-2024,Molecular Biology
National University Of Medical Sciences,Rawalpindi,BS,4 Years,300000,16-01-2026,Molecular Biology
Emerson University Multan,Multan,BS,4 Years,0,15-08-2025,Molecular Biology
Zia-ud-din Medical University,Karachi,BS,4 Years,124000,26-08-2025,Molecular Medicine
"Unversity Of The Poonch, Rawala Kot",Rawala Kot,BS,4 Years,0,30-09-2023,Molecular Virology
"National College Of Arts, Gilgit Campus",Gilgit,AD,2 Years,0,04-03-2025,Multimedia Arts
National College Of Arts [rpd],Rawalpindi,BS,4 Years,194840,12-08-2025,Multimedia Arts
University Of Malakand,Chakdara,BS,4 Years,20000,31-07-2025,Multimedia
University Of Gujrat,Gujrat,BS,4 Years,71690,13-09-2024,Multimedia
Uit University,Karachi,AD,2 Years,0,25-07-2024,Multimedia
National College Of Arts,Lahore,BS,4 Years,127320,12-08-2025,Multimedia
Khawaja Fareed University Of Engineering & Information Technology,Rahim Yar Khan,BS,4 Years,40250,20-06-2025,Multimedia
"Aror University Of Art, Architecture, Design And Heritage",Sukkur,BS,4 Years,54000,14-01-2026,Multimedia
Minhaj University,Lahore,BS,4 Years,0,18-05-2024,Multimedia
Emerson University Multan,Multan,BS,4 Years,0,24-01-2025,Multimedia
Oriental College Of Arts,Lahore,BMM (HONS),4 Years,0,01-01-1970,Multimedia
Institute Of Textile  Multimedia & Fashion,Islamabad,BMM (HONS),4 Years,0,01-01-1970,Multimedia
Abbottabad University Of Science And Technology,Abbottabad,BS,4 Years,28500,26-08-2025,Nanoscience Technology
University Of The Punjab,Lahore,BS,4 Years,41940,25-09-2025,Nanoscience Technology
Preston University [isb],Islamabad,BS,4 Years,0,30-10-2025,Nanoscience Technology
Khushal Khan Khattak University,Karak,BS,4 Years,34000,19-01-2026,Nanotechnology
Khawaja Fareed University Of Engineering & Information Technology,Rahim Yar Khan,BS,4 Years,40250,20-06-2025,Nanotechnology
Ghulam Ishaq Khan  Institute Of Engineering Sciences & Technology,Swabi,BS,4 Years,695000,30-11--0001,Nanotechnology
"Abdul Wali Khan University, Mardan",Mardan,BS,4 Years,55000,31-08-2024,Nanotechnology Materials Engineering
Pakistan Navy Engineering College,Karachi,BS,4 Years,253080,25-01-2026,Naval Architecture
Jinnah Sindh Medical University,Karachi,BS,4 Years,0,17-12-2025,Neonatology
The Islamia University Of Bahawalpur,Bahawal Pur,BS,4 Years,49665,30-06-2025,Networking
Greenwich University,Karachi,BS,4 Years,0,14-07-2024,Networking
Biztek Institute Of Business & Technology,Karachi,BS,4 Years,0,23-02-2012,Networking
Iba-institute Of Emerging Technologies,Khair Pur,BS,4 Years,0,15-08-2022,Networking
Khyber Medical University,Peshawar,BS,4 Years,80000,30-10-2025,Neuro Physiology Technology
Shifa Tameer-e-millat University,Islamabad,AD,2.5 Years,14000,18-11-2025,Neuro Physiology Technology
Shifa Tameer-e-millat University,Islamabad,B.Sc.,4 Years,188000,18-11-2025,Neuro Physiology Technology
The University Of Lahore ( Main Campus ),Lahore,BS,4 Years,0,03-01-2026,Neuro Physiology Technology
Gandhara University,Peshawar,BS,4 Years,0,25-10-2025,Neuro Physiology Technology
Riphah International University Lahore,Lahore,BS,4 Years,0,15-01-2024,Neuro Physiology Technology
Institute Of Health Sciences,Islamabad,BS,4 Years,0,11-09-2025,Neuro Physiology Technology
The Childrens Hospital & The Institute Of Child Health,Lahore,BS,4 Years,0,29-11-2024,Neuro Physiology Technology
King Edward Medical University / Mayo Hospital,Lahore,B.Sc. [Hons],4 Years,54000,10-12-2025,Neuro Electrophysiology
Liaquat University Of Medical And Health Sciences,Jamshoro,BS,4 Years,0,10-10-2025,Neuro Sciences
Zia-ud-din Medical University,Karachi,BS,4 Years,96500,26-08-2025,Neuro Sciences
Dow University Of Health Sciences,Karachi,BS,4 Years,140000,31-12-2025,Nuclear Medicine
Jinnah Sindh Medical University,Karachi,BS,4 Years,0,17-12-2025,Nuclear Medicine
Zia-ud-din Medical University,Karachi,BS,4 Years,96500,26-08-2024,Nuclear Medicine
Pir Abdul Qadir Shah Jeelani Institute Of Medical Sciences,Gambat,BS,4 Years,0,07-03-2025,Nuclear Medicine
Sindh Institute Of Urology And Transplantation,Karachi,BS,4 Years,0,03-12-2025,Nuclear Medicine
The Government Sadiq College Women University,Bahawal Pur,BS,4 Years,0,20-06-2025,Nursing
The Islamia University Of Bahawalpur,Bahawal Pur,BS,4 Years,69965,30-06-2025,Nursing
Kalam Bibi International Women Institute,Bannu,BS,4 Years,0,18-09-2025,Nursing
Air University,Islamabad,BS,4 Years,0,17-11-2025,Nursing
"Shaheed Zulfiqar Ali Bhutto Medical University, Pims",Islamabad,BS,4 Years,0,22-10-2025,Nursing
Liaquat University Of Medical And Health Sciences,Jamshoro,B.NURS,4 Years,28000,10-10-2025,Nursing
Dow University Of Health Sciences,Karachi,B.Sc.,4 Years,140000,16-12-2024,Nursing
Kohat University Of Science & Technology,Kohat,BS,4 Years,79400,15-09-2025,Nursing
King Edward Medical University / Mayo Hospital,Lahore,B.Sc.,2 Years,54000,16-11-2019,Nursing
Shaheed Mohtarma Benazir Bhutto Medical University,Larkana,B.Sc.,4 Years,37500,09-01-2026,Nursing
Multan University Of Science And Technology,Multan,BS,4 Years,0,24-01-2026,Nursing
Nfc Institute Of Engineering & Technology,Multan,BS,4 Years,33700,13-12-2022,Nursing
University Of Azad Jammu & Kashmir,Muzaffarabad,BS,4 Years,0,08-08-2025,Nursing
Peoples University Of Medical And Health Sciences For Women,Nawab Shah,BS,4 Years,16000,31-10-2025,Nursing
Khyber Medical University,Peshawar,B.NURS,4 Years,80000,30-10-2025,Nursing
Bolan Medical College / Bolan Hospital,Quetta,BS,4 Years,0,05-04-2023,Nursing
Bolan Medical College / Bolan Hospital,Quetta,B.Sc.,2 Years,0,30-12-2024,Nursing
Bolan University Of Medical & Health Sciences,Quetta,BS,4 Years,0,20-01-2026,Nursing
The University Of Faisalabad,Faisalabad,B.NURS,4 Years,180000,07-10-2023,Nursing
The University Of Chenab,Gujrat,BS,4 Years,0,03-01-2026,Nursing
Isra University/hospital,Hyderabad,BS,4 Years,140000,15-12-2023,Nursing
Foundation University,Islamabad,B.Sc.,2 Years,140000,15-11-2024,Nursing
Foundation University,Islamabad,BS,4 Years,130000,15-11-2025,Nursing
Ibadat International University Islamabad,Islamabad,BS,4 Years,99400,10-09-2023,Nursing
Riphah International University,Islamabad,BS,4 Years,128000,30-07-2025,Nursing
Aga Khan University,Karachi,B.Sc.,4 Years,363000,27-04-2023,Nursing
Bahria University Medical & Dental College,Karachi,BS,4 Years,140274,10-02-2022,Nursing
Baqai Medical University,Karachi,B.Sc.,2 Years,125000,18-10-2024,Nursing
Hamdard University,Karachi,BS,4 Years,138600,15-03-2025,Nursing
Indus University,Karachi,BS,4 Years,0,31-10-2025,Nursing
Sohail University,Karachi,BS,4 Years,0,17-10-2024,Nursing
Zia-ud-din Medical University,Karachi,B.Sc.,4 Years,202272,26-08-2025,Nursing
Green International University,Lahore,BS,4 Years,0,02-09-2025,Nursing
Nur International University,Lahore,BS,4 Years,155278,11-01-2026,Nursing
Rashid Latif Khan University,Lahore,BS,4 Years,0,25-10-2025,Nursing
The University Of Lahore ( Main Campus ),Lahore,B.NURS,2 Years,142100,03-01-2026,Nursing
Northern University,Nowshera,BS,4 Years,30250,16-02-2026,Nursing
Abasyn University,Peshawar,B.Sc.,2 Years,0,01-02-2026,Nursing
Cecos University Of Information Tech. & Emerging Sciences,Peshawar,BS,4 Years,0,28-07-2025,Nursing
City University Of Science & Information Technology,Peshawar,BS,4 Years,0,15-10-2025,Nursing
Iqra National University,Peshawar,BS,4 Years,125766,30-09-2025,Nursing
Sarhad University Of Science & Information Technology,Peshawar,BS,4 Years,0,05-12-2025,Nursing
"Kmu Institute Of Health Sciences, G. I. Khan Campus",D.i. Khan,BS,4 Years,0,30-10-2025,Nursing
Bahria University ( Karachi Campus ),Karachi,BS,4 Years,140274,09-01-2026,Nursing
"Kmu Institute Of Health Sciences, Kohat",Kohat,BS,4 Years,0,30-10-2025,Nursing
"Kmu Institute Of Health Sciences, Hazara",Mansehra,BS,4 Years,0,03-11-2025,Nursing
Kmu Institute Of Health Sciences,Swabi,BS,4 Years,0,30-10-2025,Nursing
Kmu Institute Of Health Sciences,Swat,BS,4 Years,0,30-10-2025,Nursing
"Kmu Institute Of Health Sciences, Dir Upper",Upper Dir,BS,4 Years,0,30-10-2025,Nursing
Abasyn University (sub Campus),Islamabad,BS,4 Years,0,28-12-2025,Nursing
Isra University [isb]],Islamabad,B.Sc.,2 Years,130000,05-09-2022,Nursing
Isra University [khi],Karachi,BS (HONS),4 Years,140000,06-05-2025,Nursing
"Zia Ud Din University, Sukkur Campus",Sukkur,BS,4 Years,0,26-08-2025,Nursing
"Iqra National Univesity, Swat Campus",Swat,BS,4 Years,125766,30-09-2025,Nursing
"Government College Of Nursing, Ayub Teaching Hospital",Abbottabad,BS,4 Years,0,25-09-2025,Nursing
Government College Of Nursing,Bannu,BS,4 Years,0,25-09-2025,Nursing
Government College Of Nursing,D.i. Khan,BS,4 Years,0,25-09-2025,Nursing
Nursing College / Community Midwifery School,Gwadar,BS,4 Years,0,10-12-2021,Nursing
Institute Of Health Sciences,Islamabad,BS,4 Years,0,11-09-2025,Nursing
Pakistan Institute Of Medical Sciences,Islamabad,BS,4 Years,0,24-10-2016,Nursing
"College Of Nursing, Female",Jamshoro,BS,4 Years,0,18-12-2023,Nursing
Government College Of Nursing,Kohat,BS,4 Years,0,25-09-2025,Nursing
Allama Iqbal Medical College / Jinnah Hospital,Lahore,B.NURS,4 Years,0,11-11-2019,Nursing
Allama Iqbal Medical College / Jinnah Hospital,Lahore,B.Sc.,2 Years,0,24-06-2022,Nursing
School Of Nursing & Midwifery Sir Ganga Ram Hospital,Lahore,B.Sc.,2 Years,0,06-11-2023,Nursing
"School Of Nursing, Mayo Hospital",Lahore,B.Sc.,2 Years,0,06-11-2023,Nursing
"College Of Nursing, Female",Larkana,BS,4 Years,0,24-03-2025,Nursing
"College Of Nursing, Male",Larkana,BS,4 Years,0,24-03-2025,Nursing
Government College Of Nursing,Mardan,BS,4 Years,0,25-09-2025,Nursing
Mti College Of Nursing,Mardan,B.Sc.,2 Years,0,16-09-2019,Nursing
Nursing College / Community Midwifery School,Nasirabad Balochistan,BS,4 Years,0,10-12-2021,Nursing
"College Of Nursing, Female",Nawab Shah,BS,4 Years,0,24-03-2025,Nursing
"Government College Of Nursing, Hayatabad Medical Complex",Peshawar,BS,4 Years,0,04-11-2024,Nursing
"Government College Of Nursing, Khyber Teaching Hospital",Peshawar,BS,4 Years,0,04-11-2024,Nursing
"Government College Of Nursing, Lady Reading Hospital",Peshawar,BS,4 Years,0,04-11-2024,Nursing
Post Graduate College Of Nursing,Peshawar,B.NURS,4 Years,0,25-09-2025,Nursing
Collegeof Nursing(sandiman Provincial Hospital),Quetta,BMS,2 Years,0,29-03-2025,Nursing
College Of Nursing Armed Forces Post Graduate Medical Institute,Rawalpindi,B.Sc.,4 Years,0,31-07-2017,Nursing
"College Of Nursing, Female",Shikar Pur,BS,4 Years,0,24-03-2025,Nursing
"School Of Nursing, Allama Iqbal Hospital",Sialkot,B.Sc.,2 Years,0,06-11-2023,Nursing
Government College Of Nursing,Swat,BS,4 Years,0,25-09-2025,Nursing
Frontier Institute Of Medical Sciences [abbottabad],Abbottabad,BS,4 Years,0,12-04-2025,Nursing
Nims College Of Medical Imaging Sciences,Abbottabad,B.Sc.,2 Years,0,31-12-2025,Nursing
Vertex College Of Science & Technology,Abbottabad,BS,4 Years,0,30-11-2022,Nursing
Vist College Of Nursing,Abbottabad,B.Sc.,2 Years,0,22-03-2019,Nursing
Bahawalpur College Of Nursing,Bahawal Pur,B.NURS,2 Years,0,31-12-2020,Nursing
Bahawalpur Institute Of Medical Sciences,Bahawal Pur,BS,4 Years,0,18-02-2023,Nursing
Barikot College Of Nursing,Barikot,CERT,4 Years,0,12-04-2025,Nursing
Farabi College Of Nursing & Health Sciences,Batkhela,BS,4 Years,0,25-01-2019,Nursing
"Medix College Of Health, Management Sciences & Institute Of Nursing",Chakdara,B.NURS,4 Years,0,28-08-2019,Nursing
Gulf College Of Nursing,D.g.khan,B.Sc.,2 Years,0,15-10-2024,Nursing
Aziz Fatimah Nursing College,Faisalabad,B.Sc.,4 Years,0,22-11-2025,Nursing
Independent College Of Nursing,Faisalabad,B.NURS,4 Years,0,30-11-2022,Nursing
Jinnah Institute Of Medical Sciences,Faisalabad,BS,4 Years,0,25-10-2025,Nursing
Lyallpur Institute Of Advance Studies,Faisalabad,BS,4 Years,0,29-11-2025,Nursing
Al Wateen Institute Of Medical Sciences,Islamabad,B.Sc.,4 Years,0,22-02-2019,Nursing
Edworld College Of Nursing & Allied Health Sciences,Islamabad,BS,4 Years,0,04-01-2020,Nursing
Hbs Medical And Dental College,Islamabad,BS,4 Years,0,27-12-2025,Nursing
Health Aid College Of Nursing,Islamabad,BS,4 Years,0,01-09-2025,Nursing
Islamabad Medical & Dental College,Islamabad,B.Sc.,2 Years,0,21-02-2022,Nursing
Pak Institute Of Health Sciences,Islamabad,B.Sc.,2 Years,0,17-01-2022,Nursing
Shifa College Of Nursing,Islamabad,B.Sc.,2 Years,165000,26-09-2025,Nursing
Aga Khan University,Karachi,B.Sc.,4 Years,363000,08-05-2025,Nursing
(imht) Indus College Of Nursing & Midwifery,Karachi,B.NURS,4 Years,0,05-08-2016,Nursing
(imht) Indus College Of Nursing & Midwifery,Karachi,B.Sc.,2 Years,0,05-08-2016,Nursing
Al Nimrah College Of Nursing And Health Sciences,Karachi,B.Sc.,2 Years,0,03-11-2023,Nursing
Al-tibri College Of Nursing,Karachi,BS,4 Years,0,15-10-2019,Nursing
Allied Institute Of Nursing And Health Sciences,Karachi,BS,4 Years,0,20-10-2023,Nursing
Altamash  Institute Of Dental Medicine,Karachi,BS,4 Years,0,30-09-2025,Nursing
Horizon School Of Nursing & Health Sciences,Karachi,B.Sc.,2 Years,0,21-09-2020,Nursing
"Indus College Of Nursing And Midwifery, The Indus Hospital",Karachi,B.NURS,4 Years,0,25-09-2023,Nursing
Jinnah Medical & Dental College,Karachi,B.NURS,2 Years,0,15-10-2019,Nursing
Liaquat College Of Medicine & Dentistry,Karachi,BS,4 Years,0,27-11-2023,Nursing
Liaquat National College Of Nursing,Karachi,BS,4 Years,0,15-11-2025,Nursing
Liaquat National Medical College,Karachi,B.Sc.,2 Years,0,12-11-2021,Nursing
Liaquat National Medical College,Karachi,BS,4 Years,0,12-11-2021,Nursing
Murshid Hospital And Health Care Centre,Karachi,B.Sc.,2 Years,0,20-09-2019,Nursing
New Life K K College Of Nursing,Karachi,B.Sc.,4 Years,0,15-03-2021,Nursing
Pakistan Rangers College Of Nursing,Karachi,BS,4 Years,0,26-03-2022,Nursing
Pakistan Rangers College Of Nursing,Karachi,B.Sc.,2 Years,0,26-03-2022,Nursing
Sindh Institute Of Medical And Allied Sciences,Karachi,BS,4 Years,0,30-12-2025,Nursing
Suvastu School Of Nursing & Health Sciences,Karachi,B.Sc.,2 Years,0,30-09-2019,Nursing
Rehman College Of Nursing & Allied Health Sciences,Khanewal,BS,4 Years,0,07-02-2022,Nursing
Akhtar Saeed Medical And Dental College,Lahore,B.Sc.,4 Years,0,15-11-2025,Nursing
"Al- Aleem Medical College, Gulab Devi Educational Complex",Lahore,BS,Hours,0,21-11-2025,Nursing
Cmh Lahore Medical College,Lahore,BS,4 Years,0,22-12-2025,Nursing
Gulab Devi Educational Complex,Lahore,BS,4 Years,0,30-11--0001,Nursing
Gulfreen Nursing College,Lahore,B.Sc.,4 Years,0,02-03-2017,Nursing
Ittifaq College Of Nusing,Lahore,B.Sc.,2 Years,0,18-10-2025,Nursing
New Advance College Of Nursing,Lahore,B.Sc.,2 Years,0,17-09-2022,Nursing
Rashid Latif Nursing College,Lahore,BS,4 Years,0,20-11-2022,Nursing
Sacon Institute Of Health Sciences,Lahore,BS,4 Years,0,12-11-2025,Nursing
Saida Waheed Fmh College Of Nursing,Lahore,B.Sc.,4 Years,0,15-11-2025,Nursing
Shalamar Nursing College,Lahore,B.NURS,4 Years,0,31-10-2025,Nursing
Sharif College Of Nursing,Lahore,B.Sc.,4 Years,0,16-10-2025,Nursing
Elizabeth Rani College Of Nusing,Mardan,B.Sc.,2 Years,0,20-08-2020,Nursing
Elizabeth Rani College Of Nusing,Mardan,BS,4 Years,0,20-08-2020,Nursing
Himalaya College Of Nursing And Allied Health Sciences,Mardan,BS,4 Years,0,20-10-2022,Nursing
Khushal College Of Nursing,Mardan,B.Sc.,2 Years,0,07-03-2022,Nursing
Khushal College Of Nursing,Mardan,BS,4 Years,0,07-03-2022,Nursing
Zia Nursing College,Mardan,BS,4 Years,0,25-12-2021,Nursing
Mohi-ud-din Institute Of Nursing & Allied Sciences,Mir Pur (ajk),BS,4 Years,0,04-04-2025,Nursing
Cmh Multan Institute Of Medical Sciences,Multan,B.NURS,4 Years,0,22-12-2025,Nursing
Farrukh Mukhtar College Of Nursing,Multan,B.Sc.,4 Years,0,26-10-2023,Nursing
Medicare College Of Nursing,Multan,B.Sc.,2 Years,0,16-10-2025,Nursing
Multan Medical And Dental College,Multan,B.Sc.,2 Years,0,16-10-2025,Nursing
Ghazali Institute Of Medical Sciences,Peshawar,BS,4 Years,0,08-09-2025,Nursing
Ghazali Institute Of Medical Sciences ( Girls Campus ),Peshawar,BS,4 Years,0,19-10-2024,Nursing
Institute Of Health Sciences,Peshawar,BS,4 Years,0,22-01-2022,Nursing
P E F University College,Peshawar,BS,4 Years,0,31-10-2025,Nursing
Pak International Nursing College,Peshawar,B.Sc.,4 Years,0,30-09-2025,Nursing
Reflex College Of Nursing And Health Sciences,Peshawar,BS,4 Years,0,20-02-2022,Nursing
Rufaidah Nursing College,Peshawar,B.Sc.,4 Years,0,22-09-2025,Nursing
Rufaidah Nursing College,Peshawar,B.NURS,2 Years,0,22-09-2025,Nursing
The Universe College Of Nursing,Peshawar,B.NURS,4 Years,0,11-12-2021,Nursing
Quetta Institute Of Medical Sciences,Quetta,BS,4 Years,0,22-12-2025,Nursing
"Al Wateen Institute Of Medical Sciences, Rawalpindi Campus",Rawalpindi,B.Sc.,4 Years,0,23-02-2019,Nursing
Kings Institute Of Nursing And Allied Health Sciences,Saidu Sharif,BS,4 Years,0,26-11-2022,Nursing
Swat College Of Nursing,Saidu Sharif,BS,4 Years,0,16-11-2022,Nursing
Shahid College Of Nursing,Shabqadar,B.NURS,4 Years,0,12-11-2021,Nursing
Swabi College Of Nursing And Health Sciences,Swabi,BS,4 Years,0,09-02-2019,Nursing
Royal College Of Nursing,Swat,B.Sc.,4 Years,0,30-09-2018,Nursing
Lady Lamp College Of Nursing & Health Sciences,Timergara,BS,4 Years,0,20-08-2020,Nursing
"National Institute Of Education, Khema",Timergara,BS,4 Years,0,21-09-2023,Nursing
Zeb College Of Nursing,Timergara,BS,4 Years,0,30-12-2019,Nursing
Med Tech College Of Nursing,Upper Dir,BS,4 Years,0,09-04-2021,Nursing
Al- Rehman College Of Nursing & Allied Health Sciences,Vehari,B.Sc.,2 Years,0,10-11-2022,Nursing
Wah Medical College,Wah,B.Sc.,2 Years,0,31-10-2025,Nursing
College Of Nursing / Pims,Islamabad,BS,4 Years,0,04-09-2025,Nursing
Health Services Academy,Islamabad,BS,4 Years,0,31-01-2026,Nursing
"Ayaz Samoon Nursing Training Institute, Liyari",Karachi,BS,4 Years,0,18-12-2023,Nursing
Patel Institute Of Nursing And Allied Health Sciences,Karachi,B.Sc.,2 Years,0,22-09-2022,Nursing
Cmh Kharian Medical College,Kharian,B.Sc.,4 Years,0,22-12-2025,Nursing
Kmu Institute Of Medical Sciences,Kohat,BS,4 Years,0,11-09-2025,Nursing
Combined Military Hospital,Lahore,B.Sc.,4 Years,0,31-07-2017,Nursing
Shalamar Hospital,Lahore,B.NURS,4 Years,0,03-11-2014,Nursing
Shalamar Hospital,Lahore,B.NURS,2 Years,0,03-11-2014,Nursing
Sheikh Zayed Federal Postgraduate Medical Institute / Hospital,Lahore,B.Sc. [Hons],4 Years,0,12-11-2012,Nursing
Sheikha Fatima Institute Of Nursing & Health Sciences,Lahore,B.NURS,2 Years,0,30-09-2025,Nursing
Combined Military Hospital,Multan,B.Sc.,4 Years,0,31-07-2017,Nursing
Postgraduate Medical Institute Leady Reading Hospital,Peshawar,BS,4 Years,0,25-09-2025,Nursing
Postgrauate Medical Institue ( Hayatabad Medical Complex),Peshawar,B.Sc.,4 Years,0,24-10-2022,Nursing
Combined Military Hospital,Quetta,B.Sc.,4 Years,0,31-07-2017,Nursing
Armed Forces Postgraduate Medical Institute,Rawalpindi,BS (HONS),4,55000,22-12-2025,Nursing
"College Of Nursing And Medwifery, Holy Family Hospital",Rawalpindi,B.Sc.,2 Years,0,06-11-2023,Nursing
Liaquat Institute Of Medical & Health Sciences,Thatta,BS,4 Years,0,10-10-2025,Nursing
Nursing College / Training & Rehabiliation Centre,Zhob,BS,4 Years,0,10-12-2021,Nursing
Vertex Institute Of Science & Technology,Abbottabad,BS,4 Years,0,18-04-2025,Nursing
Liaquat Institute Of Medical Sciences,Batkhela,BS,4 Years,0,16-02-2019,Nursing
Jeejal Maau Institution Of Physiotherapy And Rehabilitation Sciences,Hyderabad,B.Sc.,2 Years,0,02-03-2024,Nursing
Aman Medical Institute,Islamabad,BS,4 Years,0,01-01-2022,Nursing
Bashir Institute Of Health Sciences,Islamabad,BS,4 Years,0,27-09-2023,Nursing
Bashir Institute Of Nursing,Islamabad,B.Sc.,2 Years,0,28-11-2020,Nursing
Prime Institute Of Health Sciences,Islamabad,BS,4 Years,0,01-10-2025,Nursing
Prime Institute Of Health Sciences,Islamabad,B.Sc.,2 Years,0,01-10-2025,Nursing
Rawal Institute Of Health Sciences,Islamabad,B.Sc.,2 Years,0,01-09-2025,Nursing
Hamza Institute Of Nursing & Health Sciences,Karachi,B.Sc.,2 Years,0,20-08-2018,Nursing
Karachi Institute Of Medical Sciences,Karachi,BS,4 Years,0,22-12-2025,Nursing
Memon Medical Institute Hospital,Karachi,B.Sc.,4 Years,0,30-10-2021,Nursing
Nmc Institute Of Nursing,Karachi,B.Sc.,4 Years,0,05-09-2011,Nursing
Sachal Sarmast Institute Of Nursing,Karachi,B.Sc.,2 Years,0,30-08-2016,Nursing
Saifee Burhani School Of Nursing,Karachi,BS,4 Years,0,03-11-2025,Nursing
South City Institute Of Nursing,Karachi,B.Sc.,4 Years,0,29-09-2018,Nursing
Universal Health Institute Of Nursing,Karachi,BS,4 Years,0,25-12-2025,Nursing
Pakistan Kidney And Liver Institute And Research Center,Lahore,BS,4 Years,0,27-12-2025,Nursing
Pakistan Kidney And Liver Institute And Research Center,Lahore,B.Sc.,2 Years,0,27-12-2025,Nursing
Kmu Institute Of Health Sciences,Mardan,BS,4 Years,0,30-10-2025,Nursing
Global Institute Of Medical Sciences,Peshawar,BS,4 Years,0,04-05-2025,Nursing
Northwest Institute Of Healths Ciences,Peshawar,B.Sc.,2 Years,0,27-09-2025,Nursing
Premier Institute Of Health And Management Sciences,Peshawar,BS,4 Years,0,27-12-2025,Nursing
Rehman Medical Institute,Peshawar,BS,4 Years,0,13-09-2025,Nursing
"College Of Nursing, Civil Hospital",Badin,BS,4 Years,0,24-03-2025,Nursing
"College Of Nursing, Sir C. J. Institute Of Psychiatry",Hyderabad,BS,4 Years,0,24-03-2025,Nursing
"College Of Nursing & Midwifery, Government Hospital Liaquatabad",Karachi,BS,4 Years,0,24-03-2025,Nursing
"College Of Nursing & Midwifery, Government Qatar Hospital Orangi Town",Karachi,BS,4 Years,0,24-03-2025,Nursing
"College Of Nursing, (male), Sindh Government Hospital Korang No.5",Karachi,BS,4 Years,0,24-03-2025,Nursing
"College Of Nursing, (male), Sindh Government Liyari General Hospital",Karachi,BS,4 Years,0,22-08-2025,Nursing
"College Of Nursing, ‏‎dr Ruth Pfau Civil Hospital",Karachi,B.Sc.,2 Years,0,24-03-2024,Nursing
"College Of Nursing, Civil Hospital",Khair Pur,BS,4 Years,0,24-03-2025,Nursing
"School Of Nursing, Jinnah Hospital",Lahore,B.Sc.,2 Years,0,06-11-2023,Nursing
"College Of Nursing, Civil Hospital",Mir Pur Khas,BS,4 Years,0,24-03-2025,Nursing
"School Of Nursing, Nishtar Hospital",Multan,B.Sc.,2 Years,0,30-11--0001,Nursing
School Of Nursing And Midwifery,Muzafargarh,B.Sc.,2 Years,0,06-11-2023,Nursing
"College Of Nursing, Civil Hospital",Sanghar,BS,4 Years,0,24-03-2025,Nursing
"College Of Nursing, Civil Hospital",Sukkur,BS,4 Years,0,24-03-2025,Nursing
"College Of Nursing, Civil Hospital",Thatta,BS,4 Years,0,24-03-2025,Nursing
Baich Wood School Of Nursing (mail],Hyderabad,BS,4 Years,0,11-02-2024,Nursing
Life Saving School Of Nursing,Karachi,BS,4 Years,0,25-10-2021,Nursing
S.t. Jams School Of Nursing,Karachi,B.Sc.,2 Years,0,31-08-2014,Nursing
St. James School Of Nursing,Karachi,B.NURS,2 Years,0,05-12-2021,Nursing
Provincial Health Services Academy,Peshawar,BS,4 Years,0,24-10-2022,Nursing
Shaukat Khanam Memorial Cancer Hospital & Research Center,Lahore,BS,4 Years,0,18-10-2025,Nursing
Nursing College / Jam Ghulam Qadir Hospital,Hub,BS,4 Years,0,10-12-2021,Nursing
Nursing College / D H Q Hospital,Kharan,BS,4 Years,0,10-12-2021,Nursing
Nursing College / District Health Development Center,Khuzdar,BS,4 Years,0,05-04-2023,Nursing
Nursing College / D H Q Hospital,Loralai,BS,4 Years,0,05-04-2023,Nursing
Nursing College / D H Q Hospital,Panjgur,BS,4 Years,0,10-12-2021,Nursing
D H Q Hospital,Pishin,BS,4 Years,0,15-04-2023,Nursing
Sandeman Provincial Hospital,Quetta,BS,4 Years,0,18-03-2020,Nursing
Sheikh Zayed Hospital,Quetta,BS,4 Years,0,05-04-2023,Nursing
Nursing College / D H Q Hospital,Sibi,BS,4 Years,0,10-12-2021,Nursing
Nursing College / District Health Development Center,Turbat,BS,4 Years,0,05-04-2023,Nursing
Chiniot General Hospital,Karachi,BS,4 Years,0,06-01-2023,Nursing
Kharadar General Hospital,Karachi,B.Sc.,2 Years,0,31-10-2025,Nursing
Jamshoro College Of Nursing,Jamshoro,B.NURS,2 Years,0,24-03-2025,Nursing
Al-tibri Medical College,Karachi,B.Sc.,2 Years,140000,15-10-2019,Nursing
Dow University Of Health Sciences,Karachi,BS,4 Years,100000,14-11-2025,Nursing Generic
Jinnah Sindh Medical University,Karachi,B.NURS,4 Years,0,17-12-2025,Nursing Generic
The University Of Modern Sciences,Tando Muhammad Khan,BS,4 Years,0,22-11-2025,Nursing Generic
Metropolitan University Karachi,Karachi,BS,4 Years,0,25-04-2025,Nursing Generic
"School Of Nursing, D H Q Hospital",Attock,B.Sc.,4 Years,0,16-01-2026,Nursing Generic
School Of Nursing Dhq Hospital,Bhakkar,B.Sc.,4 Years,0,16-01-2026,Nursing Generic
"School Of Nursing, D H Q Hospital",Chakwal,B.Sc.,4 Years,0,16-01-2026,Nursing Generic
"School Of Nursing, D H Q Hospital",D.g.khan,BS,4 Years,0,16-01-2026,Nursing Generic
"Civil Hospital, Community Midwifery School",Dadu,BS,4 Years,0,24-11-2021,Nursing Generic
"School Of Nursing, Allied Hospital",Faisalabad,BS,4 Years,0,16-01-2026,Nursing Generic
Gambat College Of Nursing,Gambat,BS,4 Years,0,10-01-2026,Nursing Generic
"School Of Nursing, Eye Cum General Hospital",Gojra,B.Sc.,4 Years,0,16-01-2026,Nursing Generic
Dakson Institute Of Health Sciences,Islamabad,BS,4 Years,0,19-03-2022,Nursing Generic
"Shaheed Muhtrama Benazir Bhutto Medical College, Lyari",Karachi,BS,4 Years,0,22-08-2025,Nursing Generic
"School Of Nursing, D H Q Hospital",Khanewal,B.Sc.,4 Years,0,16-01-2026,Nursing Generic
"School Of Nursing, D H Q Hospital",Khushab,B.Sc.,4 Years,0,16-01-2026,Nursing Generic
"Allied Health Sciences School, Lahore General Hospital",Lahore,BS,4 Years,0,01-03-2022,Nursing Generic
Ameer Ud Din Medical College,Lahore,BS,4 Years,0,16-01-2026,Nursing Generic
"College Of Nursing, Government Teaching Hospital, Shahdara",Lahore,B.NURS,4 Years,0,16-01-2026,Nursing Generic
Postgraduate College Of Nursing,Lahore,BS,4 Years,0,16-01-2026,Nursing Generic
School Of Nursing & Midwifery Sir Ganga Ram Hospital,Lahore,BS,4 Years,0,16-01-2026,Nursing Generic
School Of Nursing Services Hospital,Lahore,BS,4 Years,0,16-01-2026,Nursing Generic
"School Of Nursing, Mayo Hospital",Lahore,BS,4 Years,0,16-01-2026,Nursing Generic
Bacha Khan Medical College,Mardan,BS,4 Years,0,10-10-2025,Nursing Generic
Mti College Of Nursing,Mardan,BS,4 Years,0,07-11-2022,Nursing Generic
School Of Nursing Dhq Hospital [mianwali],Mianwali,B.Sc.,4 Years,0,16-01-2026,Nursing Generic
State College Of Nursing,Mir Pur (ajk),B.Sc.,4 Years,0,31-10-2024,Nursing Generic
School Of Nursing Dhq Hospital [okara],Okara,B.Sc.,4 Years,0,16-01-2026,Nursing Generic
"School Of Nursing, D H Q Hospital",Pak Pattan,B.Sc.,4 Years,0,16-01-2026,Nursing Generic
"School Of Nursing, Sheikh Zayed  Hospital",Rahim Yar Khan,BS,4 Years,0,16-01-2026,Nursing Generic
"School Of Nursing, D H Q Hospital",Rajanpur,B.Sc.,4 Years,0,16-01-2026,Nursing Generic
"School Of Nursing, D H Q Hospital",Rawalpindi,BS,4 Years,0,16-01-2026,Nursing Generic
"College Of Nursing, Christian Hospital",Sahiwal,BS,4 Years,0,15-11-2021,Nursing Generic
"School Of Nursing, Allama Iqbal Hospital",Sialkot,BS,4 Years,0,16-01-2026,Nursing Generic
Nigar College Of Nursing,Swabi,BS,4 Years,0,24-10-2025,Nursing Generic
"School Of Nursing, D H Q Hospital",Toba Tek Singh,B.Sc.,4 Years,0,16-01-2026,Nursing Generic
Abbottabad College Of Nursing,Abbottabad,BS,4 Years,0,18-09-2023,Nursing Generic
Jinnah School Of Nursing,Abbottabad,BS,Hours,0,16-01-2022,Nursing Generic
Nims College Of Medical Imaging Sciences,Abbottabad,BS,4 Years,0,10-01-2022,Nursing Generic
Vist College Of Nursing,Abbottabad,BS,4 Years,0,22-03-2019,Nursing Generic
Farabi College Of Nursing & Health Sciences,Charsadda,BS,4 Years,0,20-02-2021,Nursing Generic
Pace Group Of Colleges,Faisalabad,BS,4 Years,0,04-11-2020,Nursing Generic
"School Of Nursing, Madina Teaching Hospital",Faisalabad,BS,4 Years,0,30-09-2022,Nursing Generic
Global Institute Of Medical & Allied Health Sciences,Hyderabad,BS,4 Years,0,03-01-2022,Nursing Generic
National Institute Of Modern Studies,Islamabad,BS,4 Years,0,06-02-2022,Nursing Generic
Pak Institute Of Health Sciences,Islamabad,BS,4 Years,0,17-01-2022,Nursing Generic
Al Nimrah College Of Nursing And Health Sciences,Karachi,BS,4 Years,0,03-11-2023,Nursing Generic
All Saints Institute Of Nrsing & Allied Sciences,Karachi,BS,4 Years,0,27-09-2025,Nursing Generic
Jesus & Mary Institute Of Nursing & Allied Sciences,Karachi,BS,4 Years,0,05-12-2021,Nursing Generic
Karachi Institute Of Health Sciences,Karachi,BS,4 Years,0,30-11--0001,Nursing Generic
Karachi Institute Of Nursing And Allied Health Sciences,Karachi,BS,4 Years,0,27-02-2025,Nursing Generic
Oxford College Of Nursing And Allied Health Science,Karachi,BS,4 Years,0,07-10-2021,Nursing Generic
Pakistan Institute Of Nursing & Health Sciences,Karachi,BS,4 Years,0,25-01-2025,Nursing Generic
Crescent College Of Nursing And Allied Health Sciences,Kohat,BS,4 Years,0,25-04-2021,Nursing Generic
Ali Garh College Of Nursing,Lahore,B.NURS,4 Years,0,31-10-2025,Nursing Generic
Bahria Town School Of Nursing,Lahore,B.Sc.,4 Years,0,13-11-2021,Nursing Generic
Continental Institute Of Nursing,Lahore,BS,4 Years,0,10-11-2025,Nursing Generic
Doctors Hospital College Of Nursing,Lahore,BS,4 Years,0,04-11-2023,Nursing Generic
International College Of Nursing & Allied Health Sciences,Lahore,BS,4 Years,0,26-04-2025,Nursing Generic
Ittifaq College Of Nusing,Lahore,B.Sc.,4 Years,0,18-10-2025,Nursing Generic
Lahore Medical & Dental College,Lahore,BS,4 Years,0,30-10-2025,Nursing Generic
National Hospital & Medical Center,Lahore,BS,4 Years,0,10-11-2025,Nursing Generic
P S E College Of Nursing,Lahore,BS,4 Years,0,27-08-2022,Nursing Generic
"School Of Nursing, Ali Fatima Hospital",Lahore,BS,4 Years,0,15-09-2021,Nursing Generic
Mardan Institute Of Nursing And Allied Medical Sciences,Mardan,BS,4 Years,0,30-09-2022,Nursing Generic
Obaid Noor Institute Of Medical Sciences,Mianwali,BS,4 Years,0,01-02-2022,Nursing Generic
New Life Institute Of Nursing,Multan,BS,4 Years,0,16-10-2025,Nursing Generic
Siddique Institute Of Nursing And Allied Health Sciences,Multan,BS,4 Years,0,29-09-2022,Nursing Generic
Al-shifa Institute Of Health Sciences,Narowal,BS,4 Years,0,20-12-2025,Nursing Generic
Khyber Institute Of Nursing & Health Sciences,Peshawar,BS,4 Years,0,05-02-2022,Nursing Generic
Khyber Pakhtunkhwa Institute Of Medical Sciences,Peshawar,BS (HONS),4 Years,0,30-04-2021,Nursing Generic
National College Of Nursing,Peshawar,BS,4 Years,0,20-12-2025,Nursing Generic
Premier Institute Of Nursing Sciences,Peshawar,BS,4 Years,0,08-11-2024,Nursing Generic
Razi Institute Of Medical Sciences,Peshawar,BS,4 Years,0,23-10-2023,Nursing Generic
The Health Care Institute Of Nursing,Peshawar,BS,4 Years,0,06-11-2022,Nursing Generic
Sina Institute Of Medical Sciences,Quetta,BS,4 Years,0,30-11--0001,Nursing Generic
Armed Forces Medical College,Rawalpindi,BS,4 Years,55000,01-01-1970,Nursing Generic
S M K Institute Of Nursing,Shikar Pur,BS,4 Years,0,03-12-2022,Nursing Generic
Blessing Institute Of Medical Sciences,Sukkur,BS,4 Years,0,27-12-2025,Nursing Generic
Indus College Of Nursing,Tando Muhammad Khan,BS,4 Years,0,22-11-2025,Nursing Generic
Musarrat Shaukat College Of Nursing,Timergara,B.NURS,4 Years,0,23-09-2022,Nursing Generic
Thar Institute Of Nursing And Allied Health Sciences,Umerkot,B.Sc.,4 Years,0,20-10-2021,Nursing Generic
Al- Rehman College Of Nursing & Allied Health Sciences,Vehari,BS,4 Years,0,10-11-2022,Nursing Generic
Pir Abdul Qadir Shah Jeelani Institute Of Medical Sciences,Gambat,BS,4 Years,0,06-03-2024,Nursing Generic
School Of Nursing/pims,Islamabad,BS,4 Years,0,14-11-2023,Nursing Generic
Jinnah Postgraduate Medical Centre/hospital,Karachi,BS,4 Years,0,19-12-2024,Nursing Generic
National Institute Of Child Health,Karachi,B.Sc.,4 Years,0,24-10-2024,Nursing Generic
Sindh Institute Of Urology And Transplantation,Karachi,BS,4 Years,0,03-12-2025,Nursing Generic
Sheikha Fatima Institute Of Nursing & Health Sciences,Lahore,B.Sc.,4 Years,0,12-01-2026,Nursing Generic
The Childrens Hospital & The Institute Of Child Health,Lahore,BS,4 Years,0,16-01-2026,Nursing Generic
"College Of Nursing And Medwifery, Holy Family Hospital",Rawalpindi,BS,4 Years,0,16-01-2026,Nursing Generic
Women Institute Of Learning,Abbottabad,BS,4 Years,0,02-11-2023,Nursing Generic
Cmh Institute Of Medical Sciences,Bahawal Pur,BS,4 Years,0,23-01-2026,Nursing Generic
Hyderabad Institute Of Medical & Allied Sciences,Hyderabad,BS,4 Years,0,10-03-2023,Nursing Generic
Advance Health Sciences Institute Of Nursing,Karachi,B.NURS,4 Years,0,12-10-2020,Nursing Generic
Rehman Institute Of Paramedics,Karachi,BS,4 Years,0,10-09-2021,Nursing Generic
Farkhunda Institute Of Nursing And Public Health,Peshawar,B.NURS,4 Years,0,20-12-2025,Nursing Generic
National Institute Of Health And Management Sciences,Peshawar,BS,4 Years,0,20-12-2025,Nursing Generic
Udhyana Institute Of Medical Sciences,Saidu Sharif,BS,4 Years,0,27-09-2023,Nursing Generic
"School Of Nursing, Dhq Hospital",Bahawal Nagar,B.Sc.,4 Years,0,16-01-2026,Nursing Generic
"General Nursing Midwifery School, Bahawal Victoria  Hospital",Bahawal Pur,BS,4 Years,0,16-01-2026,Nursing Generic
"School Of Nursing, D H Q Hospital",Faisalabad,B.Sc.,4 Years,0,16-01-2026,Nursing Generic
"School Of Nursing And Midwifery , Dhq/teaching Hospital",Gujranwala,B.Sc.,4 Years,0,16-01-2026,Nursing Generic
General Nursing And Midwifery School Aziz Bhatti Shaheed Teaching Hospital,Gujrat,B.Sc.,4 Years,0,16-01-2026,Nursing Generic
"General Nursing School, D H Q Hospital",Hafizabad,B.Sc.,4 Years,0,16-01-2026,Nursing Generic
"School Of Nursing, Federal Government Poly Clinic",Islamabad,BS,4 Years,0,20-08-2025,Nursing Generic
College Of Nursing,Jaccobabad,BS,4 Years,0,24-03-2025,Nursing Generic
"General Nursing School, D H Q Hospital",Jhang,B.Sc.,4 Years,0,16-01-2026,Nursing Generic
"School Of Nursing And Midwifery, D H Q Hospital",Jhelum,B.Sc.,4 Years,0,16-01-2026,Nursing Generic
"School Of Nursing, D H Q Hospital",Kasur,B.Sc.,4 Years,0,16-01-2026,Nursing Generic
"School Of Nursing, Jinnah Hospital",Lahore,BS,4 Years,0,16-01-2026,Nursing Generic
"School Of Nursing, D H Q Hospital",Layyah,B.Sc.,4 Years,0,16-01-2026,Nursing Generic
"General Nursing Midwifery School, D H Q Hospital",Lodhran,B.Sc.,4 Years,0,16-01-2026,Nursing Generic
"School Of Nursing, Nishtar Hospital",Multan,BS,4 Years,0,16-01-2026,Nursing Generic
School Of Nursing And Midwifery,Muzafargarh,BS,4 Years,0,16-01-2026,Nursing Generic
"School Of Nursing Midwifery, D H Q Hospital",Narowal,B.Sc.,4 Years,0,16-01-2026,Nursing Generic
School Of Nursing,Rawalpindi,BS,4 Years,0,16-01-2026,Nursing Generic
School Of Nursing,Sahiwal,B.Sc.,4 Years,0,16-01-2026,Nursing Generic
"General Nursing School, D H Q Teaching Hospital",Sargodha,B.Sc.,4 Years,0,16-01-2026,Nursing Generic
"School Of Nursing, D H Q Hospital",Sheikhupura,B.Sc.,4 Years,0,16-01-2026,Nursing Generic
"School Of Nursing, D H Q Hospital",Vehari,B.Sc.,4 Years,0,16-01-2026,Nursing Generic
Blessing School Of Paramedics,Karachi,BS,4 Years,0,30-10-2025,Nursing Generic
School Of Nursing/midwifery,Mandi Baha-ud-din,B.Sc.,4 Years,0,16-01-2026,Nursing Generic
Dow University Of Health Sciences,Karachi,BS,4 Years,100000,20-12-2025,Nutrition
Khyber Medical University,Peshawar,BS,4 Years,80000,18-08-2025,Nutrition
Rashid Latif Khan University,Lahore,BS,4 Years,0,04-02-2024,Nutrition
Aziz Fatimah Medical And Dental College,Faisalabad,BS,4 Years,0,29-12-2025,Nutrition
Akhtar Saeed Medical And Dental College,Lahore,B.Sc. [Hons],4 Years,0,15-11-2025,Nutrition
Fmh College Of Medicine & Dentistry,Lahore,BS,4 Years,0,17-12-2022,Nutrition
Lahore Medical & Dental College,Lahore,BS,4 Years,0,10-12-2022,Nutrition
Lahore Pharmacy College,Lahore,BBA,4 Years,0,23-10-2020,Nutrition
Rashid Latif Medical College,Lahore,BS (HONS),4 Years,0,05-02-2023,Nutrition
Multan Medical And Dental College,Multan,B.Sc. [Hons],4 Years,0,03-08-2024,Nutrition
The Next College,Multan,BS,4 Years,0,30-10-2020,Nutrition
Suleman Roshan Medical College,Tando Adam,BS,4 Years,0,11-04-2025,Nutrition
Fmh Institute Of Allied Health Sciences,Lahore,B.Sc. [Hons],4 Years,0,23-11-2023,Nutrition
National Institute Of Health Sciences,Lahore,B.Sc. [Hons],4 Years,0,29-04-2021,Nutrition
Pakistan Kidney And Liver Institute And Research Center,Lahore,BS,4 Years,0,27-12-2025,Nutrition
Nur International University,Lahore,BS,4 Years,216320,18-01-2025,Nutritional Sciences
University Of Management And Technology,Lahore,DND,5 Years,249750,16-11-2024,Nutritional Sciences
"University Of Management And Technology, Sialkot Campus",Sialkot,BS,4 Years,0,30-10-2021,Nutritional Sciences
Ithm College,Faisalabad,BS,Years,0,31-08-2021,Nutritional Sciences
University Of The Punjab,Lahore,BS,4 Years,41940,25-09-2025,Nutrition Dietetics
University Of Veterinary And Animal Sciences,Lahore,BS (HONS),4 Years,45500,12-09-2025,Nutrition Dietetics
University Of Balochistan,Quetta,BBS,2 Years,36000,11-08-2025,Nutrition Dietetics
The University Of Faisalabad,Faisalabad,DND,5 Years,280000,07-10-2023,Nutrition Dietetics
The University Of Chenab,Gujrat,BS,4 Years,0,03-01-2026,Nutrition Dietetics
Hamdard University,Karachi,BS,4 Years,0,15-07-2023,Nutrition Dietetics
Shaheed Zulfiqar Ali Bhutto Institute Of Science & Technology,Karachi,BS,4 Years,88060,12-02-2026,Nutrition Dietetics
Green International University,Lahore,BS,4 Years,0,02-09-2025,Nutrition Dietetics
Sarhad University Of Science & Information Technology,Peshawar,B.ED,4 Years,56500,05-12-2025,Nutrition Dietetics
Grand Asian University Sialkot,Sialkot,AD,2 Years,0,21-09-2024,Nutrition Dietetics
"Institute Of Health Sciences, Kurram",Para Chinar,BS,4 Years,0,11-09-2025,Nutrition Dietetics
The University Of Lahore ( Islamabad Campus ),Islamabad,DND,5 Years,0,11-10-2019,Nutrition Dietetics
Government Dyal Singh College[laxmi Chowk],Lahore,BS,4 Years,0,31-10-2022,Nutrition Dietetics
King College Of Health Sciences,Bahawal Pur,DND,5 Years,0,16-09-2017,Nutrition Dietetics
Central Park College Of Allied Health Sciences,Lahore,BS,4 Years,0,09-11-2025,Nutrition Dietetics
Cmh Lahore Medical College,Lahore,BS,4 Years,0,20-09-2025,Nutrition Dietetics
Nisa Institute Of Science & Arts,Quetta,BS,4 Years,0,19-09-2024,Nutrition Dietetics
Kings College Of Health Sciences,Sahiwal,DND,5 Years,0,16-09-2017,Nutrition Dietetics
Armed Forces Institute Of Rehabilitation Medicine,Rawalpindi,BS,4 Years,0,16-01-2026,Nutrition Dietetics
Comwave Institute Of Information Technology,Islamabad,BS,4 Years,0,18-11-2023,Nutrition Dietetics
Pir Abdul Qadir Shah Jeelani Institute Of Medical Sciences,Gambat,BS,4 Years,0,07-03-2025,Obstetrics Gynaecology
Dow University Of Health Sciences,Karachi,B.Sc. [Hons],4 Years,140000,06-12-2019,Occupational Therapy
Khyber Medical University,Peshawar,BS,4 Years,80000,30-10-2025,Occupational Therapy
Bolan University Of Medical & Health Sciences,Quetta,BS,4 Years,0,20-01-2026,Occupational Therapy
Sohail University,Karachi,BS,5 Years,0,17-10-2024,Occupational Therapy
Zia-ud-din Medical University,Karachi,BS,4 Years,96500,26-08-2025,Occupational Therapy
The University Of Lahore ( Main Campus ),Lahore,BS,4 Years,123000,03-01-2026,Occupational Therapy
Bilawal Medical College,Jamshoro,BS,4 Years,0,15-06-2023,Occupational Therapy
Sindh Institute Of Physical Medecine & Rehabilitaion,Karachi,BS,4 Years,0,31-12-2025,Occupational Therapy
National Institute Of Modern Studies,Islamabad,BS,4 Years,0,06-02-2022,Occupational Therapy
Psrd College Of Rehabilitation Sciences,Lahore,B.Sc. [Hons],4 Years,0,15-08-2025,Occupational Therapy
Bakhtawar Amin Medical And Dental College,Multan,BS,4 Years,0,01-01-2025,Occupational Therapy
Multan College Of Physiotherapy,Multan,BS,4 Years,0,30-09-2019,Occupational Therapy
College Of Physical Medicine & Rehabilitation,Peshawar,BS,4 Years,0,25-01-2022,Occupational Therapy
Pir Abdul Qadir Shah Jeelani Institute Of Medical Sciences,Gambat,BS,4 Years,0,07-03-2025,Occupational Therapy
Health Services Academy,Islamabad,BS,4 Years,0,31-01-2026,Occupational Therapy
Jinnah Postgraduate Medical Centre/hospital,Karachi,B.Sc.,3 Years,0,15-02-2024,Occupational Therapy
The Childrens Hospital & The Institute Of Child Health,Lahore,B.Sc. [Hons],4 Years,0,29-11-2024,Occupational Therapy
Armed Forces Institute Of Rehabilitation Medicine,Rawalpindi,BS,4 Years,0,16-01-2026,Occupational Therapy
Faisalabad Medical University,Faisalabad,BS,4 Years,0,15-12-2025,Operation Theater Technology
University Of Kotli,Kotli,BS,4 Years,0,15-08-2025,Operation Theater Technology
Mirpur University Of Science And Technology,Mir Pur (ajk),BS,4 Years,0,15-07-2022,Operation Theater Technology
Multan University Of Science And Technology,Multan,BS,4 Years,0,24-01-2025,Operation Theater Technology
Bolan University Of Medical & Health Sciences,Quetta,BS,4 Years,0,20-01-2026,Operation Theater Technology
Ibadat International University Islamabad,Islamabad,BS,4 Years,49800,10-09-2023,Operation Theater Technology
Sir Syed Case Institute Of Technology,Islamabad,BS,4 Years,0,21-08-2024,Operation Theater Technology
Lahore University Of Biological & Applied Sciences,Lahore,BS,4 Years,0,31-01-2026,Operation Theater Technology
Nur International University,Lahore,BS,4 Years,155278,18-01-2025,Operation Theater Technology
Rashid Latif Khan University,Lahore,BS (HONS),4 Years,0,25-10-2025,Operation Theater Technology
The Superior University,Lahore,BS,4 Years,0,31-01-2026,Operation Theater Technology
University Of Management And Technology,Lahore,BS,4 Years,0,16-11-2024,Operation Theater Technology
"Government College University Faisalabad, Chiniot Campus",Chiniot,BS,4 Years,0,24-06-2025,Operation Theater Technology
"Riphah International University, Faisalabad Campus",Faisalabad,BS,4 Years,0,18-10-2025,Operation Theater Technology
Abasyn University (sub Campus),Islamabad,BS,4 Years,0,28-12-2025,Operation Theater Technology
Riphah International University Lahore,Lahore,BS,4 Years,0,20-09-2024,Operation Theater Technology
D. G. Khan Medical College,D.g.khan,B.Sc. [Hons],4 Years,0,31-01-2026,Operation Theater Technology
Aziz Fatimah Medical And Dental College,Faisalabad,BS,4 Years,0,29-12-2025,Operation Theater Technology
Independent Medical College,Faisalabad,B.Sc. [Hons],4 Years,0,25-09-2024,Operation Theater Technology
Capital College Of Health Sciences,Islamabad,BS,4 Years,0,20-09-2022,Operation Theater Technology
Allied College Of Health Sciences,Khanewal,BS,4 Years,0,30-09-2021,Operation Theater Technology
Akhtar Saeed Medical And Dental College,Lahore,B.Sc. [Hons],4 Years,0,31-08-2020,Operation Theater Technology
Central Park College Of Allied Health Sciences,Lahore,BS,4 Years,0,09-11-2025,Operation Theater Technology
Gulab Devi Educational Complex,Lahore,BS (HONS),4 Years,0,30-11--0001,Operation Theater Technology
Hussain College Of Health Sciences,Lahore,BS,4 Years,0,31-08-2025,Operation Theater Technology
Dr Yahya Institute Of Medical Sciences,Layyah,BS,4 Years,0,15-12-2021,Operation Theater Technology
Allied College Of Health Sciences,Multan,BS,4 Years,0,30-09-2021,Operation Theater Technology
Bakhtawar Amin Medical And Dental College,Multan,BS,4 Years,0,01-01-2025,Operation Theater Technology
Al-shifa Institute Of Health Sciences,Narowal,BS,4 Years,0,20-12-2025,Operation Theater Technology
Hafeez Institute Of Medical Sciences,Peshawar,BS,4 Years,0,13-12-2021,Operation Theater Technology
Sialkot Medical College,Sialkot,BS,4 Years,0,20-08-2018,Operation Theater Technology
Wazirabad College Of Pharmacy,Wazirabad,DIP,2 Years,0,19-03-2022,Operation Theater Technology
Pakistan Kidney And Liver Institute And Research Center,Lahore,BS,4 Years,0,27-12-2025,Operation Theater Technology
Laeeque Rafique Institute Of Medical Sciences & Nursing School,Multan,BS,4 Years,0,30-11-2021,Operation Theater Technology
Times Institute,Multan,BS,4 Years,60000,29-01-2024,Operation Theater Technology
Women University Azad Jammu & Kashmir,Bagh,BS,4 Years,51660,01-09-2025,Operation Theatre Sciences
Jinnah Sindh Medical University,Karachi,BS,4 Hours,0,17-12-2025,Operation Theatre Sciences
Indus University,Karachi,BS,4 Years,114000,31-10-2025,Operation Theatre Sciences
The University Of Lahore ( Main Campus ),Lahore,BS,4 Years,131200,03-01-2026,Operation Theatre Sciences
Indus College Of Allied Health,Karachi,BS,4 Years,0,08-01-2023,Operation Theatre Sciences
Liaquat National Medical College,Karachi,BS,4 Years,0,27-12-2025,Operation Theatre Sciences
Sindh Institute Of Urology And Transplantation,Karachi,BS,4 Hours,0,03-12-2025,Operation Theatre Sciences
Faisal Institute Of Health Sciences,Faisalabad,BS,4 Years,0,25-10-2025,Operation Theatre Sciences
Prime Institute Of Health Sciences,Islamabad,BS,4 Years,0,01-10-2025,Operation Theatre Sciences
Abu Zafar Institute Of Medical Sciences,Karachi,BS,4 Years,0,31-12-2018,Operation Theatre Sciences
Tabba Heart Institute,Karachi,BS,4 Years,0,20-12-2017,Operation Theatre Sciences
Afro-asian Institute,Lahore,BS,4 Years,0,10-08-2023,Operation Theatre Sciences
Government College University,Faisalabad,B.Sc.,4 Years,36800,24-06-2025,Operation Theatre Technician
Sheikh Zayed Medical College/hospital,Rahim Yar Khan,B.Sc.,2 Years,0,31-01-2026,Operation Theatre Technician
Advance Life College Of Medical Sciences,Lahore,BS,4 Years,0,30-11-2016,Operation Theatre Technician
Amna Inayat Medical College,Sheikhupura,BS,4 Years,0,18-11-2017,Operation Theatre Technician
Gulab Devi Chest Hospital,Lahore,B.Sc.,4 Years,0,30-11--0001,Operation Theatre Technician
The Childrens Hospital & The Institute Of Child Health,Lahore,B.Sc. [Hons],4 Years,0,29-11-2024,Operation Theatre Technician
Gulab Devi Post Graduate Medical Institute,Lahore,B.Sc. [Hons],4 Years,0,30-11--0001,Operation Theatre Technician
Shalamar School Of Allied Health Sciences,Lahore,B.Sc. [Hons],4 Years,0,27-12-2025,Operation Theatre Technician
Virtual University Of Pakistan,Lahore,AD,2 Years,21800,30-09-2025,Operations Supply Chain Management
University Of Management And Technology,Lahore,BS,4 Years,274750,31-07-2024,Operations Supply Chain Management
Dow University Of Health Sciences,Karachi,BS,4 Years,100000,22-12-2024,Ophthalmic Technician
Pir Abdul Qadir Shah Jeelani Institute Of Medical Sciences,Gambat,BS,4 Years,0,07-03-2025,Ophthalmic Technician
College Of Ophthalmology & Allied Vision Sciences,Lahore,B.Sc.,4 Years,0,10-01-2022,Ophthalmology
University Of Science & Technology,Bannu,BS,4 Years,0,20-09-2025,Optometry
University Of Haripur,Haripur,BS,4 Years,48829,08-09-2025,Optometry
Dow University Of Health Sciences,Karachi,BS,4 Years,183000,20-12-2025,Optometry
King Edward Medical University / Mayo Hospital,Lahore,B.Sc. [Hons],4 Years,54000,11-12-2024,Optometry
University Of Loralai,Loralai,BS,4 Years,11300,18-08-2025,Optometry
Multan University Of Science And Technology,Multan,BS,4 Years,0,24-01-2026,Optometry
Khyber Medical University,Peshawar,BS,4 Years,80000,18-08-2025,Optometry
University Of Peshawar,Peshawar,BS,4 Years,0,11-08-2025,Optometry
Khawaja Fareed University Of Engineering & Information Technology,Rahim Yar Khan,BS,4 Years,40250,05-01-2026,Optometry
University Of Swabi,Swabi,BS,4 Years,51270,16-09-2025,Optometry
The University Of Faisalabad,Faisalabad,OD,5 Years,280000,07-10-2023,Optometry
The University Of Chenab,Gujrat,BS,4 Years,0,03-01-2026,Optometry
Muslim Youth University,Islamabad,BS,4 Years,0,29-10-2025,Optometry
Sohail University,Karachi,BS,4 Years,0,17-10-2024,Optometry
Green International University,Lahore,BS,4 Years,0,02-09-2025,Optometry
Nur International University,Lahore,BS,4 Years,155278,18-01-2025,Optometry
The Superior University,Lahore,OD,4 Years,169800,31-01-2026,Optometry
Sarhad University Of Science & Information Technology,Peshawar,BS,4 Years,56500,05-12-2025,Optometry
Al- Hamd Islamic University,Quetta,BS,4 Years,0,18-08-2024,Optometry
"Kmu Institute Of Health Sciences, G. I. Khan Campus",D.i. Khan,BS,4 Years,0,11-09-2025,Optometry
"Kmu Institute Of Health Sciences, Kohat",Kohat,BS,4 Years,0,11-09-2025,Optometry
Kmu Institute Of Health Sciences,Swabi,BS,4 Years,0,11-09-2025,Optometry
Abasyn University (sub Campus),Islamabad,BS,4 Years,0,28-12-2025,Optometry
"Iqra University, Chak Shahzad Campus",Islamabad,BS,4 Years,121890,29-02-2024,Optometry
Institute Of Health Sciences,Islamabad,BS,4 Years,0,11-09-2025,Optometry
College Of Ophthalmology & Allied Vision Sciences,Lahore,B.Sc.,4 Years,0,10-01-2022,Optometry
Al Wateen Institute Of Medical Sciences,Islamabad,BS,4 Years,0,22-02-2019,Optometry
Capital College Of Health Sciences,Islamabad,BS,4 Years,0,20-09-2022,Optometry
Hbs Medical And Dental College,Islamabad,BS,4 Years,0,27-12-2025,Optometry
Fmh College Of Medicine & Dentistry,Lahore,B.Sc.,4 Years,0,17-12-2022,Optometry
Rashid Latif Medical College,Lahore,B.Sc. [Hons],4 Years,0,19-01-2024,Optometry
Hafeez Institute Of Medical Sciences,Peshawar,BS,4 Years,0,13-12-2021,Optometry
Professional College Of Medical Science,Peshawar,CERT,4 Years,0,14-12-2019,Optometry
Nisa Institute Of Science & Arts,Quetta,BS,4 Years,0,19-09-2024,Optometry
"Al Wateen Institute Of Medical Sciences, Rawalpindi Campus",Rawalpindi,BS,4 Years,0,23-02-2019,Optometry
Sindh Institute Of Ophthalmology & Visual Sciences,Hyderabad,BS,5 Years,0,05-08-2025,Optometry
Health Services Academy,Islamabad,BS,4 Years,0,31-01-2026,Optometry
Pakistan Institute Of Community Ophthalmology,Peshawar,OD,5 Years,0,03-10-2025,Optometry
Bashir Institute Of Health Sciences,Islamabad,BS,4 Years,0,08-03-2023,Optometry
Kmu Institute Of Health Sciences,Mardan,BS,4 Years,0,11-09-2025,Optometry
Nishtar Medical College / Nishter Hospital,Multan,BS,4 Years,0,06-01-2026,Optometry Orthoptics
Bolan University Of Medical & Health Sciences,Quetta,BS,4 Years,0,20-01-2026,Optometry Orthoptics
Rawalpindi Medical University,Rawalpindi,B.Sc. [Hons],4 Years,0,15-01-2026,Optometry Orthoptics
Riphah International University,Islamabad,BS,4 Years,111000,30-07-2025,Optometry Orthoptics
Rashid Latif Khan University,Lahore,BS,4 Years,0,25-10-2025,Optometry Orthoptics
"Riphah International University, Faisalabad Campus",Faisalabad,BS,4 Years,0,18-10-2025,Optometry Orthoptics
Riphah International University Lahore,Lahore,BS,4 Years,0,25-01-2026,Optometry Orthoptics
Advance Life College Of Medical Sciences,Lahore,BS,4 Years,0,30-11-2016,Optometry Orthoptics
Cmh Lahore Medical College,Lahore,BS,4 Years,0,31-12-2025,Optometry Orthoptics
Gulab Devi Educational Complex,Lahore,BS,4 Years,0,30-11--0001,Optometry Orthoptics
Bakhtawar Amin Medical And Dental College,Multan,BS,4 Years,0,01-01-2025,Optometry Orthoptics
Fmh Institute Of Allied Health Sciences,Lahore,B.Sc. [Hons],4 Years,0,01-09-2025,Optometry Orthoptics
"Pakistan Institute Of Opthamology,al-shifa Trust Eye Hopital",Rawalpindi,B.Sc. [Hons],4 Years,0,31-07-2025,Optometry Orthoptics
Shalamar School Of Allied Health Sciences,Lahore,B.Sc. [Hons],4 Years,0,27-12-2025,Optometry Orthoptics
Al-shifa Trust Eye Hospital [jhelum Road],Rawalpindi,B.Sc. [Hons],4 Years,0,26-11-2017,Optometry Orthoptics
Karakuram International University,Gilgit,BS,4 Years,0,10-08-2025,Organic Chemistry
The University Of Lahore ( Main Campus ),Lahore,BS,4 Years,130000,18-01-2020,Organic Chemistry
Shaheed Zulfiqar Ali Bhutto Institute Of Science & Technology,Karachi,BS,4 Years,0,17-07-2025,Organizational Psychology
King Edward Medical University / Mayo Hospital,Lahore,B.Sc. [Hons],4 Years,54000,11-12-2024,Orthoptics
Pir Abdul Qadir Shah Jeelani Institute Of Medical Sciences,Gambat,BS,4 Years,0,07-03-2025,Paediatric
Zia-ud-din Medical University,Karachi,LLD,5 Years,0,26-08-2025,Paediatric Medicine
Abbottabad University Of Science And Technology,Abbottabad,BS,4 Years,27500,26-08-2025,Pakistan Studies
The Islamia University Of Bahawalpur,Bahawal Pur,BS,4 Years,43015,30-06-2025,Pakistan Studies
University Of Science & Technology,Bannu,BS,4 Years,16400,20-09-2025,Pakistan Studies
The University Of Buner,Buner,BS,4 Years,0,15-08-2025,Pakistan Studies
Ghazi University,D.g.khan,BS,4 Years,21300,04-07-2025,Pakistan Studies
Gomal University,D.i. Khan,BS,4 Years,40000,09-01-2026,Pakistan Studies
Gomal University,D.i. Khan,AD,2 Years,0,09-01-2026,Pakistan Studies
Fata University,Darra Adam Khail,BS,4 Years,22000,02-10-2024,Pakistan Studies
Government College University,Faisalabad,BS,4 Years,24300,12-01-2026,Pakistan Studies
University Of Agriculture,Faisalabad,BS,4 Years,0,28-07-2025,Pakistan Studies
University Of Haripur,Haripur,BS,4 Years,18648,26-01-2026,Pakistan Studies
Allama Iqbal Open University,Islamabad,BS,4 Years,16060,10-02-2026,Pakistan Studies
International Islamic University,Islamabad,BS,4 Years,50400,31-12-2025,Pakistan Studies
"National University Of Modern Languages, Islamabad",Islamabad,BS,4 Years,48610,09-12-2025,Pakistan Studies
Quaid-e-azam University,Islamabad,BS,4 Years,54565,29-07-2025,Pakistan Studies
University Of Sindh,Jamshoro,BS,4 Years,15200,14-09-2025,Pakistan Studies
University Of Karachi,Karachi,BS,4 Years,15000,07-11-2025,Pakistan Studies
Shah Abdul Latif University,Khair Pur,CERT,4 Years,14000,22-09-2025,Pakistan Studies
Kohat University Of Science & Technology,Kohat,BS,4 Years,24100,15-09-2025,Pakistan Studies
Lahore College For Women University,Lahore,BS,4 Years,46790,25-09-2025,Pakistan Studies
University Of Education,Lahore,BS,4 Years,20214,02-09-2025,Pakistan Studies
University Of Loralai,Loralai,BS,4 Years,11300,12-08-2024,Pakistan Studies
Hazara University,Mansehra,BS,4 Years,38980,01-09-2025,Pakistan Studies
"Abdul Wali Khan University, Mardan",Mardan,BS,4 Years,35000,18-08-2025,Pakistan Studies
"Bahauddin Zakariya University, Multan",Multan,BS,4 Years,20150,02-01-2026,Pakistan Studies
The Women University,Multan,BS,4 Years,24250,07-01-2025,Pakistan Studies
University Of Okara,Okara,BS,4 Years,46000,18-07-2025,Pakistan Studies
Islamia College University,Peshawar,BS,4 Years,62000,16-09-2025,Pakistan Studies
Shaheed Benazir Bhutto Women University,Peshawar,BS,4 Years,29513,28-09-2025,Pakistan Studies
University Of Peshawar,Peshawar,BS,4 Years,71000,12-09-2025,Pakistan Studies
Sardar Bahadur Khan Women University,Quetta,BS,4 Years,6760,15-09-2025,Pakistan Studies
University Of Balochistan,Quetta,BS,4 Years,32000,11-08-2025,Pakistan Studies
Khawaja Fareed University Of Engineering & Information Technology,Rahim Yar Khan,BS,4 Years,35250,20-06-2025,Pakistan Studies
"Unversity Of The Poonch, Rawala Kot",Rawala Kot,BS (HONS),4 Years,0,03-10-2022,Pakistan Studies
Fatima Jinnah Women University,Rawalpindi,BS,4 Years,52050,18-08-2025,Pakistan Studies
University Of Sargodha,Sargodha,BS,4 Years,30000,15-12-2025,Pakistan Studies
"Aror University Of Art, Architecture, Design And Heritage",Sukkur,BS,4 Years,54000,14-01-2026,Pakistan Studies
Women University Swabi,Swabi,BS,4 Years,42460,12-09-2025,Pakistan Studies
University Of Swat,Swat,BS,4 Years,19730,12-10-2023,Pakistan Studies
"Shaheed Benazir Bhutto University, Sheringal",Upper Dir,BS,4 Years,30010,10-10-2025,Pakistan Studies
Sohail University,Karachi,BS,4 Years,0,17-10-2024,Pakistan Studies
Imperial College Of Business Studies,Lahore,BS,4 Years,0,21-08-2023,Pakistan Studies
Minhaj University,Lahore,BS,4 Years,93750,18-05-2024,Pakistan Studies
"The Islamia University Of Bahawalpur, Ahmadpur East Campus",Ahmadpur East,BS,4 Years,43015,30-06-2024,Pakistan Studies
The Islamia University Of Bahawalpur[sub Campus],Bahawal Nagar,BS,4 Years,43015,30-06-2025,Pakistan Studies
"Federal Urdu University Of Arts  Science & Technology, Karachi",Karachi,BS,4 Years,20600,29-11-2024,Pakistan Studies
"The Islamia University Of Bahawalpur, Liaqatpur Campus",Liaqatpur,BS,4 Years,43015,30-06-2025,Pakistan Studies
National University Of Modern Language ( Multan Campus ),Multan,BS,4 Years,0,31-01-2026,Pakistan Studies
The Islamic University Of Bahawalpur[rahimyar Khan Campus],Rahim Yar Khan,BS,4 Years,43015,30-06-2025,Pakistan Studies
"Gomal University, Tank Campus",Tank,BS,4 Years,0,31-07-2025,Pakistan Studies
Government Postgraduate College,Bannu,BS,4 Years,0,31-08-2013,Pakistan Studies
Government Postgraduate College,Charsadda,BS,4 Years,0,27-08-2018,Pakistan Studies
Government Islamia Post Graduate College For Women [cooper Road],Lahore,BS,4 Years,0,21-09-2023,Pakistan Studies
Government Postgraduate College,Mansehra,BS,4 Years,0,22-08-2015,Pakistan Studies
Government Superior Science College,Peshawar,BS,4 Years,0,20-08-2016,Pakistan Studies
Government Degree College,Timergara,BS,4 Years,0,08-10-2021,Pakistan Studies
Royal Gorup Of Colleges,Gujranwala,BS,4 Years,0,31-10-2020,Pakistan Studies
Marshal Degree College For Women,Wah,BS,4 u,0,14-09-2011,Pakistan Studies
University Of The Punjab,Lahore,BS,4 Years,29940,25-09-2025,Pakistan Studies History
Grand Asian University Sialkot,Sialkot,AD,2 Years,0,12-11-2022,Paralegal Studies
Khyber Medical University,Peshawar,BS,4 Years,0,18-08-2025,Paramedics
University Of Sargodha,Sargodha,BS,4 Years,30000,12-07-2024,Pathology
University Of Swabi,Swabi,BS (HONS),4 Years,51270,16-09-2025,Pathology
Ghazali Institute Of Medical Sciences,Peshawar,BS,4 Years,0,19-10-2024,Pathology
Hefa Foundation,Peshawar,BS,4 Years,0,05-11-2020,Pathology
National Institute Of Health And Management Sciences,Peshawar,BS,4 Years,0,27-09-2025,Pathology
Gomal University,D.i. Khan,AD,2 Years,0,31-07-2025,Peace Conflict Resolution
Gomal University,D.i. Khan,BS,4 Years,0,31-07-2025,Peace Conflict Resolution
Karakuram International University,Gilgit,BS,4 Years,33400,03-08-2023,Peace Conflict Resolution
Dow University Of Health Sciences,Karachi,BS,4 Years,100000,22-12-2024,Perfusion Sciences
"Mehran University Of Engineering And Technology ( Szab Campus, Khair Pur )",Khair Pur,BE,4 Years,120000,10-05-2025,Petroleum Natural Gas
Ned University Of Engineering & Technology,Karachi,BE,4 Years,46670,20-05-2025,Petroleum
Pimsat - Institute Of Higher Education,Karachi,AD,2 Years,0,18-02-2017,Pharmaceutical Marketing
Abbottabad University Of Science And Technology,Abbottabad,PHARM.D,5 Years,54800,26-08-2025,Pharmacy
The Islamia University Of Bahawalpur,Bahawal Pur,PHARM.D,5 Years,92180,30-06-2025,Pharmacy
University Of Malakand,Chakdara,PHARM.D,5 Years,20000,31-07-2025,Pharmacy
Bacha Khan University,Charsadda,PHARM.D,5 Years,89050,22-09-2025,Pharmacy
Gomal University,D.i. Khan,PHARM.D,5 Years,52220,31-07-2025,Pharmacy
Government College University,Faisalabad,PHARM.D,5 Years,67700,24-06-2025,Pharmacy
University Of Agriculture,Faisalabad,PHARM.D,5 Years,114000,28-07-2025,Pharmacy
Hazara University [havellian Campus],Havelian,PHARM.D,5 Years,0,23-02-2015,Pharmacy
Federal Urdu University Of Arts Science & Technology Islamabad,Islamabad,PHARM.D,5 Years,75000,15-02-2007,Pharmacy
Quaid-e-azam University,Islamabad,PHARM.D,5 Years,56355,22-09-2025,Pharmacy
Liaquat University Of Medical And Health Sciences,Jamshoro,PHARM.D,5 Years,100000,10-10-2025,Pharmacy
University Of Sindh,Jamshoro,PHARM.D,5 Years,18200,14-09-2025,Pharmacy
"Benazir Bhutto Shaheed University, Lyari",Karachi,PHARM.D,5 Years,55850,17-11-2025,Pharmacy
Dow University Of Health Sciences,Karachi,PHARM.D,5 Years,140000,13-12-2025,Pharmacy
Jinnah Sindh Medical University,Karachi,PHARM.D,5 Years,106480,17-12-2025,Pharmacy
University Of Karachi,Karachi,PHARM.D,5 Years,38500,10-10-2025,Pharmacy
Shah Abdul Latif University,Khair Pur,PHARM.D,5 Years,55760,22-09-2025,Pharmacy
Kohat University Of Science & Technology,Kohat,PHARM.D,5 Years,79400,15-09-2025,Pharmacy
Government College University Lahore,Lahore,B.Sc. [Hons],4 Years,52000,08-08-2025,Pharmacy
Lahore College For Women University,Lahore,PHARM.D,5 Years,57970,25-09-2025,Pharmacy
University Of Health Sciences,Lahore,PHARM.D,5 Years,0,25-07-2025,Pharmacy
University Of The Punjab,Lahore,PHARM.D,5 Years,47540,10-10-2025,Pharmacy
University Of Veterinary And Animal Sciences,Lahore,PHARM.D,5 Years,45500,01-08-2025,Pharmacy
Shaheed Mohtarma Benazir Bhutto Medical University,Larkana,PHARM.D,5 Years,28000,25-02-2025,Pharmacy
Punjab University Of Technology  [ Rasul],Mandi Baha-ud-din,PHARM.D,5 Years,0,25-09-2025,Pharmacy
Hazara University,Mansehra,PHARM.D,5 Years,93147,01-09-2025,Pharmacy
"Abdul Wali Khan University, Mardan",Mardan,PHARM.D,5 Years,75000,18-08-2025,Pharmacy
Mirpur University Of Science And Technology,Mir Pur (ajk),PHARM.D,5 Years,0,15-08-2024,Pharmacy
"Bahauddin Zakariya University, Multan",Multan,PHARM.D,5 Years,65000,18-08-2025,Pharmacy
Multan University Of Science And Technology,Multan,PHARM.D,5 Years,0,24-01-2026,Pharmacy
Nishtar Medical College / Nishter Hospital,Multan,PHARM.D,5 Years,0,06-01-2026,Pharmacy
The Women University,Multan,PHARM.D,5 Years,34750,15-08-2024,Pharmacy
University Of Azad Jammu & Kashmir,Muzaffarabad,PHARM.D,5 Years,0,31-08-2023,Pharmacy
University Of Narowal,Narowal,PHARM.D,5 Years,0,19-02-2026,Pharmacy
Peoples University Of Medical And Health Sciences For Women,Nawab Shah,PHARM.D,5 Years,50000,31-10-2025,Pharmacy
Khyber Medical University,Peshawar,PHARM.D,5 Years,0,30-10-2025,Pharmacy
University Of Peshawar,Peshawar,PHARM.D,5 Years,73100,11-08-2025,Pharmacy
Sardar Bahadur Khan Women University,Quetta,BS,4 Years,15470,15-09-2025,Pharmacy
University Of Balochistan,Quetta,PHARM.D,5 Years,40000,05-01-2026,Pharmacy
"Unversity Of The Poonch, Rawala Kot",Rawala Kot,PHARM.D,5 Years,90000,20-08-2025,Pharmacy
University Of Sargodha,Sargodha,PHARM.D,5 Years,59000,15-12-2025,Pharmacy
University Of Sialkot,Sialkot,PHARM.D,5 Years,0,01-03-2025,Pharmacy
University Of Swabi,Swabi,PHARM.D,5 Years,44000,16-09-2025,Pharmacy
The University Of Modern Sciences,Tando Muhammad Khan,PHARM.D,5 Years,0,22-11-2025,Pharmacy
"Shaheed Benazir Bhutto University, Sheringal",Upper Dir,PHARM.D,5 Years,30010,10-10-2025,Pharmacy
University Of Chakwal,Chakwal,BS,4 Years,0,11-08-2025,Pharmacy
Qurtuba University Of Science & Technology [di Khan],D.i. Khan,PHARM.D,5 Years,0,25-08-2025,Pharmacy
The University Of Faisalabad,Faisalabad,Ph.D.,5 Years,0,07-10-2023,Pharmacy
The University Of Chenab,Gujrat,PHARM.D,5 Years,0,03-01-2026,Pharmacy
Isra University/hospital,Hyderabad,PHARM.D,5 Years,0,15-12-2023,Pharmacy
Capital University Of Science And Technology,Islamabad,PHARM.D,5 Years,316800,02-09-2025,Pharmacy
Ibadat International University Islamabad,Islamabad,PHARM.D,5 Years,132100,10-09-2023,Pharmacy
Muslim Youth University,Islamabad,PHARM.D,5 Years,0,29-10-2025,Pharmacy
Riphah International University,Islamabad,PHARM.D,5 Years,260000,30-07-2025,Pharmacy
Shifa Tameer-e-millat University,Islamabad,PHARM.D,5 Years,290000,15-10-2025,Pharmacy
Baqai Medical University,Karachi,PHARM.D,5 Years,176000,18-10-2024,Pharmacy
Hamdard University,Karachi,PHARM.D,5 Years,180000,15-03-2025,Pharmacy
Jinnah University For Women,Karachi,PHARM.D,5 Years,109000,15-10-2025,Pharmacy
Nazeer Hussain University,Karachi,PHARM.D,5 Years,112184,17-12-2023,Pharmacy
Salim Habib University,Karachi,PHARM.D,5 Years,239000,10-01-2023,Pharmacy
Shaheed Benazir Bhutto Dewan University,Karachi,PHARM.D,5 Years,130000,15-02-2026,Pharmacy
Sohail University,Karachi,PHARM.D,5 Years,0,17-10-2024,Pharmacy
Zia-ud-din Medical University,Karachi,PHARM.D,5 Years,340000,26-08-2025,Pharmacy
Forman Christian College,Lahore,PHARM.D,5 Years,509400,30-11-2025,Pharmacy
Green International University,Lahore,PHARM.D,5 Years,0,02-09-2025,Pharmacy
Hajvery University,Lahore,PHARM.D,5 Years,320000,26-10-2024,Pharmacy
Lahore Leads University,Lahore,PHARM.D,5 Years,0,04-09-2025,Pharmacy
Lahore University Of Biological & Applied Sciences,Lahore,PHARM.D,5 Years,0,30-08-2025,Pharmacy
Minhaj University,Lahore,PHARM.D,5 Years,0,01-11-2022,Pharmacy
Qarshi University (lhr),Lahore,PHARM.D,5 Years,0,12-07-2025,Pharmacy
Rashid Latif Khan University,Lahore,PHARM.D,5 Years,0,25-10-2025,Pharmacy
The University Of Lahore ( Main Campus ),Lahore,PHARM.D,5 Years,269000,14-09-2024,Pharmacy
University Of Central Punjab,Lahore,PHARM.D,5 Years,415750,10-10-2024,Pharmacy
University Of Management And Technology,Lahore,PHARM.D,5 Years,0,14-10-2025,Pharmacy
University Of South Asia,Lahore,PHARM.D,5 Years,0,05-11-2022,Pharmacy
Mohi-ud-din Islamic University,Mir Pur (ajk),PHARM.D,5 Years,0,02-09-2025,Pharmacy
Abasyn University,Peshawar,PHARM.D,5 Years,184800,01-02-2026,Pharmacy
Cecos University Of Information Tech. & Emerging Sciences,Peshawar,PHARM.D,5 Years,0,28-07-2025,Pharmacy
City University Of Science & Information Technology,Peshawar,PHARM.D,5 Years,0,10-11-2025,Pharmacy
Iqra National University,Peshawar,PHARM.D,5 Years,92808,30-09-2025,Pharmacy
Sarhad University Of Science & Information Technology,Peshawar,PHARM.D,5 Years,0,05-12-2025,Pharmacy
Grand Asian University Sialkot,Sialkot,PHARM.D,5 Years,0,21-09-2024,Pharmacy
Comsats University Islamabad ( Abbotabad Campus ),Abbottabad,PHARM.D,5 Years,121150,04-08-2025,Pharmacy
"Federal Urdu University Of Arts  Science & Technology, Karachi",Karachi,PHARM.D,5 Years,64500,14-09-2012,Pharmacy
Comsats University Islamabad( Lahore Campus ),Lahore,PHARM.D,5 Years,121150,17-07-2025,Pharmacy
"University Of Balochistan, (sub-campus Pishin )",Pishin,PHARM.D,5 Years,40000,05-01-2026,Pharmacy
"Riphah International University, Faisalabad Campus",Faisalabad,PHARM.D,5 Years,312500,18-10-2025,Pharmacy
The University Of Lahore ( Chanab Campus),Gujrat,PHARM.D,5 Years,102500,13-09-2019,Pharmacy
Abasyn University (sub Campus),Islamabad,PHARM.D,5 Years,151200,28-12-2025,Pharmacy
Hamdard University - Islamabad Campus,Islamabad,PHARM.D,5 Years,183600,15-07-2023,Pharmacy
"Iqra University, Chak Shahzad Campus",Islamabad,PHARM.D,5 Years,254190,29-02-2024,Pharmacy
"Iqra University, H-9 Campus",Islamabad,PHARM.D,5 Years,446840,10-09-2025,Pharmacy
The University Of Lahore ( Islamabad Campus ),Islamabad,PHARM.D,5 Years,192000,06-09-2019,Pharmacy
Isra University [khi],Karachi,PHARM.D,5 Years,195000,06-05-2025,Pharmacy
Riphah International University Lahore,Lahore,PHARM.D,5 Years,225800,30-11--0001,Pharmacy
Qurtuba University Of Science & Information Technology,Peshawar,PHARM.D,4 Years,44000,08-11-2025,Pharmacy
"The University Of Lahore, Sub Campus",Sargodha,PHARM.D,5 Years,0,08-02-2025,Pharmacy
"Zia Ud Din University, Sukkur Campus",Sukkur,PHARM.D,5 Years,0,26-08-2025,Pharmacy
"Pak- Austria Fachhuochschule, Institute Of Applied Sciences And Technology",Haripur,PHARM.D,5 Years,0,03-01-2025,Pharmacy
Dakson Institute Of Health Sciences,Islamabad,PHARM.D,5 Years,0,10-02-2022,Pharmacy
Pakistan Institute Of Medical Sciences,Islamabad,PHARM.D,5 Years,0,21-09-2015,Pharmacy
Frontier Institute Of Medical Sciences [abbottabad],Abbottabad,PHARM.D,5 Years,0,12-04-2025,Pharmacy
Bahawal Pur Medical & Dental College,Bahawal Pur,PHARM.D,5 Years,0,30-11--0001,Pharmacy
Lyallpur Institute Of Advance Studies,Faisalabad,PHARM.D,5 Years,0,29-11-2025,Pharmacy
Madina College Of Pharmacy,Faisalabad,PHARM.D,5 Years,196000,10-10-2021,Pharmacy
Darson College Of Science & Technology,Gujranwala,PHARM.D,5 Years,0,25-10-2023,Pharmacy
Darsons Institute Of Sciences & Technology,Gujrat,PHARM.D,5 Years,0,25-10-2023,Pharmacy
Mukabbir Colelge,Gujrat,PHARM.D,5 Years,0,22-12-2022,Pharmacy
Mukabbir College Of Pharmacy,Gujrat,PHARM.D,5 Years,0,05-01-2022,Pharmacy
Hbs Medical And Dental College,Islamabad,PHARM.D,5 Years,0,27-12-2025,Pharmacy
Nazar College Of Pharmacy,Islamabad,PHARM.D,5 Years,0,30-11--0001,Pharmacy
Yusra Medical & Dental College,Islamabad,PHARM.D,5 Years,0,30-11--0001,Pharmacy
South Punjab Healthcare Institute Of Professional Studies,Jalalpur Pirwala,PHARM.D,5 Years,0,30-11--0001,Pharmacy
Jinnah Medical & Dental College,Karachi,PHARM.D,5 Years,140000,25-02-2022,Pharmacy
Pakisatn Institute Of Rehabilitation & Medical Sciences,Karachi,PHARM.D,5 Years,0,22-03-2024,Pharmacy
Pakistan Institute Of Nursing & Health Sciences,Karachi,PHARM.D,5 Years,0,25-01-2025,Pharmacy
Cadson College Of Pharmacy,Kharian,PHARM.D,5 Years,0,28-02-2022,Pharmacy
Akhtar Saeed Medical And Dental College,Lahore,PHARM.D,5 Years,675000,15-11-2025,Pharmacy
Gulab Devi Educational Complex,Lahore,PHARM.D,5 Years,0,30-11--0001,Pharmacy
Khaldunia Institute Of Technology And Applied Sciences College,Lahore,PHARM.D,5 Years,0,26-03-2022,Pharmacy
Lahore College Of Pharmaceutical Sciences,Lahore,PHARM.D,5 Years,180000,02-02-2025,Pharmacy
Lahore Institute Of Professional Studies,Lahore,PHARM.D,5 Years,0,08-01-2022,Pharmacy
Lahore Medical & Dental College,Lahore,PHARM.D,5 Years,0,10-12-2022,Pharmacy
Lahore Pharmacy College,Lahore,PHARM.D,2 Years,0,23-10-2020,Pharmacy
Leads College Of Pharmacy,Lahore,PHARM.D,5 Years,0,01-12-2017,Pharmacy
Lords College Of Pharmacy,Lahore,PHARM.D,5 Years,0,30-11-2024,Pharmacy
Rashid Latif College Of Pharmacy,Lahore,PHARM.D,5 Years,0,01-10-2025,Pharmacy
Rashid Latif Medical College,Lahore,PHARM.D,5 Years,0,19-01-2024,Pharmacy
Yashfeen College Of Pharmacy,Lahore,PHARM.D,5 Years,0,05-10-2024,Pharmacy
Shahida Islam Medical Complex (pvt.) Ltd,Lodhran,PHARM.D,5 Years,0,30-11--0001,Pharmacy
Vertex Institute Of Science And Technology,Mardan,PHARM.D,5 Years,0,05-10-2024,Pharmacy
Obaid Noor Institute Of Medical Sciences,Mianwali,PHARM.D,5 Years,0,01-02-2022,Pharmacy
Akson College Of Pharmacy,Mir Pur (ajk),PHARM.D,5 Years,0,28-02-2022,Pharmacy
Allied College Of Health Sciences,Multan,PHARM.D,5 Years,0,04-03-2024,Pharmacy
Bakhtawar Amin Medical And Dental College,Multan,PHARM.D,5 Years,0,01-01-2025,Pharmacy
Institute Of Research & Advanced Studies Of Pharmacy,Multan,PHARM.D,5 Years,0,30-11-2022,Pharmacy
Legend College,Multan,PHARM.D,5 Years,0,03-12-2022,Pharmacy
Al-shifa Institute Of Health Sciences,Narowal,PHARM.D,5 Years,0,20-12-2025,Pharmacy
Quaid-e-azam College Of Pharmacy,Pattoki,PHARM.D,5 Years,0,30-11--0001,Pharmacy
Akhtar Saeed College Of Pharmacy,Rawalpindi,PHARM.D,5 Years,0,08-01-2022,Pharmacy
Comand College,Sahiwal,PHARM.D,5 Years,0,31-01-2022,Pharmacy
Quaid-e-azam College Of Pharmacy,Sahiwal,PHARM.D,5 Years,0,31-10-2019,Pharmacy
Al Raziq College Of Pharmacy,Sargodha,PHARM.D,5 Years,0,08-02-2022,Pharmacy
Ilm College Of Pharmaceutical Sciences,Sargodha,PHARM.D,5 Years,0,09-12-2022,Pharmacy
Niazi Medical And Dental College,Sargodha,PHARM.D,5 Years,0,30-09-2025,Pharmacy
Islam College Of Pharmacy,Sialkot,PHARM.D,5 Years,0,10-02-2016,Pharmacy
Pakistan Institute Of Proffesional Studies,Abbottabad,PHARM.D,5 Years,201000,09-09-2025,Pharmacy
Vertex Institute Of Science & Technology,Abbottabad,PHARM.D,5 Years,0,18-04-2025,Pharmacy
Women Institute Of Learning,Abbottabad,PHARM.D,5 Years,0,02-11-2023,Pharmacy
Bashir Institute Of Health Sciences,Islamabad,PHARM.D,5 Years,0,27-09-2023,Pharmacy
Prime Institute Of Health Sciences,Islamabad,DIP,2 Years,0,01-10-2025,Pharmacy
Rawal Institute Of Health Sciences,Islamabad,PHARM.D,5 Years,0,30-10-2025,Pharmacy
Gulab Devi Post Graduate Medical Institute,Lahore,PHARM.D,5 Years,0,30-11--0001,Pharmacy
Johar Institute Of Professional Studies,Lahore,PHARM.D,5 Years,0,15-11-2024,Pharmacy
Royal Institute Of Medical Sciences,Multan,PHARM.D,5 Years,0,10-12-2022,Pharmacy
South Punjab Institute Of Health Sciences,Multan,PHARM.D,5 Years,0,07-10-2019,Pharmacy
Margalla Institute Of Health Sciences,Rawalpindi,PHARM.D,5 Years,278000,15-03-2025,Pharmacy
Times Institute,Multan,BS,4 Years,60000,18-08-2025,Pharmacy
"University Of Balochistan, ( Sub-campus Mastung)",Mastung,PHARM.D,5 Years,40000,05-01-2026,Pharmacy
"Abdul Wali Khan University ( Anbar Campus, Swabi )",Swabi,PHARM.D,5 Years,0,13-08-2012,Pharmacy
Mohi-ud-din Islamic Medical College,Mir Pur (ajk),PHARM.D,5 Years,0,28-11-2016,Pharmacy
The Islamia University Of Bahawalpur,Bahawal Pur,BS,4 Years,43015,30-06-2025,Philosophy
University Of Sindh,Jamshoro,BA [HONS],3 Years,15200,14-09-2025,Philosophy
University Of Karachi,Karachi,B.Sc. [Hons],4 Years,12500,07-11-2025,Philosophy
Kohat University Of Science & Technology,Kohat,BS,4 Years,24100,15-09-2025,Philosophy
Government College University Lahore,Lahore,BA [HONS],4 Years,48000,11-12-2025,Philosophy
University Of The Punjab,Lahore,BS,4 Years,29940,25-09-2025,Philosophy
"Bahauddin Zakariya University, Multan",Multan,BS,4 Years,20150,02-01-2026,Philosophy
University Of Peshawar,Peshawar,BS,4 Years,71000,23-09-2025,Philosophy
University Of Balochistan,Quetta,BS,4 Years,32000,11-08-2025,Philosophy
Aga Khan University,Karachi,BS,4 Years,978500,30-09-2024,Philosophy
Forman Christian College,Lahore,BS (HONS),4 Years,358200,30-11-2025,Philosophy
Apwa Degree College For Women[jail Road],Lahore,AD,2 Years,0,02-10-2024,Philosophy
Aga Khan University,Karachi,BS,4 Years,0,17-12-2024,Philosophy
Frontier Science Academy,Peshawar,B.Sc.,2 Years,0,30-09-2012,Physical Biological Sciences
"Shaheed Benazir Bhutto University, Nawab Shah",Nawab Shah,BS,4 Years,18000,30-10-2018,Physical Chemistry
The University Of Lahore ( Main Campus ),Lahore,BS,4 Years,130000,14-09-2024,Physical Chemistry
Women University Azad Jammu & Kashmir,Bagh,DPT,5 Years,0,01-09-2025,Physical Therapy
The Islamia University Of Bahawalpur,Bahawal Pur,DPT,5 Years,69965,30-06-2025,Physical Therapy
University Of Science & Technology,Bannu,DPT,5 Years,0,20-09-2025,Physical Therapy
The University Of Buner,Buner,DPT,5 Years,0,18-09-2025,Physical Therapy
Gomal University,D.i. Khan,DPT,5 Years,0,31-07-2025,Physical Therapy
Faisalabad Medical University,Faisalabad,DPT,5 Years,0,15-12-2025,Physical Therapy
University Of Haripur,Haripur,DPT,5 Years,65484,26-01-2026,Physical Therapy
"Shaheed Zulfiqar Ali Bhutto Medical University, Pims",Islamabad,DPT,5 Years,0,22-10-2025,Physical Therapy
University Of Sindh,Jamshoro,BS,4 Years,15200,14-09-2025,Physical Therapy
Jinnah Sindh Medical University,Karachi,DPT,5 Years,0,17-12-2025,Physical Therapy
University Of Karachi,Karachi,DPT,5 Years,104000,10-10-2025,Physical Therapy
Kohat University Of Science & Technology,Kohat,DPT,5 Years,70700,15-09-2025,Physical Therapy
Lahore College For Women University,Lahore,DPT,5 Years,46790,25-09-2025,Physical Therapy
University Of Health Sciences,Lahore,DPT,5 Years,0,25-07-2025,Physical Therapy
Shaheed Mohtarma Benazir Bhutto Medical University,Larkana,DPT,5 Years,100000,25-02-2025,Physical Therapy
University Of Loralai,Loralai,DP&RS,5 Years,11300,12-08-2024,Physical Therapy
Hazara University,Mansehra,DPT,5 Years,69211,01-09-2025,Physical Therapy
Mirpur University Of Science And Technology,Mir Pur (ajk),DPT,5 Years,0,15-08-2024,Physical Therapy
Multan University Of Science And Technology,Multan,PHARM.D,5 Years,0,24-01-2026,Physical Therapy
Nishtar Medical College / Nishter Hospital,Multan,DPT,5 Years,0,06-01-2026,Physical Therapy
University Of Azad Jammu & Kashmir,Muzaffarabad,DPT,5 Years,0,08-08-2025,Physical Therapy
University Of Okara,Okara,BS,4 Years,46000,18-07-2025,Physical Therapy
Bolan Medical College / Bolan Hospital,Quetta,DPT,5 Years,0,15-02-2022,Physical Therapy
Bolan University Of Medical & Health Sciences,Quetta,DPT,5 Years,42500,20-01-2026,Physical Therapy
Khawaja Fareed University Of Engineering & Information Technology,Rahim Yar Khan,DPT,5 Years,40250,05-01-2026,Physical Therapy
"Unversity Of The Poonch, Rawala Kot",Rawala Kot,DPT,5 Years,0,20-08-2025,Physical Therapy
University Of Sialkot,Sialkot,DPT,5 Years,176000,01-03-2025,Physical Therapy
The Begum Nusrat Bhutto Women University,Sukkur,DPT,5 Years,95500,04-06-2025,Physical Therapy
University Of Swabi,Swabi,DPT,5 Years,51270,16-09-2025,Physical Therapy
The University Of Veterinary & Animal Sciences,Swat,DPT,5 Years,18000,30-09-2025,Physical Therapy
The University Of Modern Sciences,Tando Muhammad Khan,DPT,5 Years,0,22-11-2025,Physical Therapy
The University Of Faisalabad,Faisalabad,DPT,5 Years,0,07-10-2023,Physical Therapy
The University Of Chenab,Gujrat,DPT,5 Years,0,03-01-2026,Physical Therapy
Foundation University,Islamabad,DPT,5 Years,340000,14-01-2026,Physical Therapy
Ibadat International University Islamabad,Islamabad,DPT,5 Years,124500,10-09-2023,Physical Therapy
Muslim Youth University,Islamabad,BS,4 Years,0,29-10-2025,Physical Therapy
Sir Syed Case Institute Of Technology,Islamabad,DPT,5 Years,0,13-01-2026,Physical Therapy
Bahria University Medical & Dental College,Karachi,DPT,5 Years,185274,18-12-2025,Physical Therapy
Dadabhoy Institute Of Higher Education,Karachi,DPT,5 Years,0,31-03-2021,Physical Therapy
Hamdard University,Karachi,DPT,5 Years,215000,15-03-2025,Physical Therapy
Indus University,Karachi,DPT,5 Years,143444,31-10-2025,Physical Therapy
Jinnah University For Women,Karachi,DPT,5 Years,90000,15-11-2024,Physical Therapy
Metropolitan University Karachi,Karachi,DPT,5 Years,0,15-12-2025,Physical Therapy
Nazeer Hussain University,Karachi,DPT,5 Years,0,17-12-2023,Physical Therapy
Newports Institute Of Communications And Economics,Karachi,DPT,5 Years,0,20-01-2023,Physical Therapy
Sohail University,Karachi,DPT,5 Years,0,17-10-2024,Physical Therapy
Zia-ud-din Medical University,Karachi,DPT,5 Years,173000,26-08-2025,Physical Therapy
Green International University,Lahore,DPT,5 Years,0,02-09-2025,Physical Therapy
Hajvery University,Lahore,DPT,5 Years,202000,26-10-2024,Physical Therapy
Lahore Leads University,Lahore,DPT,5 Years,0,04-09-2025,Physical Therapy
Lahore University Of Biological & Applied Sciences,Lahore,DPT,5 Years,0,30-08-2025,Physical Therapy
Nur International University,Lahore,DPT,5 Years,276308,18-01-2025,Physical Therapy
Qarshi University (lhr),Lahore,DPT,5 Years,0,12-07-2025,Physical Therapy
Rashid Latif Khan University,Lahore,DPT,5 Years,0,25-10-2025,Physical Therapy
University Of Central Punjab,Lahore,DPT,5 Years,415750,10-10-2024,Physical Therapy
Mohi-ud-din Islamic University,Mir Pur (ajk),DPT,5 Years,0,13-07-2024,Physical Therapy
Northern University,Nowshera,DPT,5 Years,30250,16-02-2026,Physical Therapy
Abasyn University,Peshawar,DPT,5 Years,0,01-02-2026,Physical Therapy
Cecos University Of Information Tech. & Emerging Sciences,Peshawar,DPT,5 Years,140000,28-07-2025,Physical Therapy
City University Of Science & Information Technology,Peshawar,DPT,5 Years,0,10-11-2025,Physical Therapy
Iqra National University,Peshawar,DPT,5 Years,92808,07-02-2026,Physical Therapy
Al- Hamd Islamic University,Quetta,DPT,5 Years,0,18-08-2024,Physical Therapy
"Government College University Faisalabad, Chiniot Campus",Chiniot,DPT,5 Years,0,24-06-2025,Physical Therapy
"Kmu Institute Of Health Sciences, G. I. Khan Campus",D.i. Khan,DPT,5 Years,0,11-09-2025,Physical Therapy
University Of Sargodha ( Women Campus Faisalabad ),Faisalabad,DPT,5 Years,0,18-11-2017,Physical Therapy
"University Of Health Sciences, Kala Shah Kaku Campus",Kala Shah Kaku,DPT,5 Years,0,30-01-2020,Physical Therapy
Bahria University ( Karachi Campus ),Karachi,DPT,5 Years,185274,31-01-2026,Physical Therapy
University Of Sargodha ( Mandi Baha-ud-din Campus ),Mandi Baha-ud-din,DPT,5 Years,0,30-09-2017,Physical Therapy
The Islamic University Of Bahawalpur[rahimyar Khan Campus],Rahim Yar Khan,DPT,5 Years,69965,30-06-2025,Physical Therapy
Kmu Institute Of Health Sciences,Swabi,DPT,5 Hours,0,11-09-2025,Physical Therapy
Kmu Institute Of Health Sciences,Swat,DPT,5 Years,0,11-09-2025,Physical Therapy
"Riphah International University, Chakdara Campus",Chakdara,DPT,5 Years,0,31-08-2023,Physical Therapy
"Riphah International University, Faisalabad Campus",Faisalabad,DPT,5 Years,312500,18-10-2025,Physical Therapy
Abasyn University (sub Campus),Islamabad,DPT,5 Years,0,28-12-2025,Physical Therapy
Hamdard University - Islamabad Campus,Islamabad,DPT,5 Years,0,15-07-2023,Physical Therapy
"Iqra University, Chak Shahzad Campus",Islamabad,DPT,5 Years,165360,29-02-2024,Physical Therapy
The University Of Lahore ( Islamabad Campus ),Islamabad,DPT,5 Years,0,11-10-2019,Physical Therapy
Riphah International University ( Rawalpindi Campus ),Rawalpindi,DPT,5 Years,0,01-10-2020,Physical Therapy
"The University Of Lahore, Sub Campus",Sargodha,DPT,5 Years,0,08-02-2025,Physical Therapy
"Zia Ud Din University, Sukkur Campus",Sukkur,DPT,5 Years,0,26-08-2025,Physical Therapy
"Iqra National Univesity, Swat Campus",Swat,BS,4 Years,88308,30-09-2025,Physical Therapy
Abwa Medical College,Faisalabad,DPT,5 Years,0,31-01-2021,Physical Therapy
Frontier Institute Of Medical Sciences [haripur],Haripur,DPT,5 Years,0,20-12-2021,Physical Therapy
"Pak- Austria Fachhuochschule, Institute Of Applied Sciences And Technology",Haripur,DPT,5 Years,0,03-01-2025,Physical Therapy
Dakson Institute Of Health Sciences,Islamabad,DPT,5 Years,0,19-03-2022,Physical Therapy
Institute Of Health Sciences,Islamabad,DPT,5 Hours,0,11-09-2025,Physical Therapy
Pakistan Institute Of Medical Sciences,Islamabad,DPT,5 Years,0,21-09-2015,Physical Therapy
National Institute Of Physical Therapy And Rehabilitation Sciences,Karachi,DPT,5 Years,0,10-12-2020,Physical Therapy
Sindh Institute Of Physical Medecine & Rehabilitaion,Karachi,DPT,5 Years,0,31-12-2025,Physical Therapy
Bacha Khan Medical College,Mardan,DPT,5 Years,0,28-11-2025,Physical Therapy
Bhitai Dental And Medical College,Mir Pur Khas,DPT,5 Years,0,16-01-2021,Physical Therapy
Frontier College Of Rehabilitation Sciences,Abbottabad,DPT,5 Years,0,05-06-2021,Physical Therapy
Lims College,Abbottabad,DPT,5 Years,0,28-03-2020,Physical Therapy
Salman Postgraduate College Of Chemical & Social Sciences,Abbottabad,DPT,5 Years,0,05-09-2025,Physical Therapy
Vertex College Of Science & Technology,Abbottabad,DPT,5 Years,0,02-11-2018,Physical Therapy
Bahawal Pur Medical & Dental College,Bahawal Pur,DPT,5 Years,0,28-01-2021,Physical Therapy
Bahawalpur Institute Of Medical Sciences,Bahawal Pur,DPT,5 Years,0,18-02-2023,Physical Therapy
King College Of Health Sciences,Bahawal Pur,DPT,5 Years,0,16-09-2017,Physical Therapy
National College Of Physical Therapy,Bahawal Pur,DPT,5 Years,0,30-11-2022,Physical Therapy
Sutlej College Of Allied Health Sciences,Bahawal Pur,DPT,5 Years,0,22-01-2021,Physical Therapy
Aziz Fatimah Medical And Dental College,Faisalabad,DPT,5 Years,0,29-12-2025,Physical Therapy
Danish Degree College,Faisalabad,DPT,5 Years,0,20-11-2016,Physical Therapy
Independent Medical College,Faisalabad,DPT,5 Years,0,25-09-2024,Physical Therapy
Layallpur Institute Of Management & Sciences ( Lims ),Faisalabad,DPT,5 Years,0,14-10-2017,Physical Therapy
Shifa College For Women,Faisalabad,DPT,5 Years,0,16-11-2019,Physical Therapy
Ahmed College Of Pharmacy & Institute Of Allied Medical Sciences,Gujranwala,DPT,5 Years,0,05-10-2018,Physical Therapy
Mukabbir Colelge,Gujrat,DPT,5 Years,0,22-12-2022,Physical Therapy
Global Institute Of Medical & Allied Health Sciences,Hyderabad,DPT,5 Years,0,04-03-2022,Physical Therapy
Hyderabad Institute Of Physical Medicine And Rehabilitation,Hyderabad,DPT,5 Years,0,12-02-2024,Physical Therapy
Moomal Institute Of Physiotherapy & Allied Health Sciences,Hyderabad,DPT,5 Years,0,06-03-2022,Physical Therapy
Al Wateen Institute Of Medical Sciences,Islamabad,DPT,5 Years,0,22-02-2019,Physical Therapy
Capital College Of Health Sciences,Islamabad,DPT,5 Years,0,20-09-2022,Physical Therapy
Hbs Medical And Dental College,Islamabad,DPT,5 Years,0,27-12-2025,Physical Therapy
Health Aid College Of Nursing,Islamabad,DPT,5 Years,0,01-09-2025,Physical Therapy
Islamabad Medical & Dental College,Islamabad,DPT,5 Years,0,21-02-2022,Physical Therapy
National Institute Of Modern Studies,Islamabad,DPT,5 Years,0,06-02-2022,Physical Therapy
"Pakistan Institute Of Professional Sciences, Bhara Kahu",Islamabad,DPT,5 Years,0,28-09-2019,Physical Therapy
Al Hamd Institute Of Physiotherapy & Health Sciences,Karachi,DPT,5 Years,0,31-01-2022,Physical Therapy
Altamash College Of Physical Therapy,Karachi,DPT,5 Years,0,28-02-2025,Physical Therapy
"Capstone College, School Of Physical Therapy",Karachi,DPT,5 Years,0,05-02-2022,Physical Therapy
Indus Institute Of Physical Therapy And Rehabilitation,Karachi,DPT,5 Years,0,10-01-2023,Physical Therapy
Jinnah Medical & Dental College,Karachi,DPT,5 Years,0,01-11-2024,Physical Therapy
Karache Institute Of Physiotherapy & Rehabilitation Sciences,Karachi,DPT,5 Years,0,31-01-2020,Physical Therapy
Karachi Institute Of Health Sciences,Karachi,DPT,5 Years,0,07-09-2023,Physical Therapy
M C College Of Allied Health Sciences,Karachi,DPT,5 Years,0,06-02-2021,Physical Therapy
Pakisatn Institute Of Rehabilitation & Medical Sciences,Karachi,DPT,5 Years,0,22-03-2024,Physical Therapy
Sindh Institute Of Medical And Allied Sciences,Karachi,DPT,5 Years,0,10-02-2023,Physical Therapy
Taqwa Institute Of Physiotherapy & Health Sciences,Karachi,DPT,5 Years,0,26-02-2023,Physical Therapy
United College Of Physical Therapy,Karachi,DPT,5 Years,0,07-02-2025,Physical Therapy
United Medical And Dental College,Karachi,DPT,5 Years,0,11-01-2019,Physical Therapy
A C E Institute Of Medical And Emerging Sciences,Lahore,DPT,5 Years,0,09-12-2023,Physical Therapy
Advance Life College Of Medical Sciences,Lahore,DPT,5 Years,0,30-11-2016,Physical Therapy
Aimec College,Lahore,DPT,5 Years,0,04-11-2019,Physical Therapy
Akhtar Saeed Medical And Dental College,Lahore,DPT,5 Years,0,15-11-2025,Physical Therapy
Amna Inayat Medical & Educational Campus,Lahore,DPT,5 Years,0,05-01-2023,Physical Therapy
Central Park College Of Allied Health Sciences,Lahore,DPT,g5 Years,0,09-11-2025,Physical Therapy
Central Park Medical College,Lahore,DPT,5 Years,0,03-03-2022,Physical Therapy
City Institute Of Management & Emerging Sciences,Lahore,DPT,5 Years,0,26-10-2019,Physical Therapy
Cmh Lahore Medical College,Lahore,DPT,5 Years,0,31-12-2025,Physical Therapy
Fmh College Of Medicine & Dentistry,Lahore,DPT,5 Years,0,17-12-2022,Physical Therapy
Ghurki College Of Nursing,Lahore,DPT,5 Years,0,31-10-2024,Physical Therapy
Gulab Devi Educational Complex,Lahore,DPT,5 Years,0,30-11--0001,Physical Therapy
Hussain College Of Health Sciences,Lahore,DPT,5 Years,0,31-08-2025,Physical Therapy
Informatics Group Of Colleges,Lahore,DPT,5 Years,0,31-07-2024,Physical Therapy
Kasur Institute Of Allied Health Sciences,Lahore,DPT,5 Years,0,01-12-2022,Physical Therapy
Khaldunia Institute Of Technology And Applied Sciences College,Lahore,DPT,4 Years,0,09-02-2022,Physical Therapy
Psrd College Of Rehabilitation Sciences,Lahore,DPT,5 Years,0,15-08-2025,Physical Therapy
Shalamar Medical & Dental College,Lahore,DPT,5 Years,0,31-10-2016,Physical Therapy
Yashfeen College Of Pharmacy,Lahore,DPT,5 Years,0,05-10-2024,Physical Therapy
Dr Yahya Institute Of Medical Sciences,Layyah,DPT,5 Years,0,15-12-2021,Physical Therapy
Bhitai Institute Of Physiotherapy And Rehabilitation Sciences,Mir Pur Khas,DPT,5 Years,0,15-09-2021,Physical Therapy
Bakhtawar Amin Medical And Dental College,Multan,DPT,5 Years,0,01-01-2025,Physical Therapy
Multan Medical And Dental College,Multan,DPT,5 Years,0,03-08-2024,Physical Therapy
The Next College,Multan,DPT,5 Years,0,30-10-2020,Physical Therapy
Al-shifa Institute Of Health Sciences,Narowal,DPT,4 Years,0,20-12-2025,Physical Therapy
Sahara College Of Pharmacy & Allied Health Sciences,Narowal,DPT,5 Years,0,01-12-2018,Physical Therapy
Nawabshah Institute Of Medical And Health Sciences,Nawab Shah,DPT,5 Years,0,30-03-2023,Physical Therapy
Ahmad Medical Institute,Peshawar,DPT,5 Years,0,28-11-2020,Physical Therapy
College Of Physical Medicine & Rehabilitation,Peshawar,DPT,5 Years,0,30-11-2021,Physical Therapy
Hafeez Institute Of Medical Sciences,Peshawar,DPT,5 Years,0,13-12-2021,Physical Therapy
Institute Of Health Sciences,Peshawar,DPT,5 Years,0,22-01-2022,Physical Therapy
P E F University College,Peshawar,DPT,5 Years,0,31-10-2025,Physical Therapy
Nisa Institute Of Science & Arts,Quetta,DPT,5 Years,0,19-09-2024,Physical Therapy
Hassan Institute Of Health Sciences,Rahim Yar Khan,DPT,5 Years,75000,14-01-2023,Physical Therapy
"Al Wateen Institute Of Medical Sciences, Rawalpindi Campus",Rawalpindi,DPT,5 Years,0,23-02-2019,Physical Therapy
Center Of Advanced Studies In Health & Technology,Rawalpindi,DPT,5 Years,110000,05-10-2023,Physical Therapy
Kings College Of Health Sciences,Sahiwal,DPT,5 Years,0,16-09-2017,Physical Therapy
Dar -e- Arqam Model College,Sargodha,DPT,5 Years,0,01-02-2023,Physical Therapy
Niazi Medical And Dental College,Sargodha,DPT,5 Years,0,30-09-2025,Physical Therapy
Amna Inayat Medical College,Sheikhupura,DPT,5 Years,0,18-11-2017,Physical Therapy
Faryal Dental College,Sheikhupura,DPT,5 Years,0,11-04-2015,Physical Therapy
Imran Idrees College Of Pharmacy,Sialkot,DPT,5 Years,0,30-01-2021,Physical Therapy
Sialkot Medical College,Sialkot,DPT,5 Years,0,20-08-2018,Physical Therapy
Blessing Institute Of Medical Sciences,Sukkur,DPT,5 Years,0,27-12-2025,Physical Therapy
College Of Rehabilitation Sciences,Sukkur,DPT,5 Years,0,30-09-2020,Physical Therapy
Health Services Academy,Islamabad,DPT,5 Years,0,31-01-2026,Physical Therapy
Jinnah Postgraduate Medical Centre/hospital,Karachi,DPT,5 Years,0,19-12-2024,Physical Therapy
Institute Of Allied Health Sciences,Lahore,DPT,5 Years,0,09-02-2026,Physical Therapy
Armed Forces Institute Of Rehabilitation Medicine,Rawalpindi,DPT,5 Years,0,16-01-2026,Physical Therapy
Liaquat Institute Of Medical & Health Sciences,Thatta,DPT,5 Years,0,10-10-2025,Physical Therapy
Vertex Institute Of Science & Technology,Abbottabad,DPT,5 Years,0,18-04-2025,Physical Therapy
Agile Institute Of Rehablitation Sciences,Bahawal Pur,DPT,5 Years,0,14-10-2020,Physical Therapy
Faisal Institute Of Health Sciences,Faisalabad,DPT,5 Years,0,25-10-2025,Physical Therapy
"International Institute Of Science, Arts And Technology",Gujranwala,DPT,5 Years,0,05-10-2025,Physical Therapy
Hyderabad Institute Of Medical & Allied Sciences,Hyderabad,DPT,5 Years,0,24-03-2024,Physical Therapy
Aman Medical Institute,Islamabad,DPT,5 Years,0,01-01-2022,Physical Therapy
Comwave Institute Of Information Technology,Islamabad,DPT,5 Years,0,18-11-2023,Physical Therapy
Prime Institute Of Health Sciences,Islamabad,DPT,5 Years,0,01-10-2025,Physical Therapy
Rawal Institute Of Health Sciences,Islamabad,DPT,5 Years,0,30-10-2025,Physical Therapy
Hayat Institute Of Rehabilitation Medicine,Karachi,DPT,5 Years,0,02-02-2023,Physical Therapy
Memon Medical Institute Hospital,Karachi,DPT,5 Years,0,08-12-2023,Physical Therapy
South City Institute Of Physical Therapy And Rehabilitation,Karachi,DPT,5 Years,0,29-09-2018,Physical Therapy
Afro-asian Institute,Lahore,DPT,5 Years,0,10-08-2023,Physical Therapy
Aims Institute Of Management Sciences,Lahore,DPT,5 Years,0,30-11-2017,Physical Therapy
Akram Institute Of Rehabilitation Sciences,Lahore,DPT,5 Years,4500,11-04-2015,Physical Therapy
Fmh Institute Of Allied Health Sciences,Lahore,DPT,5 Years,0,18-01-2025,Physical Therapy
Punjab Institute Of Professional Studies,Lahore,DPT,5 Years,0,13-03-2021,Physical Therapy
Sharif Institute Of Allied Health Sciences,Lahore,DPT,5 Years,0,01-04-2023,Physical Therapy
Kmu Institute Of Health Sciences,Mardan,DPT,5 Years,0,11-09-2025,Physical Therapy
Swat Institute Of Rehabilitation And Medical Sciences,Mingora,DPT,5 Years,0,20-01-2020,Physical Therapy
Laeeque Rafique Institute Of Medical Sciences & Nursing School,Multan,DPT,5 Years,0,30-11-2021,Physical Therapy
Muhammad Institute Of Medical & Allied Sciences,Multan,DPT,5 Years,0,28-11-2020,Physical Therapy
Fedral Institute Of Health Sciences,Muzaffarabad,DPT,5 Years,0,03-10-2019,Physical Therapy
Brains Institute,Peshawar,DPT,5 Years,0,30-12-2022,Physical Therapy
Khyber Institute Of Health Sciences And Technology,Peshawar,DPT,5 Years,0,08-01-2018,Physical Therapy
Northwest Institute Of Healths Ciences,Peshawar,DPT,5 Years,0,27-09-2025,Physical Therapy
P.e.f Post Graduate College,Peshawar,DPT,5 Years,0,16-10-2021,Physical Therapy
Rehman Medical Institute,Peshawar,DPT,5 Years,0,13-09-2025,Physical Therapy
Yusra Institute Of Pharmaceutical Sciences,Rawalpindi,DPT,5 Years,0,31-07-2025,Physical Therapy
Zohra Institute Of Health Sciences,Rawalpindi,DPT,5 Years,0,09-11-2019,Physical Therapy
The Limit Institution Of Health Sciences,Sahiwal,DPT,5 Years,0,12-12-2020,Physical Therapy
Sargodha Institute Of Health Sciences,Sargodha,DPT,5 Years,0,27-10-2018,Physical Therapy
Hidayat Institute Of Rehabilitation & Emerging Sciences,Sukkur,DPT,5 Years,0,08-01-2018,Physical Therapy
Blessing School Of Paramedics,Karachi,DPT,5 Years,0,30-10-2025,Physical Therapy
Shalamar School Of Allied Health Sciences,Lahore,DPT,5 Years,0,27-12-2025,Physical Therapy
School Of Health Sciences,Peshawar,BS,4 Years,0,30-11-2020,Physical Therapy
Al-tibri Medical College,Karachi,DPT,5 Years,195000,09-11-2018,Physical Therapy
Liaquat University Of Medical And Health Sciences,Jamshoro,BS,4 Years,0,10-10-2025,Physician Associate
Abbottabad University Of Science And Technology,Abbottabad,BS,4 Years,28500,26-08-2025,Physics
Women University Azad Jammu & Kashmir,Bagh,BS,4 Years,43110,01-09-2025,Physics
The Government Sadiq College Women University,Bahawal Pur,AD,2 Years,0,30-08-2024,Physics
The Government Sadiq College Women University,Bahawal Pur,BS,4 Years,31340,20-06-2025,Physics
The Islamia University Of Bahawalpur,Bahawal Pur,BS,4 Years,47115,30-06-2025,Physics
University Of Science & Technology,Bannu,BS (HONS),4 Years,16400,20-09-2025,Physics
Thal University,Bhakkar,BS,4 Years,30000,10-01-2025,Physics
The University Of Buner,Buner,BS,4 Years,0,15-08-2025,Physics
University Of Malakand,Chakdara,BS,4 Years,20000,15-09-2025,Physics
Bacha Khan University,Charsadda,BS,4 Years,37000,22-09-2025,Physics
University Of Chitral,Chitral,BS,4 Years,0,30-10-2023,Physics
Ghazi University,D.g.khan,BS,4 Years,21300,04-07-2025,Physics
University Of Education [ D.g. Khan Campus ],D.g.khan,BS,4 Years,20214,02-09-2025,Physics
Gomal University,D.i. Khan,AD,2 Years,0,09-01-2026,Physics
Gomal University,D.i. Khan,B.Sc. [Hons],4 Years,47400,09-01-2026,Physics
Fata University,Darra Adam Khail,BS,4 Years,0,16-11-2024,Physics
Government College University,Faisalabad,BS,4 Years,28200,12-01-2026,Physics
Government College Women University,Faisalabad,BS,4 Years,33100,31-07-2025,Physics
University Of Agriculture,Faisalabad,BS,4 Years,60000,28-07-2025,Physics
University Of Education [ Faisalabad Campus ],Faisalabad,BS,4 Years,20214,02-09-2025,Physics
Karakuram International University,Gilgit,BS,4 Years,33400,10-08-2025,Physics
University Of Gujrat,Gujrat,BS,4 Years,68010,15-08-2025,Physics
University Of Haripur,Haripur,BS,4 Years,20109,26-01-2026,Physics
Government College University Hyderabad,Hyderabad,BS,4 Years,11000,15-09-2025,Physics
Allama Iqbal Open University,Islamabad,BS,4 Years,43950,10-02-2026,Physics
Comsats University Islamabad,Islamabad,BS,4 Years,112200,17-12-2025,Physics
Federal Urdu University Of Arts Science & Technology Islamabad,Islamabad,AD,2 Years,75000,30-01-2026,Physics
Institute Of Space Technology,Islamabad,BS,4 Years,83105,31-07-2025,Physics
International Islamic University,Islamabad,BS,4 Years,74160,31-12-2025,Physics
National University Of Science & Technology,Islamabad,BS,4 Years,174050,25-01-2026,Physics
Pakistan Institute Of Engineering & Applied Sciences,Islamabad,BS,4 Years,104800,28-03-2025,Physics
Quaid-e-azam University,Islamabad,BS,4 Years,54565,29-07-2025,Physics
University Of Sindh,Jamshoro,BS,4 Years,15200,14-09-2025,Physics
University Of Jhang,Jhang,BS,4 Years,0,15-09-2025,Physics
Ned University Of Engineering & Technology,Karachi,BS,4 Years,46670,20-05-2025,Physics
University Of Karachi,Karachi,BS,4 Years,18500,28-11-2025,Physics
Khushal Khan Khattak University,Karak,BS,4 Years,34000,19-01-2026,Physics
Shah Abdul Latif University,Khair Pur,BS,4 Years,27000,22-09-2025,Physics
The Benazir Butto Shaheed University Of Technology & Skill Development,Khair Pur,BS,4 Years,23250,23-06-2025,Physics
Kohat University Of Science & Technology,Kohat,BS,4 Years,27900,15-09-2025,Physics
The University Of Management Sciences & Information Technology,Kotli,BS,4 Years,0,10-09-2016,Physics
University Of Kotli,Kotli,BS,4 Years,0,15-08-2025,Physics
Government College University Lahore,Lahore,B.Sc. [Hons],4 Years,52000,11-12-2025,Physics
Kinnaird College For Women,Lahore,BS,4 Years,90200,01-12-2025,Physics
Lahore College For Women University,Lahore,BS,4 Years,52150,25-09-2025,Physics
University Of Education,Lahore,BS,4 Years,20214,09-01-2026,Physics
"University Of Engineering & Technology, Lahore",Lahore,BS,4 Years,62427,22-03-2026,Physics
University Of The Punjab,Lahore,BS,4 Years,41940,25-09-2025,Physics
The University Of Lakki Marwat,Lakki Marwat,BS,4 Years,17100,25-09-2024,Physics
Punjab University Of Technology  [ Rasul],Mandi Baha-ud-din,BS,4 Years,0,25-09-2025,Physics
Hazara University,Mansehra,B.Sc. [Hons],4 Years,38980,01-09-2025,Physics
"Abdul Wali Khan University, Mardan",Mardan,BS,4 Years,45000,18-08-2025,Physics
Women University Mardan,Mardan,BS,4 Years,41400,10-09-2025,Physics
University Of Mianwali,Mianwali,BS,4 Years,0,03-10-2025,Physics
Mirpur University Of Science And Technology,Mir Pur (ajk),BS,4 Years,54300,15-10-2024,Physics
"Bahauddin Zakariya University, Multan",Multan,BS,4 Years,27150,02-01-2026,Physics
Muhammad Nawaz Sharif University Of Engineering And Technology,Multan,BS,4 Years,35300,12-02-2024,Physics
Nfc Institute Of Engineering & Technology,Multan,BS,4 Years,33700,01-08-2025,Physics
The Women University,Multan,BS,4 Years,25750,07-01-2025,Physics
University Of Education [ Multan Campus ],Multan,BS,4 Years,20214,02-09-2025,Physics
Kohsar University,Murree,BS,4 Years,0,26-02-2026,Physics
University Of Azad Jammu & Kashmir,Muzaffarabad,BS,4 Years,0,08-08-2025,Physics
Baba Guru Nanak University,Nankana Sahib,BS,4 Years,21350,19-09-2025,Physics
University Of Narowal,Narowal,BS,4 Years,30000,19-02-2026,Physics
"Quaid-e-awam University Of Engineering, Sciences & Technology",Nawab Shah,BS,4 Years,20000,31-05-2025,Physics
University Of Okara,Okara,BS,4 Years,46000,18-07-2025,Physics
Islamia College University,Peshawar,BS,4 Years,62000,16-09-2025,Physics
Shaheed Benazir Bhutto Women University,Peshawar,BS,4 Years,29513,28-09-2025,Physics
University Of Peshawar,Peshawar,BS,4 Years,71000,23-09-2025,Physics
Balochistan University Of It & Management Sciences,Quetta,BS,4 Years,39410,26-01-2026,Physics
Sardar Bahadur Khan Women University,Quetta,BS,4 Years,8040,28-02-2025,Physics
University Of Balochistan,Quetta,BS,4 Years,36000,11-08-2025,Physics
Khawaja Fareed University Of Engineering & Information Technology,Rahim Yar Khan,BS,4 Years,40250,05-01-2026,Physics
"Unversity Of The Poonch, Rawala Kot",Rawala Kot,BS,4 Years,46000,20-08-2025,Physics
Fatima Jinnah Women University,Rawalpindi,BS,4 Years,52050,18-08-2025,Physics
Pir Mahar Ali Shah Arid Agriculture University,Rawalpindi,BS,4 Years,45650,08-08-2025,Physics
Rawalpindi Women University,Rawalpindi,BS,4 Years,33065,03-09-2025,Physics
University Of Sahiwal,Sahiwal,BS,4 Years,31440,31-07-2025,Physics
University Of Sargodha,Sargodha,BS,4 Years,30000,15-12-2025,Physics
Government College Women University,Sialkot,BS,4 Years,25000,22-01-2026,Physics
University Of Sialkot,Sialkot,BS,4 Years,115000,01-11-2024,Physics
The Begum Nusrat Bhutto Women University,Sukkur,BS,4 Years,27250,04-06-2025,Physics
University Of Swabi,Swabi,BS,4 Years,51270,16-09-2025,Physics
Women University Swabi,Swabi,BS,4 Years,45760,12-09-2025,Physics
University Of Swat,Swat,BS,4 Years,30900,12-10-2023,Physics
"University Of Engineering &  Technology, Taxila",Taxila,BS,4 Years,102400,22-03-2026,Physics
University Of Chakwal,Chakwal,BS,4 Years,0,11-08-2025,Physics
Qurtuba University Of Science & Technology [di Khan],D.i. Khan,BS,4 Years,0,25-08-2025,Physics
The University Of Faisalabad,Faisalabad,BS,4 Years,67500,07-10-2023,Physics
The University Of Chenab,Gujrat,BS,4 Years,0,03-01-2026,Physics
Riphah International University,Islamabad,BS,4 Years,145618,30-07-2024,Physics
Forman Christian College,Lahore,B.Sc. [Hons],4 Years,358200,30-11-2025,Physics
Lahore Garrison University,Lahore,BS,4 Years,174635,30-11--0001,Physics
Lahore University Of Management Sciences,Lahore,BS,4 Years,811100,10-03-2026,Physics
Minhaj University,Lahore,BS,4 Years,147500,18-05-2024,Physics
The University Of Lahore ( Main Campus ),Lahore,BS,4 Years,120000,31-01-2026,Physics
University Of Central Punjab,Lahore,BS,4 Years,169375,20-09-2024,Physics
University Of Management And Technology,Lahore,BS,4 Years,212250,18-10-2024,Physics
University Of South Asia,Lahore,BS,4 Years,0,05-11-2022,Physics
Institute Of Southern Punjab,Multan,BS,4 Years,0,31-01-2025,Physics
Iqra National University,Peshawar,BS,4 Years,0,01-11-2021,Physics
Preston University [pesh],Peshawar,BS,4 Years,0,20-06-2016,Physics
Grand Asian University Sialkot,Sialkot,BS,4 Years,0,21-09-2024,Physics
University Of Wah,Wah Cantt,BS,4 Years,60600,20-09-2023,Physics
"The Islamia University Of Bahawalpur, Ahmadpur East Campus",Ahmadpur East,BS,4 Years,47115,30-06-2024,Physics
University Of Education ( Attock Campus ),Attock,BS,4 Years,20214,02-09-2025,Physics
The Islamia University Of Bahawalpur[sub Campus],Bahawal Nagar,BS,4 Years,47115,30-06-2025,Physics
Hazara University ( Batagram Campus ),Batagram,BS,4 Years,38980,07-08-2020,Physics
University Of Sargodha ( Bhakkar Campus ),Bhakkar,BS,4 Years,0,03-11-2021,Physics
"University Of Agriculture Faisalabad, Sub Campu",Burewala,BS,4 Years,0,03-07-2023,Physics
University Of Agriculture Faisalabad[sub Campus],Depal Pur,BS,4 Years,60000,28-07-2025,Physics
University College Of Education,Faisalabad,BS,4 Years,0,14-07-2023,Physics
University Of Sargodha ( Women Campus Faisalabad ),Faisalabad,BS,4 Years,0,14-10-2017,Physics
University Of Sargodha (lyallpur Campus),Faisalabad,BS,4 Years,0,30-09-2017,Physics
University Of Education [ Jauharabad Campus ],Joharabad,BS,4 Years,20214,02-09-2025,Physics
Universtiy Of Engineering And Technology (sub Campus),Kala Shah Kaku,BS,4 Years,62427,02-06-2025,Physics
"Federal Urdu University Of Arts  Science & Technology, Karachi",Karachi,B.Sc. [Hons],4 Years,34400,10-01-2025,Physics
Comsats University Islamabad( Lahore Campus ),Lahore,BS,4 Years,112200,29-12-2025,Physics
University Of Gujrat (lahore Campus),Lahore,BS,4 Years,0,25-08-2018,Physics
University Of Sargodha ( Lahore Campus ),Lahore,BS,4 Years,0,30-09-2017,Physics
Government College University Faisalabad (layyah Campus),Layyah,BS,4 Years,0,04-09-2023,Physics
"The Islamia University Of Bahawalpur, Liaqatpur Campus",Liaqatpur,BS,4 Years,47115,30-06-2025,Physics
University Of Sargodha ( Mandi Baha-ud-din Campus ),Mandi Baha-ud-din,BS,4 Years,0,30-09-2016,Physics
University Of Sargodha ( Mianwali Campus ),Mianwali,BS,4 Years,0,24-09-2018,Physics
University College Of Education,Multan,BS,4 Years,0,14-07-2023,Physics
University Of Engineering & Technology (narowal Campus),Narowal,BS,4 Years,62427,22-03-2026,Physics
University Of Gujrat (narowal Campus,Narowal,BS,4 Years,0,17-10-2017,Physics
Mirpur University Of Science And Technology ( Pallandri Campus),Pallandri,BS,4 Years,0,15-08-2024,Physics
University Of Makran,Panjgur,BS,4 Years,0,25-10-2024,Physics
The Islamic University Of Bahawalpur[rahimyar Khan Campus],Rahim Yar Khan,BS,4 Years,47115,30-06-2025,Physics
University Of Gujrat (rawalpindi Campus),Rawalpindi,BS,4 Years,0,26-07-2018,Physics
"Government College University Faisalabad, Sahiwal Campus",Sahiwal,BS,4 Years,0,04-09-2023,Physics
"Gomal University, Tank Campus",Tank,BS,4 Years,13000,31-07-2025,Physics
University Of Agriculture Faisal Abad[toba Tek Singh Campus],Toba Tek Singh,BS,4 Years,0,28-07-2025,Physics
University Of Education [ Vehari Campus ],Vehari,BS,4 Years,20214,02-09-2025,Physics
"Riphah International University, Faisalabad Campus",Faisalabad,BS,4 Years,98000,18-10-2025,Physics
The University Of Lahore ( Chanab Campus),Gujrat,BS,4 Years,0,13-09-2019,Physics
Preston University [isb],Islamabad,BS,4 Years,80000,30-10-2025,Physics
Preston University [lhr],Lahore,BS,4 Years,0,20-06-2016,Physics
Riphah International University Lahore,Lahore,BS,4 Years,0,15-01-2024,Physics
Qurtuba University Of Science & Information Technology,Peshawar,BS,4 Years,44000,08-11-2025,Physics
"The University Of Lahore, Sub Campus",Sargodha,BS,4 Years,0,08-02-2025,Physics
"University Of Management And Technology, Sialkot Campus",Sialkot,BS,4 Years,0,30-10-2021,Physics
Government Degree College For Women[dmr],Bahawal Pur,BS,4,3500,07-10-2025,Physics
Government S E College,Bahawal Pur,BS,4 Years,0,26-09-2014,Physics
Government Postgraduate College,Bannu,BS,4 Years,0,31-08-2013,Physics
Government Post Graduate College,Burewala,BS,4 Years,3500,06-11-2020,Physics
Government Postgraduate College,Chakwal,BS,4 Years,0,30-11--0001,Physics
Government Degree College Shabqadar Charsadda,Charsadda,BS,4 Years,0,27-08-2018,Physics
Government Degree College Tangi,Charsadda,BS,4 Years,0,27-08-2018,Physics
Government Girls Degree College No1 Charsadda,Charsadda,BS,4 Years,0,27-08-2018,Physics
Government Postgraduate College,Charsadda,BS,4 Years,0,27-08-2018,Physics
Government Degree College For Women[company Bagh],D.g.khan,BS,4 Years,0,30-11--0001,Physics
Government Degree College[block-17],D.g.khan,BS,4 Years,0,05-10-2024,Physics
Government Post Graduate College,D.g.khan,BS,4 Years,0,30-11--0001,Physics
Government College For Women [madina Town],Faisalabad,BS,4 Years,0,30-11--0001,Physics
Government Post Graduate College Of Science,Faisalabad,BS,4 Years,0,23-09-2024,Physics
Government Post Graduate College [samanabad],Faisalabad,BS,4 Years,0,23-09-2023,Physics
Government Postgraduate Islamia College,Faisalabad,BS,4 Years,0,04-10-2014,Physics
"Uaf Community Collge, Jhang Road",Faisalabad,BS,4 Years,0,28-07-2025,Physics
Government Post Graduate College For Women [satellite Town],Gujranwala,BS,4 Years,0,10-09-2024,Physics
Government Post Graduate College[satellite Town],Gujranwala,BS (HONS),4 Years,0,02-10-2025,Physics
Government Post Graduate Islamia College,Gujranwala,BS,4 Years,0,08-10-2025,Physics
"Islamabad Model College For Boys, H-9",Islamabad,BS,4 Years,0,30-08-2024,Physics
Government Post Graduate College,Jhang,BS (HONS),4 Years,0,30-09-2025,Physics
Dj Sindh Government Science College,Karachi,BS,4 Years,0,31-12-2025,Physics
Government Post Graduate College  For Women,Kohat,BS,4 Years,0,22-08-2014,Physics
Government Postgraduate College,Kohat,BS,4 Years,0,20-08-2014,Physics
Apwa Degree College For Women[jail Road],Lahore,AD,2 Years,0,02-10-2024,Physics
Government College For Women [gulberg],Lahore,BS,4 Years,0,15-05-2024,Physics
Government College For Women[gulberg],Lahore,BS,4 Years,0,28-10-2022,Physics
Government College Of Science[wahdat Road],Lahore,BS,4 Years,0,14-09-2024,Physics
Government College [baghbanpura],Lahore,BS,4 Years,0,05-11-2022,Physics
Government College [township],Lahore,CERT,4,0,07-09-2024,Physics
Government Dyal Singh College[laxmi Chowk],Lahore,CERT,4,3500,31-10-2022,Physics
Government Islamia College [civil Lines],Lahore,BS,4 Years,0,25-09-2023,Physics
Government M.a.o College,Lahore,BS (HONS),4 Years,0,30-11-1999,Physics
Government Post Graduate College For Women [samanabad],Lahore,BS (HONS),4 Years,0,28-10-2021,Physics
Government Postgraduate College For Women [wahdat Conlony],Lahore,BS,4 Years,0,06-11-2021,Physics
Government Queen Marry College,Lahore,BS,4 Years,0,15-07-2024,Physics
Queen Marry College,Lahore,BS (HONS),4 Years,0,03-10-2020,Physics
Government Post Graduate College,Lakki Marwat,BS,4 Years,0,26-08-2016,Physics
Government Degree College For Boys[kot Sultan],Layyah,BS,4 Years,0,30-11--0001,Physics
Government Post Graduate College,Mandi Baha-ud-din,BS,4 Years,0,26-10-2020,Physics
Government Postgraduate College,Mansehra,BS,4 Years,0,22-08-2015,Physics
Govenrment College,Mir Pur (ajk),BS,4 Years,0,26-09-2017,Physics
Government Postgraduate Boys College,Mir Pur (ajk),BS,4 Years,0,28-09-2014,Physics
Emerson University Multan,Multan,BS,4 Years,0,15-08-2025,Physics
Government College For Women [katchery],Multan,BS,4 Years,0,30-11--0001,Physics
Government College Of Science,Multan,BS,4 Years,0,23-10-2018,Physics
Government College,Muzafargarh,BS,4 Years,0,05-10-2021,Physics
Government Post Graduate College,Nowshera,BS,4 Years,0,08-09-2014,Physics
Government College For Boys,Peshawar,BS,4 Years,0,30-08-2017,Physics
Government College Peshawar,Peshawar,BS,4 Years,0,31-08-2019,Physics
Government Degree College For Bys[hayatabad],Peshawar,BS,4 Years,0,31-08-2018,Physics
Government Superior Science College,Peshawar,BS,4 Years,0,20-08-2016,Physics
General Musa Government Degree College,Quetta,BS,4 Years,0,05-10-2020,Physics
Government College [quet],Quetta,BS,4 Years,0,05-04-2025,Physics
Government Inter Girls College Satellite Town,Quetta,BS,4 Years,0,20-04-2025,Physics
Government Science College,Quetta,BS,4 Years,0,23-10-2016,Physics
Khawaj Farid Government Post Graduate College,Rahim Yar Khan,BS,4 Years,0,10-10-2020,Physics
F.g Sir Syed Degree College,Rawalpindi,BS,4 Years,0,03-10-2023,Physics
Government College For Women [murree Road],Rawalpindi,BS,4,3500,31-12-2021,Physics
Government Post Graduate College[asghar Mall ],Rawalpindi,BS,4 Years,0,17-08-2025,Physics
Government Post Graduate Gordon College,Rawalpindi,BS,4 Years,0,08-09-2023,Physics
Government Postgraduate College For Women[satellite Town],Rawalpindi,BS,4 Years,0,08-09-2013,Physics
"Government Postgraduate College, Boys [satellite Town]",Rawalpindi,BS,4 Years,0,24-08-2024,Physics
Nisar Shaheed College,Risalpur,BS,4 Years,0,08-09-2019,Physics
Government Post Graduate College,Sahiwal,BS,4 Years,0,09-10-2013,Physics
Government Post Grduate College For Women,Sahiwal,BS,4 Years,0,10-11-2022,Physics
Government Ambala Muslim College,Sargodha,BS,4 Years,0,30-11--0001,Physics
Government Murray College,Sialkot,BS,4 Years,15000,18-08-2023,Physics
Government Postgraduate College For Women,Sialkot,BS,4 Years,0,30-11--0001,Physics
Government Post Graduate College,Swabi,BS,4 Years,0,05-09-2015,Physics
Government Degree College,Timergara,BS,4 Years,0,08-10-2021,Physics
Federal Government Science  Degree College For Men,Wah Cantt,BS,4 Years,0,30-09-2022,Physics
"Riphah Community College, Abbotabad Campus",Abbottabad,BS,4 Years,0,31-08-2023,Physics
"Riphah International College, Bahawlpur",Bahawal Pur,AD,2 Years,0,31-10-2022,Physics
Kalarkahar Science College,Chakwal,BS,4 Years,0,23-09-2018,Physics
Abdul Salam College,Faisalabad,BS,4 Years,0,25-11-2017,Physics
Ali Fatimah College Of Science & Management,Faisalabad,BS,4 Years,0,20-10-2020,Physics
Chenab College Of Advance Studies,Faisalabad,BS,4 Years,0,20-10-2020,Physics
Edison College,Faisalabad,BS,4 Years,0,07-08-2017,Physics
Informatics Group Of Colleges,Faisalabad,AD,2 Years,36000,07-01-2023,Physics
"Kips College, Boys, Jail Road",Faisalabad,BS,4 Years,0,15-10-2019,Physics
"Kips College, Girls, Jail Road",Faisalabad,BS,4 Years,0,15-10-2019,Physics
Shiblee College Of Commerce & Science,Faisalabad,BS,4 Years,0,24-10-2020,Physics
Shiblee College Of Commerce For Women[gulberg Campus],Faisalabad,BS,4 Years,0,24-10-2020,Physics
Shifa College For Women,Faisalabad,BS,4 Years,0,16-11-2019,Physics
"Superior College , Girls",Faisalabad,BS,4 Years,0,27-12-2021,Physics
"Superior College, Boys",Faisalabad,BS,4 Years,0,02-12-2022,Physics
"Concorida Colleges, Gujranwala",Gujranwala,BS,4 Years,0,30-09-2019,Physics
Royal Gorup Of Colleges,Gujranwala,BS,4 Years,0,31-10-2020,Physics
Mukabbir Colelge,Gujrat,BS,4 Years,0,22-12-2022,Physics
"Iqra Degree College, Havelian",Havelian,AD,2 Years,0,04-12-2021,Physics
Icon College,Jaranwala,BS,4 Years,0,24-10-2020,Physics
"Litra Valley College, Jango",Jhelum,BS (HONS),4 Years,0,22-09-2017,Physics
"Concordia Colleges, Kasur",Kasur,BS,4 Years,0,30-09-2019,Physics
Concordia Colleges,Lahore,BS,4 Years,0,28-10-2020,Physics
Informatics Group Of Colleges,Lahore,BS,4 Years,0,31-07-2024,Physics
Punjab Group Of Colleges,Lahore,BS,4 Years,0,13-10-2018,Physics
"Riphah International College, Lahore",Lahore,AD,2 Years,0,01-11-2024,Physics
Fgk College,Layyah,BS,4 Years,0,27-10-2018,Physics
Legend College,Multan,BS,4 Years,0,03-12-2022,Physics
Pakistan College Of Science And Commerce,Multan,BS,4 Years,0,29-12-2020,Physics
The Educators College,Multan,BS,4 Years,0,11-12-2021,Physics
"Misali Zakriya Graduate College, Dinpur",Muzafargarh,BS,4 Years,0,04-12-2021,Physics
Vertex College Of Science And Technology,Peshawar,AD,2 Years,0,27-09-2018,Physics
Brookfield College,Rahim Yar Khan,BS,4 Years,0,31-10-2018,Physics
N I C C A S Postgraduate College,Rahim Yar Khan,BS,4 Years,0,27-09-2019,Physics
"Centre For Emerging Sciences, Engineering & Technology",Rawalpindi,BS,4 Years,0,30-11--0001,Physics
Comand College,Sahiwal,BS,4 Years,0,03-10-2019,Physics
Iqra Girls College,Sargodha,BS,4 Years,0,02-01-2023,Physics
"The Readers Group Of Colleges, Boys",Sargodha,BS,4 Years,0,16-10-2020,Physics
South Punjab Institute Of Science & Technology,D.g.khan,BS,4 Years,0,30-10-2017,Physics
"International Institute Of Science, Arts And Technology",Gujranwala,BS,4 Years,0,05-10-2025,Physics
Kaims International Institute,Multan,BS,4 Years,0,31-07-2019,Physics
National Institute Of Computer And Advanced Studies,Rahim Yar Khan,BS,4 Years,0,31-08-2023,Physics
Abdul Wali Khan University ( Shankar Campus ),Mardan,BS,4 Years,45000,30-11--0001,Physics
University Of Sargodha ( Comand Campus Sahiwal ),Sahiwal,BS,4 Years,0,30-11--0001,Physics
University Of Gujrat ( Sialkot Campus),Sialkot,BS,4 Years,0,18-09-2017,Physics
"Bahauddin Zakria University,sahiwal Campus",Sahiwal,BS,4 Years,22460,02-10-2015,Physics
The Islamia University Of Bahawalpur,Bahawal Pur,BS,4 Years,69965,30-06-2025,Physiology
Government College University,Faisalabad,BS,4 Years,28200,12-01-2026,Physiology
University Of Sindh,Jamshoro,BS,4 Years,15200,14-09-2025,Physiology
University Of Karachi,Karachi,BS,4 Years,21000,28-11-2025,Physiology
"Islamabad Model College For Girls, Humak",Islamabad,AD,2 Years,0,30-08-2024,Physiology
Royal Gorup Of Colleges,Gujranwala,BS,4 Years,0,27-10-2018,Physiology
Advance Life College Of Medical Sciences,Lahore,BS,4 Years,0,30-11-2016,Physiology
Central Park College Of Allied Health Sciences,Lahore,BS,4 Years,0,30-09-2019,Physiology
Sialkot Medical College,Sialkot,BS,4 Years,0,20-08-2018,Physiology
Afro-asian Institute,Lahore,BS,4 Years,0,30-10-2018,Physiology
Gulab Devi Post Graduate Medical Institute,Lahore,BS,4 Years,0,30-11--0001,Physiology
Abbottabad University Of Science And Technology,Abbottabad,B.Sc.,4 Years,47800,26-08-2025,Physiotherapy
Government College University,Faisalabad,DPT,5 Years,50800,24-06-2025,Physiotherapy
Liaquat University Of Medical And Health Sciences,Jamshoro,DPT,5 Years,90000,10-10-2025,Physiotherapy
Dow University Of Health Sciences,Karachi,DPT,5 Years,103000,13-12-2025,Physiotherapy
King Edward Medical University / Mayo Hospital,Lahore,DPT,5 Years,54000,10-12-2025,Physiotherapy
Peoples University Of Medical And Health Sciences For Women,Nawab Shah,DPT,5 Years,50000,31-10-2025,Physiotherapy
Khyber Medical University,Peshawar,DPT,5 Years,80000,30-10-2025,Physiotherapy
University Of Balochistan,Quetta,BS,4 Years,40000,05-01-2026,Physiotherapy
Rawalpindi Medical University,Rawalpindi,B.Sc.,2 Years,0,15-01-2026,Physiotherapy
University Of Sargodha,Sargodha,DPT,5 Years,74220,11-07-2025,Physiotherapy
The University Of Faisalabad,Faisalabad,DPT,5 Years,360000,07-10-2023,Physiotherapy
Isra University/hospital,Hyderabad,B.Sc. [Hons],4 Years,250000,15-12-2023,Physiotherapy
Riphah International University,Islamabad,DPT,5 Years,277000,30-07-2025,Physiotherapy
Shifa Tameer-e-millat University,Islamabad,DPT,4 Years,290000,02-08-2022,Physiotherapy
Baqai Medical University,Karachi,DPT,5 Years,150000,18-10-2024,Physiotherapy
Shaheed Benazir Bhutto Dewan University,Karachi,DPT,5 Years,146000,15-02-2026,Physiotherapy
The Superior University,Lahore,DPT,5 Years,228000,31-01-2026,Physiotherapy
The University Of Lahore ( Main Campus ),Lahore,DPT,5 Years,245500,03-01-2026,Physiotherapy
University Of Management And Technology,Lahore,DPT,5 Years,337250,16-11-2024,Physiotherapy
University Of South Asia,Lahore,DPT,5 Years,198000,05-11-2022,Physiotherapy
Sarhad University Of Science & Information Technology,Peshawar,DPT,5 Years,88500,05-12-2025,Physiotherapy
University Of Sargodha (lyallpur Campus),Faisalabad,DPT,5 Years,0,13-11-2017,Physiotherapy
University Of Sargodha ( Lahore Campus ),Lahore,DPT,5 Years,0,30-09-2017,Physiotherapy
Government College University Faisalabad (layyah Campus),Layyah,DPT,5 Years,0,04-09-2023,Physiotherapy
The University Of Lahore ( Chanab Campus),Gujrat,DPT,5 Years,0,13-09-2019,Physiotherapy
Isra University [isb]],Islamabad,DPT,5 Years,530000,05-09-2022,Physiotherapy
Riphah International University Lahore,Lahore,DPT,4 Years,299998,25-01-2026,Physiotherapy
"University Of Management And Technology, Sialkot Campus",Sialkot,DPT,5 Years,0,30-10-2021,Physiotherapy
Allama Iqbal Medical College / Jinnah Hospital,Lahore,B.Sc.,4 Years,0,08-02-2025,Physiotherapy
Sheikh Zayed Medical College/hospital,Rahim Yar Khan,DPT,5 Years,0,31-01-2026,Physiotherapy
Frontier Institute Of Medical Sciences [abbottabad],Abbottabad,DPT,5 Years,0,12-04-2025,Physiotherapy
Grace College Of Health Sciences,Chakwal,DPT,5 Years,0,21-12-2014,Physiotherapy
Royal Gorup Of Colleges,Gujranwala,DPT,5 Years,0,31-10-2020,Physiotherapy
National Institute Of Physiotherapy & Rehabilitation Medicine,Hyderabad,DPT,5 Years,0,28-12-2021,Physiotherapy
Islamabad Federal College F-10,Islamabad,DPT,5 Years,0,24-03-2018,Physiotherapy
Vertex College Of Science And Technology,Islamabad,DPT,5 Years,0,02-11-2018,Physiotherapy
Yusra Medical & Dental College,Islamabad,DPT,5 Years,723000,30-11--0001,Physiotherapy
Angel Institute Of Health Sciences,Karachi,DPT,5 Years,0,24-04-2021,Physiotherapy
Khairpur Institute Of Physiotherapy & Rehabilitation Sciences,Khair Pur,DPT,5 Years,0,03-01-2022,Physiotherapy
Allied College Of Health Sciences,Khanewal,DPT,5 Years,0,30-09-2021,Physiotherapy
Aiman Institute Of Medical Sciences,Lahore,DPT,5 Years,0,30-11-2017,Physiotherapy
Allama Iqbal College Of Physiotherapy,Lahore,DPT,5 Years,0,24-01-2023,Physiotherapy
Lahore College Of Pharmaceutical Sciences,Lahore,DPT,5 Years,185000,02-02-2025,Physiotherapy
Lahore Medical & Dental College,Lahore,DPT,5 Years,0,10-12-2022,Physiotherapy
Rashid Latif Medical College,Lahore,DPT,5 Years,0,19-01-2024,Physiotherapy
Shaaf Institute Of Medical And Modern Sciences,Larkana,DPT,5 Years,0,08-03-2022,Physiotherapy
"Vertex Institute Of Science & Technology, Mirpur Campus",Mir Pur (ajk),AD,2 Years,0,04-01-2023,Physiotherapy
Meher Institute Of Physical Medicine & Rehabilitation,Mir Pur Khas,DPT,5 Years,0,07-02-2019,Physiotherapy
Allied College Of Health Sciences,Multan,DPT,G5 Years,0,26-11-2022,Physiotherapy
Islamic International Institute Of Sciences,Multan,DPT,5 Years,0,29-11-2018,Physiotherapy
Multan College Of Physiotherapy,Multan,DPT,5 Years,0,28-11-2022,Physiotherapy
Ghazali Institute Of Medical Sciences,Peshawar,DPT,5 Years,0,08-09-2025,Physiotherapy
Mehboob Medical Institute,Peshawar,DPT,5 Years,0,14-12-2024,Physiotherapy
Sina Institute Of Medical Sciences,Quetta,DPT,5 Years,0,09-03-2024,Physiotherapy
Islamabad College Of Physiotherapy,Rawalpindi,BS,4 Years,0,06-09-2014,Physiotherapy
Islam College Of Pharmacy,Sialkot,DPT,5 Years,0,10-02-2016,Physiotherapy
"Royal Institute Of Physiotherapy & Rehabilitation Sciences, Hidayat Campus",Sukkur,DPT,5 Years,0,26-11-2021,Physiotherapy
Suleman Roshan College Of Physiotherapy & Rehabilitation Sciences,Tando Adam,DPT,5 Years,0,10-01-2022,Physiotherapy
Indus College Of Nursing,Tando Muhammad Khan,DPT,5 Years,0,11-03-2022,Physiotherapy
Thar Institute Of Nursing And Allied Health Sciences,Umerkot,DPT,5 Years,0,13-02-2021,Physiotherapy
Gulab Devi Chest Hospital,Lahore,DPT,5 Years,0,21-12-2013,Physiotherapy
School Of Allied Health Sciences,Lahore,B.Sc.,2 Years,0,30-11--0001,Physiotherapy
The Childrens Hospital & The Institute Of Child Health,Lahore,BS,5 Years,0,29-11-2024,Physiotherapy
Women Institute Of Learning,Abbottabad,DPT,5 Years,0,02-11-2023,Physiotherapy
Women Institute Of Rehabilitation Sciences,Abbottabad,DPT,5 Years,0,15-10-2022,Physiotherapy
Grace Institute Of Science & Technology,Attock,DPT,5 Years,0,15-10-2014,Physiotherapy
Grace Institute Of Science & Technology,Chakwal,DPT,5 Years,0,15-10-2014,Physiotherapy
Gujranwala Institute Of Rehabilitation Sciences,Gujranwala,DPT,5 Years,0,19-02-2022,Physiotherapy
Al-biruni Institute Of Physical Therapy & Rehabilitation Sciences,Hyderabad,DPT,5 Years,0,31-12-2021,Physiotherapy
Jeejal Maau Institution Of Physiotherapy And Rehabilitation Sciences,Hyderabad,DPT,5 Years,0,03-02-2023,Physiotherapy
Bashir Institute Of Health Sciences,Islamabad,DPT,5 Years,0,08-03-2023,Physiotherapy
Institute Of Health & Management Sciences,Islamabad,DPT,5 Years,0,13-03-2021,Physiotherapy
Islamabad Institute Of Health Sciences,Islamabad,DPT,5 Years,0,29-12-2020,Physiotherapy
Abu Zafar Institute Of Medical Sciences,Karachi,DPT,5 Years,0,31-12-2018,Physiotherapy
Hayat Institute Of Emerging Sciences,Karachi,DPT,5 Years,0,31-03-2018,Physiotherapy
Liaquat National School Of Physiotherapy,Karachi,DPT,5 Years,0,28-11-2025,Physiotherapy
Federal Institute Of Health Sciences,Lahore,DPT,5 Years,0,17-01-2021,Physiotherapy
Gulab Devi Post Graduate Medical Institute,Lahore,DPT,5 Years,0,30-11--0001,Physiotherapy
Johar Institute Of Professional Studies,Lahore,DPT,5 Years,0,15-11-2024,Physiotherapy
Mars Institute Of Health Sciences(women),Lahore,DPT,5 Years,0,02-10-2017,Physiotherapy
Karakuram International University,Gilgit,BS,4 Years,41900,03-08-2023,Plant Biotechnology
University Of Agriculture,Faisalabad,BS,4 Years,0,28-07-2025,Plant Breeding Genetics
University Of Haripur,Haripur,BS,4 Years,20109,04-02-2025,Plant Breeding Genetics
The University Of Larkano,Larkana,BSC (AGRI.) HON,4 Years,0,24-06-2025,Plant Breeding Genetics
University Of Swabi,Swabi,BS (HONS),4 Years,51270,16-09-2025,Plant Breeding Genetics
Sindh Agriculture University,Tando Jam,BSC (AGRI.) HON,4 Years,25000,30-09-2025,Plant Breeding Genetics
"The University Of Agriculture, Swat",Swat,B.Sc. [Hons],4 Years,0,19-01-2026,Plant Breeding Genetics
University Of Agriculture,Faisalabad,BS,4 Years,0,28-07-2025,Plant Pathology
The University Of Larkano,Larkana,BSC (AGRI.) HON,4 Years,0,24-06-2025,Plant Pathology
Sindh Agriculture University,Tando Jam,BSC (AGRI.) HON,4 Years,25000,30-09-2025,Plant Pathology
Karakuram International University,Gilgit,BS,4 Years,41900,03-08-2023,Plant Protection
Sindh Agriculture University,Tando Jam,BSC (AGRI.) HON,4 Years,25000,30-09-2025,Plant Protection
"Sindh Agriculture University, Umerkot Campus",Umerkot,BS,4 Years,0,30-09-2025,Plant Protection
Karakuram International University,Gilgit,BS,4 Years,41900,03-08-2023,Plant Sciences
University Of Baltistan,Sakardu,BS,4 Years,0,10-11-2017,Plant Sciences
Abbottabad University Of Science And Technology,Abbottabad,B.Sc.,4 Years,27500,26-08-2025,Political Science
The Islamia University Of Bahawalpur,Bahawal Pur,BS,4 Years,43015,30-06-2025,Political Science
University Of Science & Technology,Bannu,BS,4 Years,16400,20-09-2025,Political Science
The University Of Buner,Buner,BS,4 Years,0,15-08-2025,Political Science
University Of Malakand,Chakdara,BS,4 Years,0,15-09-2025,Political Science
Bacha Khan University,Charsadda,BS,4 Years,32950,22-09-2025,Political Science
University Of Chitral,Chitral,BS,4 Years,0,30-10-2023,Political Science
Ghazi University,D.g.khan,B.Sc. [Hons],4 Years,21300,04-07-2025,Political Science
Gomal University,D.i. Khan,BS,4 Years,40000,09-01-2026,Political Science
Gomal University,D.i. Khan,AD,2 Years,0,09-01-2026,Political Science
Fata University,Darra Adam Khail,BS,4 Years,22000,16-08-2025,Political Science
Government College University,Faisalabad,BS,4 Years,24300,24-06-2025,Political Science
Government College Women University,Faisalabad,BS,4 Years,30200,31-07-2025,Political Science
Karakuram International University,Gilgit,BS,4 Years,33400,10-08-2025,Political Science
University Of Gujrat,Gujrat,BS,4 Years,66590,15-08-2025,Political Science
University Of Haripur,Haripur,BS,4 Years,18648,26-01-2026,Political Science
Government College University Hyderabad,Hyderabad,BS,4 Years,0,15-09-2025,Political Science
Allama Iqbal Open University,Islamabad,BS,4 Years,0,10-02-2026,Political Science
International Islamic University,Islamabad,BS,4 Years,50400,31-12-2025,Political Science
Quaid-e-azam University,Islamabad,BS,4 Years,54565,29-07-2025,Political Science
University Of Sindh,Jamshoro,BS,4 Years,15200,14-09-2025,Political Science
University Of Karachi,Karachi,BS,4 Years,15000,28-11-2025,Political Science
Khushal Khan Khattak University,Karak,BS,4 Years,34000,19-01-2026,Political Science
Shah Abdul Latif University,Khair Pur,BS,4 Years,14000,22-09-2025,Political Science
Kohat University Of Science & Technology,Kohat,BS,4 Years,24100,15-09-2025,Political Science
University Of Kotli,Kotli,BS,4 Years,0,31-12-2024,Political Science
Government College University Lahore,Lahore,BA [HONS],4 Years,48000,08-08-2025,Political Science
Kinnaird College For Women,Lahore,BS,4 Years,88200,01-12-2025,Political Science
Lahore College For Women University,Lahore,BA [HONS],4 Years,46790,25-09-2025,Political Science
University Of The Punjab,Lahore,BS,4 Years,32940,25-09-2025,Political Science
The University Of Lakki Marwat,Lakki Marwat,BS,4 Years,14600,25-09-2024,Political Science
"Lasbela University Of Agriculture, Water And Marine Sciences, Uthal",Lasbela,BS,4 Years,16000,20-10-2025,Political Science
University Of Loralai,Loralai,BS,4 Years,11300,18-08-2025,Political Science
Punjab University Of Technology  [ Rasul],Mandi Baha-ud-din,BS,4 Years,0,25-09-2025,Political Science
Hazara University,Mansehra,BS,4 Years,38980,01-09-2025,Political Science
"Abdul Wali Khan University, Mardan",Mardan,BS,4 Years,45000,18-08-2025,Political Science
Women University Mardan,Mardan,BS,4 Years,37400,28-01-2026,Political Science
University Of Mianwali,Mianwali,BS,4 Years,0,30-08-2024,Political Science
"Bahauddin Zakariya University, Multan",Multan,BS,4 Years,20150,15-09-2025,Political Science
Kohsar University,Murree,BS,4 Years,0,14-02-2025,Political Science
University Of Azad Jammu & Kashmir,Muzaffarabad,BS,4 Years,0,08-08-2025,Political Science
University Of Okara,Okara,CERT,4 Years,46000,18-07-2025,Political Science
Islamia College University,Peshawar,BS,4 Years,62000,16-09-2025,Political Science
Shaheed Benazir Bhutto Women University,Peshawar,BS,4 Years,29513,28-09-2025,Political Science
University Of Peshawar,Peshawar,BS,4 Years,71000,23-09-2025,Political Science
University Of Balochistan,Quetta,BS,4 Years,32000,11-08-2025,Political Science
"Unversity Of The Poonch, Rawala Kot",Rawala Kot,BS,4 Years,0,03-10-2022,Political Science
Fatima Jinnah Women University,Rawalpindi,BS,4 Years,52050,18-08-2025,Political Science
Rawalpindi Women University,Rawalpindi,BS,4 Years,33065,03-09-2025,Political Science
University Of Sargodha,Sargodha,BS,4 Years,30000,15-12-2025,Political Science
Government College Women University,Sialkot,BS,4 Years,21000,22-01-2026,Political Science
University Of Swabi,Swabi,BS,4 Years,51270,16-09-2025,Political Science
Women University Swabi,Swabi,BS,4 Years,42460,12-09-2025,Political Science
University Of Turbat,Turbat,BS,4 Years,18000,21-10-2024,Political Science
Qurtuba University Of Science & Technology [di Khan],D.i. Khan,BS,4 Years,0,25-08-2025,Political Science
Gift University,Gujranwala,BS,4 Years,83800,01-02-2026,Political Science
Riphah International University,Islamabad,BS,4 Years,118082,30-07-2025,Political Science
Beaconhouse National University,Lahore,BS,4 Years,0,30-12-2025,Political Science
Forman Christian College,Lahore,BA [HONS],4 Years,358200,30-11-2025,Political Science
Lahore Leads University,Lahore,BS,4 Years,140000,04-09-2025,Political Science
Lahore School Of Economics,Lahore,BS (HONS),4 Years,341000,28-06-2025,Political Science
Lahore University Of Management Sciences,Lahore,B.Sc. [Hons],4 Years,680400,10-03-2026,Political Science
Minhaj University,Lahore,BS,4 Years,93750,31-10-2025,Political Science
"National College Of Business Administration And Economics, Lahore",Lahore,BS,4 Years,0,26-02-2023,Political Science
University Of Central Punjab,Lahore,BS,4 Years,0,10-10-2024,Political Science
University Of Management And Technology,Lahore,BS,4 Years,124750,31-07-2024,Political Science
Abasyn University,Peshawar,BS,4 Years,0,01-02-2026,Political Science
City University Of Science & Information Technology,Peshawar,BS,4 Years,160000,24-02-2023,Political Science
Iqra National University,Peshawar,BS,4 Years,0,16-03-2024,Political Science
"The Islamia University Of Bahawalpur, Ahmadpur East Campus",Ahmadpur East,BS,4 Years,43015,30-06-2024,Political Science
The Islamia University Of Bahawalpur[sub Campus],Bahawal Nagar,BS,4 Years,43015,10-02-2022,Political Science
"Kohat University Of Science And Technology, (sub Campus)",Hangu,BS,4 Years,56800,15-09-2025,Political Science
"Federal Urdu University Of Arts  Science & Technology, Karachi",Karachi,BA [HONS],4 Years,20600,29-11-2024,Political Science
University Of Gujrat (lahore Campus),Lahore,BS,4 Years,0,25-08-2018,Political Science
"The Islamia University Of Bahawalpur, Liaqatpur Campus",Liaqatpur,BS,4 Years,43015,30-06-2025,Political Science
The Islamic University Of Bahawalpur[rahimyar Khan Campus],Rahim Yar Khan,BS,4 Years,43015,25-12-2023,Political Science
University Of Gujrat (rawalpindi Campus),Rawalpindi,BS,4 Years,0,01-10-2016,Political Science
"Shaheed Benazir Bhutto Women University Peshawar, Sub Campus",Swabi,BS,4 Years,0,02-09-2014,Political Science
"Gomal University, Tank Campus",Tank,BS,4 Years,0,31-07-2025,Political Science
Shaheed Benazir Bhutto University (sub Campus),Wari,BS,4 Years,0,10-10-2025,Political Science
Qurtuba University Of Science & Information Technology,Peshawar,BS,4 Years,0,08-11-2025,Political Science
Government Postgraduate College,Bannu,BS,4 Years,0,31-08-2013,Political Science
Government Girls Degree College No1 Charsadda,Charsadda,BS,4 Years,0,27-08-2018,Political Science
Government Girls Degree College Umerzai Charsadda,Charsadda,BS,4 Years,0,27-08-2018,Political Science
Government Postgraduate College,Charsadda,BS,4 Years,0,27-08-2018,Political Science
Government Degree College,Chitral,BS,4 Years,0,07-09-2012,Political Science
Government Degree College[block-17],D.g.khan,BS,4 Years,0,05-10-2024,Political Science
Government Post Graduate College [samanabad],Faisalabad,BS,4 Years,0,23-09-2023,Political Science
Government Post Graduate Islamia College,Gujranwala,BS,4 Years,0,08-10-2025,Political Science
Government Post Graduate College,Jhang,BS,4 Years,0,30-09-2025,Political Science
Government Post Graduate College  For Women,Kohat,BS,4 Years,0,22-08-2014,Political Science
Government Postgraduate College,Kohat,BS,4 Years,0,20-08-2014,Political Science
Apwa Degree College For Women[jail Road],Lahore,CERT,4,3500,02-10-2024,Political Science
Government College For Women [gulberg],Lahore,BS,4 Years,0,15-05-2024,Political Science
Government College For Women[gulberg],Lahore,BS,4 Years,0,28-10-2022,Political Science
Government College Of Science[wahdat Road],Lahore,BS,4 Years,0,14-09-2024,Political Science
Government College [baghbanpura],Lahore,BS,4 Years,0,05-11-2022,Political Science
Government College [township],Lahore,BS,4 Years,0,07-09-2024,Political Science
Government Dyal Singh College[laxmi Chowk],Lahore,BS,4 Years,3500,31-10-2022,Political Science
Government Fatima Jinnah College For Women,Lahore,BS (HONS),4 Years,0,05-10-2020,Political Science
Government Islamia College [civil Lines],Lahore,BS,4 Years,0,03-10-2020,Political Science
Government Islamia College [railway Road],Lahore,BS,4 Years,0,15-10-2021,Political Science
Government Islamia Post Graduate College For Women,Lahore,BS,4 Years,0,17-09-2019,Political Science
Government Islamia Post Graduate College For Women [cooper Road],Lahore,BS,4 Years,0,21-09-2023,Political Science
Government M.a.o College,Lahore,BS (HONS),4 Years,0,30-11-1999,Political Science
Government Post Graduate College For Women [samanabad],Lahore,BS (HONS),4 Years,0,28-10-2021,Political Science
Government Queen Marry College,Lahore,BS,4 Years,0,15-07-2024,Political Science
University Of Home Economics,Lahore,BS,4 Years,0,25-07-2025,Political Science
Government Post Graduate College,Lakki Marwat,BS,4 Years,0,26-08-2016,Political Science
Government Post Graduate College,Mandi Baha-ud-din,BS,4 Years,0,26-10-2020,Political Science
Government Postgraduate College,Mansehra,BS,4 Years,0,22-08-2015,Political Science
Emerson University Multan,Multan,BS,4 Years,0,15-08-2025,Political Science
Government Post Graduate College,Nowshera,BS,4 Years,0,08-09-2014,Political Science
Government Degree College For Bys[hayatabad],Peshawar,BS,4 Years,0,31-08-2018,Political Science
Government Superior Science College,Peshawar,BS,4 Years,0,20-08-2016,Political Science
Government College [quet],Quetta,BS,4 Years,0,05-04-2025,Political Science
Government Girls College,Quetta,BS,4 Years,0,05-04-2025,Political Science
Government Girls Degree College Jinnah Town,Quetta,BS,4 Years,0,20-04-2025,Political Science
Khawaj Farid Government Post Graduate College,Rahim Yar Khan,BS,4,0,10-10-2020,Political Science
Government Post Graduate Gordon College,Rawalpindi,BS,4 Years,0,08-09-2023,Political Science
Government Postgraduate College For Women[satellite Town],Rawalpindi,BS,4 Years,0,08-09-2013,Political Science
Government Post Graduate College,Sahiwal,BS,4 Years,0,09-10-2013,Political Science
Government Post Grduate College For Women,Sahiwal,BS,4 Years,0,10-11-2022,Political Science
Government Post Graduate College,Sammandri,BS,4 Years,0,09-10-2018,Political Science
Government Murray College,Sialkot,BS,4 Years,11000,18-08-2023,Political Science
Government Postgraduate College For Women,Sialkot,BS,4 Years,0,30-11--0001,Political Science
Government Post Graduate College,Swabi,BS,4 Years,0,05-09-2015,Political Science
Government Degree College,Timergara,BS,4 Years,0,08-10-2021,Political Science
Precedent Public School &  Postgraduate Girls College,Haripur,AD,2 Years,0,30-10-2023,Political Science
"Iqra Degree College, Havelian",Havelian,AD,2 Years,0,04-12-2021,Political Science
Edwardes College,Peshawar,BS,4 Years,0,24-09-2025,Political Science
"National Institute Of Education, Khema",Timergara,BS,4 Years,0,21-09-2023,Political Science
Ncs Education System,Peshawar,BS,4 Years,0,27-09-2025,Political Science
Jamal International Public School & College,Peshawar,BS,4 Years,0,13-09-2025,Political Science
Abdul Wali Khan University ( Riffat Mahal Campus ),Mardan,BS,4 Years,45000,30-11--0001,Political Science
The Women University,Multan,BS,4 Years,24250,07-01-2025,Politics International Relations
"The University Of Lahore, Sub Campus",Sargodha,BS,4 Years,0,08-02-2025,Politics International Relations
The Millennium University College,Islamabad,B.Sc. [Hons],4 Years,0,11-09-2021,Politics International Relations
The Islamia University Of Bahawalpur,Bahawal Pur,BS,4 Years,43015,30-06-2025,Politics and Parliamentary Studies
Government College University,Faisalabad,BS,4 Years,24300,24-06-2025,Politics and Parliamentary Studies
National Textile University,Faisalabad,B.Sc.,4 Years,80000,31-07-2023,Polymer
"University Of Engineering & Technology, Lahore",Lahore,B.Sc. [Engg.],4 Years,62427,22-03-2026,Polymer
"National Textile University Faisalabad, Sub Campus",Karachi,BS,4 Years,87600,15-09-2023,Polymer
Plastic Technology Center,Karachi,BE,4 Years,0,29-10-2015,Polymer
University Of Sindh,Jamshoro,BS,4 Years,15200,17-09-2024,Poultry Farming
Cholistan University Of  Veterinary & Animal Sciences,Bahawal Pur,BS,4 Years,37500,15-08-2024,Poultry Sciences
Cholistan University Of  Veterinary & Animal Sciences,Bahawal Pur,AD,2 Years,37500,15-08-2024,Poultry Sciences
The Islamia University Of Bahawalpur,Bahawal Pur,BS,4 Years,49665,30-06-2025,Poultry Sciences
Gomal University,D.i. Khan,BS,4 Years,46600,31-07-2025,Poultry Sciences
University Of Karachi,Karachi,BS,4 Years,21000,07-11-2025,Poultry Sciences
University Of Layyah,Layyah,BS,4 Years,0,17-07-2023,Poultry Sciences
"Abdul Wali Khan University, Mardan",Mardan,BS,4 Years,35000,18-08-2025,Poultry Sciences
"Bahauddin Zakariya University, Multan",Multan,BS,4 Years,25150,18-08-2025,Poultry Sciences
Muhammad Nawaz Sharif University Of Agriculture,Multan,B.Sc. [Hons],4 Years,25200,29-09-2025,Poultry Sciences
"Unversity Of The Poonch, Rawala Kot",Rawala Kot,BS,4 Years,0,21-02-2025,Poultry Sciences
Pir Mahar Ali Shah Arid Agriculture University,Rawalpindi,BS,4 Years,45650,08-08-2025,Poultry Sciences
Shaheed Benazir Bhutto  International University Of Veterinary And Animal Sciences,Sakrand,BS,4 Years,9300,19-12-2025,Poultry Sciences
Sindh Agriculture University,Tando Jam,BS,4 Years,25000,30-09-2025,Poultry Sciences
University Of Veterinary And Animal Sciences [ Ravi Campus],Pattoki,BS (HONS),4 Years,22750,12-09-2025,Poultry Sciences
University Of Agriculture Faisal Abad[toba Tek Singh Campus],Toba Tek Singh,B.Sc. [Hons],4 Years,46200,28-07-2025,Poultry Sciences
Riphah College Of Veterinary Sciences,Lahore,BS,4 Years,0,03-12-2022,Poultry Sciences
"University Of Engineering & Technology, Lahore",Lahore,BS,4 Years,62427,22-03-2026,Product Industrial Design
Gomal University,D.i. Khan,BS,4 Years,0,09-01-2026,Project Management
Karakuram International University,Gilgit,B.Sc.,4 Years,35600,10-08-2025,Project Management
International Islamic University,Islamabad,BS,4 Years,62100,31-12-2025,Project Management
University Of Peshawar,Peshawar,BS,4 Years,0,23-09-2025,Project Management
Riphah International University,Islamabad,BS,4 Years,102000,30-07-2025,Project Management
Jinnah University For Women,Karachi,BS,4 Years,76000,30-05-2025,Project Management
Karachi Institute Of Economics & Technology,Karachi,BS,4 Years,93450,06-01-2024,Project Management
Lahore Leads University,Lahore,BS,4 Years,0,04-09-2025,Project Management
Riphah International University ( Rawalpindi Campus ),Rawalpindi,BS,4 Years,0,19-09-2018,Project Management
Brains Institute,Peshawar,AD,2 Years,0,30-12-2022,Project Management
Gomal University,D.i. Khan,BS,4 Years,0,31-07-2025,Prosthetics Orthotics
Government College University,Faisalabad,BS,4 Years,49800,24-06-2025,Prosthetics Orthotics
Dow University Of Health Sciences,Karachi,B.Sc. [Hons],4 Years,100000,06-12-2019,Prosthetics Orthotics
King Edward Medical University / Mayo Hospital,Lahore,B.Sc. [Hons],4 Years,54000,10-12-2025,Prosthetics Orthotics
Nishtar Medical College / Nishter Hospital,Multan,BS,4 Years,0,06-01-2026,Prosthetics Orthotics
Khyber Medical University,Peshawar,BS,4 Years,80000,30-10-2025,Prosthetics Orthotics
Khawaja Fareed University Of Engineering & Information Technology,Rahim Yar Khan,BS,4 Years,40250,20-06-2025,Prosthetics Orthotics
Rawalpindi Medical University,Rawalpindi,B.Sc. [Hons],4 Years,0,15-01-2026,Prosthetics Orthotics
The University Of Lahore ( Main Campus ),Lahore,BS,4 Years,0,03-01-2026,Prosthetics Orthotics
Riphah International University Lahore,Lahore,BS,4 Years,0,15-01-2024,Prosthetics Orthotics
Bilawal Medical College,Jamshoro,BS,4 Years,0,15-06-2023,Prosthetics Orthotics
Sindh Institute Of Physical Medecine & Rehabilitaion,Karachi,BS,4 Years,0,31-12-2025,Prosthetics Orthotics
National College Of Physical Therapy,Bahawal Pur,BS (HONS),4 Years,0,10-02-2022,Prosthetics Orthotics
Sialkot Medical College,Sialkot,BS,4 Years,0,20-08-2018,Prosthetics Orthotics
Pakistan Institute Of Prosthetic And Orthotic Sciences,Peshawar,BS,4 Years,0,26-12-2025,Prosthetics Orthotics
Armed Forces Institute Of Rehabilitation Medicine,Rawalpindi,BS,4 Years,0,16-01-2026,Prosthetics Orthotics
Pakistan Institute Of Rehabilitation Sciences,Islamabad,BS,4 Years,0,20-03-2022,Prosthetics Orthotics
Mahboob School Of Physiotherapy & Rehabilitation Sciences,Peshawar,BS,4 Years,0,19-09-2019,Prosthetics Orthotics
Abbottabad University Of Science And Technology,Abbottabad,BS,4 Years,27500,26-08-2025,Psychology
Women University Azad Jammu & Kashmir,Bagh,BS,4 Years,36260,01-09-2025,Psychology
The Government Sadiq College Women University,Bahawal Pur,AD,2 Years,0,30-08-2024,Psychology
Kalam Bibi International Women Institute,Bannu,BS,4 Years,0,18-09-2025,Psychology
University Of Science & Technology,Bannu,BS,4 Years,0,20-09-2025,Psychology
Thal University,Bhakkar,BS,4 Years,30000,10-01-2025,Psychology
The University Of Buner,Buner,BS,4 Years,0,15-08-2025,Psychology
University Of Malakand,Chakdara,BS,4 Years,0,31-07-2025,Psychology
"Bahauddin Zakria University,multan[d.g.khan Campus]",D.g.khan,BS,4 Years,0,31-01-2015,Psychology
Gomal University,D.i. Khan,BS,4 Years,0,31-07-2025,Psychology
Gomal University,D.i. Khan,AD,2 Years,0,31-07-2025,Psychology
Fata University,Darra Adam Khail,BS,4 Years,22000,16-08-2025,Psychology
Government College Women University,Faisalabad,BS,4 Years,30200,31-07-2025,Psychology
Government College Women University,Faisalabad,AD,2 Years,0,31-07-2025,Psychology
Karakuram International University,Gilgit,BS,4 Years,33400,10-08-2025,Psychology
University Of Gujrat,Gujrat,BS,4 Years,66590,15-08-2025,Psychology
University Of Haripur,Haripur,BS,4 Years,42044,26-01-2026,Psychology
Allama Iqbal Open University,Islamabad,BS,4 Years,0,10-02-2026,Psychology
"Bahria University, E-8 Campus",Islamabad,BS,4 Years,92400,18-12-2025,Psychology
Comsats University Islamabad,Islamabad,BS,4 Years,112200,17-12-2025,Psychology
International Islamic University,Islamabad,BS (HONS),4 Years,50400,31-12-2025,Psychology
"National University Of Modern Languages, Islamabad",Islamabad,BS,4 Years,84580,09-12-2025,Psychology
National University Of Science & Technology,Islamabad,BS,4 Years,253080,25-01-2026,Psychology
Quaid-e-azam University,Islamabad,BS,4 Years,54565,29-07-2025,Psychology
University Of Sindh,Jamshoro,BS,4 Years,15200,14-09-2025,Psychology
University Of Jhang,Jhang,BS,4 Years,0,15-09-2025,Psychology
Dow University Of Health Sciences,Karachi,BS,4 Years,0,20-12-2025,Psychology
University Of Karachi,Karachi,BS,4 Years,16500,07-11-2025,Psychology
Khushal Khan Khattak University,Karak,BS,4 Years,34000,19-01-2026,Psychology
Kohat University Of Science & Technology,Kohat,BS,4 Years,27900,15-09-2025,Psychology
University Of Kotli,Kotli,BS,4 Years,0,15-08-2025,Psychology
Government College University Lahore,Lahore,B.Sc. [Hons],4 Years,52000,08-08-2025,Psychology
Kinnaird College For Women,Lahore,BS,4 Years,90200,04-07-2025,Psychology
Virtual University Of Pakistan,Lahore,AD,2 Years,21800,30-09-2025,Psychology
Virtual University Of Pakistan,Lahore,BS,4 Years,21800,30-09-2025,Psychology
The University Of Lakki Marwat,Lakki Marwat,BS,4 Years,14600,11-10-2021,Psychology
Punjab University Of Technology  [ Rasul],Mandi Baha-ud-din,BS,4 Years,0,25-09-2025,Psychology
Hazara University,Mansehra,BA [HONS],4 Years,38980,01-09-2025,Psychology
"Abdul Wali Khan University, Mardan",Mardan,BS,4 Years,65000,18-08-2025,Psychology
Women University Mardan,Mardan,BS,4 Years,37400,10-09-2025,Psychology
University Of Mianwali,Mianwali,BS,4 Years,0,19-01-2026,Psychology
Institute Of Southern Punjab (girls Campus),Multan,AD,2 Years,0,31-08-2024,Psychology
Institute Of Southern Punjab (girls Campus),Multan,BS,4 Years,0,31-08-2024,Psychology
Multan University Of Science And Technology,Multan,BS,4 Years,0,16-11-2024,Psychology
The Women University,Multan,AD,2 Years,24150,12-11-2021,Psychology
Kohsar University,Murree,BS,4 Years,0,14-02-2025,Psychology
University Of Azad Jammu & Kashmir,Muzaffarabad,BS,4 Years,0,08-08-2025,Psychology
Baba Guru Nanak University,Nankana Sahib,BS,4 Years,21350,19-09-2025,Psychology
University Of Narowal,Narowal,BS,4 Years,30000,19-02-2026,Psychology
University Of Okara,Okara,BS,4 Years,46000,18-07-2025,Psychology
Institute Of Management Sciences,Peshawar,BS,4 Years,0,03-08-2023,Psychology
Islamia College University,Peshawar,BS,4 Years,62000,16-09-2025,Psychology
Shaheed Benazir Bhutto Women University,Peshawar,BS,4 Years,29513,28-09-2025,Psychology
University Of Peshawar,Peshawar,BS,4 Years,71000,11-08-2025,Psychology
Balochistan University Of It & Management Sciences,Quetta,BS,4 Years,39410,20-08-2025,Psychology
Sardar Bahadur Khan Women University,Quetta,BS,4 Years,6760,15-09-2025,Psychology
University Of Balochistan,Quetta,BS,4 Years,32000,11-08-2025,Psychology
"Unversity Of The Poonch, Rawala Kot",Rawala Kot,BS,4 Years,0,20-08-2025,Psychology
Rawalpindi Women University,Rawalpindi,BS,4 Years,33065,03-09-2025,Psychology
University Of Sargodha,Sargodha,BS,4 Years,30000,15-12-2025,Psychology
Government College Women University,Sialkot,BS,4 Years,21000,22-01-2026,Psychology
University Of Swabi,Swabi,BS,4 Years,51270,16-09-2025,Psychology
Women University Swabi,Swabi,BS,4 Years,45760,12-09-2025,Psychology
The University Of Veterinary & Animal Sciences,Swat,BS,4 Years,18000,30-09-2025,Psychology
University Of Swat,Swat,BS,4 Years,19730,12-10-2023,Psychology
The University Of Faisalabad,Faisalabad,BS,4 Hours,112500,07-10-2023,Psychology
The University Of Faisalabad,Faisalabad,AD,2 Years,0,07-10-2023,Psychology
Gift University,Gujranwala,BS,4 Years,92200,01-02-2026,Psychology
Capital University Of Science And Technology,Islamabad,BS,4 Years,148500,02-09-2025,Psychology
Muslim Youth University,Islamabad,BS,4 Years,0,29-10-2025,Psychology
Dha Suffa University(main Campus),Karachi,AD,2 Years,0,30-12-2025,Psychology
Dha Suffa University(main Campus),Karachi,BS,4 Years,0,30-12-2025,Psychology
Greenwich University,Karachi,BS,4 Years,0,14-07-2024,Psychology
Hamdard University,Karachi,BS,4 Years,0,15-03-2025,Psychology
Institute Of Business Management,Karachi,BS,4 Years,155800,28-07-2022,Psychology
Iqra University [kch],Karachi,AD,2 Years,144000,14-02-2026,Psychology
Iqra University [kch],Karachi,BS,4 Years,144000,14-02-2026,Psychology
Jinnah University For Women,Karachi,BS,4 Years,37500,30-05-2025,Psychology
Muhammad Ali Jinnah University,Karachi,BS,4 Years,153000,22-07-2024,Psychology
Shaheed Zulfiqar Ali Bhutto Institute Of Science & Technology,Karachi,BS,4 Years,120600,12-02-2026,Psychology
Preston University [kht],Kohat,BS,4 Years,0,30-10-2025,Psychology
Forman Christian College,Lahore,B.Sc. [Hons],4 Years,358200,30-11-2025,Psychology
Green International University,Lahore,BS,4 Years,0,02-09-2025,Psychology
Hajvery University,Lahore,BS,4 Years,150000,26-10-2024,Psychology
Lahore Leads University,Lahore,BS,4 Years,140000,04-09-2025,Psychology
"National College Of Business Administration And Economics, Lahore",Lahore,BS,4 Years,144000,26-02-2023,Psychology
University Of Central Punjab,Lahore,BS,4 Years,197500,10-10-2024,Psychology
University Of Management And Technology,Lahore,BS,4 Years,224750,31-07-2024,Psychology
University Of South Asia,Lahore,BS,4 Years,118000,05-11-2022,Psychology
Mohi-ud-din Islamic University,Mir Pur (ajk),BS,4 Years,0,25-01-2022,Psychology
Institute Of Southern Punjab,Multan,AD,2 Years,0,31-01-2025,Psychology
Institute Of Southern Punjab,Multan,BS,4 Years,0,31-01-2025,Psychology
Abasyn University,Peshawar,BS,4 Years,0,01-02-2026,Psychology
Cecos University Of Information Tech. & Emerging Sciences,Peshawar,BS,4 Years,0,28-07-2025,Psychology
City University Of Science & Information Technology,Peshawar,BS,4 Years,0,10-11-2025,Psychology
Iqra National University,Peshawar,BS,4 Years,59238,07-02-2026,Psychology
Preston University [pesh],Peshawar,BS,4 Years,0,20-06-2016,Psychology
National University Of Medical Sciences,Rawalpindi,BS,4 Years,300000,16-01-2026,Psychology
University Of Rawalpindi,Rawalpindi,BS,4 Years,55000,14-09-2024,Psychology
University Of Wah,Wah Cantt,BS,4 Years,84000,20-09-2023,Psychology
Comsats University Islamabad ( Abbotabad Campus ),Abbottabad,BS,4 Years,112200,29-01-2026,Psychology
"University Of Malakand, Women Campus, Batkhela",Batkhela,BS,4 Years,0,15-09-2025,Psychology
University Of Sargodha ( Bhakkar Campus ),Bhakkar,BS,4 Years,29300,03-11-2021,Psychology
National University Of Modern Languages ( Faisalabad Campus ),Faisalabad,BS,4 Years,67400,09-12-2025,Psychology
University Of Sargodha ( Women Campus Faisalabad ),Faisalabad,BS,4 Years,0,10-10-2016,Psychology
National University Of Modern Languages ( Hyderabad Campus ),Hyderabad,BS,4 Years,0,09-12-2025,Psychology
Bahria University ( Karachi Campus ),Karachi,BS,4 Years,92400,18-12-2025,Psychology
"Federal Urdu University Of Arts  Science & Technology, Karachi",Karachi,BA [HONS],4 Years,20600,10-01-2025,Psychology
National University Of Modern Languages ( Karachi Campus ),Karachi,BS,4 Years,84580,09-12-2025,Psychology
Comsats University Islamabad( Lahore Campus ),Lahore,BS,4 Years,112200,29-12-2025,Psychology
National University Of Modern Languages ( Lahore  Campus ),Lahore,BS,4 Years,84580,09-12-2025,Psychology
University Of Gujrat (lahore Campus),Lahore,BS,4 Years,0,25-08-2018,Psychology
University Of Sargodha ( Lahore Campus ),Lahore,BS,4 Years,0,30-09-2017,Psychology
"University Of Gujrat, Mandi Bahauddin  Campus",Mandi Baha-ud-din,BS,4 Years,0,15-08-2025,Psychology
University Of Sargodha ( Mandi Baha-ud-din Campus ),Mandi Baha-ud-din,BS,4 Years,0,30-09-2016,Psychology
"National University Of Modern Languages, Azad Jammu And Kashmir Campus",Mir Pur (ajk),BS,4 Years,0,09-12-2025,Psychology
"Air University, Multan Campus",Multan,BS,4 Years,37575,18-08-2025,Psychology
National University Of Modern Language ( Multan Campus ),Multan,BS,4 Years,0,31-01-2026,Psychology
National University Of Modern Languages ( Peshawar Campus ),Peshawar,BS,4 Years,0,04-12-2024,Psychology
"National University Of Modern Languages, Rawalpindi Campus",Rawalpindi,BS,4 Years,84580,09-12-2025,Psychology
University Of Gujrat (rawalpindi Campus),Rawalpindi,BS,4 Years,0,26-07-2018,Psychology
"Shaheed Benazir Bhutto Women University Peshawar, Sub Campus",Swabi,BS,4 Years,0,02-09-2014,Psychology
University Of Swat ( Women Campus ),Swat,BS,4 Years,19730,12-10-2023,Psychology
"Gomal University, Tank Campus",Tank,AD,2 Years,0,31-07-2025,Psychology
Comsats University Islamabad ( Wah Campus ),Wah,BS,4 Years,112200,12-01-2026,Psychology
"Riphah International University, Chakdara Campus",Chakdara,BS,4 Years,0,31-08-2023,Psychology
Abasyn University (sub Campus),Islamabad,BS,4 Years,0,28-12-2025,Psychology
"Air University, H-11 Campus",Islamabad,BS,4 Years,75150,23-12-2025,Psychology
"Bahria University, H-11 Campus",Islamabad,BS,4 Years,92400,18-12-2025,Psychology
"Iqra University, Chak Shahzad Campus",Islamabad,BS,4 Years,100350,29-02-2024,Psychology
"Iqra University, Chak Shahzad Campus",Islamabad,AD,2 Years,100350,29-02-2024,Psychology
"Iqra University, H-9 Campus",Islamabad,AD,2 Years,0,10-09-2025,Psychology
"Iqra University, H-9 Campus",Islamabad,BS,4 Years,202040,10-09-2025,Psychology
Preston University [isb],Islamabad,BS,4 Years,0,30-10-2025,Psychology
Shaheed Zulfiqar Ali Bhutto Institute Of Science And Technology,Islamabad,BS,4 Years,121200,19-12-2025,Psychology
"Air University, Karachi Campus",Karachi,BS,4 Years,0,25-08-2025,Psychology
Preston University [lhr],Lahore,BS,4 Years,0,20-06-2016,Psychology
Riphah International University Lahore,Lahore,BS,4 Years,0,25-01-2026,Psychology
Szabist,Larkana,BS,4 Years,185600,26-05-2024,Psychology
Foundation University Islamabad (sub Campus),Rawalpindi,BS (HONS),4 Years,112350,08-01-2026,Psychology
Government Degree College For Women[dmr],Bahawal Pur,BS,4 Years,3500,07-10-2025,Psychology
Government College For Women [madina Town],Faisalabad,BS,4 Years,0,30-11--0001,Psychology
Government Post Graduate College [samanabad],Faisalabad,BS,4 Years,0,23-09-2023,Psychology
"Pak- Austria Fachhuochschule, Institute Of Applied Sciences And Technology",Haripur,BS,4 Years,0,31-12-2025,Psychology
Institute Of Health Sciences,Islamabad,BS,4 Years,0,11-09-2025,Psychology
Islamabad College For Girls Shalimar F-6/2,Islamabad,BS,4 Years,0,15-09-2022,Psychology
Islamabad Model College For Girls F-10/2,Islamabad,BS,4 Years,0,07-09-2025,Psychology
Islamabad Model College For Girls Shalimar F-6/2,Islamabad,AD,2 Years,0,30-08-2024,Psychology
"Islamabad Model College For Girls( Postgraduate ),f-7/2",Islamabad,BS,4 Years,0,07-09-2025,Psychology
Bilawal Medical College,Jamshoro,BS,4 Years,0,15-06-2023,Psychology
Government Post Graduate College,Jhang,BS (HONS),4 Years,0,30-09-2025,Psychology
Fazaia College Of Edcation For Women,Lahore,AD,2 Years,0,01-06-2022,Psychology
Fazaia College Of Edcation For Women,Lahore,BS (HONS),4 Years,0,01-06-2022,Psychology
Government Islamia College [civil Lines],Lahore,BS,4 Years,0,25-09-2023,Psychology
Government Postgraduate College For Women [wahdat Conlony],Lahore,BS,4 Years,0,06-11-2021,Psychology
Government Queen Marry College,Lahore,BS,4 Years,0,15-07-2024,Psychology
Emerson University Multan,Multan,BS,4 Years,0,15-08-2025,Psychology
F.g Degree College For Women,Multan,BS,4 Years,0,22-09-2025,Psychology
Government College For Women [katchery],Multan,BS,4 Years,0,30-11--0001,Psychology
Government Girls College,Quetta,BS,4 Years,0,05-04-2025,Psychology
Government Post Graduate Gordon College,Rawalpindi,BS,4 Years,0,08-09-2023,Psychology
Government Postgraduate College For Women[satellite Town],Rawalpindi,BS,4 Years,0,08-09-2013,Psychology
Government Post Graduate College For Women [chandni Chowk],Sargodha,BS,4 Years,0,30-11--0001,Psychology
Government Murray College,Sialkot,BS,4 Years,11000,18-08-2023,Psychology
Government Postgraduate College For Women,Sialkot,BS,4 Years,0,30-11--0001,Psychology
Federal Government Post Graduate College For Women,Wah Cantt,BS,4 Years,0,30-09-2022,Psychology
Army Burn Hall College For Girls,Abbottabad,BS,4 Years,0,10-08-2025,Psychology
Frontier Institute Of Medical Sciences [abbottabad],Abbottabad,B.Pharmacy,4 Years,0,12-04-2025,Psychology
Fortune Institute Of Advance Studies,Faisalabad,BS,4 Years,0,30-11-2021,Psychology
Shiblee College Of Commerce & Science,Faisalabad,BS,4 Years,0,24-10-2020,Psychology
Shiblee College Of Commerce For Women[gulberg Campus],Faisalabad,BS,4 Years,0,24-10-2020,Psychology
Royal Gorup Of Colleges,Gujranwala,BS,4 Years,0,31-10-2020,Psychology
Precedent Public School &  Postgraduate Girls College,Haripur,AD,2 Years,0,30-10-2023,Psychology
Islamabad College For Girls,Islamabad,BS,4 Years,0,07-09-2025,Psychology
Defence Degree College For Women,Lahore,BS,4 Years,0,09-08-2025,Psychology
Gulab Devi Educational Complex,Lahore,BS,4 Years,0,30-11--0001,Psychology
Informatics Group Of Colleges,Lahore,BS,4 Years,0,31-07-2024,Psychology
Jinnah Memorial College Of Information Technology,Lahore,BS,4 Years,0,15-10-2020,Psychology
Kasur Institute Of Allied Health Sciences,Lahore,BS,4 Years,0,01-12-2022,Psychology
Khaldunia Institute Of Technology And Applied Sciences College,Lahore,BS,4 Years,0,09-02-2022,Psychology
The Millennium University College,Lahore,BS,3 Years,0,07-09-2025,Psychology
Multan Postgraduate College,Multan,BS,4 Years,0,30-09-2025,Psychology
Army Public College Of Education For Women,Peshawar,BS (HONS),4 Years,0,29-10-2016,Psychology
Fazaia College Of Education For Women,Peshawar,BS (HONS),4 Years,0,31-07-2025,Psychology
Fazaia Degree College,Peshawar,BS,4 Years,0,30-11-2023,Psychology
Frontier Homeopathic Medical College,Peshawar,BS,4 Years,0,12-03-2022,Psychology
Mehboob Medical Institute,Peshawar,BS,4 Years,0,14-12-2024,Psychology
Islamia College,Pir Mehal,BS,4 Years,0,02-01-2019,Psychology
Nisa Institute Of Science & Arts,Quetta,BS,4 Years,0,19-09-2024,Psychology
Aligarh College,Rahim Yar Khan,BS,4 Years,0,15-12-2021,Psychology
Bilquis College Of Eduacton For Women [chaklala],Rawalpindi,B.Sc. [Hons],4 Years,0,05-01-2026,Psychology
Iqra Girls College,Sargodha,BS,4 Years,0,02-01-2023,Psychology
Islamia College,Toba Tek Singh,BS,4 Years,0,02-01-2019,Psychology
Islamia College Of Commerce,Toba Tek Singh,BS,4 Years,0,29-10-2017,Psychology
Women Institute Of Learning,Abbottabad,BS,4 Years,0,02-11-2023,Psychology
Bashir Institute Of Health Sciences,Islamabad,BS,4 Years,0,27-09-2023,Psychology
Prime Institute Of Health Sciences,Islamabad,BS,4 Years,0,29-12-2020,Psychology
Gulab Devi Post Graduate Medical Institute,Lahore,BS,4 Years,0,30-11--0001,Psychology
Institute For Art And Culture,Lahore,BS,4 Years,0,03-09-2025,Psychology
Kaims International Institute,Multan,BS,4 Years,0,31-07-2019,Psychology
National Institute Of Computer And Advanced Studies,Rahim Yar Khan,BS,4 Years,0,05-11-2022,Psychology
Jamal International Public School & College,Peshawar,BS,4 Years,0,13-09-2025,Psychology
University Of Gujrat ( Sialkot Campus),Sialkot,BS,4 Years,0,18-09-2017,Psychology
"Bahauddin Zakria University,sahiwal Campus",Sahiwal,BS,4 Years,22460,28-09-2015,Psychology
The Islamia University Of Bahawalpur,Bahawal Pur,BS,4 Years,43015,30-06-2025,Public Administration
Gomal University,D.i. Khan,BPA,4 Years,40000,31-07-2025,Public Administration
Government College University,Faisalabad,BS,4 Years,39300,12-01-2026,Public Administration
Government College University,Faisalabad,AD,2 Years,39300,12-01-2026,Public Administration
Government College Women University,Faisalabad,BS,4 Years,34000,31-07-2025,Public Administration
University Of Gujrat,Gujrat,BS,4 Years,0,15-08-2025,Public Administration
University Of Haripur,Haripur,BS,4 Years,42044,08-09-2025,Public Administration
International Islamic University,Islamabad,BS,4 Years,62100,31-12-2025,Public Administration
"National University Of Modern Languages, Islamabad",Islamabad,BS,4 Years,87288,09-12-2025,Public Administration
National University Of Science & Technology,Islamabad,BS,4 Years,253080,25-01-2026,Public Administration
Quaid-e-azam University,Islamabad,BS,4 Years,54565,29-07-2025,Public Administration
University Of Sindh,Jamshoro,BPA,4 Years,15200,14-09-2025,Public Administration
"Benazir Bhutto Shaheed University, Lyari",Karachi,BS,4 Years,28100,17-11-2025,Public Administration
Sindh Madressatul Islam University,Karachi,BS,4 Years,31250,01-12-2025,Public Administration
University Of Karachi,Karachi,BPA,4 Years,29500,28-11-2025,Public Administration
Shah Abdul Latif University,Khair Pur,BPA,4 Years,46000,22-09-2025,Public Administration
University Of Kotli,Kotli,BS,4 Years,0,15-08-2025,Public Administration
Lahore College For Women University,Lahore,BS,4 Years,46790,25-09-2025,Public Administration
University Of Education,Lahore,BS,4 Years,0,02-09-2025,Public Administration
Virtual University Of Pakistan,Lahore,BS,4 Years,21800,30-09-2025,Public Administration
The University Of Larkano,Larkana,BS,4 Years,0,27-08-2025,Public Administration
University Of Layyah,Layyah,BS,4 Years,0,17-07-2023,Public Administration
University Of Loralai,Loralai,BS,4 Years,11300,12-08-2024,Public Administration
Hazara University,Mansehra,BS,4 Years,38980,01-09-2025,Public Administration
"Abdul Wali Khan University, Mardan",Mardan,BS,4 Years,55000,31-08-2024,Public Administration
"Bahauddin Zakariya University, Multan",Multan,BS,4 Years,27150,15-09-2025,Public Administration
University Of Okara,Okara,BS,4 Years,0,18-07-2025,Public Administration
Islamia College University,Peshawar,BS,4 Years,62000,16-09-2025,Public Administration
Balochistan University Of It & Management Sciences,Quetta,BS,4 Years,39410,20-08-2025,Public Administration
University Of Balochistan,Quetta,BS,4 Years,33000,11-08-2025,Public Administration
Khawaja Fareed University Of Engineering & Information Technology,Rahim Yar Khan,BS,4 Years,40250,20-06-2025,Public Administration
"Unversity Of The Poonch, Rawala Kot",Rawala Kot,BS,4 Years,0,20-08-2025,Public Administration
Fatima Jinnah Women University,Rawalpindi,BPA,4 Years,52050,18-08-2025,Public Administration
Fatima Jinnah Women University,Rawalpindi,AD,2 Years,52050,18-08-2025,Public Administration
University Of Sargodha,Sargodha,BS,4 Years,30000,11-07-2025,Public Administration
Riphah International University,Islamabad,BS,4 Years,67000,30-07-2025,Public Administration
Metropolitan University Karachi,Karachi,B.Sc. [Hons],4 Years,0,30-03-2021,Public Administration
Imperial College Of Business Studies,Lahore,BS,4 Years,0,21-08-2023,Public Administration
University Of Management And Technology,Lahore,BS,4 Years,174750,31-07-2024,Public Administration
"The Islamia University Of Bahawalpur, Ahmadpur East Campus",Ahmadpur East,BS,4 Years,43015,30-06-2024,Public Administration
The Islamia University Of Bahawalpur[sub Campus],Bahawal Nagar,BS,4 Years,43015,30-06-2025,Public Administration
"The Islamia University Of Bahawalpur, Liaqatpur Campus",Liaqatpur,BS,4 Years,43015,30-06-2025,Public Administration
Bahauddin Zakariya University (sub Campus Lodhran ),Lodhran,BS,4 Years,27150,04-11-2022,Public Administration
National University Of Modern Language ( Multan Campus ),Multan,BS,4 Years,0,31-01-2026,Public Administration
National University Of Modern Languages ( Peshawar Campus ),Peshawar,BS,2 Years,87288,04-12-2024,Public Administration
National University Of Modern Languages ( Quetta Campus ),Quetta,BS (HONS),4 Years,87288,15-02-2021,Public Administration
The Islamic University Of Bahawalpur[rahimyar Khan Campus],Rahim Yar Khan,BS,4 Years,43015,30-06-2025,Public Administration
Emerson University Multan,Multan,BS,4 Years,0,15-08-2025,Public Administration
Ali Fatimah College Of Science & Management,Faisalabad,BS,4 Years,0,21-10-2018,Public Administration
The Royal College,Lahore,BS (HONS),4 Years,0,27-08-2017,Public Administration
Afro-asian Institute,Lahore,B.Sc.,2 Years,0,10-08-2023,Public Administration
"Bahauddin Zakariya University, Multan",Multan,BS,4 Years,27150,15-09-2025,Public Finance
Abbottabad University Of Science And Technology,Abbottabad,BS,4 Years,47800,26-08-2025,Public Health
The Islamia University Of Bahawalpur,Bahawal Pur,BS,4 Years,69965,30-06-2025,Public Health
Gomal University,D.i. Khan,BS,4 Years,0,31-07-2025,Public Health
University Of Haripur,Haripur,BS,4 Years,49929,26-01-2026,Public Health
"Bahria University, E-8 Campus",Islamabad,BS,4 Years,116025,18-12-2025,Public Health
University Of Sindh,Jamshoro,BS,4 Years,15200,14-09-2025,Public Health
Dow University Of Health Sciences,Karachi,BS,4 Years,184000,20-12-2025,Public Health
Jinnah Sindh Medical University,Karachi,BS,4 Years,0,17-12-2025,Public Health
University Of Karachi,Karachi,BS,4 Years,21000,07-11-2025,Public Health
University Of The Punjab,Lahore,BS,4 Years,32940,25-09-2025,Public Health
University Of Loralai,Loralai,BS,4 Years,11300,12-08-2024,Public Health
"Bahauddin Zakariya University, Multan",Multan,BS,4 Years,27150,02-01-2026,Public Health
Muhammad Nawaz Sharif University Of Agriculture,Multan,BS,4 Years,35000,29-09-2025,Public Health
The Women University,Multan,BS,4 Years,34750,23-09-2024,Public Health
University Of Azad Jammu & Kashmir,Muzaffarabad,BS,4 Years,0,08-08-2025,Public Health
Peoples University Of Medical And Health Sciences For Women,Nawab Shah,BS,4 Years,25000,31-10-2025,Public Health
Khyber Medical University,Peshawar,BS,4 Years,80000,30-10-2025,Public Health
The University Of Agriculture,Peshawar,BS,4 Years,0,15-08-2025,Public Health
University Of Peshawar,Peshawar,BS,4 Years,0,23-09-2025,Public Health
"Unversity Of The Poonch, Rawala Kot",Rawala Kot,BS,4 Years,0,20-08-2025,Public Health
Fatima Jinnah Women University,Rawalpindi,BS,4 Years,52050,18-08-2025,Public Health
Women University Swabi,Swabi,BS,4 Years,42460,12-09-2025,Public Health
Indus University,Karachi,BS,4 Years,147000,31-10-2025,Public Health
Shaheed Zulfiqar Ali Bhutto Institute Of Science & Technology,Karachi,BS,4 Years,88060,12-02-2026,Public Health
Zia-ud-din Medical University,Karachi,BS,4 Years,0,26-08-2025,Public Health
The University Of Lahore ( Main Campus ),Lahore,BS,4 Years,106400,03-01-2026,Public Health
Sarhad University Of Science & Information Technology,Peshawar,BS,4 Years,56500,16-05-2023,Public Health
Al- Hamd Islamic University,Quetta,BS,4 Years,0,18-08-2024,Public Health
National University Of Medical Sciences,Rawalpindi,BS,4 Years,300000,16-01-2026,Public Health
"University Of Health Sciences, Kala Shah Kaku Campus",Kala Shah Kaku,BS,4 Years,0,30-01-2020,Public Health
Bahria University ( Karachi Campus ),Karachi,BS,4 Years,116025,09-01-2026,Public Health
"Riphah International University, Faisalabad Campus",Faisalabad,BS,4 Years,0,18-10-2025,Public Health
"Zia Ud Din University, Sukkur Campus",Sukkur,BS,4 Years,0,26-08-2025,Public Health
Institute Of Health Sciences,Islamabad,BS,4 Years,0,11-09-2025,Public Health
University Of Home Economics,Lahore,BS,4 Years,0,25-07-2025,Public Health
Frontier Institute Of Medical Sciences [abbottabad],Abbottabad,BS,4 Years,0,12-04-2025,Public Health
Capital College Of Health Sciences,Islamabad,BS,4 Years,0,20-09-2022,Public Health
Health Aid College Of Nursing,Islamabad,BS,4 Years,0,01-09-2025,Public Health
Islamabad Federal College F-10,Islamabad,BS,4 Years,0,24-03-2018,Public Health
Nisa Institute Of Science & Arts,Quetta,BS,4 Years,0,19-09-2024,Public Health
Health Services Academy,Islamabad,BS,4 Years,0,31-01-2026,Public Health
Prime Institute Of Health Sciences,Islamabad,BS,4 Years,0,01-10-2025,Public Health
Hayat Institute Of Emerging Sciences,Karachi,BS,4 Years,0,31-03-2018,Public Health
Rehman Medical Institute,Peshawar,BS,4 Years,0,13-09-2025,Public Health
"Pakistan Institute Of Opthamology,al-shifa Trust Eye Hopital",Rawalpindi,BS,4 Years,0,31-07-2025,Public Health
Indus Hospital (school Of Nursing) Children Cancer Hospital,Karachi,BS,4 Years,0,10-01-2023,Public Health
Times Institute,Multan,BS,4 Years,60000,15-11-2022,Public Health
University Of Karachi,Karachi,BS,4 Years,0,28-11-2025,Public Policy
Government College University Lahore,Lahore,BS,4 Years,0,11-12-2025,Public Policy
"Bahauddin Zakariya University, Multan",Multan,BS,4 Years,27150,26-09-2024,Public Policy
Emerson University Multan,Multan,BS,4 Years,0,15-08-2025,Public Policy
The Islamia University Of Bahawalpur,Bahawal Pur,BS,4 Years,43015,30-06-2025,Public Policy Governance
Gomal University,D.i. Khan,BS,4 Years,0,31-07-2025,Public Policy Governance
Punjab University Of Technology  [ Rasul],Mandi Baha-ud-din,BS,4 Years,0,25-09-2025,Public Policy Governance
Riphah International University,Islamabad,BS,4 Years,0,30-07-2024,Public Policy Governance
The Superior University,Lahore,BS,4 Years,0,31-01-2026,Public Policy Governance
University Of The Punjab,Lahore,BS,4 Years,41940,25-09-2025,Public Relationing
Minhaj University,Lahore,BS,4 Years,0,18-05-2024,Quality Management
"Bahauddin Zakariya University, Multan",Multan,BS,4 Years,0,02-01-2026,Quantum Computing Electronics
Shifa Tameer-e-millat University,Islamabad,AD,3 Years,14000,18-11-2025,Radiation Oncology
Hussain College Of Health Sciences,Lahore,BS,4 Years,0,31-08-2025,Radiographer
Amna Inayat Medical College,Sheikhupura,BS,4 Years,0,18-11-2017,Radiographer
Multan Institute Of Health Sciences,Multan,BS (HONS),4 Years,0,17-09-2017,Radiographer
Faisalabad Medical University,Faisalabad,BS,4 Years,0,15-12-2025,Radiographic Imaging Technology
Government College University,Faisalabad,BS,4 Years,36800,24-06-2025,Radiographic Imaging Technology
"Shaheed Zulfiqar Ali Bhutto Medical University, Pims",Islamabad,BS,4 Years,0,22-10-2025,Radiographic Imaging Technology
University Of Sargodha,Sargodha,BS,4 Years,59000,11-07-2025,Radiographic Imaging Technology
The University Of Chenab,Gujrat,BS,4 Years,0,03-01-2026,Radiographic Imaging Technology
Ibadat International University Islamabad,Islamabad,BS,4 Years,97470,10-09-2023,Radiographic Imaging Technology
Muslim Youth University,Islamabad,BS,4 Years,0,29-10-2025,Radiographic Imaging Technology
Green International University,Lahore,BS,4 Years,0,02-09-2025,Radiographic Imaging Technology
Lahore University Of Biological & Applied Sciences,Lahore,BS,4 Years,0,31-01-2026,Radiographic Imaging Technology
University Of Management And Technology,Lahore,AD,2 Years,0,16-11-2024,Radiographic Imaging Technology
"Government College University Faisalabad, Chiniot Campus",Chiniot,BS,4 Years,0,24-06-2025,Radiographic Imaging Technology
Sutlej College Of Allied Health Sciences,Bahawal Pur,BS,4 Years,0,22-01-2021,Radiographic Imaging Technology
Aziz Fatimah Medical And Dental College,Faisalabad,BS,4 Years,0,29-12-2025,Radiographic Imaging Technology
Royal Gorup Of Colleges,Gujranwala,BS (HONS),4 Years,0,27-10-2018,Radiographic Imaging Technology
"Pakistan Institute Of Professional Sciences, Bhara Kahu",Islamabad,BS,4 Years,0,28-09-2019,Radiographic Imaging Technology
A C E Institute Of Medical And Emerging Sciences,Lahore,BS,4 Years,0,09-12-2023,Radiographic Imaging Technology
Central Park College Of Allied Health Sciences,Lahore,BS,4 Years,0,09-11-2025,Radiographic Imaging Technology
Dr Yahya Institute Of Medical Sciences,Layyah,BS,4 Years,0,15-12-2021,Radiographic Imaging Technology
Sahara College Of Pharmacy & Allied Health Sciences,Narowal,BS,4 Years,0,01-12-2018,Radiographic Imaging Technology
"Riphah International College, Peshawar",Peshawar,AD,2 Years,0,30-10-2023,Radiographic Imaging Technology
Center Of Advanced Studies In Health & Technology,Rawalpindi,BS,4 Years,0,05-10-2023,Radiographic Imaging Technology
Pir Abdul Qadir Shah Jeelani Institute Of Medical Sciences,Gambat,BS,4 Years,0,07-03-2025,Radiographic Imaging Technology
Health Services Academy,Islamabad,BS,4 Years,0,31-01-2026,Radiographic Imaging Technology
Afro-asian Institute,Lahore,BS,4 Years,0,10-08-2023,Radiographic Imaging Technology
Federal Institute Of Health Sciences,Lahore,BS,4 Years,0,17-01-2021,Radiographic Imaging Technology
Nasjon Institute Of Health Sciences,Lahore,BS,4 Years,0,27-10-2020,Radiographic Imaging Technology
Punjab Institute Of Professional Studies,Lahore,BS,4 Years,0,13-03-2021,Radiographic Imaging Technology
Federal Institute Of Health Sciences,Multan,BS,4 Years,0,17-01-2021,Radiographic Imaging Technology
Laeeque Rafique Institute Of Medical Sciences & Nursing School,Multan,BS,4 Years,0,30-11-2021,Radiographic Imaging Technology
Jinnah Sindh Medical University,Karachi,BS,4 Years,0,17-12-2025,Radiological Imaging
Indus University,Karachi,BS,4 Years,134000,31-10-2025,Radiological Imaging
Zia-ud-din Medical University,Karachi,BS,4 Years,96500,26-08-2025,Radiological Imaging
"Vertex Institute Of Science & Technology, Mirpur Campus",Mir Pur (ajk),AD,2 Years,0,04-01-2023,Radiological Imaging
Kalam Bibi International Women Institute,Bannu,BS,4 Years,0,18-09-2025,Radiologic Technology
Liaquat University Of Medical And Health Sciences,Jamshoro,BS,4 Years,50000,10-10-2025,Radiologic Technology
Dow University Of Health Sciences,Karachi,BS,4 Years,100000,20-12-2025,Radiologic Technology
University Of Swabi,Swabi,BS,4 Years,51270,16-09-2025,Radiologic Technology
The University Of Modern Sciences,Tando Muhammad Khan,BS,4 Years,0,22-11-2025,Radiologic Technology
City University Of Science & Information Technology,Peshawar,B.TECH,4 Years,160000,10-11-2025,Radiologic Technology
Iqra National University,Peshawar,BS,4 Years,68391,30-09-2025,Radiologic Technology
"Kmu Institute Of Health Sciences, G. I. Khan Campus",D.i. Khan,BS,4 Years,0,11-09-2025,Radiologic Technology
"Kmu Institute Of Health Sciences, Kohat",Kohat,BS,4 Years,0,11-09-2025,Radiologic Technology
"Kmu Institute Of Health Sciences, Hazara",Mansehra,BS,4 Years,0,11-09-2025,Radiologic Technology
"Institute Of Health Sciences, Kurram",Para Chinar,BS,4 Years,0,11-09-2025,Radiologic Technology
Kmu Institute Of Health Sciences,Swabi,BS,4 Years,0,11-09-2025,Radiologic Technology
Kmu Institute Of Health Sciences,Swat,BS,4 Years,0,11-09-2025,Radiologic Technology
Abasyn University (sub Campus),Islamabad,BS,4 Years,0,28-12-2025,Radiologic Technology
"Iqra University, Chak Shahzad Campus",Islamabad,BS,4 Years,111180,29-02-2024,Radiologic Technology
"Iqra National Univesity, Swat Campus",Swat,BS,4 Years,65466,30-09-2025,Radiologic Technology
Institute Of Health Sciences,Islamabad,BS,4 Years,0,30-11-2025,Radiologic Technology
Bacha Khan Medical College,Mardan,BS,4 Years,0,28-11-2025,Radiologic Technology
Al- Qassar Institute Of Health Sciences,D.i. Khan,BS,4 Years,0,31-10-2020,Radiologic Technology
Prime Institute Of Health & Management Sciences,Mardan,BS,4 Years,0,19-01-2023,Radiologic Technology
Asian Institute Of Medical & Management Sciences,Peshawar,BS,4 Years,0,28-12-2023,Radiologic Technology
International College Of Health Sciences,Peshawar,BS,4 Years,0,19-11-2022,Radiologic Technology
National College Of Nursing,Peshawar,BS,4 Years,0,20-12-2025,Radiologic Technology
Pakistan Institute Of Medical And Management Sciencse,Peshawar,BS,4 Years,0,01-11-2022,Radiologic Technology
Dr. Ihsanullah Khan Medical Institute,Charsadda,BS,4 Years,0,02-10-2022,Radiologic Technology
Aman Medical Institute,Islamabad,BS,4 Years,0,17-11-2021,Radiologic Technology
Bashir Institute Of Health Sciences,Islamabad,BS,4 Years,0,08-03-2023,Radiologic Technology
Prime Institute Of Health Sciences,Islamabad,BS,4 Years,0,01-10-2025,Radiologic Technology
Kmu Institute Of Health Sciences,Mardan,BS,4 Years,0,11-09-2025,Radiologic Technology
Rehman Medical Institute,Peshawar,BS,4 Years,0,13-09-2025,Radiologic Technology
School Of Health Sciences,Peshawar,BS,4 Years,0,30-11-2020,Radiologic Technology
University Of Science & Technology,Bannu,BS,4 Years,0,20-09-2025,Radiology
University Of Haripur,Haripur,BS,4 Years,48829,08-09-2025,Radiology
Khushal Khan Khattak University,Karak,BS,4 Years,0,19-01-2026,Radiology
University Of Kotli,Kotli,BS,4 Years,0,15-08-2025,Radiology
University Of Loralai,Loralai,BS,4 Years,11300,18-08-2025,Radiology
Khyber Medical University,Peshawar,B.Sc.,4 Years,80000,30-10-2025,Radiology
University Of Peshawar,Peshawar,BS,4 Years,0,11-08-2025,Radiology
Khawaja Fareed University Of Engineering & Information Technology,Rahim Yar Khan,BS,4 Years,40250,30-06-2022,Radiology
The University Of Veterinary & Animal Sciences,Swat,BS,4 Years,18000,30-09-2025,Radiology
Shifa Tameer-e-millat University,Islamabad,AD,2.5 Years,14000,18-11-2025,Radiology
Sohail University,Karachi,BS,4 Years,0,17-10-2024,Radiology
Northern University,Nowshera,BS,4 Years,30250,16-02-2026,Radiology
Abasyn University,Peshawar,BS,4 Years,56100,01-02-2026,Radiology
Cecos University Of Information Tech. & Emerging Sciences,Peshawar,BS,4 Years,0,28-07-2025,Radiology
Sarhad University Of Science & Information Technology,Peshawar,BS,4 Years,56500,05-12-2025,Radiology
Nims College Of Medical Imaging Sciences,Abbottabad,BS,4 Years,0,31-12-2025,Radiology
"Riphah Community College, Abbotabad Campus",Abbottabad,AD,2 Years,0,31-08-2023,Radiology
Khyber Institute Of Medical Sciences,Charsadda,BS,4 Years,0,18-12-2022,Radiology
Ahmad Medical Institute,Peshawar,BS,4 Years,0,28-11-2020,Radiology
Ghazali Institute Of Medical Sciences,Peshawar,BS,4 Years,0,08-09-2025,Radiology
Hallmark College Of Pharmacy,Peshawar,BS,4 Years,0,29-01-2021,Radiology
Hefa Foundation,Peshawar,BS,4 Years,0,05-11-2020,Radiology
Institute Of Health Sciences,Peshawar,BS,4 Years,0,22-01-2022,Radiology
Khyber Pakhtunkhwa Institute Of Medical Sciences,Peshawar,BS,4 Years,0,15-01-2022,Radiology
Mehboob Medical Institute,Peshawar,BS,4 Years,0,14-12-2024,Radiology
P E F University College,Peshawar,BS,4 Years,0,31-10-2025,Radiology
Professional College Of Medical Science,Peshawar,CERT,4 Years,0,14-12-2019,Radiology
Kings Institute Of Nursing And Allied Health Sciences,Saidu Sharif,BS,4 Years,0,26-11-2022,Radiology
Kmu Institute Of Medical Sciences,Kohat,BS,4 Years,0,18-10-2024,Radiology
Comwave Institute Of Information Technology,Islamabad,BS,4 Years,0,18-11-2023,Radiology
Global Institute Of Medical Sciences,Peshawar,BS,4 Years,0,30-11-2024,Radiology
National Institute Of Health And Management Sciences,Peshawar,BS,4 Years,0,20-12-2025,Radiology
Premier Institute Of Health And Management Sciences,Peshawar,BS,4 Years,0,17-09-2024,Radiology
The University Of Buner,Buner,BS,4 Years,0,18-09-2025,Radiology Imaging Technology
Mir Chakar Khan Rind University Of Technology,D.g.khan,BS,4 Years,0,31-07-2025,Radiology Imaging Technology
Al- Hamd Islamic University,Quetta,BS,4 Years,0,18-02-2023,Radiology Imaging Technology
Alhamd Islamic University [ibd],Islamabad,BS,4 Years,0,28-02-2023,Radiology Imaging Technology
"The University Of Lahore, Sub Campus",Sargodha,BS,4 Years,0,08-02-2025,Radiology Imaging Technology
"Riphah International College, Bahawlpur",Bahawal Pur,AD,2 Years,0,31-10-2022,Radiology Imaging Technology
College Of Medical Technology/pims,Islamabad,BS,4 Years,0,18-09-2025,Radiology Imaging Technology
Hbs Medical And Dental College,Islamabad,BS,4 Years,0,27-12-2025,Radiology Imaging Technology
Indus College Of Allied Health,Karachi,BS,4 Years,0,08-01-2023,Radiology Imaging Technology
Allied College Of Health Sciences,Khanewal,BS,4 Years,0,30-09-2021,Radiology Imaging Technology
"Riphah International College, Lahore",Lahore,AD,2 Years,0,01-11-2024,Radiology Imaging Technology
Allied College Of Health Sciences,Multan,BS,4 Years,0,30-09-2021,Radiology Imaging Technology
Hafeez Institute Of Medical Sciences,Peshawar,BS,4 Years,0,13-12-2021,Radiology Imaging Technology
Faisal Institute Of Health Sciences,Faisalabad,BS,4 Years,0,25-10-2025,Radiology Imaging Technology
Royal Institute Of Medical Sciences,Multan,BS,4 Years,0,10-12-2022,Radiology Imaging Technology
Zohra Institute Of Health Sciences,Rawalpindi,BS,4 Years,90000,01-01-2021,Radiology Imaging Technology
Times Institute,Multan,BS,4 Years,60000,29-01-2024,Radiology Imaging Technology
King Edward Medical University / Mayo Hospital,Lahore,B.Sc. [Hons],4 Years,54000,10-12-2025,Radiotherapy
Zia-ud-din Medical University,Karachi,BS,4 Years,0,26-08-2025,Radiotherapy
University Of Central Punjab,Lahore,BS,4 Years,0,20-09-2024,Real State Management
Al- Hamd Islamic University,Quetta,BS,4 Years,0,18-02-2023,Real State Management
University Of Peshawar,Peshawar,BS,4 Years,0,23-09-2025,Regional Studies
The University Of Lahore ( Main Campus ),Lahore,BS,4 Years,128000,03-01-2026,Rehabilitation Sciences
The Islamia University Of Bahawalpur,Bahawal Pur,BS,4 Years,49665,30-06-2025,Remote Sensing Gis
Bacha Khan University,Charsadda,BS,4 Years,37000,22-09-2025,Remote Sensing Gis
Government College University,Faisalabad,BS,4 Years,28200,24-06-2025,Remote Sensing Gis
Government College Women University,Faisalabad,AD,2 Years,0,31-07-2025,Remote Sensing Gis
Karakuram International University,Gilgit,BS,4 Years,44400,10-08-2025,Remote Sensing Gis
University Of Gujrat,Gujrat,BS,4 Years,68010,15-08-2025,Remote Sensing Gis
University Of Haripur,Haripur,BS,4 Years,20109,17-09-2023,Remote Sensing Gis
Comsats University Islamabad,Islamabad,BS,4 Years,112200,09-07-2025,Remote Sensing Gis
Kinnaird College For Women,Lahore,BS,4 Years,126100,01-12-2025,Remote Sensing Gis
"Bahauddin Zakariya University, Multan",Multan,BS,4 Years,0,18-08-2025,Remote Sensing Gis
Muhammad Nawaz Sharif University Of Agriculture,Multan,BS,4 Years,0,29-09-2025,Remote Sensing Gis
University Of Azad Jammu & Kashmir,Muzaffarabad,BS,4 Years,0,08-08-2025,Remote Sensing Gis
University Of Okara,Okara,BS,4 Years,46000,18-07-2025,Remote Sensing Gis
"Unversity Of The Poonch, Rawala Kot",Rawala Kot,BS,4 Years,0,20-08-2025,Remote Sensing Gis
Pir Mahar Ali Shah Arid Agriculture University,Rawalpindi,BS,4 Years,0,08-08-2025,Remote Sensing Gis
"Government College University Lahore, Kala Shah Kaku Campus",Kala Shah Kaku,BS,4 Years,0,11-12-2025,Remote Sensing Gis
Bahria University ( Karachi Campus ),Karachi,BS,4 Years,80316,17-11-2025,Remote Sensing Gis
"Bahria University, H-11 Campus",Islamabad,BS,4 Years,80316,24-07-2025,Remote Sensing Gis
Institute Of Space Technology (sub Campus),Karachi,BS,4 Years,78000,29-10-2021,Remote Sensing Gis
Faisalabad Medical University,Faisalabad,BS,4 Years,0,15-12-2025,Renal Dialysis Technology
King Edward Medical University / Mayo Hospital,Lahore,B.Sc. [Hons],4 Years,54000,10-12-2025,Renal Dialysis Technology
Nishtar Medical College / Nishter Hospital,Multan,BS,4 Years,0,06-01-2026,Renal Dialysis Technology
Khyber Medical University,Peshawar,B.Sc.,4 Years,80000,30-10-2025,Renal Dialysis Technology
Green International University,Lahore,BS,4 Years,0,02-09-2025,Renal Dialysis Technology
Institute Of Health Sciences,Islamabad,BS,4 Years,0,30-11-2025,Renal Dialysis Technology
Pir Abdul Qadir Shah Jeelani Institute Of Medical Sciences,Gambat,BS,4 Years,0,07-03-2025,Renal Dialysis Technology
Northwest Institute Of Healths Ciences,Peshawar,BS,4 Years,0,27-09-2025,Renal Dialysis Technology
The Islamia University Of Bahawalpur,Bahawal Pur,BS,4 Years,53415,30-06-2025,Renewable Energy Engineering
Mir Chakar Khan Rind University Of Technology,D.g.khan,BS,4 Years,0,31-07-2025,Renewable Energy Engineering
Gomal University,D.i. Khan,BS,4 Years,0,31-07-2025,Renewable Energy Engineering
University Of Agriculture,Faisalabad,AD,2 Years,60500,05-09-2025,Renewable Energy Engineering
Khushal Khan Khattak University,Karak,BS,4 Years,34000,19-01-2026,Renewable Energy Engineering
University Of Balochistan,Quetta,BS,4 Years,36000,11-08-2025,Renewable Energy Engineering
Faisalabad Medical University,Faisalabad,BS,4 Years,0,15-12-2025,Respiratory Therapy
Dow University Of Health Sciences,Karachi,BS,4 Years,100000,20-12-2025,Respiratory Therapy
Jinnah Sindh Medical University,Karachi,BS,4 Years,0,17-12-2025,Respiratory Therapy
University Of Azad Jammu & Kashmir,Muzaffarabad,BS,4 Years,0,08-08-2025,Respiratory Therapy
Peoples University Of Medical And Health Sciences For Women,Nawab Shah,BS,4 Years,0,16-12-2024,Respiratory Therapy
Khyber Medical University,Peshawar,BS,4 Years,80000,30-10-2025,Respiratory Therapy
Shifa Tameer-e-millat University,Islamabad,B.Sc.,4 Years,188000,18-11-2025,Respiratory Therapy
Shifa Tameer-e-millat University,Islamabad,AD,2.5 Years,14000,18-11-2025,Respiratory Therapy
Indus University,Karachi,BS,4 Years,114000,31-10-2025,Respiratory Therapy
Green International University,Lahore,BS,4 Years,0,02-09-2025,Respiratory Therapy
Nur International University,Lahore,BS,4 Years,155278,30-09-2024,Respiratory Therapy
The University Of Lahore ( Main Campus ),Lahore,BS,4 Years,131200,03-01-2026,Respiratory Therapy
Gandhara University,Peshawar,BS,5 Years,0,25-10-2025,Respiratory Therapy
"Kmu Institute Of Health Sciences, Kohat",Kohat,BS,4 Years,0,11-09-2025,Respiratory Therapy
"Kmu Institute Of Health Sciences, Hazara",Mansehra,BS,4 Years,0,11-09-2025,Respiratory Therapy
Isra University [isb]],Islamabad,B.Sc.,4 Years,35000,05-09-2022,Respiratory Therapy
Institute Of Health Sciences,Islamabad,BS,4 Years,0,11-09-2025,Respiratory Therapy
Al-nafees Medical College & Hospital,Islamabad,AD,2 Years,0,07-06-2021,Respiratory Therapy
Gulab Devi Educational Complex,Lahore,BS (HONS),4 Years,0,30-11--0001,Respiratory Therapy
Bakhtawar Amin Medical And Dental College,Multan,BS,4 Years,0,01-01-2025,Respiratory Therapy
Pir Abdul Qadir Shah Jeelani Institute Of Medical Sciences,Gambat,BS,4 Years,0,07-03-2025,Respiratory Therapy
Sindh Institute Of Urology And Transplantation,Karachi,BS,4 Years,0,01-12-2024,Respiratory Therapy
Gulab Devi Post Graduate Medical Institute,Lahore,B.Sc.,4 Years,0,30-11--0001,Respiratory Therapy
Northwest Institute Of Healths Ciences,Peshawar,BS,4 Years,0,27-09-2025,Respiratory Therapy
Rehman Medical Institute,Peshawar,BS,4 Years,0,13-09-2025,Respiratory Therapy
Riphah International University ( Rawalpindi Campus ),Rawalpindi,AD,2 Years,0,10-10-2020,Retail Merchandising
"Riphah International College, Bahawlpur",Bahawal Pur,AD,2 Years,0,31-10-2022,Retail Merchandising
"Riphah Community College, Dargai Campus",Dargai,AD,2 Years,0,07-11-2018,Retail Merchandising
"Riphah Community College, Faisalabad Campus",Faisalabad,AD,2 Years,0,07-11-2020,Retail Merchandising
"Riphah Community College, Gujrat Campus",Gujrat,AD,2 Years,0,06-11-2018,Retail Merchandising
"Riphah Community College, Jhelum Campus",Jhelum,AD,2 Years,0,05-11-2018,Retail Merchandising
"Riphah International College, Lahore",Lahore,AD,2 Years,0,01-11-2024,Retail Merchandising
"Riphah Community College, Mansehra Campus",Mansehra,AD,2 Years,0,07-11-2018,Retail Merchandising
"Riphah Community College, Mardan Campus",Mardan,AD,2 Years,0,04-11-2018,Retail Merchandising
"Riphah Community College, Swat Campus",Mingora,AD,2 Years,0,05-11-2018,Retail Merchandising
"Riphah Community College, Peshawar Campus",Peshawar,AD,2 Years,0,05-11-2018,Retail Merchandising
"Riphah Community College, Sargodha Campus",Sargodha,AD,2 Years,0,16-10-2020,Retail Merchandising
The Islamia University Of Bahawalpur,Bahawal Pur,BS,4 Years,53415,30-06-2025,Robotic Intelligent Machine Engineering
University Of Haripur,Haripur,BS,4 Years,32294,26-01-2026,Robotic Intelligent Machine Engineering
"National University Of Modern Languages, Islamabad",Islamabad,BS,4 Years,0,09-12-2025,Robotic Intelligent Machine Engineering
The Benazir Butto Shaheed University Of Technology & Skill Development,Khair Pur,BS,4 Years,23250,23-06-2025,Robotic Intelligent Machine Engineering
"University Of Engineering & Technology, Lahore",Lahore,BS,4 Years,0,22-03-2026,Robotic Intelligent Machine Engineering
"University Of Technology, Nowshera",Nowshera,BS,4 Years,27610,04-01-2026,Robotic Intelligent Machine Engineering
University Of Peshawar,Peshawar,BS,4 Years,0,23-01-2026,Robotic Intelligent Machine Engineering
Khawaja Fareed University Of Engineering & Information Technology,Rahim Yar Khan,BS,4 Years,40250,20-06-2025,Robotic Intelligent Machine Engineering
Fatima Jinnah Women University,Rawalpindi,BS,4 Years,52050,18-08-2025,Robotic Intelligent Machine Engineering
Capital University Of Science And Technology,Islamabad,BS,4 Years,0,02-09-2025,Robotic Intelligent Machine Engineering
Riphah International University,Islamabad,BS,4 Years,160500,30-07-2025,Robotic Intelligent Machine Engineering
Hamdard University,Karachi,BS,4 Years,0,15-03-2025,Robotic Intelligent Machine Engineering
Zia-ud-din Medical University,Karachi,BS,4 Years,0,26-08-2025,Robotic Intelligent Machine Engineering
Cecos University Of Information Tech. & Emerging Sciences,Peshawar,BS,4 Years,0,28-07-2025,Robotic Intelligent Machine Engineering
Bahria University ( Karachi Campus ),Karachi,BS,4 Years,86250,17-11-2025,Robotic Intelligent Machine Engineering
"Riphah International University, Faisalabad Campus",Faisalabad,BS,4 Years,0,18-10-2025,Robotic Intelligent Machine Engineering
"Bahria University, H-11 Campus",Islamabad,BS,4 Years,86250,18-12-2025,Robotic Intelligent Machine Engineering
Riphah International University Lahore,Lahore,BS,4 Years,0,25-01-2026,Robotic Intelligent Machine Engineering
The Superior University,Lahore,BS,4 Years,0,31-01-2026,Robotics
University Of Central Punjab,Lahore,BS,4 Years,0,10-10-2024,Robotics
Hitec University,Taxila,BS,4 Years,162000,30-08-2025,Robotics
"The University Of Lahore, Sub Campus",Sargodha,BS,4 Years,0,08-02-2025,Robotics
"Pak- Austria Fachhuochschule, Institute Of Applied Sciences And Technology",Haripur,BS,4 Years,0,03-01-2025,Robotics
Karakuram International University,Gilgit,BS,4 Years,33400,10-08-2025,Rural Development
Allama Iqbal Open University,Islamabad,BS,2 Years,13750,10-02-2026,Rural Development
University Of Sindh,Jamshoro,BS,4 Years,15200,14-09-2025,Rural Development
The University Of Agriculture,Peshawar,BS,4 Years,38000,15-08-2025,Rural Development
"Unversity Of The Poonch, Rawala Kot",Rawala Kot,BS,4 Years,0,03-10-2022,Rural Development
Sindh Agriculture University,Tando Jam,BSC (AGRI.) HON,4 Years,25000,30-09-2025,Rural Sociology
Virtual University Of Pakistan,Lahore,AD,2 Years,21800,30-09-2025,Sales Marketing
Riphah International University ( Rawalpindi Campus ),Rawalpindi,AD,2 Years,0,10-10-2020,Sales Marketing
"Riphah International College, Bahawlpur",Bahawal Pur,AD,2 Years,0,31-10-2022,Sales Marketing
"Riphah Community College, Dargai Campus",Dargai,AD,2 Years,0,07-11-2018,Sales Marketing
"Riphah Community College, Faisalabad Campus",Faisalabad,AD,2 Years,0,07-11-2020,Sales Marketing
"Riphah Community College, Gujrat Campus",Gujrat,AD,2 Years,0,06-11-2018,Sales Marketing
"Riphah Community College, Jhelum Campus",Jhelum,AD,2 Years,0,05-11-2018,Sales Marketing
Pimsat - Institute Of Higher Education,Karachi,AD,2 Years,0,18-02-2017,Sales Marketing
Punjab Group Of Colleges,Lahore,AD,2 Years,0,05-11-2017,Sales Marketing
Riphah Community College,Lahore,AD,2 Years,0,13-10-2018,Sales Marketing
"Riphah International College, Lahore",Lahore,AD,2 Years,0,01-11-2024,Sales Marketing
"Riphah Community College, Mansehra Campus",Mansehra,AD,2 Years,0,07-11-2018,Sales Marketing
"Riphah Community College, Mardan Campus",Mardan,AD,2 Years,0,04-11-2018,Sales Marketing
"Riphah Community College, Swat Campus",Mingora,AD,2 Years,0,05-11-2018,Sales Marketing
"Riphah Community College, Peshawar Campus",Peshawar,AD,2 Years,0,05-11-2018,Sales Marketing
Vertex College Of Science And Technology,Peshawar,AD,2 Years,0,27-09-2018,Sales Marketing
Misali Ravian College,Sargodha,AD,2 Years,0,31-10-2018,Sales Marketing
"Riphah Community College, Sargodha Campus",Sargodha,AD,2 Years,0,16-10-2020,Sales Marketing
Kasb [ Khadim Ali Shah Bukhari ]  Institute Of Technology,Karachi,AD,2 Years,0,01-10-2022,Sales Management
"Air University, H-11 Campus",Islamabad,BS,4 Years,0,25-07-2025,Security Studies
The Islamia University Of Bahawalpur,Bahawal Pur,BS,4 Years,49665,30-06-2025,Seed Science Technology
University Of Agriculture,Faisalabad,BS,4 Years,0,28-07-2025,Seed Science Technology
University Of Sargodha,Sargodha,BS,4 Years,30000,15-12-2025,Seed Science Technology
Maritime Training Institute,Karachi,BS,4 Years,0,20-01-2017,Shipping Logistics
National Textile College & Management Institute,Faisalabad,BS,4 Years,0,18-09-2015,Skin Care
University Of Peshawar,Peshawar,BS,4 Years,68400,23-09-2025,Social Anthropology
University Of The Punjab,Lahore,BS,4 Years,32940,05-08-2025,Social Cultural Studies
University Of Peshawar,Peshawar,BS,4 Years,0,27-10-2025,Social Policy Rehabilitation
Aga Khan University,Karachi,BS,4 Years,978500,30-09-2024,Social Development Policy
Habib University,Karachi,B.Sc. [Hons],4 Years,1106500,31-01-2023,Social Development Policy
Zia-ud-din Medical University,Karachi,BS,4 Years,285500,26-08-2024,Social Development Policy
Aga Khan University,Karachi,BS,4 Years,0,17-12-2024,Social Development Policy
Institute Of Management Sciences,Peshawar,B.Sc.,2 Years,155700,03-08-2023,Social Sciences
Greenwich University,Karachi,BS,4 Years,132110,18-07-2019,Social Sciences
Beaconhouse National University,Lahore,BA [HONS],4 Years,169050,22-08-2025,Social Sciences
Lahore School Of Economics,Lahore,BS (HONS),4 Years,341000,28-06-2025,Social Sciences
The University Of Lahore ( Main Campus ),Lahore,BS,4 Years,133600,31-01-2026,Social Sciences
City University Of Science & Information Technology,Peshawar,BS,4 Years,0,24-02-2023,Social Sciences
Bahria University ( Karachi Campus ),Karachi,BS,4 Years,98175,17-11-2025,Social Sciences
Shaheed Zulfikar Ali Bhutto Institute Of Science & Technology [hyderabad],Hyderabad,BS,4 Years,149600,30-12-2025,Social Sciences
Shaheed Zulfiqar Ali Bhutto Institute Of Science And Technology,Islamabad,BS,4 Years,170280,19-12-2025,Social Sciences
"The University Of Lahore, Sub Campus",Sargodha,BS,4 Years,0,08-02-2025,Social Sciences
Islamabad Model College For Boys Sihala,Islamabad,AD,2 Years,0,29-08-2023,Social Sciences
"Islamabad Model College For Boys, F-10/4",Islamabad,AD,2 Years,0,29-08-2023,Social Sciences
"Islamabad Model College For Boys, H-9",Islamabad,AD,2 Years,0,29-08-2023,Social Sciences
Islamabad Model College For Girls Humak,Islamabad,AD,2 Years,0,29-08-2023,Social Sciences
Edison College,Faisalabad,BS,4 Years,0,07-08-2017,Social Sciences
Brains Institute,Peshawar,BS,4 Years,0,24-09-2022,Social Sciences
Institute Of Business Administration [khi],Karachi,BS,4 Years,199500,11-06-2025,Social Sciences Liberal Arts
The Islamia University Of Bahawalpur,Bahawal Pur,BS,4 Years,43015,30-06-2025,Social Work
University Of Science & Technology,Bannu,BS,4 Years,16400,15-10-2019,Social Work
Thal University,Bhakkar,BS,4 Years,30000,10-01-2025,Social Work
University Of Malakand,Chakdara,BS,4 Years,14000,15-09-2025,Social Work
Karakuram International University,Gilgit,BS,4 Years,0,10-08-2025,Social Work
Quaid-e-azam University,Islamabad,BS,4 Years,54565,29-07-2025,Social Work
University Of Sindh,Jamshoro,BS,4 Years,15200,14-09-2025,Social Work
University Of Karachi,Karachi,BA [HONS],4 Years,15000,07-11-2025,Social Work
Kohat University Of Science & Technology,Kohat,BS,4 Years,24100,15-09-2025,Social Work
Lahore College For Women University,Lahore,BS,4 Years,49290,25-09-2025,Social Work
University Of The Punjab,Lahore,BS,4 Years,32940,25-09-2025,Social Work
"Bahauddin Zakariya University, Multan",Multan,BS,4 Years,20150,15-09-2025,Social Work
University Of Okara,Okara,BS,4 Years,46000,18-07-2025,Social Work
University Of Peshawar,Peshawar,BS,4 Years,68400,23-09-2025,Social Work
Sardar Bahadur Khan Women University,Quetta,BS,4 Years,6760,15-09-2025,Social Work
University Of Balochistan,Quetta,BS,4 Years,32000,11-08-2025,Social Work
University Of Sargodha,Sargodha,BS,4 Years,30000,15-12-2025,Social Work
University Of Management And Technology,Lahore,BS,4 Years,124750,28-10-2023,Social Work
University Of Sargodha ( Bhakkar Campus ),Bhakkar,BS,4 Years,27900,03-11-2021,Social Work
"Federal Urdu University Of Arts  Science & Technology, Karachi",Karachi,BA [HONS],4 Years,20600,29-11-2024,Social Work
University Of Makran,Panjgur,BS,4 Years,8053,25-10-2024,Social Work
Shaheed Benazir Bhutto University (sub Campus),Wari,BS,4 Years,0,10-10-2025,Social Work
Government Islamia Post Graduate College For Women,Lahore,BS,4 Years,0,17-09-2019,Social Work
Government Islamia Post Graduate College For Women [cooper Road],Lahore,BS,4 Years,0,21-09-2023,Social Work
Government Queen Marry College,Lahore,BS,4 Years,0,15-07-2024,Social Work
Emerson University Multan,Multan,BS,4 Years,0,15-08-2025,Social Work
Abbottabad University Of Science And Technology,Abbottabad,B.Sc.,4 Years,27500,26-08-2025,Sociology
Women University Azad Jammu & Kashmir,Bagh,BS,4 Years,36260,30-09-2024,Sociology
The Islamia University Of Bahawalpur,Bahawal Pur,BS,4 Years,43015,30-06-2025,Sociology
Kalam Bibi International Women Institute,Bannu,BS,4 Years,0,18-09-2025,Sociology
University Of Science & Technology,Bannu,BS,4 Years,16400,20-09-2025,Sociology
Thal University,Bhakkar,BS,4 Years,30000,10-01-2025,Sociology
University Of Malakand,Chakdara,BA [HONS],4 Years,14000,31-07-2025,Sociology
Bacha Khan University,Charsadda,BS,4 Years,32950,22-09-2025,Sociology
University Of Chitral,Chitral,BS,4 Years,0,30-10-2023,Sociology
"Bahauddin Zakria University,multan[d.g.khan Campus]",D.g.khan,BS,4 Years,0,31-01-2015,Sociology
Ghazi University,D.g.khan,BS,4 Years,21300,04-07-2025,Sociology
Gomal University,D.i. Khan,AD,2 Years,0,09-01-2026,Sociology
Gomal University,D.i. Khan,BS,4 Years,0,09-01-2026,Sociology
Fata University,Darra Adam Khail,BS,4 Years,22000,16-08-2025,Sociology
Government College University,Faisalabad,BS,4 Years,24300,24-06-2025,Sociology
Government College Women University,Faisalabad,BS,4 Years,30200,31-07-2025,Sociology
University Of Agriculture,Faisalabad,BS,4 Years,0,28-07-2025,Sociology
Karakuram International University,Gilgit,BS,4 Years,33400,10-08-2025,Sociology
University Of Gujrat,Gujrat,BS,4 Years,66590,15-08-2025,Sociology
Allama Iqbal Open University,Islamabad,BS,4 Years,13750,10-02-2026,Sociology
International Islamic University,Islamabad,BS,4 Years,50400,31-12-2025,Sociology
Quaid-e-azam University,Islamabad,BS,4 Years,54565,29-07-2025,Sociology
University Of Sindh,Jamshoro,BS,4 Years,15200,14-09-2025,Sociology
University Of Jhang,Jhang,BS,4 Years,0,15-09-2025,Sociology
Sindh Madressatul Islam University,Karachi,BS,4 Years,36500,01-12-2025,Sociology
University Of Karachi,Karachi,BS,4 Years,16500,28-11-2025,Sociology
Shah Abdul Latif University,Khair Pur,BS,4 Years,14000,22-09-2025,Sociology
Kohat University Of Science & Technology,Kohat,BS,4 Years,24100,15-09-2025,Sociology
The University Of Management Sciences & Information Technology,Kotli,BS,4 Years,0,10-09-2016,Sociology
University Of Kotli,Kotli,BS,4 Years,0,14-10-2021,Sociology
Government College University Lahore,Lahore,BA [HONS],4 Years,48000,08-08-2025,Sociology
Lahore College For Women University,Lahore,BS,4 Years,49290,25-09-2025,Sociology
University Of The Punjab,Lahore,BS,4 Years,32940,25-09-2025,Sociology
Virtual University Of Pakistan,Lahore,BS,4 Years,21800,30-09-2025,Sociology
"Lasbela University Of Agriculture, Water And Marine Sciences, Uthal",Lasbela,BS,4 Years,16000,20-10-2025,Sociology
University Of Layyah,Layyah,BS,4 Years,28460,17-07-2023,Sociology
Hazara University,Mansehra,BS,4 Years,38980,01-09-2025,Sociology
"Abdul Wali Khan University, Mardan",Mardan,BS,4 Years,35000,18-08-2025,Sociology
Mirpur University Of Science And Technology,Mir Pur (ajk),BS,4 Years,0,15-08-2024,Sociology
"Bahauddin Zakariya University, Multan",Multan,BS,4 Years,20150,02-01-2026,Sociology
Muhammad Nawaz Sharif University Of Agriculture,Multan,BS,4 Years,25200,29-09-2025,Sociology
The Women University,Multan,BS,4 Years,24250,07-01-2025,Sociology
Kohsar University,Murree,BS,4 Years,0,26-02-2026,Sociology
University Of Azad Jammu & Kashmir,Muzaffarabad,B.Sc.,4 Years,0,08-08-2025,Sociology
University Of Okara,Okara,BS,4 Years,46000,18-07-2025,Sociology
Islamia College University,Peshawar,BS,4 Years,62000,16-09-2025,Sociology
The University Of Agriculture,Peshawar,BS,4 Years,38000,15-08-2025,Sociology
University Of Peshawar,Peshawar,BS,4 Years,71000,23-09-2025,Sociology
Balochistan University Of It & Management Sciences,Quetta,BS,4 Years,39410,26-01-2026,Sociology
Sardar Bahadur Khan Women University,Quetta,BS,4 Years,6760,15-09-2025,Sociology
University Of Balochistan,Quetta,BS,4 Years,32000,11-08-2025,Sociology
"Unversity Of The Poonch, Rawala Kot",Rawala Kot,BS,4 Years,41800,20-08-2025,Sociology
Fatima Jinnah Women University,Rawalpindi,BS,4 Years,52050,18-08-2025,Sociology
Pir Mahar Ali Shah Arid Agriculture University,Rawalpindi,BS,4 Years,45650,08-08-2025,Sociology
Rawalpindi Women University,Rawalpindi,BS,4 Years,33065,03-09-2025,Sociology
University Of Sargodha,Sargodha,B.Sc.,4 Years,30000,15-12-2025,Sociology
Government College Women University,Sialkot,BS,4 Years,21000,22-01-2026,Sociology
University Of Swabi,Swabi,BS,4 Years,51270,16-09-2025,Sociology
The University Of Veterinary & Animal Sciences,Swat,BS,4 Years,18000,30-09-2025,Sociology
University Of Swat,Swat,BS,4 Years,19730,12-10-2023,Sociology
University Of Turbat,Turbat,BS,4 Years,18000,21-10-2024,Sociology
"Shaheed Benazir Bhutto University, Sheringal",Upper Dir,BS,4 Years,30010,10-10-2025,Sociology
University Of Chakwal,Chakwal,BS,4 Years,0,11-08-2025,Sociology
Gift University,Gujranwala,BS,4 Years,83800,01-02-2026,Sociology
Muslim Youth University,Islamabad,BS,4 Years,0,29-10-2025,Sociology
Shaheed Zulfiqar Ali Bhutto Institute Of Science & Technology,Karachi,BS,4 Years,120600,12-02-2026,Sociology
Forman Christian College,Lahore,B.Sc. [Hons],4 Years,358200,30-11-2025,Sociology
Lahore Leads University,Lahore,BS,4 Years,140000,04-09-2025,Sociology
Minhaj University,Lahore,BS,4 Years,93750,18-05-2024,Sociology
University Of Management And Technology,Lahore,BS,4 Years,124750,31-07-2024,Sociology
City University Of Science & Information Technology,Peshawar,BS,4 Years,160000,24-02-2023,Sociology
National University Of Medical Sciences,Rawalpindi,BS,4 Years,180000,05-01-2024,Sociology
University Of Wah,Wah Cantt,BS,4 Years,80000,20-09-2023,Sociology
"University Of Science And Technology, Women Campus",Bannu,BS,4 Years,32800,10-09-2021,Sociology
University Of Sargodha ( Bhakkar Campus ),Bhakkar,BS,4 Years,29300,03-11-2021,Sociology
"University Of Agriculture Faisalabad, Sub Campu",Burewala,BS,4 Years,0,28-07-2025,Sociology
"Karakuram International University, Diamer Campus",Chilas,BS,4 Years,0,31-08-2022,Sociology
"Government College University Faisalabad, Chiniot Campus",Chiniot,BS,4 Years,0,24-06-2025,Sociology
Abdulwali Khan University ( Chitral Campus ),Chitral,BS,4 Years,0,15-08-2016,Sociology
University Of Agriculture Faisalabad[sub Campus],Depal Pur,BS,4 Years,0,28-07-2025,Sociology
University Of Gujrat (lahore Campus),Lahore,BS,4 Years,0,25-08-2018,Sociology
Government College University Faisalabad (layyah Campus),Layyah,BS,4 Years,0,04-09-2023,Sociology
Bahauddin Zakariya University (sub Campus Lodhran ),Lodhran,BS,4 Years,20150,02-01-2026,Sociology
University Of Sargodha ( Mandi Baha-ud-din Campus ),Mandi Baha-ud-din,BS,4 Years,0,30-09-2016,Sociology
"Shaheed Benazir Bhutto Women University Peshawar, Sub Campus",Swabi,BS (HONS),4 Years,0,10-10-2013,Sociology
National College Of Business Administration And Economics ( Bahwal Pur Campus ),Bahawal Pur,BS,4 Years,0,19-10-2025,Sociology
"Riphah International University, Faisalabad Campus",Faisalabad,BS,4 Years,50000,18-10-2025,Sociology
National College Of Business Administration And Economics ( Multan Campus ),Multan,BS,4 Years,0,19-10-2025,Sociology
"University Of Management And Technology, Sialkot Campus",Sialkot,BS,4 Years,0,31-01-2019,Sociology
Government Postgraduate College ( Mandian),Abbottabad,BS,4 Years,0,30-11--0001,Sociology
Government Post Graduate College [samanabad],Faisalabad,BS,4 Years,0,23-09-2023,Sociology
"Uaf Community Collge, Jhang Road",Faisalabad,BS,4 Years,0,28-07-2025,Sociology
Government Post Graduate College,Jhang,BS,4 Years,0,30-09-2025,Sociology
Apwa Degree College For Women[jail Road],Lahore,AD,2 Years,0,02-10-2024,Sociology
Government College Of Science[wahdat Road],Lahore,BS,4 Years,0,14-09-2024,Sociology
University Of Home Economics,Lahore,BS,4 Years,0,25-07-2025,Sociology
Emerson University Multan,Multan,BS,4 Years,0,15-08-2025,Sociology
Government College [quet],Quetta,BS,4 Years,0,05-04-2025,Sociology
Government Girls College,Quetta,BS,4 Years,0,20-04-2025,Sociology
Precedent Public School &  Postgraduate Girls College,Haripur,AD,2 Years,0,30-10-2023,Sociology
Alta Vista College,Islamabad,B.Sc. [Hons],3 Years,0,18-06-2011,Sociology
P S E College,Lahore,BS,4 Years,0,27-08-2019,Sociology
Islamia College Of Commerce,Toba Tek Singh,BS,4 Years,0,29-10-2017,Sociology
South Punjab Institute Of Science & Technology,D.g.khan,BS,4 Years,0,30-10-2017,Sociology
Gulab Devi Post Graduate Medical Institute,Lahore,BS,4 Years,0,30-11--0001,Sociology
Abdul Wali Khan University [palosa Campus],Charsadda,BS,4 Years,41794,26-08-2011,Sociology
University Of Balochistan ( Killa Saifullah Campus ),Killa Saifullah,BS,4 Years,32000,11-08-2025,Sociology
Abdulwali Khan University ( Timergara Campus ),Timergara,BS (HONS),4 Years,35000,18-08-2025,Sociology
The University Of Management Sciences & Information Technology,Kotli,BS,4 Years,0,02-10-2015,Software
University Of Sargodha (lyallpur Campus),Faisalabad,BS,4 Years,0,30-09-2017,Software
University Of Sargodha (gujranwala Campus),Gujranwala,BS,4 Years,0,30-09-2017,Software
University Of Sargodha ( Mandi Baha-ud-din Campus ),Mandi Baha-ud-din,BS,4 Years,0,30-09-2017,Software
Raees-ul-ahrar College Of Commerce,Rawalpindi,BS,4 Years,0,10-10-2016,Software
Grace Institute Of Science & Technology,Attock,BS,4 Years,0,15-10-2014,Software
Grace Institute Of Science & Technology,Chakwal,BS,4 Years,0,15-10-2014,Software
Global Institute Lahore,Lahore,BS,4 Years,120000,10-09-2016,Software
Baqai Medical University,Karachi,AD,2 Years,30000,18-10-2024,Software Development
Hamdard University,Karachi,BS,4 Years,155400,15-03-2025,Software Development
Kasb [ Khadim Ali Shah Bukhari ]  Institute Of Technology,Karachi,AD,2 Years,0,01-10-2022,Software Development
Muhammad Ali Jinnah University,Karachi,AD,2 Years,0,22-07-2024,Software Development
The University Of Management Sciences & Information Technology,Kotli,BS,4 Years,0,02-10-2015,Software
University Of Sargodha (lyallpur Campus),Faisalabad,BS,4 Years,0,30-09-2017,Software
University Of Sargodha (gujranwala Campus),Gujranwala,BS,4 Years,0,30-09-2017,Software
University Of Sargodha ( Mandi Baha-ud-din Campus ),Mandi Baha-ud-din,BS,4 Years,0,30-09-2017,Software
Raees-ul-ahrar College Of Commerce,Rawalpindi,BS,4 Years,0,10-10-2016,Software
Grace Institute Of Science & Technology,Attock,BS,4 Years,0,15-10-2014,Software
Grace Institute Of Science & Technology,Chakwal,BS,4 Years,0,15-10-2014,Software
Global Institute Lahore,Lahore,BS,4 Years,120000,10-09-2016,Software
University Of Agriculture,Faisalabad,BS,4 Years,0,28-07-2025,Soil Science
University Of Haripur,Haripur,BS,4 Years,20109,04-02-2025,Soil Science
The University Of Larkano,Larkana,BSC (AGRI.) HON,4 Years,0,24-06-2025,Soil Science
University Of Swabi,Swabi,BS (HONS),4 Years,51270,16-09-2025,Soil Science
Sindh Agriculture University,Tando Jam,BSC (AGRI.) HON,4 Years,25000,30-09-2025,Soil Science
"Sindh Agriculture University, Umerkot Campus",Umerkot,B.Sc. [Hons],4 Years,0,30-09-2025,Soil Science
University Of The Punjab,Lahore,BS,4 Years,41940,25-09-2025,Solid State Physics
Khawaja Fareed University Of Engineering & Information Technology,Rahim Yar Khan,BS,4 Years,40250,20-06-2025,Solid State Physics
Institute Of Space Technology,Islamabad,BS,4 Years,121172,31-07-2025,Space Sciences
University Of Karachi,Karachi,B.Sc. [Hons],4 Years,21000,28-11-2025,Space Sciences
University Of The Punjab,Lahore,BS,4 Years,29950,25-09-2025,Space Sciences
University Of Health Sciences,Lahore,BS,4 Years,0,07-10-2025,Speech Language Pathology
Khyber Medical University,Peshawar,BS,4 Years,80000,30-10-2025,Speech Language Pathology
Bolan University Of Medical & Health Sciences,Quetta,BS,4 Years,0,20-01-2026,Speech Language Pathology
Ibadat International University Islamabad,Islamabad,BS,4 Years,49800,10-09-2023,Speech Language Pathology
Riphah International University,Islamabad,BS,4 Years,111500,30-07-2025,Speech Language Pathology
Shifa Tameer-e-millat University,Islamabad,BS,4 Years,188000,02-08-2022,Speech Language Pathology
Nur International University,Lahore,BS,4 Years,155278,30-09-2024,Speech Language Pathology
Rashid Latif Khan University,Lahore,BS,4 Years,0,25-10-2025,Speech Language Pathology
The University Of Lahore ( Main Campus ),Lahore,BS,4 Years,128000,03-01-2026,Speech Language Pathology
University Of Management And Technology,Lahore,BS,4 Years,0,16-11-2024,Speech Language Pathology
Abasyn University,Peshawar,BS,4 Years,0,01-02-2026,Speech Language Pathology
"University Of Health Sciences, Kala Shah Kaku Campus",Kala Shah Kaku,BS,4 Years,0,25-11-2025,Speech Language Pathology
"Riphah International University, Faisalabad Campus",Faisalabad,BS,4 Years,0,18-10-2025,Speech Language Pathology
Isra University [isb]],Islamabad,BS,4 Years,170000,05-09-2022,Speech Language Pathology
Riphah International University Lahore,Lahore,BS,4 Years,0,25-01-2026,Speech Language Pathology
Riphah International University ( Rawalpindi Campus ),Rawalpindi,BS,2 Years,0,01-10-2020,Speech Language Pathology
Institute Of Health Sciences,Islamabad,BS,4 Years,0,11-09-2025,Speech Language Pathology
National Institute Of Modern Studies,Islamabad,BS,4 Years,0,06-02-2022,Speech Language Pathology
Yusra Medical & Dental College,Islamabad,BS,4 Years,0,30-11--0001,Speech Language Pathology
Fmh College Of Medicine & Dentistry,Lahore,BS,4 Years,0,17-12-2022,Speech Language Pathology
Psrd College Of Rehabilitation Sciences,Lahore,B.Sc. [Hons],4 Years,0,15-08-2025,Speech Language Pathology
Rashid Latif Medical College,Lahore,B.Sc. [Hons],4 Years,0,19-01-2024,Speech Language Pathology
Bakhtawar Amin Medical And Dental College,Multan,BS,4 Years,0,01-01-2025,Speech Language Pathology
Multan Medical And Dental College,Multan,BS,4 Years,0,03-08-2024,Speech Language Pathology
Health Services Academy,Islamabad,BS,4 Years,0,31-01-2026,Speech Language Pathology
The Childrens Hospital & The Institute Of Child Health,Lahore,B.Sc. [Hons],4 Years,0,29-11-2024,Speech Language Pathology
Armed Forces Institute Of Rehabilitation Medicine,Rawalpindi,BS,4 Years,0,16-01-2026,Speech Language Pathology
Fmh Institute Of Allied Health Sciences,Lahore,B.Sc. [Hons],4 Years,0,23-11-2023,Speech Language Pathology
Rehman Medical Institute,Peshawar,BS,4 Years,0,13-09-2025,Speech Language Pathology
King Edward Medical University / Mayo Hospital,Lahore,B.Sc. [Hons],4 Years,54000,10-12-2025,Speech Language Therapy
University Of Okara,Okara,BS,4 Years,46000,18-07-2025,Speech Language Therapy
Lahore University Of Biological & Applied Sciences,Lahore,BS,4 Years,0,13-07-2024,Speech Language Therapy
Pakistan Institute Of Medical Sciences,Islamabad,BS,4 Years,0,21-09-2015,Speech Language Therapy
Danish Degree College,Faisalabad,BS,4 Years,0,22-10-2022,Speech Language Therapy
Advance Life College Of Medical Sciences,Lahore,BS,4 Years,0,30-11-2016,Speech Language Therapy
"Vertex Institute Of Science & Technology, Mirpur Campus",Mir Pur (ajk),AD,2 Years,0,04-01-2023,Speech Language Therapy
Multan College Of Physiotherapy,Multan,BS,4 Years,0,28-11-2022,Speech Language Therapy
School Of Allied Health Sciences,Lahore,B.Sc.,2 Years,0,30-11--0001,Speech Language Therapy
Aims Institute Of Management Sciences,Lahore,BS,4 Years,0,26-11-2016,Speech Language Therapy
Multan Institute Of Health Sciences,Multan,BS,4 Years,0,29-09-2016,Speech Language Therapy
University Of Karachi,Karachi,BS,4 Years,87600,07-11-2025,Sports Business Management
Thal University,Bhakkar,BS,4 Years,30000,10-01-2025,Sport Sciences
University Of The Punjab,Lahore,BS,4 Years,29950,05-08-2025,Sport Sciences
The University Of Lakki Marwat,Lakki Marwat,BS,4 Years,14600,25-09-2024,Sport Sciences
University Of Layyah,Layyah,BS,4 Years,0,17-07-2023,Sport Sciences
"Bahauddin Zakariya University, Multan",Multan,BS,4 Years,20150,02-01-2026,Sport Sciences
University Of The Punjab,Lahore,BS,4 Years,37290,25-09-2025,Statistics Actuarial Sciences
Abbottabad University Of Science And Technology,Abbottabad,B.Sc.,4 Years,27500,26-08-2025,Statistics
Women University Azad Jammu & Kashmir,Bagh,BS,4 Years,43110,01-09-2025,Statistics
The Islamia University Of Bahawalpur,Bahawal Pur,BS,4 Years,45565,30-06-2025,Statistics
University Of Science & Technology,Bannu,BS,4 Years,16400,20-09-2025,Statistics
University Of Malakand,Chakdara,BS,4 Years,20000,15-09-2025,Statistics
Ghazi University,D.g.khan,BS,4 Years,21300,04-07-2025,Statistics
Gomal University,D.i. Khan,B.Sc. [Hons],4 Years,43000,09-01-2026,Statistics
Gomal University,D.i. Khan,AD,2 Years,0,09-01-2026,Statistics
Government College University,Faisalabad,BS,4 Years,28200,24-06-2025,Statistics
Government College Women University,Faisalabad,BS,4 Years,33100,31-07-2025,Statistics
Karakuram International University,Gilgit,BS,4 Years,33400,10-08-2025,Statistics
University Of Gujrat,Gujrat,BS,4 Years,68010,15-08-2025,Statistics
University Of Haripur,Haripur,BS,4 Years,41559,26-01-2026,Statistics
Air University,Islamabad,BS,4 Years,0,23-12-2025,Statistics
Allama Iqbal Open University,Islamabad,BS,4 Years,40450,10-02-2026,Statistics
Federal Urdu University Of Arts Science & Technology Islamabad,Islamabad,BS,4 Years,50000,08-08-2024,Statistics
International Islamic University,Islamabad,BS,4 Years,50400,31-12-2025,Statistics
Quaid-e-azam University,Islamabad,BS,4 Years,54565,29-07-2025,Statistics
University Of Sindh,Jamshoro,BS,4 Years,15200,14-09-2025,Statistics
University Of Karachi,Karachi,BS,4 Years,18500,28-11-2025,Statistics
Shah Abdul Latif University,Khair Pur,B.Sc. [Hons],4 Years,13000,22-09-2025,Statistics
Kohat University Of Science & Technology,Kohat,BS,4 Years,24100,15-09-2025,Statistics
Kinnaird College For Women,Lahore,BS,4 Years,90200,01-12-2025,Statistics
Lahore College For Women University,Lahore,BS,4 Years,51430,25-09-2025,Statistics
University Of The Punjab,Lahore,BS,4 Years,37290,25-09-2025,Statistics
Virtual University Of Pakistan,Lahore,BS,4 Years,21800,30-09-2025,Statistics
Punjab University Of Technology  [ Rasul],Mandi Baha-ud-din,BS,4 Years,0,25-09-2025,Statistics
Hazara University,Mansehra,BS,4 Years,38980,01-09-2025,Statistics
"Abdul Wali Khan University, Mardan",Mardan,BS,4 Years,35000,18-08-2025,Statistics
University Of Mianwali,Mianwali,BS,4 Years,0,31-10-2022,Statistics
Mirpur University Of Science And Technology,Mir Pur (ajk),BS,4 Years,0,31-07-2023,Statistics
"Bahauddin Zakariya University, Multan",Multan,BS,4 Years,27150,02-01-2026,Statistics
The Women University,Multan,BS,4 Years,25750,23-09-2024,Statistics
Kohsar University,Murree,BS,4 Years,0,14-02-2025,Statistics
University Of Azad Jammu & Kashmir,Muzaffarabad,BS,4 Years,0,08-08-2025,Statistics
"Shaheed Benazir Bhutto University, Nawab Shah",Nawab Shah,BS,4 Years,18000,06-10-2025,Statistics
University Of Okara,Okara,BS,4 Years,52000,18-07-2025,Statistics
Islamia College University,Peshawar,BS,4 Years,62000,16-09-2025,Statistics
Shaheed Benazir Bhutto Women University,Peshawar,BS,4 Years,29513,28-09-2025,Statistics
University Of Peshawar,Peshawar,BS,4 Years,71000,23-09-2025,Statistics
University Of Balochistan,Quetta,BS,4 Years,36000,11-08-2025,Statistics
Pir Mahar Ali Shah Arid Agriculture University,Rawalpindi,BS,4 Years,45650,08-08-2025,Statistics
Rawalpindi Women University,Rawalpindi,BS,4 Years,33065,03-09-2025,Statistics
University Of Sahiwal,Sahiwal,BS,4 Years,45823,31-07-2025,Statistics
University Of Sargodha,Sargodha,B.Sc.,4 Years,30000,15-12-2025,Statistics
Government College Women University,Sialkot,BS,4 Years,25000,22-01-2026,Statistics
University Of Sialkot,Sialkot,BS,4 Years,121000,01-11-2024,Statistics
The Begum Nusrat Bhutto Women University,Sukkur,BS,4 Years,43000,04-06-2025,Statistics
Women University Swabi,Swabi,BS,4 Years,45760,06-02-2023,Statistics
University Of Swat,Swat,BS,4 Years,19730,12-10-2023,Statistics
Sindh Agriculture University,Tando Jam,BS,4 Years,25000,30-09-2025,Statistics
Shifa Tameer-e-millat University,Islamabad,BS,4 Years,0,12-08-2022,Statistics
Forman Christian College,Lahore,B.Sc. [Hons],4 Years,358200,30-11-2025,Statistics
Lahore Garrison University,Lahore,BS,4 Years,174635,30-11--0001,Statistics
Minhaj University,Lahore,BS,4 Years,103500,31-10-2025,Statistics
"National College Of Business Administration And Economics, Lahore",Lahore,BIS,4 Years,144000,26-02-2023,Statistics
The Superior University,Lahore,BS,4 Years,0,31-01-2026,Statistics
The University Of Lahore ( Main Campus ),Lahore,BS,4 Years,0,14-09-2024,Statistics
Institute Of Southern Punjab,Multan,BS,4 Years,0,31-01-2025,Statistics
University Of Wah,Wah Cantt,BS,4 Years,80000,20-09-2023,Statistics
"The Islamia University Of Bahawalpur, Ahmadpur East Campus",Ahmadpur East,BS,4 Years,45565,30-06-2024,Statistics
University Of Sargodha (lyallpur Campus),Faisalabad,BS,4 Years,0,30-09-2016,Statistics
"Government College University Lahore, Kala Shah Kaku Campus",Kala Shah Kaku,BS,4 Years,0,11-12-2025,Statistics
"Federal Urdu University Of Arts  Science & Technology, Karachi",Karachi,B.Sc. [Hons],4 Years,22250,29-11-2024,Statistics
Arid Institute Of Management Sciences,Lahore,BS,4 Years,0,29-10-2021,Statistics
Comsats University Islamabad( Lahore Campus ),Lahore,BS,4 Years,112200,29-12-2025,Statistics
University Of Gujrat (lahore Campus),Lahore,BS,4 Years,0,25-08-2018,Statistics
"The Islamia University Of Bahawalpur, Liaqatpur Campus",Liaqatpur,BS,4 Years,45565,30-06-2025,Statistics
University Of Makran,Panjgur,BS,4 Years,8053,25-10-2024,Statistics
The Islamic University Of Bahawalpur[rahimyar Khan Campus],Rahim Yar Khan,BS,4 Years,45565,30-06-2025,Statistics
"Shaheed Benazir Bhutto Women University Peshawar, Sub Campus",Swabi,BS,4 Years,0,10-10-2013,Statistics
National College Of Business Administration & Economics ( Rahim Yar Khan Campus ),Rahim Yar Khan,BS,4 Years,0,03-11-2024,Statistics
"The University Of Lahore, Sub Campus",Sargodha,BS,4 Years,0,08-02-2025,Statistics
Government Degree College For Women[dmr],Bahawal Pur,BS,4 Years,3500,07-10-2025,Statistics
Government S E College,Bahawal Pur,BS,4 Years,0,26-09-2014,Statistics
Government College For Boys( Shab Qadar),Charsadda,BS,4 Years,0,20-09-2012,Statistics
Government Postgraduate College,Charsadda,BS,4 Years,0,27-08-2018,Statistics
Government Post Graduate College,D.g.khan,BS,4 Years,0,30-11--0001,Statistics
Government Post Graduate College Of Science,Faisalabad,BS,4 Years,0,23-09-2024,Statistics
Government Post Graduate College [samanabad],Faisalabad,BS,4 Years,0,23-09-2023,Statistics
Government Postgraduate Islamia College,Faisalabad,BS,4 Years,0,04-10-2014,Statistics
"Uaf Community Collge, Jhang Road",Faisalabad,BS,4 Years,0,28-07-2025,Statistics
Government Post Graduate College[satellite Town],Gujranwala,BS (HONS),4 Years,0,02-10-2025,Statistics
"Islamabad Model College For Boys, F-10/4",Islamabad,BS,4 Years,0,07-09-2025,Statistics
Government Post Graduate College,Jhang,BS,4 Years,0,30-09-2025,Statistics
Government Postgraduate College,Kohat,BS,4 Years,0,20-08-2014,Statistics
Apwa Degree College For Women[jail Road],Lahore,AD,2 Years,0,02-10-2024,Statistics
Government College Of Science[wahdat Road],Lahore,BS,4 Years,0,14-09-2024,Statistics
Government College [township],Lahore,CERT,4 Years,0,07-09-2024,Statistics
Government Dyal Singh College[laxmi Chowk],Lahore,BS,4 Years,0,31-10-2022,Statistics
Government Islamia College [civil Lines],Lahore,BS,4 Years,0,25-09-2023,Statistics
Government Islamia Post Graduate College For Women,Lahore,BS,2 Years,0,30-11--0001,Statistics
Government Post Graduate College For Women [samanabad],Lahore,BS (HONS),4 Years,0,28-10-2021,Statistics
Government Queen Marry College,Lahore,BS,4 Years,0,15-07-2024,Statistics
Government Postgraduate College,Mansehra,BS,4 Years,0,22-08-2015,Statistics
Emerson University Multan,Multan,BS,4 Years,0,15-08-2025,Statistics
Government College For Women [katchery],Multan,BS,4 Years,0,30-11--0001,Statistics
Government College Of Science,Multan,BS,4 Years,0,23-10-2018,Statistics
Government Post Graduate College,Nowshera,BS,4 Years,0,08-09-2014,Statistics
Government College For Boys,Peshawar,BS,4 Years,0,30-08-2017,Statistics
Government College Peshawar,Peshawar,BS,4 Years,0,31-08-2019,Statistics
Government Superior Science College,Peshawar,BS,4 Years,0,20-08-2016,Statistics
Government Postgraduate Boys College,Rawala Kot,BS,4 Years,0,20-10-2012,Statistics
Government Post Graduate College[asghar Mall ],Rawalpindi,BS,4 Years,0,17-08-2025,Statistics
Government Post Graduate Gordon College,Rawalpindi,BS,4 Years,0,08-09-2023,Statistics
"Government Postgraduate College, Boys [satellite Town]",Rawalpindi,BS,4 Years,0,24-08-2024,Statistics
Government Post Graduate College,Sahiwal,BS,4 Years,0,09-10-2013,Statistics
Government Post Grduate College For Women,Sahiwal,BS,4 Years,0,10-11-2022,Statistics
Government Murray College,Sialkot,BS,4 Years,15000,18-08-2023,Statistics
Government Post Graduate College,Swabi,BS,4 Years,0,05-09-2015,Statistics
Gulab Devi Post Graduate Medical Institute,Lahore,BS,4 Years,0,30-11--0001,Statistics
University Of Gujrat ( Sialkot Campus),Sialkot,BS,4 Years,0,18-09-2017,Statistics
Lahore University Of Biological & Applied Sciences,Lahore,BS,4 Years,0,13-07-2024,Strategic Marketing
National Defence University,Islamabad,BS,4 Years,88507,31-12-2025,Strategic Studies
University Of Sargodha,Sargodha,BS,4 Years,30000,15-12-2025,Strategic Studies
The Islamia University Of Bahawalpur,Bahawal Pur,BS,4 Years,48115,30-06-2025,Supply Chain Management
Ghazi University,D.g.khan,BS,4 Years,21300,04-07-2025,Supply Chain Management
Gomal University,D.i. Khan,BS,4 Years,0,09-01-2026,Supply Chain Management
National Textile University,Faisalabad,BS,4 Years,80000,31-07-2023,Supply Chain Management
"Bahria University, E-8 Campus",Islamabad,BS,4 Years,108666,18-12-2025,Supply Chain Management
University Of Karachi,Karachi,BS,4 Years,55500,28-11-2025,Supply Chain Management
Virtual University Of Pakistan,Lahore,AD,2 Years,21800,30-09-2025,Supply Chain Management
"Bahauddin Zakariya University, Multan",Multan,BS,4 Years,27150,18-08-2025,Supply Chain Management
Riphah International University,Islamabad,BS,4 Years,102000,30-07-2025,Supply Chain Management
Shifa Tameer-e-millat University,Islamabad,BS,4 Years,14000,29-09-2022,Supply Chain Management
Ilma University,Karachi,BBA,4 Years,137150,10-09-2022,Supply Chain Management
Muhammad Ali Jinnah University,Karachi,BS,4 Years,0,22-07-2024,Supply Chain Management
Imperial College Of Business Studies,Lahore,BS,4 Years,0,21-08-2023,Supply Chain Management
Lahore Leads University,Lahore,BS,4 Years,0,04-09-2025,Supply Chain Management
Grand Asian University Sialkot,Sialkot,AD,2 Years,0,21-09-2024,Supply Chain Management
Bahria University ( Karachi Campus ),Karachi,BS,4 Years,108666,17-11-2025,Supply Chain Management
Riphah International University Lahore,Lahore,BS,4 Years,0,15-01-2024,Supply Chain Management
Ordinance College,Karachi,BS,2 Years,0,05-01-2026,Supply Chain Management
National College Of Business Administration & Economics (front Lane Campus),Lahore,BS,2 Years,0,14-10-2017,Supply Chain Management
Brains Institute,Peshawar,AD,2 Years,0,30-12-2022,Supply Chain Management
University Of Loralai,Loralai,BS,4 Years,11300,12-08-2024,Surgery
Sohail University,Karachi,BS,4 Years,0,17-10-2024,Surgery
Barikot College Of Nursing,Barikot,CERT,4 Years,0,12-04-2025,Surgery
University Of Science & Technology,Bannu,BS,4 Years,0,20-09-2025,Surgery Technology
Gomal University,D.i. Khan,BS,4 Years,0,31-07-2025,Surgery Technology
University Of Haripur,Haripur,BS,4 Years,48829,26-01-2026,Surgery Technology
"Shaheed Zulfiqar Ali Bhutto Medical University, Pims",Islamabad,BS,4 Years,0,22-10-2025,Surgery Technology
Dow University Of Health Sciences,Karachi,BS,4 Years,100000,20-12-2025,Surgery Technology
King Edward Medical University / Mayo Hospital,Lahore,B.Sc. [Hons],4 Years,54000,10-12-2025,Surgery Technology
University Of Azad Jammu & Kashmir,Muzaffarabad,BS,4 Years,0,08-08-2025,Surgery Technology
Khyber Medical University,Peshawar,BS,4 Years,80000,30-10-2025,Surgery Technology
University Of Peshawar,Peshawar,BS,4 Years,0,11-08-2025,Surgery Technology
University Of Swabi,Swabi,BS,4 Years,51270,16-09-2025,Surgery Technology
Muslim Youth University,Islamabad,BS,4 Years,0,29-10-2025,Surgery Technology
Shifa Tameer-e-millat University,Islamabad,B.Sc.,4 Years,188000,18-11-2025,Surgery Technology
Shifa Tameer-e-millat University,Islamabad,AD,2.5 Years,14000,18-11-2025,Surgery Technology
The University Of Lahore ( Main Campus ),Lahore,BS,4 Years,0,03-01-2026,Surgery Technology
Northern University,Nowshera,BS,4 Years,30250,16-02-2026,Surgery Technology
Abasyn University,Peshawar,BS,4 Years,0,01-02-2026,Surgery Technology
Gandhara University,Peshawar,BS,4 Years,0,25-10-2025,Surgery Technology
Iqra National University,Peshawar,BS,4 Years,77436,07-02-2026,Surgery Technology
Sarhad University Of Science & Information Technology,Peshawar,BS,4 Years,56500,05-12-2025,Surgery Technology
"Kmu Institute Of Health Sciences, G. I. Khan Campus",D.i. Khan,BS,4 Years,0,11-09-2025,Surgery Technology
"Kmu Institute Of Health Sciences, Kohat",Kohat,BS,4 Years,0,11-09-2025,Surgery Technology
"Kmu Institute Of Health Sciences, Hazara",Mansehra,BS,4 Years,0,11-09-2025,Surgery Technology
"Institute Of Health Sciences, Kurram",Para Chinar,BS,4 Years,0,11-09-2025,Surgery Technology
Kmu Institute Of Health Sciences,Swabi,BS,4 Years,0,11-09-2025,Surgery Technology
Kmu Institute Of Health Sciences,Swat,BS,4 Years,0,11-09-2025,Surgery Technology
"Iqra National Univesity, Swat Campus",Swat,BS,4 Years,73638,30-09-2025,Surgery Technology
Institute Of Health Sciences,Islamabad,BS,4 Years,0,11-09-2025,Surgery Technology
Bacha Khan Medical College,Mardan,BS,4 Years,0,28-11-2025,Surgery Technology
Rahman College Of Modern Science,Batkhela,BS,4 Years,0,25-11-2023,Surgery Technology
Khyber Institute Of Medical Sciences,Charsadda,BS,4 Years,0,18-12-2022,Surgery Technology
"Professional College Of Medical Science, Karak Campus",Karak,BS,4 Years,0,14-12-2019,Surgery Technology
Prime Institute Of Health & Management Sciences,Mardan,BS,4 Years,0,19-01-2023,Surgery Technology
"Vertex Institute Of Science & Technology, Mirpur Campus",Mir Pur (ajk),AD,2 Years,0,04-01-2023,Surgery Technology
Ahmad Medical Institute,Peshawar,BS,4 Years,0,01-11-2019,Surgery Technology
Asian Institute Of Medical & Management Sciences,Peshawar,BS,4 Years,0,28-12-2023,Surgery Technology
Ghazali Institute Of Medical Sciences,Peshawar,BS,4 Years,0,08-09-2025,Surgery Technology
Hefa Foundation,Peshawar,BS,4 Years,0,05-11-2020,Surgery Technology
International College Of Health Sciences,Peshawar,BS,4 Years,0,19-11-2022,Surgery Technology
National College Of Nursing,Peshawar,BS,4 Years,0,20-12-2025,Surgery Technology
Pakistan Institute Of Medical And Management Sciencse,Peshawar,BS,4 Years,0,01-11-2022,Surgery Technology
Professional College Of Medical Science,Peshawar,CERT,4 Years,0,14-12-2019,Surgery Technology
Pir Abdul Qadir Shah Jeelani Institute Of Medical Sciences,Gambat,BS,4 Years,0,07-03-2025,Surgery Technology
Kmu Institute Of Medical Sciences,Kohat,BS,4 Years,0,18-10-2024,Surgery Technology
Dr. Ihsanullah Khan Medical Institute,Charsadda,BS (HONS),4 Years,116000,02-10-2022,Surgery Technology
Aman Medical Institute,Islamabad,BS,4 Years,0,17-11-2021,Surgery Technology
Bashir Institute Of Health Sciences,Islamabad,BS,4 Years,0,08-03-2023,Surgery Technology
Kmu Institute Of Health Sciences,Mardan,BS,4 Years,0,11-09-2025,Surgery Technology
Global Institute Of Medical Sciences,Peshawar,BS,4 Years,0,30-11-2024,Surgery Technology
National Institute Of Health And Management Sciences,Peshawar,BS,4 Years,0,20-12-2025,Surgery Technology
Northwest Institute Of Healths Ciences,Peshawar,BS,4 Years,0,27-09-2025,Surgery Technology
Premier Institute Of Health And Management Sciences,Peshawar,BS,4 Years,0,17-09-2024,Surgery Technology
Rehman Medical Institute,Peshawar,BS,4 Years,0,13-09-2025,Surgery Technology
School Of Health Sciences,Peshawar,BS,4 Years,0,30-11-2020,Surgery Technology
"Riphah Community College, Abbotabad Campus",Abbottabad,AD,2 Years,0,31-08-2023,Surgical Assistant
"Riphah International College, Bahawlpur",Bahawal Pur,AD,2 Years,0,31-10-2022,Surgical Assistant
"Riphah International College, Lahore",Lahore,AD,2 Years,0,01-11-2024,Surgical Assistant
"Riphah International College, Peshawar",Peshawar,AD,2 Years,0,30-10-2023,Surgical Assistant
University Of The Punjab,Lahore,BS,4 Years,37540,25-09-2025,Taxation Management
Kasb [ Khadim Ali Shah Bukhari ]  Institute Of Technology,Karachi,BS,4 Years,0,01-10-2022,Taxation Management
The University Of Lahore ( Main Campus ),Lahore,BS,4 Years,0,31-01-2026,Taxation Management
Lahore School Of Accountancy & Finance,Lahore,BS,4 Years,0,16-02-2026,Taxation Management
The Islamia University Of Bahawalpur,Bahawal Pur,BS,4 Years,48115,30-06-2025,Technology Management
Dawood University Of Engineering And Technology,Karachi,BS,4 Years,32000,15-07-2025,Technology Management
Information Technology University,Lahore,BS,4 Years,206000,18-06-2025,Technology Management
Punjab Tianjin University Of Technology,Lahore,BS,4 Years,25500,31-07-2025,Technology Management
Punjab University Of Technology  [ Rasul],Mandi Baha-ud-din,BE,4 Years,0,04-10-2024,Technology Management
University Of Engineering And Technology (rasul),Mandi Baha-ud-din,BS,4 Years,0,30-11--0001,Technology Management
The Begum Nusrat Bhutto Women University,Sukkur,BS,4 Years,43000,04-06-2025,Technology Management
Institute Of Business Management,Karachi,BS,4 Years,155800,28-06-2023,Technology Management
Zia-ud-din Medical University,Karachi,BS,4 Years,165000,26-08-2025,Technology Management
Emerson University Multan,Multan,BS,4 Years,0,15-07-2024,Technology Management
The Islamia University Of Bahawalpur,Bahawal Pur,B.Sc. [Engg.],4 Years,53415,30-06-2025,Telecommunication
University Of Science & Technology,Bannu,BS,4 Years,44300,23-08-2019,Telecommunication
Government College University,Faisalabad,BS,4 Years,63400,18-09-2024,Telecommunication
Air University,Islamabad,BE,4 Years,112050,25-07-2025,Telecommunication
Mehran University Of Engineering & Technology,Jamshoro,BE,4 Years,38600,18-08-2025,Telecommunication
University Of Sindh,Jamshoro,BS,4 Years,25000,14-09-2025,Telecommunication
Dawood University Of Engineering And Technology,Karachi,BE,4 Years,32000,31-07-2024,Telecommunication
Ned University Of Engineering & Technology,Karachi,BE,4 Years,46670,20-05-2025,Telecommunication
Hazara University,Mansehra,BS (HONS),4 Years,41300,01-09-2025,Telecommunication
"University Of Engineering & Technology ,mardan",Mardan,B.Sc. [Engg.],4 Years,48825,15-08-2025,Telecommunication
"Quaid-e-awam University Of Engineering, Sciences & Technology",Nawab Shah,BE,4 Years,20000,31-05-2025,Telecommunication
Balochistan University Of It & Management Sciences,Quetta,BS,4 Years,48415,20-08-2025,Telecommunication
Sukkur Iba University,Sukkur,BE,4 Years,120000,07-02-2026,Telecommunication
"University Of Engineering &  Technology, Taxila",Taxila,BE,4 Years,102400,22-03-2026,Telecommunication
Al-khair University [ajk],Islamabad,BE,4 Years,0,01-01-1970,Telecommunication
Karachi Institute Of Economics & Technology,Karachi,B.Sc. [Engg.],4 Years,117600,06-01-2024,Telecommunication
Sir Syed University Of Engineering & Technology,Karachi,BS,4 Years,96000,19-07-2024,Telecommunication
Pimsat Institute Of Higher Education [lhr],Lahore,BS,4 Years,0,30-11--0001,Telecommunication
Preston University [pesh],Peshawar,BS,4 Years,0,20-06-2016,Telecommunication
"Bahria University, H-11 Campus",Islamabad,BS,4 Years,121550,24-07-2025,Telecommunication
Isra University [khi],Karachi,B.Sc.,4 Years,150000,09-11-2018,Telecommunication
Preston University [lhr],Lahore,BS,4 Years,0,20-06-2016,Telecommunication
"National College Of Business Administration & Economics, Layyah Capmus",Layyah,BS,4 Years,0,20-12-2014,Telecommunication
Pimsat - Institute Of Higher Education,Karachi,BS(TECHNOLOGY),4 Years,0,06-02-2016,Telecommunication
Army Public College Of Management & Sciences,Rawalpindi,B.Sc. [Engg.],4 Years,0,06-08-2015,Telecommunication
Institute Of Advance Technology,Islamabad,BS,4 Years,0,01-01-1970,Telecommunication
National Institute Of Information Technology,Islamabad,BS,4 Years,0,01-01-1970,Telecommunication
Sir Syed Institute Of Technology,Islamabad,BE,4 Years,0,01-01-1970,Telecommunication
Biztek Institute Of Business & Technology,Karachi,BS,4 Years,0,23-02-2012,Telecommunication
Fast Institute Of Computer Science,Karachi,B.Sc. [Engg.],4 Years,0,01-01-1970,Telecommunication
Usman Institute Of Technology,Karachi,BE,4 Years,215200,22-09-2021,Telecommunication
"Bahauddin Zakariya University, Lahore Campus",Lahore,BS,4 Years,32000,30-11--0001,Telecommunication
The Islamia University Of Bahawalpur,Bahawal Pur,BS,4 Years,49665,30-06-2025,Telecom Networking
University Of Haripur,Haripur,BS,4 Years,53358,26-01-2026,Telecom Networking
Lahore Garrison University,Lahore,BS,4 Years,174635,30-11--0001,Telecom Networking
Brains Institute,Peshawar,AD,2 Years,0,30-12-2022,Telecom Networking
Ned University Of Engineering & Technology,Karachi,BS,4 Years,46670,20-05-2025,Textile Science
Textile Institute Of Pakistan,Karachi,B.Sc. [Hons],4 Years,180000,30-06-2024,Textile Science
University Of Management And Technology,Lahore,BS,4 Years,224750,31-07-2024,Textile Science
College Of Home Economics,Peshawar,BS,4 Years,0,04-10-2021,Textile Science
National Textile University,Faisalabad,BS,4 Years,86000,31-07-2023,Textile Apparel Marchandizing
National Textile University,Faisalabad,BS,4 Years,80000,31-07-2023,Textile Engineering
Mehran University Of Engineering & Technology,Jamshoro,BE,4 Years,38600,18-08-2025,Textile Engineering
Ned University Of Engineering & Technology,Karachi,BE,4 Years,46670,20-05-2025,Textile Engineering
"Bahauddin Zakariya University, Multan",Multan,B.Sc. [Engg.],4 Years,43650,18-08-2025,Textile Engineering
Balochistan University Of It & Management Sciences,Quetta,BS,4 Years,48415,26-01-2026,Textile Engineering
Hamdard University-faisalabad,Faisalabad,BE,4 Years,0,01-01-1970,Textile Engineering
University Of Engineering And Technology[fiasalabad Campus],Faisalabad,B.Sc. [Engg.],4 Years,62427,22-03-2026,Textile Engineering
"National Textile University Faisalabad, Sub Campus",Karachi,BS,4 Years,66000,15-09-2023,Textile Engineering
Synthetic Fibre Development & Application Centre,Karachi,BE,4 Years,0,18-11-2013,Textile Engineering
University Of East,Hyderabad,BTM,4 Years,0,01-01-1970,Textile Management
National Textile College & Management Institute,Faisalabad,BTM,4 Years,0,27-09-2013,Textile Management
National Textile University,Faisalabad,BS,4 Years,86000,31-07-2023,Textile Management Marketing
Textile Institute Of Pakistan,Karachi,BBA (H),4 Years,180000,30-06-2024,Textile Management Marketing
"National Textile University Faisalabad, Sub Campus",Karachi,BS,4 Years,87600,15-09-2023,Textile Management Marketing
Synthetic Fibre Development & Application Centre,Karachi,BBA,4 Years,0,30-11-2012,Textile Marketing Merchandising
Hamdard University,Karachi,BS,4 Years,84700,15-07-2023,Total Quality Management
The Islamia University Of Bahawalpur,Bahawal Pur,BS,4 Years,48115,30-06-2025,Tourism Hospitality
University Of Science & Technology,Bannu,BS,4 Years,16400,20-09-2025,Tourism Hospitality
Ghazi University,D.g.khan,BS,4 Years,0,04-07-2025,Tourism Hospitality
Gomal University,D.i. Khan,BS,4 Years,0,09-01-2026,Tourism Hospitality
Government College Women University,Faisalabad,BS,4 Years,30200,31-07-2025,Tourism Hospitality
Karakuram International University,Gilgit,BS,4 Years,0,10-08-2025,Tourism Hospitality
University Of Gujrat,Gujrat,BS,4 Years,90150,13-09-2024,Tourism Hospitality
University Of Haripur,Haripur,BS,4 Years,19748,08-09-2025,Tourism Hospitality
"Bahria University, E-8 Campus",Islamabad,BS,4 Years,0,18-12-2025,Tourism Hospitality
National Skills University,Islamabad,BS,4 Years,40600,13-09-2025,Tourism Hospitality
"National University Of Modern Languages, Islamabad",Islamabad,BS,4 Years,0,30-11--0001,Tourism Hospitality
National University Of Science & Technology,Islamabad,BS,4 Years,174050,25-01-2026,Tourism Hospitality
Quaid-e-azam University,Islamabad,BS,4 Years,54565,29-07-2025,Tourism Hospitality
Kohat University Of Science & Technology,Kohat,BS,4 Years,33000,15-09-2025,Tourism Hospitality
University Of Kotli,Kotli,BS,4 Years,0,15-09-2022,Tourism Hospitality
University Of The Punjab,Lahore,BS,4 Years,47540,25-09-2025,Tourism Hospitality
Hazara University,Mansehra,BA [HONS],4 Years,38980,01-09-2025,Tourism Hospitality
"Abdul Wali Khan University, Mardan",Mardan,BS,4 Years,35000,18-08-2025,Tourism Hospitality
Multan University Of Science And Technology,Multan,AD,2 Years,0,16-11-2024,Tourism Hospitality
Multan University Of Science And Technology,Multan,AD,2 Years,0,24-01-2025,Tourism Hospitality
Kohsar University,Murree,BS,4 Years,0,26-02-2026,Tourism Hospitality
University Of Azad Jammu & Kashmir,Muzaffarabad,BS,4 Years,0,08-08-2025,Tourism Hospitality
University Of Okara,Okara,CERT,4 Years,52000,30-11--0001,Tourism Hospitality
Institute Of Management Sciences,Peshawar,AD,2 Years,155700,03-08-2023,Tourism Hospitality
The University Of Agriculture,Peshawar,BS,4 Years,47000,15-08-2025,Tourism Hospitality
Khawaja Fareed University Of Engineering & Information Technology,Rahim Yar Khan,BS,4 Years,40250,20-06-2025,Tourism Hospitality
"Unversity Of The Poonch, Rawala Kot",Rawala Kot,BS (HONS),4 Years,0,20-08-2025,Tourism Hospitality
"Aror University Of Art, Architecture, Design And Heritage",Sukkur,BS,4 Years,54000,14-01-2026,Tourism Hospitality
"Aror University Of Art, Architecture, Design And Heritage",Sukkur,AD,2 Years,54000,14-01-2026,Tourism Hospitality
Women University Swabi,Swabi,BS,4 Years,42460,31-08-2021,Tourism Hospitality
University Of Swat,Swat,BS,4 Years,19730,12-10-2023,Tourism Hospitality
Hamdard University,Karachi,BS,4 Years,0,15-07-2023,Tourism Hospitality
Lahore Leads University,Lahore,BS,4 Years,0,04-09-2025,Tourism Hospitality
Institute Of Southern Punjab,Multan,BS,4 Years,0,31-01-2025,Tourism Hospitality
Mirpur University Of Science And Technology ( Pallandri Campus),Pallandri,BS,4 Years,0,15-08-2024,Tourism Hospitality
"Air University, H-11 Campus",Islamabad,BS,4 Years,108460,23-12-2025,Tourism Hospitality
Hamdard University - Islamabad Campus,Islamabad,AD,2 Years,0,15-07-2023,Tourism Hospitality
Foundation University Islamabad (sub Campus),Rawalpindi,BS,4 Years,110000,08-01-2026,Tourism Hospitality
College Of Tourism & Hotel Management,Bahawal Pur,AD,2 Years,0,31-10-2020,Tourism Hospitality
University Of Home Economics,Lahore,BS,4 Years,0,11-09-2024,Tourism Hospitality
"College Of Tourism & Hotel Management, Faisalabad",Faisalabad,AD,2 Years,0,31-10-2020,Tourism Hospitality
College Of Tourism And Hotel Management,Islamabad,AD,2 Years,0,02-10-2021,Tourism Hospitality
College Of Tourism And Hotel Management,Karachi,AD,2 Years,0,31-10-2020,Tourism Hospitality
College Of Tourism And Hotel Management,Lahore,AD,2 Years,0,18-07-2023,Tourism Hospitality
College Of Tourism And Hotel Management,Multan,AD,2 Years,0,31-10-2020,Tourism Hospitality
College Of Tourism & Hotel Management,Rahim Yar Khan,AD,2 Years,0,31-10-2020,Tourism Hospitality
"College Of Tourism And Hotel Management, Rawalpindi",Rawalpindi,AD,2 Years,0,26-12-2020,Tourism Hospitality
Nfc Institute Of Engineering & Fertilizer Research,Faisalabad,BS,4 Years,0,22-07-2025,Tourism Hospitality
Institute For Art And Culture,Lahore,BS,4 Years,0,03-09-2025,Tourism Hospitality
Brains Institute,Peshawar,AD,2 Years,0,30-12-2022,Tourism Hospitality
University Of Malakand,Chakdara,BS,4 Years,0,31-07-2025,Tourism Hotel Management
University Of Chitral,Chitral,BS,4 Years,0,30-10-2023,Tourism Hotel Management
University Of Peshawar,Peshawar,BS,4 Years,73000,23-09-2025,Tourism Hotel Management
University Of Swabi,Swabi,BS,4 Years,51270,16-09-2025,Tourism Hotel Management
"Shaheed Benazir Bhutto University, Sheringal",Upper Dir,BS,4 Years,30010,10-10-2025,Tourism Hotel Management
Greenwich University,Karachi,B.Sc. [Hons],4 Years,0,14-07-2024,Tourism Hotel Management
Grand Asian University Sialkot,Sialkot,AD,2 Years,0,21-09-2024,Tourism Hotel Management
National College Of Business Administration & Economics (front Lane Campus),Lahore,BS,2 Years,0,17-09-2018,Tourism Hotel Management
National College Of Business Administration & Economics (front Lane Campus),Lahore,B.Sc.,4 Years,0,17-09-2018,Tourism Hotel Management
Muslim Youth University,Islamabad,BS,4 Years,0,29-10-2025,Tourism Management
University Of Health Sciences,Lahore,BS,4 Years,0,07-10-2025,Transfusion Medicine
Institute Of Health Sciences,Islamabad,BS,4 Years,0,30-11-2025,Transitional Prosthetics Orthotics
"University Of Engineering & Technology, Lahore",Lahore,B.Sc. [Engg.],4 Years,62427,22-03-2026,Transportation Engineering
University Of Management And Technology,Lahore,AD,2 Years,0,16-11-2024,Ultrasound Technology
"Iqra University, Chak Shahzad Campus",Islamabad,BS,4 Years,111180,29-02-2024,Ultrasound Technology
Hefa Foundation,Peshawar,BS,4 Years,0,05-11-2020,Ultrasound Technology
Ned University Of Engineering & Technology,Karachi,BE,4 Years,46670,20-05-2025,Urban Regional Planning
University Of Peshawar,Peshawar,BS,4 Years,71000,23-09-2025,Urban Regional Planning
Shifa Tameer-e-millat University,Islamabad,AD,2.5 Years,14000,18-11-2025,Urology
Shifa Tameer-e-millat University,Islamabad,B.Sc.,4 Years,188000,18-11-2025,Urology
Cholistan University Of  Veterinary & Animal Sciences,Bahawal Pur,DVM,5 Years,41500,15-08-2024,Veterinary Medicine
The Islamia University Of Bahawalpur,Bahawal Pur,DVM,5 Years,69965,30-06-2025,Veterinary Medicine
Azad Jammu & Kashmir University Of Bhimber,Bhimber,DVM,5 Years,0,08-09-2024,Veterinary Medicine
Gomal University,D.i. Khan,DVM,5 Years,52220,31-07-2025,Veterinary Medicine
University Of Agriculture,Faisalabad,DVM,5 Years,60500,28-07-2025,Veterinary Medicine
University Of Veterinary And Animal Sciences,Lahore,DVM,5 Years,45500,01-08-2025,Veterinary Medicine
"Lasbela University Of Agriculture, Water And Marine Sciences, Uthal",Lasbela,DVM,5 Years,21500,20-10-2025,Veterinary Medicine
"Abdul Wali Khan University, Mardan",Mardan,DVM,4 Years,75000,18-08-2025,Veterinary Medicine
"Bahauddin Zakariya University, Multan",Multan,DVM,5 Years,41450,18-08-2025,Veterinary Medicine
Multan University Of Science And Technology,Multan,DVM,5 Years,0,24-01-2026,Veterinary Medicine
The University Of Agriculture,Peshawar,DVM,5 Years,47000,15-08-2025,Veterinary Medicine
"Unversity Of The Poonch, Rawala Kot",Rawala Kot,DVM,5 Years,70000,20-08-2025,Veterinary Medicine
Pir Mahar Ali Shah Arid Agriculture University,Rawalpindi,DVM,5 Years,45650,08-08-2025,Veterinary Medicine
Shaheed Benazir Bhutto  International University Of Veterinary And Animal Sciences,Sakrand,DVM,5 Years,9300,19-12-2025,Veterinary Medicine
The University Of Veterinary & Animal Sciences,Swat,DVM,5 Years,18000,30-09-2025,Veterinary Medicine
Sindh Agriculture University,Tando Jam,DVM,5 Years,30000,30-09-2025,Veterinary Medicine
Zia-ud-din Medical University,Karachi,DVM,5 Years,0,26-08-2025,Veterinary Medicine
"Mirpur University Of Science & Technology, Bhimber Campus",Bhimber,DVM,5 Years,0,31-07-2023,Veterinary Medicine
College Of Veterinary And Animal Sciences,Jhang,DVM,5 Years,45500,12-09-2025,Veterinary Medicine
University Of Veterinary And Animal Sciences [ Ravi Campus],Pattoki,DVM,5 Years,45500,01-08-2025,Veterinary Medicine
Riphah International University Lahore,Lahore,DVM,5 Years,198000,25-01-2026,Veterinary Medicine
Khan Bahadur Chaudhary Mushtaq Ahmad College Of Veterinary And Animal Sciences,Narowal,DVM,5 Years,45500,12-09-2025,Veterinary Medicine
Riphah College Of Veterinary Sciences,Lahore,DVM,5 Years,0,18-01-2026,Veterinary Medicine
Khyber Institute Of Veterinary Sciences,Peshawar,DVM,5 Years,0,16-09-2017,Veterinary Medicine
University Of Haripur,Haripur,BS,4 Years,20109,26-01-2026,Virology Immunology
Faisalabad Medical University,Faisalabad,B.Sc. [Hons],4 Years,0,15-12-2025,Vision Sciences
"Shaheed Zulfiqar Ali Bhutto Medical University, Pims",Islamabad,BS,4 Years,0,22-10-2025,Vision Sciences
University Of Azad Jammu & Kashmir,Muzaffarabad,BS,4 Years,0,08-08-2025,Vision Sciences
Isra University/hospital,Hyderabad,BS,4 Years,0,15-12-2023,Vision Sciences
Ibadat International University Islamabad,Islamabad,BS,4 Years,120600,10-09-2023,Vision Sciences
Sir Syed Case Institute Of Technology,Islamabad,BS,4 Years,0,13-01-2026,Vision Sciences
The University Of Lahore ( Main Campus ),Lahore,BS,4 Years,197000,03-01-2026,Vision Sciences
Abasyn University,Peshawar,BS,4 Years,0,01-02-2026,Vision Sciences
Gandhara University,Peshawar,BS,4 Years,0,25-10-2025,Vision Sciences
Abasyn University (sub Campus),Islamabad,BS,4 Years,0,28-12-2025,Vision Sciences
The University Of Lahore ( Islamabad Campus ),Islamabad,OD,5 Years,0,11-10-2019,Vision Sciences
Isra University [khi],Karachi,B.Sc. [Hons],4 Years,125000,30-12-2025,Vision Sciences
Government College For Women [gulberg],Lahore,BS,4 Years,0,15-05-2024,Vision Sciences
College Of Medical Technology/pims,Islamabad,BS,4 Years,0,18-09-2025,Vision Sciences
Kmu Institute Of Medical Sciences,Kohat,BS,4 Years,0,18-10-2024,Vision Sciences
Pakistan Institute Of Community Ophthalmology,Peshawar,BS,4 Years,0,21-11-2020,Vision Sciences
Pakistan Institute Of Rehabilitation Sciences,Islamabad,BS,4 Years,0,20-03-2022,Vision Sciences
Rehman Medical Institute,Peshawar,BS,4 Years,0,13-09-2025,Vision Sciences
The Islamia University Of Bahawalpur,Bahawal Pur,BS,4 Years,49665,30-06-2025,Water Management
"Bahauddin Zakariya University, Multan",Multan,B.Sc. [Hons],4 Years,25150,18-08-2025,Water Management
University Of The Punjab,Lahore,BS,4 Years,32940,25-09-2025,Water Resource Management
"Lasbela University Of Agriculture, Water And Marine Sciences, Uthal",Lasbela,BS,4 Years,21500,20-10-2025,Water Resource Management
Minhaj University,Lahore,AD,2 Years,0,18-05-2024,Web Designing
"National College Of Business Administration And Economics, Lahore",Lahore,AD,2 Years,0,26-02-2023,Web Designing
Virtual University Of Pakistan,Lahore,AD,2 Years,21800,30-09-2025,Web Designing Development
Informatics Group Of Colleges,Faisalabad,AD,2 Years,36000,07-01-2023,Web Designing Development
Emaan Institute Of Management & Sciences,Karachi,AD,2 Years,96000,20-07-2024,Web Designing Development
Biztek Institute Of Business & Technology,Karachi,BS,4 Years,0,23-02-2012,Web Designing Multimedia
Shaheed Benazir Bhutto  International University Of Veterinary And Animal Sciences,Sakrand,BS,4 Years,9300,19-12-2025,Wildlife Ecology
"Shaheed Benazir Bhutto University, Sheringal",Upper Dir,BS,4 Years,30010,10-10-2025,Wildlife Ecology
University Of Kotli,Kotli,BS,4 Years,0,15-08-2025,Wildlife Fisheries
Gomal University,D.i. Khan,BS,4 Years,34600,31-07-2025,Wildlife Management
"Unversity Of The Poonch, Rawala Kot",Rawala Kot,BS,4 Years,0,21-02-2025,Wildlife Management
The Begum Nusrat Bhutto Women University,Sukkur,BS,4 Years,43000,11-08-2023,Women Entrepreneurship and Leadership
Ghazi University,D.g.khan,BS,4 Years,0,04-07-2025,Women Studies
University Of Karachi,Karachi,BS,4 Years,15000,28-11-2025,Women Studies
Lahore Leads University,Lahore,BS,4 Years,0,04-09-2025,Women Studies
Wazirabad College Of Pharmacy,Wazirabad,DIP,2 Years,0,19-03-2022,X Ray Technician
Abbottabad University Of Science And Technology,Abbottabad,BS,4 Years,28500,26-08-2025,Zoology
Women University Azad Jammu & Kashmir,Bagh,BS,4 Years,43110,01-09-2025,Zoology
Cholistan University Of  Veterinary & Animal Sciences,Bahawal Pur,BS,4 Years,37500,15-08-2024,Zoology
The Government Sadiq College Women University,Bahawal Pur,BS,4 Years,31340,28-01-2026,Zoology
The Government Sadiq College Women University,Bahawal Pur,AD,2 Years,0,30-08-2024,Zoology
The Islamia University Of Bahawalpur,Bahawal Pur,BS,4 Years,47115,30-06-2025,Zoology
Kalam Bibi International Women Institute,Bannu,BS,4 Years,0,18-09-2025,Zoology
University Of Science & Technology,Bannu,BS,4 Years,16400,20-09-2025,Zoology
The University Of Buner,Buner,BS,4 Years,0,15-08-2025,Zoology
University Of Malakand,Chakdara,BS,4 Years,20000,15-09-2025,Zoology
Bacha Khan University,Charsadda,BS,4 Years,37000,22-09-2025,Zoology
University Of Chitral,Chitral,BS,4 Hours,0,30-10-2023,Zoology
Ghazi University,D.g.khan,BS,4 Years,21300,04-07-2025,Zoology
University Of Education [ D.g. Khan Campus ],D.g.khan,BS,4 Years,20214,02-09-2025,Zoology
Gomal University,D.i. Khan,BS,4 Years,46600,31-07-2025,Zoology
Gomal University,D.i. Khan,AD,2 Years,0,31-07-2025,Zoology
Fata University,Darra Adam Khail,BS,4 Years,0,23-10-2024,Zoology
Government College University,Faisalabad,BS,4 Years,28200,12-01-2026,Zoology
Government College Women University,Faisalabad,BS,4 Years,33100,31-07-2025,Zoology
University Of Agriculture,Faisalabad,BS,4 Years,60000,28-07-2025,Zoology
University Of Education [ Faisalabad Campus ],Faisalabad,BS,4 Years,20214,02-09-2025,Zoology
Karakuram International University,Gilgit,BS,4 Years,0,10-08-2025,Zoology
University Of Gujrat,Gujrat,BS,4 Years,68010,15-08-2025,Zoology
University Of Gwadar,Gwadar,BS,4 Years,0,08-08-2025,Zoology
University Of Haripur,Haripur,BS,4 Years,20113,26-01-2026,Zoology
Government College University Hyderabad,Hyderabad,BS,4 Years,11000,15-09-2025,Zoology
Quaid-e-azam University,Islamabad,BS,4 Years,54565,29-07-2025,Zoology
University Of Sindh,Jamshoro,BS,4 Years,15200,14-09-2025,Zoology
University Of Jhang,Jhang,BS,4 Years,0,15-09-2025,Zoology
University Of Karachi,Karachi,BS,4 Years,18500,28-11-2025,Zoology
Khushal Khan Khattak University,Karak,BS,4 Years,34000,19-01-2026,Zoology
Shah Abdul Latif University,Khair Pur,BS,4 Years,24250,22-09-2025,Zoology
Kohat University Of Science & Technology,Kohat,BS,4 Years,37700,15-09-2025,Zoology
The University Of Management Sciences & Information Technology,Kotli,BS,4 Years,0,10-09-2016,Zoology
University Of Kotli,Kotli,BS,4 Years,0,15-08-2025,Zoology
Government College University Lahore,Lahore,B.Sc. [Hons],4 Years,52000,11-12-2025,Zoology
Kinnaird College For Women,Lahore,BIM,4 Years,90200,04-07-2025,Zoology
Lahore College For Women University,Lahore,BS,4 Years,57470,25-09-2025,Zoology
University Of Education,Lahore,BS (HONS),4 Years,20214,09-01-2026,Zoology
University Of The Punjab,Lahore,B.Sc. [Hons],4 Years,47540,25-09-2025,Zoology
Virtual University Of Pakistan,Lahore,BS,4 Years,21800,30-09-2025,Zoology
The University Of Lakki Marwat,Lakki Marwat,BS,4 Years,17100,25-09-2024,Zoology
University Of Layyah,Layyah,BS,4 Years,0,17-07-2023,Zoology
University Of Loralai,Loralai,BS,4 Years,11300,18-08-2025,Zoology
Punjab University Of Technology  [ Rasul],Mandi Baha-ud-din,BS,4 Years,0,25-09-2025,Zoology
Hazara University,Mansehra,B.Sc. [Hons],4 Years,38980,01-09-2025,Zoology
"Abdul Wali Khan University, Mardan",Mardan,BS,4 Years,55000,18-08-2025,Zoology
Women University Mardan,Mardan,BS,4 Years,41400,28-01-2026,Zoology
University Of Mianwali,Mianwali,BS,4 Years,0,03-10-2025,Zoology
Mirpur University Of Science And Technology,Mir Pur (ajk),BS,4 Years,0,15-10-2024,Zoology
"Bahauddin Zakariya University, Multan",Multan,BS,4 Years,27150,15-09-2025,Zoology
Muhammad Nawaz Sharif University Of Agriculture,Multan,BS,4 Years,25200,29-09-2025,Zoology
The Women University,Multan,BS,4 Years,25750,23-09-2024,Zoology
University Of Education [ Multan Campus ],Multan,BS,4 Years,20214,02-09-2025,Zoology
University Of Azad Jammu & Kashmir,Muzaffarabad,BS,4 Years,0,08-08-2025,Zoology
Baba Guru Nanak University,Nankana Sahib,BS,4 Years,21350,19-09-2025,Zoology
University Of Narowal,Narowal,BS,4 Years,30000,19-02-2026,Zoology
University Of Okara,Okara,BS (HONS),4 Years,46000,18-07-2025,Zoology
Islamia College University,Peshawar,BS,4 Years,62000,16-09-2025,Zoology
Shaheed Benazir Bhutto Women University,Peshawar,BS,4 Years,29513,28-09-2025,Zoology
University Of Peshawar,Peshawar,BS,4 Years,71000,23-09-2025,Zoology
Sardar Bahadur Khan Women University,Quetta,BS,4 Years,8040,15-09-2025,Zoology
University Of Balochistan,Quetta,BS,4 Years,36000,11-08-2025,Zoology
Khawaja Fareed University Of Engineering & Information Technology,Rahim Yar Khan,BS,4 Years,40250,05-01-2026,Zoology
"Unversity Of The Poonch, Rawala Kot",Rawala Kot,BS,4 Years,46000,20-08-2025,Zoology
Pir Mahar Ali Shah Arid Agriculture University,Rawalpindi,BS,4 Years,45650,08-08-2025,Zoology
Rawalpindi Women University,Rawalpindi,BS,4 Years,33065,03-09-2025,Zoology
University Of Sargodha,Sargodha,BS,4 Years,30000,15-12-2025,Zoology
Government College Women University,Sialkot,BS,4 Years,25000,22-01-2026,Zoology
University Of Sialkot,Sialkot,BS,4 Years,115000,01-11-2023,Zoology
University Of Sialkot,Sialkot,AD,2 Years,0,01-11-2024,Zoology
University Of Swabi,Swabi,BS,4 Years,51270,16-09-2025,Zoology
Women University Swabi,Swabi,BS (HONS),4 Years,45760,12-09-2025,Zoology
The University Of Veterinary & Animal Sciences,Swat,BS,4 Years,18000,30-09-2025,Zoology
University Of Swat,Swat,BS,4 Years,30900,12-10-2023,Zoology
"Shaheed Benazir Bhutto University, Sheringal",Upper Dir,BS,4 Years,30010,10-10-2025,Zoology
University Of Chakwal,Chakwal,BS,4 Years,0,11-08-2025,Zoology
Shaheed Benazir Bhutto University [chitral],Chitral,BS,4 Years,0,10-09-2016,Zoology
Qurtuba University Of Science & Technology [di Khan],D.i. Khan,BS,4 Years,0,25-08-2025,Zoology
Muslim Youth University,Islamabad,BS,4 Years,0,29-10-2025,Zoology
Jinnah University For Women,Karachi,B.Sc. [Hons],4 Years,29000,15-10-2025,Zoology
Lahore Garrison University,Lahore,BS,4 Years,174635,30-11--0001,Zoology
Minhaj University,Lahore,BS,4 Years,147500,18-05-2024,Zoology
The University Of Lahore ( Main Campus ),Lahore,BS,4 Years,167000,31-01-2026,Zoology
University Of Central Punjab,Lahore,AD,2 Years,0,20-09-2024,Zoology
University Of Central Punjab,Lahore,BS,4 Years,154375,20-09-2024,Zoology
University Of Management And Technology,Lahore,BS,4 Years,212250,31-07-2024,Zoology
University Of South Asia,Lahore,BS,4 Years,0,05-11-2022,Zoology
Grand Asian University Sialkot,Sialkot,AD,2 Years,0,21-09-2024,Zoology
Grand Asian University Sialkot,Sialkot,BS,4 Years,0,21-09-2024,Zoology
"The Islamia University Of Bahawalpur, Ahmadpur East Campus",Ahmadpur East,BS,4 Years,47115,30-06-2024,Zoology
University Of Education ( Attock Campus ),Attock,BS,4 Years,20214,02-09-2025,Zoology
The Islamia University Of Bahawalpur[sub Campus],Bahawal Nagar,BS,4 Years,47115,30-06-2025,Zoology
Hazara University ( Batagram Campus ),Batagram,BS,4 Years,38980,01-09-2025,Zoology
"University Of Agriculture Faisalabad, Sub Campu",Burewala,BS,4 Years,0,28-07-2025,Zoology
University Of Agriculture Faisalabad[sub Campus],Depal Pur,BS,4 Years,60000,28-07-2025,Zoology
University College Of Education,Faisalabad,BS,4 Years,0,14-07-2023,Zoology
University Of Sargodha ( Women Campus Faisalabad ),Faisalabad,BS,4 Years,0,14-10-2017,Zoology
University Of Sargodha (lyallpur Campus),Faisalabad,BS,4 Years,0,30-09-2017,Zoology
"Kohat University Of Science And Technology, (sub Campus)",Hangu,BS,4 Years,56800,15-09-2025,Zoology
College Of Veterinary And Animal Sciences,Jhang,BS (HONS),4 Years,22750,12-09-2025,Zoology
University Of Education [ Jauharabad Campus ],Joharabad,BS,4 Years,20214,02-09-2025,Zoology
"Federal Urdu University Of Arts  Science & Technology, Karachi",Karachi,B.Sc. [Hons],4 Years,34400,10-01-2025,Zoology
Government College University Faisalabad (layyah Campus),Layyah,BS,4 Years,0,04-09-2023,Zoology
"The Islamia University Of Bahawalpur, Liaqatpur Campus",Liaqatpur,BS,4 Years,47115,30-06-2025,Zoology
University Of Sargodha ( Mandi Baha-ud-din Campus ),Mandi Baha-ud-din,BS,4 Years,0,30-09-2016,Zoology
University Of Sargodha ( Mianwali Campus ),Mianwali,BS,4 Years,0,24-09-2018,Zoology
University College Of Education,Multan,BS,4 Years,0,14-07-2023,Zoology
University Of Gujrat (narowal Campus,Narowal,BS,4 Years,0,17-10-2017,Zoology
University Of Education,Okara,BS (HONS),4 Years,9400,21-09-2015,Zoology
University Of Veterinary And Animal Sciences [ Ravi Campus],Pattoki,BS (HONS),4 Years,22750,12-09-2025,Zoology
The Islamic University Of Bahawalpur[rahimyar Khan Campus],Rahim Yar Khan,BS,4 Years,47115,30-06-2025,Zoology
University Of Gujrat (rawalpindi Campus),Rawalpindi,BS,4 Years,0,26-07-2018,Zoology
University Of Swat (sub Campus Shangla),Shangla,BS,4 Years,30900,12-10-2023,Zoology
"Shaheed Benazir Bhutto Women University Peshawar, Sub Campus",Swabi,BS,4 Years,0,02-09-2014,Zoology
University Of Swat ( Women Campus ),Swat,BS,4 Years,30900,12-10-2023,Zoology
"Gomal University, Tank Campus",Tank,BS,4 Years,0,09-01-2026,Zoology
University Of Agriculture Faisal Abad[toba Tek Singh Campus],Toba Tek Singh,BS,4 Years,0,28-07-2025,Zoology
University Of Education [ Vehari Campus ],Vehari,BS,4 Years,20214,02-09-2025,Zoology
Shaheed Benazir Bhutto University (sub Campus),Wari,BS,4 Years,0,10-10-2025,Zoology
"Riphah International University, Faisalabad Campus",Faisalabad,BS,4 Years,80000,18-10-2025,Zoology
Qurtuba University Of Science & Information Technology,Peshawar,BS,4 Years,0,08-11-2025,Zoology
"The University Of Lahore, Sub Campus",Sargodha,BS,4 Years,0,08-02-2025,Zoology
Government Postgraduate College ( Mandian),Abbottabad,BS,4 Years,0,30-11--0001,Zoology
Government S E College,Bahawal Pur,BS,4 Years,0,26-09-2014,Zoology
Government Postgraduate College,Bannu,BS,4 Years,0,31-08-2013,Zoology
Government Postgraduate College,Charsadda,BS,4 Years,0,27-08-2018,Zoology
Government Degree College,Chitral,BS,4 Years,0,07-09-2012,Zoology
Government Post Graduate College,D.g.khan,BS,4 Years,0,30-11--0001,Zoology
Government Boys College,Daulatpur,BS,4 Years,0,06-10-2025,Zoology
Government College For Women [madina Town],Faisalabad,BS,4 Years,0,30-11--0001,Zoology
Government Post Graduate College Of Science,Faisalabad,BS,4 Years,0,30-09-2020,Zoology
Government Post Graduate College [samanabad],Faisalabad,BS,4 Years,0,23-09-2023,Zoology
Government Postgraduate Islamia College,Faisalabad,BS,4 Years,0,04-10-2014,Zoology
"Uaf Community Collge, Jhang Road",Faisalabad,BS,4 Years,0,28-07-2025,Zoology
Government Post Graduate College For Women [satellite Town],Gujranwala,BS,4 Years,0,10-09-2024,Zoology
Government Post Graduate College[satellite Town],Gujranwala,BS (HONS),4 Years,0,02-10-2025,Zoology
Government Post Graduate Islamia College,Gujranwala,BS,4 Years,0,08-10-2025,Zoology
Government Zubeda Girls College,Hyderabad,BS,4 Years,0,30-01-2026,Zoology
"Islamabad Model College For Girls,g-10/4 ( Postgraduate)",Islamabad,BS,4 Years,0,07-09-2025,Zoology
Government Post Graduate College,Jhang,BS (HONS),4 Years,0,30-09-2025,Zoology
Government Girls Degree College[sector 11-i North Karachi],Karachi,BS,4 Years,0,31-12-2025,Zoology
Government Postgraduate College,Kohat,BS,4 Years,0,20-08-2014,Zoology
Apwa Degree College For Women[jail Road],Lahore,CERT,4,3500,02-10-2024,Zoology
Government College For Women [gulberg],Lahore,BS,4 Years,0,15-05-2024,Zoology
Government College For Women[gulberg],Lahore,BS,4 Years,0,28-10-2022,Zoology
Government College Of Science[wahdat Road],Lahore,BS,4 Years,0,14-09-2024,Zoology
Government College [baghbanpura],Lahore,BS,4 Years,0,05-11-2022,Zoology
Government Dyal Singh College[laxmi Chowk],Lahore,CERT,4 Years,3500,31-10-2022,Zoology
Government Islamia College [civil Lines],Lahore,BS,4 Years,0,25-09-2023,Zoology
Government Islamia Post Graduate College For Women,Lahore,BS,4 Years,0,17-09-2019,Zoology
Government Islamia Post Graduate College For Women [cooper Road],Lahore,BS,4 Years,0,21-09-2023,Zoology
Government Post Graduate College For Women [samanabad],Lahore,BS,4 Years,0,28-10-2021,Zoology
Government Queen Marry College,Lahore,BS,4 Years,0,15-07-2024,Zoology
Queen Marry College,Lahore,BS (HONS),4 Years,0,03-10-2020,Zoology
University Of Home Economics,Lahore,BS,4 Years,0,25-07-2025,Zoology
Government Post Graduate College,Mandi Baha-ud-din,BS,4 Years,0,26-10-2020,Zoology
Government Postgraduate College,Mansehra,BS,4 Years,0,22-08-2015,Zoology
Emerson University Multan,Multan,BS,4 Years,0,15-08-2025,Zoology
Government College,Muzafargarh,BS,4 Years,0,05-10-2021,Zoology
Government College For Boys,Peshawar,BS,4 Years,0,30-08-2017,Zoology
Government College Peshawar,Peshawar,BS,4 Years,0,31-08-2019,Zoology
Government Degree College For Bys[hayatabad],Peshawar,BS,4 Years,0,31-08-2018,Zoology
Government Frontier College For Women,Peshawar,BS,4 Years,0,30-08-2014,Zoology
Government Superior Science College,Peshawar,BS,4 Years,0,20-08-2016,Zoology
Government College [quet],Quetta,BS,4 Years,0,05-04-2025,Zoology
Government Girls College,Quetta,BS,4 Years,0,20-04-2025,Zoology
Government Science College,Quetta,BS,4 Years,0,23-10-2016,Zoology
Khawaj Farid Government Post Graduate College,Rahim Yar Khan,BS,4,0,10-10-2020,Zoology
Government Post Graduate College[asghar Mall ],Rawalpindi,BS,4 Years,0,17-08-2025,Zoology
Government Postgraduate College For Women[satellite Town],Rawalpindi,BS,4 Years,0,08-09-2013,Zoology
Nisar Shaheed College,Risalpur,BS,4 Years,0,08-09-2019,Zoology
Government Post Grduate College For Women,Sahiwal,BS,4 Years,0,10-11-2022,Zoology
Government Murray College,Sialkot,BS,4 Years,15000,18-08-2023,Zoology
Government Postgraduate College For Women,Sialkot,BS,4 Years,0,30-11--0001,Zoology
Government Post Graduate College,Swabi,BS,4 Years,0,05-09-2015,Zoology
Government S.m. College,Tando Allah Yar,BS,4 Years,0,30-01-2026,Zoology
Government Degree College,Tando Jan Mohammad,BS,4,0,15-01-2026,Zoology
Government Degree College,Timergara,BS,4 Years,0,08-10-2021,Zoology
"Riphah Community College, Abbotabad Campus",Abbottabad,BS,4 Years,0,31-08-2023,Zoology
Heritage College,Arif Wala,BS,4 Years,0,21-10-2017,Zoology
King College Of Health Sciences,Bahawal Pur,BS (HONS),4 Years,0,30-11-2016,Zoology
"Riphah International College, Bahawlpur",Bahawal Pur,AD,2 Years,0,31-10-2022,Zoology
Kalarkahar Science College,Chakwal,BS,4 Years,0,23-09-2018,Zoology
Edison College,Faisalabad,BS,4 Years,0,07-08-2017,Zoology
Faisalabad College For Women[main Samanabad Road],Faisalabad,BS,4 Years,0,04-08-2017,Zoology
Informatics Group Of Colleges,Faisalabad,AD,2 Years,36000,07-01-2023,Zoology
"Kips College, Boys, Jail Road",Faisalabad,BS,4 Years,0,15-10-2019,Zoology
"Kips College, Girls, Jail Road",Faisalabad,BS,4 Years,0,15-10-2019,Zoology
Layallpur Institute Of Management & Sciences ( Lims ),Faisalabad,BS,4 Years,0,14-10-2017,Zoology
Shifa College For Women,Faisalabad,BS,4 Years,0,16-11-2019,Zoology
"Superior College , Girls",Faisalabad,BS,4 Years,0,27-12-2021,Zoology
Aspire College,Gujranwala,BS,4 Years,0,31-10-2021,Zoology
"Concorida Colleges, Gujranwala",Gujranwala,BS,4 Years,0,30-09-2019,Zoology
Royal Gorup Of Colleges,Gujranwala,BS,4 Years,0,31-10-2020,Zoology
Mukabbir Colelge,Gujrat,BS,4 Years,0,22-12-2022,Zoology
"Iqra Degree College, Havelian",Havelian,AD,2 Years,0,04-12-2021,Zoology
Icon College,Jaranwala,BS,4 Years,0,24-10-2020,Zoology
Millat College,Jhang,BS,4 Years,0,01-11-2018,Zoology
"Litra Valley College, Jango",Jhelum,BS (HONS),4 Years,0,22-09-2017,Zoology
"Concordia Colleges, Kasur",Kasur,BS,4 Years,0,30-09-2019,Zoology
Aspire College,Lahore,BS,4 Years,0,24-10-2020,Zoology
Central Park College Of Allied Health Sciences,Lahore,BS,4 Years,0,30-09-2019,Zoology
Concordia Colleges,Lahore,BS,4 Years,0,28-10-2020,Zoology
Gulab Devi Educational Complex,Lahore,BS,4 Years,0,30-11--0001,Zoology
Informatics Group Of Colleges,Lahore,BS,4 Years,0,31-07-2024,Zoology
Jinnah Memorial College Of Information Technology,Lahore,BS,4 Years,0,15-10-2020,Zoology
P S E College,Lahore,BS,4 Years,0,27-08-2019,Zoology
Punjab Group Of Colleges,Lahore,BS,4 Years,0,13-12-2022,Zoology
"Riphah International College, Lahore",Lahore,AD,2 Years,0,01-11-2024,Zoology
Fgk College,Layyah,BS,4 Years,0,27-10-2018,Zoology
Legend College,Multan,BS,4 Years,0,03-12-2022,Zoology
Multan Postgraduate College,Multan,BS,4 Years,0,30-09-2025,Zoology
Pakistan College Of Science And Commerce,Multan,BS,4 Years,0,14-01-2022,Zoology
The Educators College,Multan,BS,4 Years,0,11-12-2021,Zoology
The Next College,Multan,BS,4 Years,0,30-10-2020,Zoology
"Misali Zakriya Graduate College, Dinpur",Muzafargarh,BS,4 Years,0,04-12-2021,Zoology
Punjab College,Muzafargarh,BS,4 Years,0,02-08-2024,Zoology
Central Science College,Peshawar,BS,4 Years,0,28-12-2024,Zoology
Vertex College Of Science And Technology,Peshawar,AD,2 Years,0,27-09-2018,Zoology
Islamia College,Pir Mehal,BS,4 Years,0,02-01-2019,Zoology
Aligarh College,Rahim Yar Khan,BS,4 Years,0,15-12-2021,Zoology
N I C C A S Postgraduate College,Rahim Yar Khan,BS,4 Years,0,27-09-2019,Zoology
Comand College,Sahiwal,BS,4 Years,0,03-10-2019,Zoology
Kings College Of Health Sciences,Sahiwal,BS (HONS),4 Years,0,30-11-2016,Zoology
"The Readers Group Of Colleges, Boys",Sargodha,BS,4 Years,0,16-10-2020,Zoology
"National Institute Of Education, Khema",Timergara,BS,4 Years,0,21-09-2023,Zoology
Islamia College,Toba Tek Singh,BS,4 Years,0,02-01-2019,Zoology
South Punjab Institute Of Science & Technology,D.g.khan,BS,4 Years,0,30-10-2017,Zoology
"International Institute Of Science, Arts And Technology",Gujranwala,BS,4 Years,0,05-10-2025,Zoology
Gulab Devi Post Graduate Medical Institute,Lahore,BS,4 Years,0,30-11--0001,Zoology
Kaims International Institute,Multan,BS,4 Years,0,31-07-2019,Zoology
National Institute Of Computer And Advanced Studies,Rahim Yar Khan,BS,4 Years,0,31-08-2023,Zoology
Inama Institute Of Natural And Management Sciences,Rawalpindi,BS,4 Years,0,15-10-2017,Zoology
Abd Ul Wali Khan University Mardan ( Buner Campus ),Buner,BS,4 Years,0,15-08-2016,Zoology
Abdul Wali Khan University ( Shankar Campus ),Mardan,BS,4 Years,55000,30-11--0001,Zoology
University Of Gujrat ( Sialkot Campus),Sialkot,BS,4 Years,0,18-09-2017,Zoology
Abdulwali Khan University ( Timergara Campus ),Timergara,BS,4 Years,55000,18-08-2025,Zoology
Defence Degree College For Boys,Lahore,BS,4 Years,0,30-11--0001,Zoology
