Scholarship Name,Description,Scholarship Type,Amount,Opening Date,Deadline,Status,Degree Level,URL
CM Punjab’s Honhaar Scholarship Program,RLKU states it “proudly joins” the Honhaar Scholarship Program.,need,0.0,2025-11-03,2025-12-08,Expired,Bachelors,https://scholarbee.pk/scholarship-details/6934044c0c3e825b6380eb4d
Need-based scholarships-MY University,Financial Assistance to needy students who are currently enrolled in the university.,need,0.0,2025-10-06,2025-11-20,Expired,Bachelors,https://scholarbee.pk/scholarship-details/69144b940c3e825b637c8db6
Merit-based scholarships-MY University,MY University offers 100% tuition fee waiver in the form of merit scholarships on the basis of academic excellence in F.A/F.Sc. or Equivalent examinations held under the annual system of examination. ,merit,0.0,2025-10-06,2025-11-20,Expired,Bachelors,https://scholarbee.pk/scholarship-details/69144ace0c3e825b637c8c94
Kinship Discount-Comwave,Siblings studying in same university are entitled with Kinship Discoun.,merit,0.0,2025-09-10,2025-11-10,Expired,Bachelors,https://scholarbee.pk/scholarship-details/691220081d27cf3c1ae4000a
Need Based Discount-Comwave,The needy students currently enrolled in the University are awarded with need based assistance.,need,0.0,2025-08-04,2025-11-10,Expired,Bachelors,https://scholarbee.pk/scholarship-details/69121e641d27cf3c1ae3ffcd
Merit Based Scholarship-Comave,Higher Achievers are awarded with merit based scholarship.,merit,0.0,2025-08-04,2025-11-10,Expired,Bachelors,https://scholarbee.pk/scholarship-details/69121d761d27cf3c1ae3ff86
Honhaar Scholarships-NUTECH,"The Honhaar Undergraduate Scholarship Program by the Government of the Punjab, offers merit-based scholarships to the deserving outstanding students pursuing undergraduate degrees at leading universities and colleges. This program is designed to support high-achieving individuals with limited financial resources, empowering them to access quality education and excel in their academic careers. Scholarship scheme covers tuition fees of the students enabling them to focus on their studies.",merit,0.0,2025-07-07,2025-09-15,Expired,Bachelors,https://scholarbee.pk/scholarship-details/691170281d27cf3c1ae3c186
Scholarships for special students-Abasyn,The university believes in equal opportunity for every citizen and offers special scholarship for special students up to 50%. The purpose of this scholarship is to encourage such students so they can contribute equally to our society.,need,0.0,2025-06-30,2025-08-10,Expired,Bachelors,https://scholarbee.pk/scholarship-details/68fe1520b0fd0de2955df8cd
Kinship Scholarship-Abasyn,"In order to facilitate families and to reduce their financial burden, kinship scholarship of 10% is offered to siblings throughout their complete academic program.",merit,0.0,2025-06-30,2025-08-10,Expired,Bachelors,https://scholarbee.pk/scholarship-details/68fe1423b0fd0de2955df893
Need Based Scholarship-Abasyn,The need based scholarship is for students with special circumstances or financial constraints. The aim of this scholarship is to facilitate educational opportunities for needy students.,need,0.0,2025-06-30,2025-08-10,Expired,Bachelors,https://scholarbee.pk/scholarship-details/68fe12feb0fd0de2955df7e8
Financial Need Cum Merit Basis-HITEC,"Financial Need Cum Merit Basis is a scholarship or financial aid model that considers both a student's demonstrated financial need and their academic or other achievements (merit). It is a holistic approach used to determine eligibility and the amount of aid awarded, ensuring that support goes to high-achieving students who also require financial assistance. ",need,0.0,2025-06-10,2025-08-25,Expired,Bachelors,https://scholarbee.pk/scholarship-details/68fe0687b0fd0de2955df5f8
Honors List Scholarship,"The Honors List Scholarship at Namal University, Mianwali, is a merit-based scholarship awarded to students who demonstrate exceptional academic achievement in their intermediate or equivalent examinations. The scholarship aims to recognize and reward academic excellence by providing a 100% tuition fee waiver to the highest-achieving students in each program.",merit,0.0,2025-06-30,2025-07-31,Expired,Bachelors,https://scholarbee.pk/scholarship-details/68fe06e0b0fd0de2955df673
Elite 90 Scholarship (High Achievers)-NAMAL,The Elite 90 Scholarship (High Achievers) are to pay other fees and charges as per university policy.,merit,0.0,2025-05-05,2025-07-31,Expired,Bachelors,https://scholarbee.pk/scholarship-details/68fde212b0fd0de2955def18
Kamran Education Foundation Scholarship-DUET,The Financial Assistance Department (FAD) of DUET invites needy and deserving students to apply for a scholarship from the Kamran Educational Foundation (KEF). Students with a sound academic track record who are enrolled on merit seats are eligible to apply for this scholarship.,need,0.0,2025-01-10,2025-04-10,Expired,Bachelors,https://scholarbee.pk/scholarship-details/68f78032b0fd0de2955d841a
Ehsaas Undergraduate Scholarship Program,The Ehsaas Undergraduate Scholarship is a national program for financially disadvantaged students to ensure equal access to higher education.,need,0.0,2025-05-05,2025-06-30,Expired,Bachelors,https://scholarbee.pk/scholarship-details/68e394505d0e15198454b8b4
Khyber Pakhtunkhwa Education Foundation “Merit–cum–Inaffordability” Scholarship Scheme 2024–25,"This scholarship is designed to support meritorious but financially constrained students from Khyber Pakhtunkhwa enrolled in public sector universities, including the University of Swat.
The scholarship ensures that students with high academic performance but limited financial means can continue higher education without disruption.",merit,0.0,2025-01-06,2025-02-02,Expired,Bachelors,https://scholarbee.pk/scholarship-details/68e38d065d0e15198454b5f3
Sindh Educational Endowment Scholarship,"The Scholarship is part of the Sindh Educational Endowment Fund Trust (SEEF), which is run by the Sindh Government to help students from Sindh who are needy but meritorious, by providing financial assistance for higher education. 

At University of Sindh (USindh), this is shown under “Sindh Educational Endowment Scholarship” in the annual breakdown of scholarships disbursed by the Student Financial Aid Office. In 2024, USindh awarded 192 SEEF scholarships, totaling PKR 4,224,000 under this scholarship. ",need,0.0,2025-10-01,2025-09-28,Expired,Bachelors,https://scholarbee.pk/scholarship-details/68dd6ec648e7a0373517eebf
National Endowment Scholarships for Talent (NEST),"PEEF / NEST offers different scholarship programs, including:
1. Undergraduate level scholarships (e.g. for 4- or 5-year degree programs) 
2. Arts & Culture Scholarship (for students in arts, design, etc.) 
3. Nursing Scholarships in partner institutions. ",need,0.0,2025-09-11,2025-09-29,Expired,Bachelors,https://scholarbee.pk/scholarship-details/68dd6cfb48e7a0373517ecca
 HEC Need Based Scholarship,The HEC Need Based Scholarship is a financial aid program run by the Higher Education Commission (HEC) of Pakistan. Its aim is to help financially needy but academically capable students enrolled in undergraduate programs in public sector universities. ,need,0.0,2025-09-02,2025-10-01,Expired,Bachelors,https://scholarbee.pk/scholarship-details/68dd6b8d48e7a0373517e9c8
Benazir (EHSAAS) Undergraduate Scholarship,"The Benazir Undergraduate Scholarship Project (BUSP), formerly known as the Ehsaas Undergraduate Scholarship, is a need-and-merit based program by the Government of Pakistan & Higher Education Commission (HEC). 

It aims to help students from low-income families who have secured undergraduate admissions in public sector universities but are unable to continue due to financial constraints. 

Scholarship benefits include full tuition fee coverage + incidental charges (registration, exam, library fees, etc.) + a monthly stipend. 
",need,0.0,2025-09-03,2025-10-01,Expired,Bachelors,https://scholarbee.pk/scholarship-details/68dd69d048e7a0373517e714
Chief Minister’s Honhaar Undergraduate Scholarship Program 2025-26,Punjab Higher Education Commission (PHEC) has announced the opening of new registrations for the Chief Minister’s Honhaar Undergraduate Scholarship Program 2025-26. This Scheme is aimed at providing financial assistance to talented students of the Punjab province to can apply online via the official PHEC portal at: https://honhaarscholarship.punjabhec.gov.pk/ ,need,0.0,2025-09-01,2025-09-15,Expired,Bachelors,https://scholarbee.pk/scholarship-details/68dbeb0348e7a03735176f1a
Scotland Scholarship for Young Women and Girls 2025 Fully Funded BS/MS/M.Phil,"The Scotland Scholarships for Young Women and Girls 2025 are now accepting applications! This prestigious scholarship program, funded by the Scottish Government and administered by the British Council, provides invaluable opportunities for women to pursue higher education. The scholarships support both undergraduate and graduate studies in any Higher Education Commission (HEC)-recognized university across Pakistan, empowering young women to fulfill their academic ambitions and reach their potential.",merit,0.0,2025-09-01,2025-09-15,Expired,Bachelors,https://scholarbee.pk/scholarship-details/68dbe65448e7a03735176e95
Balochistan Education Endowment Fund Scholarship-UOG,"Balochistan Education Endowment Fund (BEEF) is an Initiative of Government of Balochistan (on the pattern of Punjab Educational Endowment Fund, PEEF) for creation of a talented pool of youth of Balochistan.",need,0.0,2025-06-01,2025-08-15,Expired,Bachelors,https://scholarbee.pk/scholarship-details/68d5386c48e7a03735168066
Bait-ul-Maal Scholarship-UOG ,"Bait-ul-Maal provides scholarships and financial assistance to poor, needy, and disabled students in Pakistan through the Pakistan Bait-ul-Mal (PBM) or provincial Bait-ul-Maal bodies",need,0.0,2025-01-01,2025-12-31,Expired,Bachelors,https://scholarbee.pk/scholarship-details/68d5373e48e7a03735168005
Chief Minister's Honhaar Undergraduate Scholarship Program-UOG,"The Honhaar Undergraduate Scholarship Program by the Government of the Punjab, offers merit-based scholarships to the deserving outstanding students pursuing undergraduate degrees at leading universities and colleges. This program is designed to support high-achieving individuals with limited financial resources, empowering them to access quality education and excel in their academic careers. Scholarship scheme covers tuition fees of the students enabling them to focus on their studies.",merit,0.0,2025-02-16,2025-03-16,Expired,Bachelors,https://scholarbee.pk/scholarship-details/68d4ea5048e7a037351651ad
MC-UCI Scholarship for BBA,"Monroe College (MC) BBA Program fees on its campus in New York, USA is USD $8721 per semester. Monroe College has very graciously agreed to offer a special fee grant for students at UCI campus. Monroe College will charge only USD $900 per semester for BBA program for UCI students in Pakistan.
UCI’s fee is also very competitive to enable Pakistan students for studying BBA program. UCI will also offer a scholarship of Pakistan Rupees (PKR) 40,000 for BBA students per semester on merit. This is a great financial support, UCI is offering to its students.",merit,0.0,2025-09-01,2025-09-25,Expired,Bachelors,https://scholarbee.pk/scholarship-details/68d2d89c48e7a0373515c975
EHSAAS UG Scholarships-QAU,"The government of Pakistan has started Ehsaas undergraduate scholarships for needy students who face financial problems. 20,0000 students from 135 universities can apply online for the year 2025. ",need,0.0,2025-01-01,2025-12-31,Expired,Bachelors,https://scholarbee.pk/scholarship-details/68d15d9648e7a0373515a501
USAID Funded Merit and Need Based Scholarship,"USAID has shown its commitment to support the program of scholarship for academically qualified Pakistani students, who aspire to continue higher studies, but due to lack of financial resources are unable to continue. ",merit,0.0,2025-04-01,2025-09-08,Expired,Bachelors,https://scholarbee.pk/scholarship-details/68d15c5648e7a0373515a49d
NUML Merit Scholarship,"Merit Scholarship will be awarded on basis of academic excellence. Merit scholarship may be awarded in following forms:-
i. Fee waiver
ii. Fee refund
iii. Monetary incentive / award
v. Any other form approved by the Statuary Bodies.
Merit Scholarship will be awarded to the top students in a class or batch considering the number of students. Regional campuses will be considered separately for the award of scholarship depending upon type of scholarship. The award will be as per university policy.",merit,0.0,2025-01-01,2025-01-01,Expired,Bachelors,https://scholarbee.pk/scholarship-details/68d110ac48e7a03735159216
Scholarship by Pakistan Bait-ul-Mal,"Applications are invited from deserving students of the University for Award of scholarships by Pakistan Bait-ul-Mal (PBM).
Pakistan Bait-ul-Mal (PBM)  is a charity and social welfare organization to help the poor and needy in Pakistan. In NUML, it provides educational assistance to the needy and orphans and financial aid to the non-affording and deserving students for higher professional education.",need,0.0,2025-02-05,2025-03-05,Expired,Bachelors,https://scholarbee.pk/scholarship-details/68d0fd3448e7a03735157b87
HEC Need Based Scholarship Program,"HEC Need Based Scholarship program has been introduced in NUML with the intention of uplifting the academic needs of talented students so, as to provide them the opportunity for pursuing higher education with ease and comfort. Student coming from remote and rural areas who fulfill the requirements for the program will be given special preference so that they can complete their education and improve their socioeconomic condition in order to be a part of the bigger arena in Pakistan.

To provide an opportunity for talented students who are financially deprived and incapable to meet the higher educational costs
Provide opportunities for academically qualified, yet financially needy students to continue higher studies at NUML, especially come from remote areas of country and belongs to poor and lower middle class of society",need,0.0,2025-01-18,2025-02-18,Expired,Bachelors,https://scholarbee.pk/scholarship-details/68d0fc7c48e7a03735157b29
SPORTS BASED SCHOLARSHIP,"The Sports Scholarship program aims to recognize and support exceptionally talented athletes who demonstrate excellence both on the field and in their field of study. We are committed to fostering a culture of athletic and academic excellence, thereby empowering our students to become future leaders in their respective fields.",sports,0.0,2025-06-01,2025-06-28,Expired,Bachelors,https://scholarbee.pk/scholarship-details/68cc3cb73f7e6848f3cbffa9
Need Based Financial Assistance ,"Up to 50% Need Based Financial Assistance can be granted keeping in view the financial position of the student. The percentage of need-based financial assistance may vary from case to case. The decision will be made based on the following:

Interview of the student.
The financial position of the student/parents/guardians.
Validity of documents.",need,0.0,2025-06-01,2025-06-28,Expired,Bachelors,https://scholarbee.pk/scholarship-details/68cc39633f7e6848f3cbfd69
Merit Based Scholarship,"Merit based scholarship will be granted after verification of submitted documents.
The time to apply for the scholarship is within two weeks from the start of classes or within two weeks of paying the first installment.
Application for merit-based scholarship will not be processed in case the applicant does not submit the required documents. (Details are mentioned on the merit-based scholarship form).
The scholarship will be granted on tuition fees only.",merit,0.0,2025-06-01,2025-06-28,Expired,Bachelors,https://scholarbee.pk/scholarship-details/68cc37a73f7e6848f3cbfccc
DAFI Scholarship-CECOS,"CECOS University offers the DAFI scholarship specifically for Afghan refugee students, allowing them to pursue higher education in Pakistan. The scholarship is managed by the UN Refugee Agency (UNHCR) and funded by the German government.",merit,0.0,2025-07-01,2025-07-28,Expired,Bachelors,https://scholarbee.pk/scholarship-details/68ca53923f7e6848f3cb8fb8
Need based scholarship-CECOS,CECOS University offers Need-Based Scholarships for students facing financial hardships,need,0.0,2025-08-06,2025-09-06,Expired,Bachelors,https://scholarbee.pk/scholarship-details/68ca52513f7e6848f3cb8ebc
Worker welfare board scholarship-CECOS,CECOS University is offering scholarships for the children of registered or deceased workers (with death grant).,need,0.0,2025-08-06,2025-09-06,Expired,Bachelors,https://scholarbee.pk/scholarship-details/68ca513a3f7e6848f3cb8db3
Kin-based Concession-CECOS,Kinship-Based Concession offers financial support to immediate family members of current students and alumni.,need,0.0,2025-08-06,2025-09-06,Expired,Bachelors,https://scholarbee.pk/scholarship-details/68ca4fe73f7e6848f3cb8ce3
Need Based Scholarship,"Coverage: Full tuition (excluding summer semester) plus a monthly stipend of PKR 6,000 throughout the program—5 years in the case of medicine/Pharm-D.",need,0.0,2025-07-01,2025-07-15,Expired,Bachelors,https://scholarbee.pk/scholarship-details/68ba523e3f7e6848f3ca08b0
Industry Scholarship,"At the University of Bolton Islamabad, we recognize the importance of bridging the gap between academia and industry. Our Industry Scholarships are designed to support students who demonstrate exceptional potential and a keen interest in pursuing careers within key industrial sectors. Supported by our industry partners, recipients of this scholarship are provided with invaluable networking opportunities, internships, and mentorship programs to enhance their employability and professional growth.",merit,0.0,2025-08-01,2025-08-26,Expired,Bachelors,https://scholarbee.pk/scholarship-details/68adf0825c120d8868efd627
Ambassador Scholarship,"We value students who are passionate about representing the University of Bolton Islamabad and its values. Our Ambassador Scholarships are awarded to students who demonstrate strong leadership qualities, a commitment to community service, and a desire to promote the university’s mission and vision. Recipients of this scholarship serve as ambassadors for the University of Bolton Islamabad, participating in outreach activities, events, and promotional campaigns.",merit,0.0,2025-08-01,2025-08-26,Expired,Bachelors,https://scholarbee.pk/scholarship-details/68adeffe5c120d8868efd5a7
Talent Scholarship,"The University of Bolton Islamabad celebrates diverse talents across various fields. Our Talent Scholarships are designed to support students who excel in areas such as sports, arts, leadership, and other extracurricular activities.",merit,0.0,2025-08-01,2025-08-26,Expired,Bachelors,https://scholarbee.pk/scholarship-details/68adef895c120d8868efd527
Merit Scholarship,"Academic excellence is at the heart of the University of Bolton Islamabad’s values. Our Merit Scholarships reward students who have achieved outstanding academic performance. These scholarships are awarded based on high academic achievement, and they provide financial support to students who demonstrate a commitment to maintaining high academic standards throughout their studies.",merit,0.0,2025-08-01,2025-08-26,Expired,Bachelors,https://scholarbee.pk/scholarship-details/68adef045c120d8868efd49d
Need Based Scholarship,"Understanding the diverse financial challenges faced by many students, the University of Bolton Islamabad offers Need-Based Scholarships to ensure that education remains accessible to all.",need,0.0,2025-08-01,2025-08-26,Expired,Bachelors,https://scholarbee.pk/scholarship-details/68adee845c120d8868efd411
HEC Need-Based Scholarship Fuuast,To provide opportunities to talented but financially deprived students and empower them to acquire a high quality education at a reputed Public Sector institutions /university.,need,0.0,2025-04-15,2025-10-25,Expired,Bachelors,https://scholarbee.pk/scholarship-details/68ad9ed95c120d8868efc677
Sindh Education Endowment Scholarship 2025.,The Sindh Educational Endowment Fund (SEEF) disburses scholarship stipend to students through institution where applicant is studying/registered/enrolled.,need,0.0,2025-06-10,2025-07-31,Expired,Bachelors,https://scholarbee.pk/scholarship-details/68ad9cdc5c120d8868efc5dd
Pakistan Education Endowment Fund (PEEF),Stipend + potential full tuition coverage,need,0.0,2025-07-01,2025-10-07,Expired,Bachelors,https://scholarbee.pk/scholarship-details/6894c632dacdaf85b6a15844
HEC-EHSAAS Scholarship Project,Undergraduate Programs (Subsidized & Regular),need,0.0,2025-07-01,2025-10-07,Expired,Bachelors,https://scholarbee.pk/scholarship-details/6894c0dadacdaf85b6a156d7
HEC Need-Based Scholarships,For needy undergrads in subsidised category,need,6000.0,2025-07-01,2025-10-08,Expired,Bachelors,https://scholarbee.pk/scholarship-details/6894bf70dacdaf85b6a15597
University Merit Based Scholarship,Awards based on top positions.,merit,0.0,2025-07-01,2025-10-08,Expired,Bachelors,https://scholarbee.pk/scholarship-details/6894be41dacdaf85b6a15517
Benazir Undergraduate Scholarship Project-NUMS,The Benazir Undergraduate Scholarship Project (BUSP) at the National University of Medical Sciences (NUMS) is a flagship need-based financial aid initiative designed to support academically talented yet financially disadvantaged students enrolled in undergraduate programs. The scholarship is aligned with the Government of Pakistan’s broader commitment to promoting equitable access to higher education through inclusive social support mechanisms.,need,0.0,2025-08-01,2025-12-31,Expired,Bachelors,https://scholarbee.pk/scholarship-details/68945a51dacdaf85b6a14b90
HEC – Need-Based Scholarship Program ,"To provide financial support to its students, the Financial Aid Office of NUMS announces Phase VI of the HEC – NUMS Need-Based Scholarship Program. Scholarships shall be granted based on financial need after due authentication and scrutiny of documents, and interviews. This scholarship is offered to presently enrolled students of all Departments of NUMS, Armed Forces Postgraduate Medical Institute (AFPGMI) and Army Medical College, Rawalpindi (AM College).",need,0.0,2025-07-28,2025-08-04,Expired,Bachelors,https://scholarbee.pk/scholarship-details/68874687b822a42db8166a87
Pak-USAID Merit and Needs based Scholarship Program,"The Pak-USAID Merit and Needs based Scholarship Program Phase-II are focused on providing opportunities for access to higher education especially to under privileged candidates who, despite possessing academic merit, are unable to finance their education. The scholarship is not restricted to tuition only, but extends to accommodation and living expenses. ",need,0.0,2025-07-01,2025-10-02,Expired,Bachelors,https://scholarbee.pk/scholarship-details/688667ec9b34bf58bb4067c8
Chief Minister's Honhaar Scholarship Program,"This program, offered in collaboration with the Punjab Higher Education Commission (PHEC), provides 100% tuition fee coverage for deserving undergraduate students. 
The program is designed to empower students with strong academic records to pursue their academic goals without financial burdens. 
Superior University is one of the six private universities participating in this program, according to the university. ",need,0.0,2025-02-13,2025-05-25,Expired,Bachelors,https://scholarbee.pk/scholarship-details/68865b759b34bf58bb4063bb
Muhammad Akram Qarz-e-Hasna,"This scholarship is structured as an interest-free loan, requiring repayment after graduation. ",merit,0.0,2025-06-06,2025-07-06,Expired,Bachelors,https://scholarbee.pk/scholarship-details/6886571c9b34bf58bb40610a
Ehsaas Scholarship,"Ehsaas Scholarship project is a paradigm shift in a policy of the Government of Pakistan to support undergraduate level students who after completing FA/FSc./Intermediate are unable to pursue university education due to limited financial resources. Unlike past financial assistance schemes that were aimed at MS or PhD programs, the Ehsas Undergraduate Scholarship Project focuses on the most critical segment, namely the 4-5 year undergraduate programs, which contributes the most to income of the individual who completes the bachelors degree.",need,0.0,2025-07-02,2025-12-31,Expired,Bachelors,https://scholarbee.pk/scholarship-details/6881f89e7b51f165990830dc
Balochistan Education Endowment Fund - (BEEF),"Balochistan University of Engineering & Technology Khuzdar announces the Balochisten Education Endowment Fund (BEEF) Scholarship for top ten (10) meritorious students of every Undergraduate class, top five (5) for M.E/MS and Special Quota category. ",merit,0.0,2025-07-02,2025-08-24,Expired,Bachelors,https://scholarbee.pk/scholarship-details/6881f6f07b51f16599083077
HEC Need Based Scholarship,"Higher Education Commission facilitates the needy and deserving students through Need Based Scholarships. The Needs Based Scholarship program covers funds for expenses including Tuition Fee, Lodging, Transportation and Other Academics Costs.",need,0.0,2025-05-05,2025-07-16,Expired,Bachelors,https://scholarbee.pk/scholarship-details/6881f5067b51f1659908302a
Sui Southern Gas Scholarship,"Provided by Sui Southern Gas Company on a Poverty-Cum-Merit basis, this assistance motivates and encourages academic performance among Bachelor degree programme students of Sindh and Balochistan provinces.",need,0.0,2025-07-02,2025-09-19,Expired,Bachelors,https://scholarbee.pk/scholarship-details/6881a0df7b51f1659908188e
Foreign Students Scholarship,This financial assistance is provided by the Economic Affairs Division Islamabad for students admitted in foreign reserved seats in Bachelor degree programs.,need,0.0,2025-05-21,2025-07-26,Expired,Bachelors,https://scholarbee.pk/scholarship-details/68819ec77b51f165990817e9
Poor Boys University Endowment Fund ,"Every year, financial assistance/support on a Poverty-cum-Merit basis is provided by the University to poor students. For this purpose, a committee of all Chairmen of academic departments is constituted to scrutinize cases; thereafter, the committee interviews the applicants and finalizes the names of the deserving candidates for the award of financial assistance.",need,0.0,2025-06-19,2025-08-15,Expired,Bachelors,https://scholarbee.pk/scholarship-details/68819c927b51f165990816ab
Punjab Educational Endowment Fund (PEEF) Scholarships,"The Government of Punjab gives 42 scholarships to indigent students having domicile of Punjab. 
The scholarship is for 4-year undergraduate studies and covers some portion of the tuition fee. The remaining tuition fee can be given by the University as Qarz-e-Hasna.",need,0.0,2025-06-04,2025-07-05,Expired,Bachelors,https://scholarbee.pk/scholarship-details/687e09dc7b51f165990770e4
Killa Gift Scholarship,The Killa Gift Fund Trust awards scholarships to the students who or whose parents own agricultural land in Faisalabad District.,need,0.0,2025-03-04,2025-06-13,Expired,Bachelors,https://scholarbee.pk/scholarship-details/68794d7b7b51f1659906e6a3
Abdul Fatah Memorial Trust Scholarship,This scholarship is specifically for students at the main campus in Khairpur and other campuses. ,merit,0.0,2025-05-12,2025-09-16,Expired,Bachelors,https://scholarbee.pk/scholarship-details/6871481625ce9bfa136c78d4
Bhittai Scholarship,This scholarship is awarded by Ms. Sharood Hassan Ali Khan to deserving students. ,need,0.0,2025-05-05,2025-08-22,Expired,Bachelors,https://scholarbee.pk/scholarship-details/6871474e25ce9bfa136c7847
JICA Scholarship,The Japan International Cooperation Agency (JICA) offers scholarships through the Higher Education Commission for deserving students at SALU. ,need,0.0,2025-06-25,2025-10-16,Expired,Bachelors,https://scholarbee.pk/scholarship-details/687146be25ce9bfa136c778d
Need Base Scholarship,"Isra University does offer scholarships and financial aid to students, including those under the HEC Need Based Scholarship Program. The university provides financial assistance in the form of scholarships, tuition fee concessions, and cash awards, with over 10% of enrolled students receiving some form of support. Additionally, the HEC Need Based Scholarship Program is available to students demonstrating financial need. ",need,0.0,2025-07-07,2025-09-08,Expired,Bachelors,https://scholarbee.pk/scholarship-details/68710e3925ce9bfa136c6b62
Honhaar Scholarship Program,"This program focuses on undergraduate students, offering financial assistance to those who demonstrate academic merit and need. ",need,0.0,2025-07-01,2025-09-30,Expired,Bachelors,https://scholarbee.pk/scholarship-details/687106e725ce9bfa136c653f
National Bank Loan Scheme,"Pursuant to the announcement made by the Federal Finance Minister in his 2001-2002-budget speech, a STUDENTS LOAN SCHEME (SLS) for Education was launched by the Government of Pakistan in collaboration with major commercial banks of Pakistan (NBP, HBL, UBL, MCB and ABL). Under the Scheme, financial assistance is provided by way of Interest Free Loans to the meritorious students who have financial constraints for pursuing their studies in Scientific, Technical and Professional education within Pakistan.

The Scheme is being administered by a high powered committee comprising Deputy Governor, State Bank of Pakistan, Presidents of the commercial banks and representative of Ministry of Finance, Government of Pakistan.",need,0.0,2025-05-20,2025-08-31,Expired,Bachelors,https://scholarbee.pk/scholarship-details/6870f8d425ce9bfa136c5392
HEC Need Based Scholarships ,To provide opportunities to talented but financially deprived students and empower them to acquire a high quality education at a reputed Public Sector institutions /university.,need,0.0,2025-07-01,2025-08-31,Expired,Bachelors,https://scholarbee.pk/scholarship-details/6870f6ea25ce9bfa136c5281
Talent Hunt Scholarships - CECOS University,"Tuition Fee Waiver	Distribution
100%	For top 3 candidates having minimum 70% marks in their intermediate & minimum score of 60% in the talent hunt scholarship test.
50%	For top 12 candidates having minimum 70% marks in their intermediate & minimum score of 60% in the talent hunt scholarship test.",need,0.0,2025-06-01,2025-07-28,Expired,Bachelors,https://scholarbee.pk/scholarship-details/686fce3225ce9bfa136c000b
Merit Based Scholarship,"City University of Science and Information Technology (CUSIT) in Peshawar offers various scholarships, including merit-based and need-based options, to support students pursuing undergraduate and postgraduate programs. These scholarships can cover a percentage of tuition fees or, in some cases, provide full financial assistance. ",merit,0.0,2025-06-01,2025-06-21,Expired,Bachelors,https://scholarbee.pk/scholarship-details/686fcc7725ce9bfa136bfe65
Merit-Based Scholarships - Hajvery University Lahore,"Our Merit-Based Scholarships aim to honor students who demonstrate outstanding academic achievements. With up to a 50% waiver on tuition fees, these scholarships are available for both undergraduate and postgraduate programs, making quality education more accessible.",merit,0.0,2025-06-01,2025-07-20,Expired,Bachelors,https://scholarbee.pk/scholarship-details/686fcb6325ce9bfa136bfcc7
Need Base Scholarship - AUST,Awarded to students who demonstrate academic excellence. ,merit,0.0,2025-09-08,2025-07-08,Expired,Bachelors,https://scholarbee.pk/scholarship-details/686fc99f25ce9bfa136bf98d
Merit Based Scholarship - Kohsar University Murree,"Kohsar University Murree aims to reward students for their hard work and encourage them to continue their pursuit of excellence while also pursuing the next level of education. All applications are assessed solely on merit. Merit Based Scholarship for disbursement of amount to the students= RS. 576,000/.",merit,0.0,2025-07-01,2025-08-13,Expired,Bachelors,https://scholarbee.pk/scholarship-details/686fc87425ce9bfa136bf715
Need-Cum-Merit Scholarships - Textile Institute University,Up to 100% need-cum-merit scholarships are available to new students for 1st year (2 semesters) subject to the following eligibility criteria:,merit,0.0,2025-05-10,2025-06-27,Expired,Bachelors,https://scholarbee.pk/scholarship-details/686fc6cb25ce9bfa136bf5a7
HITEC University Merit/Position Holder Scholarship	,"HITEC University offers merit-based scholarships, including a ""Position Holder Scholarship,"" to students based on their academic performance. These scholarships are awarded to students who secure positions in the university's merit list and/or achieve high scores in board exams. The scholarship amount can be a waiver of up to 50% of tuition fees, and in some cases, a 100% waiver for the first semester. ",merit,0.0,2024-07-05,2025-09-03,Expired,Bachelors,https://scholarbee.pk/scholarship-details/686fc25e25ce9bfa136bf153
QUAID-E-AZAM SCHOLARSHIP,Merit based scholarship are awarded in following degree programs at the time of admission to a student who demonstrates academic excellence:,merit,0.0,2025-08-08,2025-10-08,Expired,Bachelors,https://scholarbee.pk/scholarship-details/686c2e6825ce9bfa136ae390
HEC Need‑Based Scholarship,"Financial assistance for students from economically disadvantaged backgrounds, covering tuition and associated educational expenses.",need,0.0,2025-09-01,2025-10-13,Expired,Bachelors,https://scholarbee.pk/scholarship-details/686b90dd25ce9bfa136ab122
Need‑cum‑Merit Scholarship,"This scholarship supports academically talented female students who are unable to afford university tuition. Awarded at the time of admission, it covers partial tuition fees and is renewable each semester based on academic performance.",need,0.0,2026-01-15,2026-02-28,Open,Bachelors,https://scholarbee.pk/scholarship-details/68683d2825ce9bfa1369e45b
Merit Scholarship,"Awarded to students with outstanding academic performance in entry exams or prior academic records.
",merit,0.0,2025-06-10,2025-09-30,Expired,Bachelors,https://scholarbee.pk/scholarship-details/6862c33525ce9bfa1368b601
Financial Assistance in the form of interest-free loans,"IVS believes in providing equal opportunity to students who face economic challenges in pursuing their studies. It promotes the philosophy of equal opportunity and education for all in an inclusive learning environment.

Financial help is offered in the form of Financial Assistance (interest-free loans) and Scholarships to new students as well as existing students who are finding it difficult to pay their fees due to changed circumstances.",need,0.0,2025-06-01,2025-07-31,Expired,Bachelors,https://scholarbee.pk/scholarship-details/686243c025ce9bfa1368aa5c
HEC Need Based Scholarship,The scholarships aim to elevate the socio-economic status of the students by enabling their chances to get the modern education and career opportunities.,need,0.0,2025-08-10,2025-09-30,Expired,Bachelors,https://scholarbee.pk/scholarship-details/6861880925ce9bfa13687d4b
 Unified Scholarships for Undergraduate & Graduate,"These scholarships broadly apply across programs—from BS/BBA through MS/MPhil/PhD.
50% waiver on admission fee + 20% waiver on tuition for SUIT alumni entering any program.
15% tuition waiver for Armed Forces personnel, government-school/college teachers, and their children.
20% tuition waiver for female students and kinship-based cases (staff/faculty families).
50% tuition waiver for children of Armed Forces Shuhada (martyrs).
10% tuition waiver for domicile holders from former FATA regions.
Free education for disabled students and children of industrial workers under the Workers Welfare Fund.",need,0.0,2025-06-17,2025-09-15,Expired,Bachelors,https://scholarbee.pk/scholarship-details/685ceac325ce9bfa1367c909
Qurtuba University Need-Based Scholarship, Provides financial support to students with demonstrated financial hardship.,need,0.0,2025-06-02,2025-07-31,Expired,Bachelors,https://scholarbee.pk/scholarship-details/6834cb5e5652e4394879519a
Qurtuba University Merit-Based Scholarship,Awarded to students with outstanding academic performance in entry exams or prior academic records. This scholarship is intended to reward excellence and support talented individuals at Qurtuba University's educational journey.,merit,0.0,2025-06-02,2025-07-31,Expired,Bachelors,https://scholarbee.pk/scholarship-details/6834c6bc5652e439487950fa
HEC Need-based Scholarships ,"Gomal University is listed as one of the participating universities for HEC's Need-Based Scholarships. 
",need,250000.0,2025-12-13,2026-01-02,Expired,Bachelors,https://scholarbee.pk/scholarship-details/6834a54f5652e43948794b91
Foundation University College of Nursing (FUCN) Scholarship,This scholarship supports academically talented and financially deserving students enrolled at Foundation University College of Nursing to pursue nursing education with reduced financial burden.,merit,0.0,2025-07-01,2025-09-01,Expired,Bachelors,https://scholarbee.pk/scholarship-details/682e45e15652e4394878bf81
HEC Need-Based Scholarship,Financial assistance provided by the Higher Education Commission for students facing economic hardship.,need,0.0,2025-08-04,2025-09-01,Expired,Bachelors,https://scholarbee.pk/scholarship-details/682e37595652e4394878b547
UAF Merit Scholarship,Awarded to academically outstanding students at UAF based on merit to encourage academic excellence and reduce financial burden.,merit,0.0,2025-09-01,2025-10-01,Expired,Bachelors,https://scholarbee.pk/scholarship-details/682e35825652e4394878b4a7
Khyber Pakhtunkhwa Education Foundation (KPEF) Scholarship ,The Khyber Pakhtunkhwa Education Foundation (KPEF) offers a range of scholarship programs aimed at supporting students from Khyber Pakhtunkhwa (KPK) in pursuing higher education. These scholarships cater to various academic levels and are designed to assist students based on merit and financial need.,merit,0.0,2025-09-01,2025-10-31,Expired,Bachelors,https://scholarbee.pk/scholarship-details/682daa425652e43948788a7f
Merit Based Scholarship,Superior University Lahore offers merit-based scholarships to support academically outstanding students pursuing MS (Master of Science) programs. These scholarships are designed to recognize and reward students' academic achievements.,merit,0.0,2025-07-01,2025-08-19,Expired,Bachelors,https://scholarbee.pk/scholarship-details/682b0d195652e43948784f26
MUL’s Semester CGPA-Based Scholarship,This scholarship is based on the student’s performance at MUL. It is awarded for the coming semester only and is further extendable to one or more semesters as long as the student maintains the required CGPA.,merit,0.0,2025-07-01,2025-08-15,Expired,Bachelors,https://scholarbee.pk/scholarship-details/6826dbb75652e4394877eefb
Need-Based Scholarship,Financial assistance provided to deserving students facing economic hardship to help them pursue higher education at DHA Suffa University. This scholarship aims to promote education accessibility and support talented students who cannot afford tuition fees.,need,0.0,2025-06-02,2025-07-31,Expired,Bachelors,https://scholarbee.pk/scholarship-details/6826358e5652e4394877d3e1
Karwan-e-Ilm Foundation (KIF) Scholarship,Provides financial assistance to academically talented but financially disadvantaged students across Pakistan to pursue higher education.,merit,0.0,2025-09-01,2025-10-01,Expired,Bachelors,https://scholarbee.pk/scholarship-details/6824e15b5652e43948777d71
The Punjab Educational Endowment Fund (PEEF),"The Punjab Educational Endowment Fund (PEEF) under guidance of the Board of Directors is providing opportunities to the talented but needy students to fulfill their dreams and aspirations and at the same time to become partner in the development and welfare of Pakistan. The PEEF, since its inception in 2009 has awarded more than 374,000 scholarships to students of Punjab and other provinces which are currently pursuing education through public and private sector institutions. Needy students, admitted in IST, can also apply for this scholarship.",need,0.0,2025-05-01,2025-06-30,Expired,Bachelors,https://scholarbee.pk/scholarship-details/6824d5f25652e43948777a00
Need Based Scholarship,PIEAS need-based scholarship program/ Qarz-e-Hasna program aims to assist the students from under-privileged or weak financial background in continuing and completing their studies at PIEAS. A 25% amount of fee collected from the students are reserved for this purpose. This program includes a financial support in the form of tuition fee only. The amount of tuition waiver ranges from 25% to 100% based on the criterion developed by the scrutiny committee.,merit,0.0,2025-04-01,2025-05-14,Expired,Bachelors,https://scholarbee.pk/scholarship-details/6824a9d85652e439487766fa
Balochistan Education Endowment Fund ,"The Balochistan Education Endowment Fund, (BEEF) is a revolutionary initiative of the Government of Balochistan which plays a vital role in strengthening the quality education and all scholarships are being given to the poorest but brilliant male and female students purely on merit basis",need,0.0,2025-04-01,2025-05-15,Expired,Bachelors,https://scholarbee.pk/scholarship-details/6820e6a15652e4394876c6b4
HEC Need-Based Scholarship, Provided by the Higher Education Commission to students who demonstrate financial hardship but are academically eligible.,need,0.0,2025-07-01,2025-08-04,Expired,Bachelors,https://scholarbee.pk/scholarship-details/681fc3f35652e4394876a52b
Rehmatul-lil-Alameen Scholarship,A need-based and merit-based initiative by the Government of Punjab to support academically deserving and financially challenged students across Punjab’s public universities.,merit,0.0,2025-08-01,2025-09-01,Expired,Bachelors,https://scholarbee.pk/scholarship-details/681fc2bf5652e4394876a461
PUNJAB EDUCATIONAL ENDOWMENT FUND (PEEF) SCHOLARSHIPS ,The University also helps students apply for other external scholarships including Punjab Educational Endowment Fund (PEEF). The PEEF in partnership with FCCU offers a certain number of full fee scholarships along with a stipend to talented and deserving enrolled students fulfilling the prescribed criteria.,need,0.0,2025-09-01,2025-10-24,Expired,Bachelors,https://scholarbee.pk/scholarship-details/681c46a35652e43948763e32
Kinship Fee Concession,A kinship Fee Concession is awarded to students having more than one sibling studying at SS-CASE-IT. The fee Concession varies between 25% – 35% of the semester fee of one sibling depending on certain conditions.,merit,0.0,2025-03-03,2025-04-30,Expired,Bachelors,https://scholarbee.pk/scholarship-details/681b72325652e43948761ad1
Financial Support Scheme (SSF-101)," Allama Iqbal Open University (AIOU) offers several scholarship and financial aid schemes for MS students, as detailed on their official website. These programs are administered by the Directorate of Students Advisory & Counselling Services (DSACS) and are part of the AIOU Student Support Fund (ASSF).",need,0.0,2025-12-01,2026-01-05,Expired,Bachelors,https://scholarbee.pk/scholarship-details/681b26645652e4394875ffa5
Mawakhat Assistantship (Need cum based assistance),Assistantships are available on a need cum merit base for students who have passed at least one university exam of Riphah International University.,need,0.0,2025-03-03,2025-04-30,Expired,Bachelors,https://scholarbee.pk/scholarship-details/681a45365652e4394875d607
Amma’al Assistantship,Assistantships under this scheme are available to students getting admission in any regular undergraduate program of Management Sciences and Computer Sciences.,merit,0.0,2025-04-01,2025-05-20,Expired,Bachelors,https://scholarbee.pk/scholarship-details/681a43375652e4394875d583
Usra Assistantship (Kinship Concession),Provides financial assistance for siblings enrolled in the same program.,merit,0.0,2025-08-01,2025-09-08,Expired,Bachelors,https://scholarbee.pk/scholarship-details/681924da5652e43948759ecd
Musabiqat Scholarship,Awarded to the top three students in exams.,merit,0.0,2025-04-04,2025-08-04,Expired,Bachelors,https://scholarbee.pk/scholarship-details/681924215652e43948759e2d
Frontier Education Foundation,"The Frontier Education Foundation (FEF) is a KP government initiative that provides scholarships to deserving students from Khyber Pakhtunkhwa, especially for higher education.

",need,0.0,2025-09-01,2025-10-13,Expired,Bachelors,https://scholarbee.pk/scholarship-details/68190d955652e43948759190
Khurram Murad Scholarship,"These scholarships honor a great thinker whose writings and speeches have inspired thousands of young men and women all over the world.

50% wavier in tuition fees for two students in a semester, with foreign nationality who fulfill the admission requirements",merit,0.0,2025-06-02,2025-07-15,Expired,Bachelors,https://scholarbee.pk/scholarship-details/681837995652e43948755c86
Justice A R Cornelius Scholarship,"These scholarships have been established to pay tribute to a former Chief Justice of Pakistan.
They are granted to bright Pakistani nationals belonging to minority communities.
30% waiver in tuition fee for Pakistani nationals belonging to minorities with a minimum of 60% marks or equivalent in intermediate or graduation.
",merit,0.0,2025-06-06,2025-07-16,Expired,Bachelors,https://scholarbee.pk/scholarship-details/68181a0d5652e43948755a9f
AKU-EB Examination Board Bridge Scholarship,"The AKU-EB recognizes the vital importance of the bridge between secondary and higher education. Thanks to the generous assistance of the Fancy Foundation, AKU-EB offers a competitive scholarship that contributes towards expenses incurred by students during their two years as HSSC candidates. The scholarship is awarded on the basis of merit and financial need and funds two years of education for students that aim to complete their HSSC from an AKU-EB affiliated school or college. It is offered to current SSC Part II students or SSC graduates of AKU-EB affiliated schools & colleges based in Karachi. ",merit,0.0,2025-02-03,2025-03-31,Expired,Bachelors,https://scholarbee.pk/scholarship-details/68141ade5652e4394874da38
AKU Undergraduate Scholarship Programme (AKUSP),"Managed by the Aga Khan Education Board for Pakistan (AKEBP), this scholarship is limited to the Ismaili Community. Eligible students who have obtained confirmed admission between September 15, 2023, to March 15, 2024, in a degree program listed in the AKUSP Booklet can apply. Applicants must submit an application request form along with SSC/O'level and HSC/A'level mark sheets.",need,0.0,2025-02-03,2025-03-31,Expired,Bachelors,https://scholarbee.pk/scholarship-details/681419a75652e4394874d9d2
Scholarships & Financial Aid,"This is for Graduate Programs.
Scholarships and financial aid are a vital tool for helping students in affording a world-class education, setting them on the path of progress. The University of Lahore has a dedicated and caring team financial aid team for bringing affordable education to the doorstep of every deserving student. From need-based programs to merit scholarships for outstanding individuals, as well as grants for international students, there is a wide range of options available for everyone at the University of Lahore. Along with our commitment to economic diversity, generous financial aid programs, and a resourceful financial aid office, we ensure that there are no obstacles in your academic journey at UoL.
All applicants have to deposit at least half of the tuition fee and registration fee (new admission) before applying for financial assistance. The Office of Student Affairs and the Financial Assistance section of the accounts department will be the concerned authorities for aid, with forms for applications available at the latter office. The university has the right to cancel financial aid in the following cases:
Scored SGPA is below 3
Less than 70% marks in case of the annual degree program
Semester freeze
Degree transfer
Semester withdrawn",merit,0.0,2025-04-01,2025-05-01,Expired,Bachelors,https://scholarbee.pk/scholarship-details/681360685652e4394874d1b6
 Honhaar Scholarship Program for graduate students.,Financial support per semester will be provided to all siblings enrolled in graduate Programs of CUI system on maintaining good academic Performance.,merit,0.0,2025-04-01,2025-05-01,Expired,Bachelors,https://scholarbee.pk/scholarship-details/681333305652e4394874a4e6
Professional Education Foundation (PEF) Scholarship,"The PEF scholarship offers financial assistance to students pursuing professional health sciences degrees, including MBBS, BDS, Pharm D, and DPT.",need,0.0,2025-07-01,2025-08-11,Expired,Bachelors,https://scholarbee.pk/scholarship-details/681275de5652e4394874a3b2
Sindh Education Endowment Fund (SEEF) Scholarship,This scholarship is designed for students from Sindh who have financial needs. It supports their educational expenses.,need,0.0,2025-07-01,2025-08-04,Expired,Bachelors,https://scholarbee.pk/scholarship-details/681274eb5652e4394874a314
Zakat & Ushr Need Cum Merit-Based Scholarship,This scholarship is a combination of merit and financial need for students enrolled at DUHS. It is funded by Zakat and Ushr collections.,merit,0.0,2025-08-04,2025-09-01,Expired,Bachelors,https://scholarbee.pk/scholarship-details/681273e35652e4394874a27a
Zahid Bashir Patient Aid Foundation Scholarship,"This scholarship is for students of Dow Medical College, Dow College of Pharmacy, and Dr. Ishrat Ul Ebad Khan Institute of Oral Health Sciences. It supports students in need by providing financial assistance.",merit,0.0,2025-08-04,2025-09-01,Expired,Bachelors,https://scholarbee.pk/scholarship-details/681272c75652e4394874a1b6
NICT Scholarships ,"The PM's National ICT Scholarship Program, now run by Ignite, is a flagship initiative aimed at promoting Information and Communication Technology (ICT) education and research in Pakistan. It provides financial assistance and opportunities for Pakistani students to pursue higher education and research in the field of ICT. The program has been instrumental in supporting numerous students, including those who have gone on to achieve academic success and pursue further studies abroad. ",merit,0.0,2025-05-01,2025-06-29,Expired,Bachelors,https://scholarbee.pk/scholarship-details/68111cd25652e439487453f9
HEC Need-based Scholarships ,"The HEC Need-Based Scholarship program aims to support academically promising yet financially constrained students enrolled in master’s degree programs. This scholarship helps cover tuition fees and provides a monthly stipend during the course of study. The goal is to ensure equal access to higher education for students from low-income households.
The Higher Education Commission (HEC) Need-Based Scholarship program provides financial assistance to undergraduate students in public sector Pakistani universities and degree-awarding institutions, including UET, for those facing financial constraints. The scholarship covers university fees and a monthly stipend, and is intended for students with demonstrated financial need. ",need,0.0,2025-09-01,2025-10-09,Expired,Bachelors,https://scholarbee.pk/scholarship-details/681103dc5652e43948744d2a
Pakistan Educational Endowment Fund (PEEF),"It’s a government scholarship initiated by the Government of Punjab to help talented but financially needy students pursue their education at matric, intermediate, bachelor's, master's levels — across Punjab and some other provinces (under special quotas).",need,0.0,2025-04-07,2025-05-15,Expired,Bachelors,https://scholarbee.pk/scholarship-details/6810d0305652e43948744294
Punjab Education Endowment Fund (PEEF) Master Level Scholarship,"It’s a government scholarship initiated by the Government of Punjab to help talented but financially needy students pursue their education at matric, intermediate, bachelor's, master's levels — across Punjab and some other provinces (under special quotas).",need,0.0,2025-04-07,2025-05-13,Expired,Bachelors,https://scholarbee.pk/scholarship-details/680fc3ee5652e43948741678
Diya Pakistan,For Undergraduate and Graduate Students or as modified by the Donor Agency,merit,0.0,2025-03-03,2025-04-15,Expired,Bachelors,https://scholarbee.pk/scholarship-details/680fc2645652e439487415e7
CUI Endowment Fund,"The CUI Endowment Fund was established by COMSATS University Islamabad (CUI) to support deserving students financially — especially those from low-income backgrounds who are academically talented but economically challenged.

It provides scholarships and financial assistance to undergraduate and postgraduate students across all CUI campuses, including Lahore.",need,0.0,2025-09-01,2025-10-12,Expired,Bachelors,https://scholarbee.pk/scholarship-details/680fc0bc5652e439487415b8
Kinship/Sibling concession,It is a need based scholarship given to siblings. Financial support per semester will be provided to all sibilings enrolled in CUI system on maintaining good academic Performance.,need,0.0,2025-09-01,2025-10-12,Expired,Bachelors,https://scholarbee.pk/scholarship-details/680fbfd05652e439487414ea
PEEF Scholarship - KCW,"The PEEF (Punjab Educational Endowment Fund) scholarship program aims to provide financial assistance to needy and talented students in Punjab and other regions of Pakistan, including AJK, FATA, Gilgit Baltistan, and Islamabad. The PEEF offers scholarships for various educational levels, including Intermediate, Graduation, Master's, and Ph.D. ",need,0.0,2025-02-03,2025-03-03,Expired,Bachelors,https://scholarbee.pk/scholarship-details/6807ddc25652e43948732d46
HEC Ehsaas Scholarship Program - KFUEIT ,"The Ehsaas Undergraduate Scholarship Program, offered by the Higher Education Commission (HEC) in Pakistan, provides financial assistance to needy and deserving students pursuing undergraduate degrees at public sector universities. The scholarship covers tuition fees and provides a stipend for the duration of the degree. The program aims to empower talented but financially disadvantaged students and enable them to access quality education. 
",need,0.0,2025-11-03,2025-12-30,Expired,Bachelors,https://scholarbee.pk/scholarship-details/680697705652e4394872d601
Pakistan Bait ul Mal Scholarships - KFUEIT ,"The Pakistan Bait-ul-Mal (PBM) scholarship program provides educational assistance to deserving and brilliant poor students in government educational institutions, focusing on fulfilling immediate needs and promoting economic empowerment through rehabilitation. ",need,0.0,2025-01-06,2025-02-15,Expired,Bachelors,https://scholarbee.pk/scholarship-details/680695a75652e4394872d4b8
PEEF - KFUEIT ,"PEEF (Punjab Educational Endowment Fund) offers various scholarships, including those for Master's level studies and special quota programs. ",merit,0.0,2025-06-03,2025-04-13,Expired,Bachelors,https://scholarbee.pk/scholarship-details/680693f85652e4394872d19a
KFUEIT Need Based Scholarship,"KFUEIT offers various scholarships to support students, including need-based scholarships, merit-based scholarships, and external scholarships. These scholarships are designed to help students who are facing financial constraints or who demonstrate academic excellence. ",need,0.0,2025-03-03,2025-04-11,Expired,Bachelors,https://scholarbee.pk/scholarship-details/680684145652e4394872c229
Major Merit Scholarship, Awarded to students based on exceptional academic performance.,merit,0.0,2025-06-09,2025-07-15,Expired,Bachelors,https://scholarbee.pk/scholarship-details/6803cbea5652e43948728a3a
Merit Based Scholarship,"Terms and Conditions
The following conditions shall be applicable:

Two Scholarships cannot be availed at a time. If the student is eligible for more than one scholarship, then he/she has the right to opt any one scholarship.
All those students who want to avail any of the above scholarships are required to apply for anyone on a prescribed application form available below.
Subsequent continuation of scholarship in every semester is based on:
Maintaining of minimum CGPA requirement of the degree program
On taking off full course load as specified for each program.
Scholarships are NOT awarded:
During the Summer semester.
If the duration of studies exceeds normal specified duration for each program.
If a student takes any regular semester break.
If the total credit hours registered (after Add/Drop period) are less than full course load.
No F/W/I and Repeat course in the transcript in last registered semester.
Student convicted by the Discipline Committee will be ineligible for any Scholarship/Award.
Incomplete application will not be accepted. University has rights to cancel any application without any notice.
The University through its discretionary power has the authority to change the definition or percentage of any Scholarship, with the approval of Academic Council, and it shall be binding on all awardees.",merit,0.0,2025-01-01,2025-01-19,Expired,Bachelors,https://scholarbee.pk/scholarship-details/680398475652e4394872804f
Merit Based Scholarship,"The Merit-Based Scholarship is awarded to students based on their academic achievements. While specific eligibility criteria and benefits are not detailed in the available information, such scholarships typically consider factors like high percentage marks in previous examinations or top positions in merit lists. The exact percentage of fee concession or other benefits may vary and are determined by the university's scholarship committee
Secure Admission: Apply and gain admission to your desired program at LGU.​
Scholarship Application: Upon admission, apply for the scholarship through the LGU Admissions Portal.​
Documentation: Submit all required academic transcripts and any other documents that support your eligibility for the scholarship.​
Review Process: The university's scholarship committee will review applications and determine eligibility based on academic performance and other criteria.​
",merit,0.0,2025-10-01,2025-11-15,Expired,Bachelors,https://scholarbee.pk/scholarship-details/680222135652e43948725157
MNSUA Need-Based Scholarship / Interest-Free Loan, Internal university program for students facing financial hardship,need,0.0,2025-09-01,2025-09-17,Expired,Bachelors,https://scholarbee.pk/scholarship-details/6801ff0c5652e439487245ae
PEEF Undergraduate Scholarship,Merit and need-based scholarship by Punjab Government,merit,0.0,2025-07-01,2025-12-30,Expired,Bachelors,https://scholarbee.pk/scholarship-details/6801fe5f5652e4394872452c
 Ehsaas Undergraduate Scholarship,A government-funded initiative to support students from low-income families.,need,0.0,2025-08-04,2025-10-17,Expired,Bachelors,https://scholarbee.pk/scholarship-details/6801fdba5652e43948724492
Need based Scholarship,"Ilma University's vision and mission both highlight the drive to make education accessible to all. For this case, Ilma University gives out a lot of scholarships to the deserving students purely based on merit. Scholarships ranging from 10% to 100% are awarded. Students must fulfil the pre-requisite criteria for the award of scholarships and submit the supporting documents to support their claim.
Ilma University vows to provide an easily accessible educational path through scholarships and grants to provide all students a fair chance to attain university level qualification as an investment and security for their future.",need,0.0,2025-08-04,2025-09-02,Expired,Bachelors,https://scholarbee.pk/scholarship-details/67fcdd6b5652e4394871958a
MORA Scholarship	,Ministry of Religious Affairs offers financial assistance to deserving students with strong academic standing and ethical commitment.,need,0.0,2025-11-03,2025-12-31,Expired,Bachelors,https://scholarbee.pk/scholarship-details/67fb89395652e43948717088
Flood-Affected Student Fee Waiver,Emergency relief support for students affected by natural disasters (specifically flood) to prevent academic disruption.,need,0.0,2025-08-04,2025-09-27,Expired,Bachelors,https://scholarbee.pk/scholarship-details/67fb883b5652e43948717041
Momina Cheema Foundation Scholarship,A philanthropic scholarship program supporting academically bright and financially needy students in science and healthcare fields.,need,0.0,2025-09-01,2025-11-13,Expired,Bachelors,https://scholarbee.pk/scholarship-details/67fb87025652e43948716f97
EUSP Scholarship (HEC),"Offered under HEC’s Undergraduate Education Support Program, it supports socio-economically disadvantaged students in continuing higher education.",need,0.0,2025-08-04,2025-09-29,Expired,Bachelors,https://scholarbee.pk/scholarship-details/67fb84ee5652e43948716f03
PEEF Scholarship,A government-funded program supporting talented but underprivileged students for intermediate and undergraduate education.,merit,0.0,2025-08-04,2025-10-02,Expired,Bachelors,https://scholarbee.pk/scholarship-details/67fb842e5652e43948716e7b
Need-Based Scholarship (KUM),Provides financial assistance to deserving students facing economic hardship to ensure equal access to higher education.,need,0.0,2025-08-04,2025-09-25,Expired,Bachelors,https://scholarbee.pk/scholarship-details/67fb83725652e43948716df3
Merit-Based Scholarship (KUM),Awarded to high-achieving students based on semester CGPA performance to promote academic excellence at Kohsar University Murree.,merit,0.0,2025-08-04,2025-09-18,Expired,Bachelors,https://scholarbee.pk/scholarship-details/67fb80725652e43948716d4d
Pakistan Education Endowment Fund (PEEF) Scholarship ,"A scholarship opportunity, funded by the Punjab Education Endowment Fund (peef.org.pk), for students in the Tourism and Hospitality Management programs. This scholarship will be awarded to the top 10 selected applicants.",merit,0.0,2025-09-01,2025-11-14,Expired,Bachelors,https://scholarbee.pk/scholarship-details/67f9155a5652e439487152e8
Habib Yohsin Scholarship,"To ensure equal opportunities for all prospective students irrespective of their religious, ethnic, racial, gender or socio-economic background, Habib University offers unmatched undergraduate scholarships to intermediate students and other boards too, to support them, fully or partially, so that they can pursue their four-year degree program at the university.
Based on the candidate’s admission score, they may receive one of our renewable scholarships in recognition of their strong academic achievements. Entrance scholarships are granted between 20% & 100%, depending on your merit score.",merit,0.0,2025-03-03,2025-04-08,Expired,Bachelors,https://scholarbee.pk/scholarship-details/67f8f4385652e4394871423a
Need based Scholarship,"Step into a future brimming with promise and potential with the BNU Scholarships. We believe in empowering the dreams of bright minds, offering new avenues of opportunity to prospective students. With a legacy spanning two decades, we've illuminated the paths of countless individuals with over 1.1 Billion Rupees in scholarships. At BNU, we're not just investing in education; we're investing in the architects of tomorrow, nurturing talent, and fostering innovation. ",need,0.0,2025-07-01,2025-08-18,Expired,Bachelors,https://scholarbee.pk/scholarship-details/67f8f03b5652e43948713d7d
Merit based Scholarship,"Step into a future brimming with promise and potential with the BNU Scholarships. We believe in empowering the dreams of bright minds, offering new avenues of opportunity to prospective students. With a legacy spanning two decades, we've illuminated the paths of countless individuals with over 1.1 Billion Rupees in scholarships. At BNU, we're not just investing in education; we're investing in the architects of tomorrow, nurturing talent, and fostering innovation. ",merit,0.0,2025-07-01,2025-08-18,Expired,Bachelors,https://scholarbee.pk/scholarship-details/67f8efba5652e43948713c57
Sindh Educational Endowment Fund (SEEF),"The Government of Sindh established the Sindh Educational Endowment Fund (SEEF) in 2002-03 to offer financial assistance to students from low-income backgrounds pursuing higher education. SEEF primarily provides scholarships and aims to support students in completing their graduate and postgraduate studies, particularly in fields like Information Technology, Engineering, Medicine, and Business Administration. ",need,0.0,2025-07-01,2025-08-29,Expired,Bachelors,https://scholarbee.pk/scholarship-details/67f8e1a45652e43948712909
HEC Need-Based Scholarship,This program provides financial assistance to students who demonstrate financial need and have secured admission to KEMU.,need,0.0,2025-11-03,2025-12-08,Expired,Bachelors,https://scholarbee.pk/scholarship-details/67f833d3c01759ffe6a73bb8
Merit based Scholarship,"Up to 100% Fee Waiver (in tuition fee) for top three position holders of the National Intermediate Boards and Universities in all Programmes offered by the Indus University.

Up to 50% Fee Waiver (in tuition fee) for 80% (in Intermediate Examination and above) in National Intermediate Boards and Universities in all Programmes offered by the Indus University.

Up to 25% Fee Waiver (in tuition fee) for 70% (in Intermediate Examination and above) in National Intermediate Boards and Universities in all Programmes offered by the Indus University.",merit,0.0,2025-08-25,2025-11-28,Expired,Bachelors,https://scholarbee.pk/scholarship-details/67f7ca29c01759ffe6a724af
HEC Need-Based Scholarship,This scholarship is designed to assist financially needy students who are unable to bear the cost of their education.,need,0.0,2025-06-02,2025-07-14,Expired,Bachelors,https://scholarbee.pk/scholarship-details/67f6e0c3c01759ffe6a6fa24
HEC Need Base Scholarships,"Scholarships recognize academic excellence and may also take into account community involvement, leadership, creativity, and other qualities.

Take the time to explore the many scholarships and awards available – and apply!

In addition to University of Chitral scholarships, you should also consider the many awards offered through the Higher Education Commission (HEC) Pakistan and other various external companies & agencies. If you have questions regarding these awards, you should direct them to the awarding organization. These awards are updated frequently, so check back regularly for up-to-date information.

Admission Scholarships are for those individuals applying to the University for undergraduate studies.

In-course Scholarships are available to students currently registered at the University of Chitral. Additional information on In-course Scholarships is available through the Registrar's Office.",need,0.0,2025-03-03,2025-04-09,Expired,Bachelors,https://scholarbee.pk/scholarship-details/67f6422fc01759ffe6a6d09c
Need based Scholarship,"PAF-IAST Need-based scholarships are focused to enhance the educational capabilities of the students by off-loading their financial burden and reaching out to financially challenged / deserving students. Confidentiality is to be observed to preserve the esteem of the students.
Coverage:
Full Scholarship (100% Tuition Fee Waiver)
Partial Scholarship (50% Tuition Fee Waiver)",need,0.0,2025-06-02,2025-07-15,Expired,Bachelors,https://scholarbee.pk/scholarship-details/67f62ee1c01759ffe6a6b91e
Merit based Scholarship,​Pak-Austria Fachhochschule Institute of Applied Sciences and Technology (PAF-IAST) offers merit-based scholarships to recognize and support students who demonstrate outstanding academic achievements. ,merit,0.0,2025-06-02,2025-07-15,Expired,Bachelors,https://scholarbee.pk/scholarship-details/67f62d9ec01759ffe6a6b80e
Need Base Scholarship,"The National College of Business Administration & Economics (NCBA&E) offers need-based scholarships to help financially disadvantaged students pursue higher education, and you can find more information about the program and application process on the NCBA&E website. 
Need-Based Scholarships: Financial assistance for students facing financial difficulties. 
Merit-Based Scholarships: Scholarships awarded based on academic performance. 
Up to 40% Scholarship: NCBA&E offers up to 40% scholarship opportunities for certain programs. ",need,0.0,2025-03-03,2025-04-09,Expired,Bachelors,https://scholarbee.pk/scholarship-details/67f62c80c01759ffe6a6b736
HEC Merit and Need-Based Scholarship,"This scholarship aims to provide financial support to students demonstrating both academic excellence and financial need, enabling them to pursue higher education without financial constraints.",merit,0.0,2025-11-03,2025-12-31,Expired,Bachelors,https://scholarbee.pk/scholarship-details/67f572ecc01759ffe6a69176
Merit-Based Scholarships,Awarded to students who demonstrate exceptional academic performance.,merit,0.0,2025-07-01,2025-08-11,Expired,Bachelors,https://scholarbee.pk/scholarship-details/67f57385c01759ffe6a692b2
Sister Fee Concession,"This scholarship offers a 50% tuition fee concession for one of two sisters enrolled at Shaheed Benazir Bhutto Women University (SBBWU). When both sisters are enrolled and not receiving other fee concessions or need-based scholarships, one sister is granted a 50% reduction on her tuition fee while the other pays full tuition.",merit,0.0,2025-09-01,2025-10-09,Expired,Bachelors,https://scholarbee.pk/scholarship-details/67f57071c01759ffe6a69022
Ihsan Trust Qarz-e-Hasna Scheme​,Provides interest-free loans to needy and deserving students to cover educational expenses.​,need,0.0,2025-11-03,2025-10-20,Expired,Bachelors,https://scholarbee.pk/scholarship-details/67f44096c01759ffe6a637e3
Nazir Ahmed Chaudary Memorial Scholarship,"ISP is offering, “NACM” partially funded (upto 50% in tuition fee) merit scholarships, worth Rs. 30 Million (approximately), for selected programs on the basis of test.",merit,0.0,2025-08-04,2025-09-21,Expired,Bachelors,https://scholarbee.pk/scholarship-details/67f42f2fc01759ffe6a631a8
Need Cum Merit Based Scholarship ,"Up to 100% tuition fee waiver shall be offered to the rest of candidates in each program as per university aggregate merit criteria, subject to need assessed by the Namal Scholarship Committee through the financial support process.
100% Admission fee and Admission Security waiver for candidates belonging to previously called EX.FATA (currently in KPK) and Baluchistan candidates.
50% Hostel fee waiver to Female candidates.
The Students qualifying their Intermediate/equivalent exams (in the current year) from Daanish Schools shall be eligible for 100% waiver of dues (admission, hostel and exam & lab fee), funded from Punjab Educational Endowment Fund (PEEF).
100% Tuition fee waiver for all candidates having 90 % and above marks in intermediate/equivalent exam.",need,0.0,2025-06-02,2025-07-31,Expired,Bachelors,https://scholarbee.pk/scholarship-details/67f3c9e5c01759ffe6a5ecbd
MUST Need-Based Scholarships,MUST Need-Based Scholarships are designed to support students from financially disadvantaged backgrounds who are enrolled in undergraduate programs at Mirpur University of Science and Technology. This program complements the HEC Need-Based Scholarships and targets students on the waiting list.,need,6000.0,2025-07-01,2025-08-11,Expired,Bachelors,https://scholarbee.pk/scholarship-details/67f3c890c01759ffe6a5ec6d
HEC Need Based Scholarship ,"​The Higher Education Commission (HEC) Need-Based Scholarship is designed to assist financially disadvantaged students pursuing undergraduate studies at recognized public sector universities, including the University of Haripur (UoH).​",need,0.0,2025-08-04,2025-09-30,Expired,Bachelors,https://scholarbee.pk/scholarship-details/67ef834dc01759ffe6a57ce1
Merit Base Scholarship,The University of Haripur (UoH) offers Merit-Based Scholarships to recognize and reward outstanding academic performance among its students.,merit,0.0,2025-01-06,2025-09-30,Expired,Bachelors,https://scholarbee.pk/scholarship-details/67ef824ac01759ffe6a57c2d
Pakistan Bait-ul-Mal Scholarships,Pakistan Bait-ul-Mal (PBM) offers educational assistance to deserving students enrolled in government institutions like the University of Haripur (UoH). This support aims to aid students from low-income families in completing their education by covering various academic expenses.,need,0.0,2025-08-04,2025-09-30,Expired,Bachelors,https://scholarbee.pk/scholarship-details/67ef8188c01759ffe6a57b51
Balochistan Education Endowment Fund (BEEF) Scholarship,"The BEEF Scholarship aims to provide financial assistance to deserving and high-achieving female students enrolled at SBKWU Nushki Campus, promoting higher education opportunities for women in Balochistan.",merit,0.0,2025-06-10,2025-08-04,Expired,Bachelors,https://scholarbee.pk/scholarship-details/67ed33c5c01759ffe6a5311d
Merit-Based Scholarships,SBKWU Merit-Based Scholarship is offered to encourage outstanding academic performers at SBKWU Pishin Campus. This scholarship aims to reward students who consistently maintain high academic achievements during their studies.,merit,0.0,2025-08-04,2025-09-01,Expired,Bachelors,https://scholarbee.pk/scholarship-details/67ed31a5c01759ffe6a53073
Merit based scholarships ,"The Merit-Based Scholarships at Faisalabad Medical University reward students with exceptional academic performance. These scholarships are awarded based on high marks in previous exams. The amount varies, often covering a percentage of tuition fees. Students are typically considered automatically, but a separate application may be required in some cases.

",merit,0.0,2025-04-07,2025-05-06,Expired,Bachelors,https://scholarbee.pk/scholarship-details/67ed0e51c01759ffe6a52807
Merit based scholarships ,"The Merit-Based Scholarships reward students with exceptional academic performance. These scholarships are awarded based on high grades in previous studies, such as high school or prior degrees. The amount varies, with top achievers receiving significant tuition fee reductions. Students are generally considered automatically, though some may need to submit a separate application.

",merit,0.0,2025-04-01,2025-05-01,Expired,Bachelors,https://scholarbee.pk/scholarship-details/67ed0d51c01759ffe6a526a7
Need- based scholarships ,"The Need-Based Scholarships at BUETK assist students who demonstrate financial hardship but have academic potential. Eligible students must provide financial documents to support their need. The scholarship amount varies based on the student’s financial situation. Students can apply by submitting academic and financial records to the university's financial aid office.

",need,0.0,2025-03-03,2025-04-25,Expired,Bachelors,https://scholarbee.pk/scholarship-details/67ed0bd2c01759ffe6a525b9
Need Based Scholarships ,"The Merit Scholarship at Superior University rewards students based on academic performance. For undergraduates, it offers up to 100% tuition coverage for those with 95% or above marks, with varying percentages for lower ranges. Postgraduate students with a CGPA of 3.5 or above are eligible for 25% off tuition. No separate application is needed; scholarships are awarded automatically based on academic records.

",merit,0.0,2025-03-03,2025-04-25,Expired,Bachelors,https://scholarbee.pk/scholarship-details/67ed0a5ac01759ffe6a523e1
Balochistan Education Endowment Fund (BEEF) Scholarship​,"The BEEF Scholarship aims to provide financial assistance to deserving and high-achieving students from Balochistan, facilitating their pursuit of higher education.",merit,0.0,2025-07-01,2025-08-25,Expired,Bachelors,https://scholarbee.pk/scholarship-details/67ed0151c01759ffe6a51fde
CUSIT Merit-Based Scholarship,CUSIT offers merit-based scholarships to encourage and reward high-achieving students who demonstrate outstanding academic performance.,merit,0.0,2025-06-02,2025-07-30,Expired,Bachelors,https://scholarbee.pk/scholarship-details/67ec3264c01759ffe6a4f78f
Kinship Scholarship,This scholarship is offered to students who have one or more siblings concurrently enrolled at Lahore Leads University. It aims to provide financial relief to families with multiple students at the university.,need,0.0,2025-07-01,2025-08-01,Expired,Bachelors,https://scholarbee.pk/scholarship-details/67e8104cc01759ffe6a4d372
Need-Based Scholarship,This scholarship is awarded to deserving students from financially weak backgrounds to help them continue their higher education.,need,0.0,2025-07-01,2025-08-01,Expired,Bachelors,https://scholarbee.pk/scholarship-details/67e80e80c01759ffe6a4d32c
Merit Based Scholarship,"A financial award for academically high-performing students at the time of admission or during their studies, to encourage academic excellence.",merit,0.0,2025-07-01,2025-08-01,Expired,Bachelors,https://scholarbee.pk/scholarship-details/67e80d13c01759ffe6a4d2e6
Merit Based Scholarship,This scholarship is awarded to students with outstanding academic performance in previous qualifications or during their studies at KASBIT.,merit,0.0,2025-07-01,2025-08-10,Expired,Bachelors,https://scholarbee.pk/scholarship-details/67e6c6e1c01759ffe6a4ce4a
Merit-Based Scholarships,Baqai Medical University (BMU) offers Merit-Based Scholarships to recognize and reward academic excellence among its students. These scholarships are designed to encourage high-achieving students to pursue their studies without financial constraints.,merit,0.0,2025-10-01,2025-11-03,Expired,Bachelors,https://scholarbee.pk/scholarship-details/67e54bf1c01759ffe6a46b74
Pakistan Bait-Ul-Mal Scholarship,"The Pakistan Bait-ul-Mal (PBM) scholarship program provides educational assistance to deserving and brilliant poor students in government educational institutions, focusing on fulfilling immediate needs and promoting economic empowerment through rehabilitation. ",need,0.0,2025-01-01,2025-02-23,Expired,Bachelors,https://scholarbee.pk/scholarship-details/67e43458c01759ffe6a4331a
Khyber Pakhtunkhwa Education Foundation (KPEF) Scholarship,"Provides financial aid to deserving students; the application deadline for the 2024-25 session was extended to February 27, 2025.",need,0.0,2025-01-01,2025-02-27,Expired,Bachelors,https://scholarbee.pk/scholarship-details/67e4317ec01759ffe6a43236
Ehsaas Undergraduate Scholarship Program ,"A need-based program covering tuition fees and providing a monthly stipend for students from households earning below PKR 45,000 per month.",need,0.0,2025-11-03,2025-12-31,Expired,Bachelors,https://scholarbee.pk/scholarship-details/67e429e7c01759ffe6a430d4
Benazir Undergraduate Scholarship Program (BUSP)​,"A collaboration between the Higher Education Commission (HEC) and the Benazir Income Support Program, BUSP provides merit and need-based scholarships to deserving students, aiming to alleviate financial barriers to higher education. ",need,0.0,2025-09-01,2025-10-01,Expired,Bachelors,https://scholarbee.pk/scholarship-details/67e3f4cbc01759ffe6a42ab9
 Need-Based Scholarships:,"Preston University offers Need-Based Scholarships to support students facing financial difficulties, ensuring that deserving students can continue their education without financial constraints.",need,0.0,2025-07-01,2025-08-04,Expired,Bachelors,https://scholarbee.pk/scholarship-details/67e2e8b2c01759ffe6a3a08b
Ehsaas / Benazir Undergraduate Scholarship Program,A need-based scholarship program by the Government of Pakistan for financially disadvantaged undergraduate students. Covers tuition and monthly living stipend.,need,0.0,2025-10-01,2025-10-01,Expired,Bachelors,https://scholarbee.pk/scholarship-details/67e2382cc01759ffe6a36503
Competitive Merit Scholarships,"Preston University offers Competitive Merit Scholarships, providing 100% and 75% fee waivers to first-division holders based on competitive tests. A total of 600 scholarships are awarded annually across all campuses.",merit,0.0,2025-08-01,2025-09-03,Expired,Bachelors,https://scholarbee.pk/scholarship-details/67e1a51ec01759ffe6a35079
Punjab Educational Endowment Fund (PEEF),"The scholarships are being offered under the supervision of Punjab Educational Endowment Fund (PEEF) which was started in 2008 by Chief Minister of Punjab. The basic purpose behind established Punjab Educational Endowment Fund (PEEF) is to provide scholarships to talented and needy students who aren’t able to pursue their higher education due to financial constraints. Scholarships are not only granted to the students of Punjab but also to the residence of Gilgit Baltistan, AJK, Islamabad and FATA.",merit,0.0,2025-08-04,2024-09-29,Expired,Bachelors,https://scholarbee.pk/scholarship-details/67e17446c01759ffe6a33ab8
Crescent Bahuman Limited Scholarships ,The CBL Scholarships is open only to the full-time students’ needs financial assistance and having CGPA 2.75 and above in the domain of BS Textile Engineering.,need,0.0,2025-02-03,2025-03-31,Expired,Bachelors,https://scholarbee.pk/scholarship-details/67e1729ac01759ffe6a33a01
Kamal Mills Scholarships ,"The Kamal Mills Scholarships is open only to the full-time students’ needs financial assistance and having CGPA 2.75 and above in the following programs:

BS Textile Engineering
BS Textile Management & Marketing or BS Apparel and Merchandizing or BBA
Bachelor of Textile Design",need,0.0,2025-02-03,2024-03-14,Expired,Bachelors,https://scholarbee.pk/scholarship-details/67e171adc01759ffe6a33977
MORA Scholarships ,MORA Scholarship is designed by Ministry of Religious Affairs for needy students from District Zakat Fund.,need,0.0,2025-10-01,2024-11-10,Expired,Bachelors,https://scholarbee.pk/scholarship-details/67e17091c01759ffe6a338ed
CHT Scholarships ,The CHT Scholarships is open only to the full-time students' needs financial assistance and having CGPA 3.0 and above to conduct his/her BS project in the domain of Textile Processing in following program: BS Textile Engineering (Textile Processing only),merit,0.0,2025-02-03,2025-03-24,Expired,Bachelors,https://scholarbee.pk/scholarship-details/67e16ea8c01759ffe6a337fe
NEST Scholarships ,"The NEST scholarship, formerly known as the National Endowment Scholarships for Talent, is now managed by the Pakistan Educational Endowment Fund (PEEF) and focuses on empowering students in critical sectors like nursing, arts, and culture, providing financial assistance to those facing financial barriers.",need,0.0,2025-03-03,2025-04-24,Expired,Bachelors,https://scholarbee.pk/scholarship-details/67e12665c01759ffe6a3363c
Ehsaas Undergraduate Scholarship Program,"The Ehsaas Undergraduate Scholarship Program (EUSP) is a flagship initiative by the Government of Pakistan, aiming to support financially challenged students in pursuing higher education. 
Scholarship covers university tuition fee and stipend throughout four-five years of degree duration. It is a significant step to ensure affordable higher education in all major fields of education including agriculture, arts and humanities, business education, engineering, medical, physical sciences, and social sciences.
The Program covers funds for the following expenses:
University fee as per actual fee as per actual
Annual Stipend",need,0.0,2025-09-01,2025-10-30,Expired,Bachelors,https://scholarbee.pk/scholarship-details/67e121c7c01759ffe6a33598
HEC Need based Scholarship,"​The Higher Education Commission (HEC) Need-Based Scholarship at Karakoram International University (KIU) Hunza Campus is designed to support financially disadvantaged students pursuing undergraduate programs. This scholarship covers full tuition fees and, in some cases, hostel fees, aiming to alleviate financial barriers to higher education.

Coverage: Full tuition fee; hostel fee may also be covered.​

Renewal: Scholarships are renewable each year, contingent upon maintaining eligibility criteria.​

Stipend: A monthly stipend of PKR 6,000 is provided for the duration of the program. ",need,0.0,2025-08-25,2025-10-10,Expired,Bachelors,https://scholarbee.pk/scholarship-details/67e0fa1fc01759ffe6a332ac
Batool Muzaffar Scholarship,The Batool Muzaffar Scholarship is open only to the full-time students’ needs financial assistance and having CGPA 3.0 and above to conduct his/her BS in any domain of offered programs by university (preferably Engineering).,merit,0.0,2025-07-01,2025-08-01,Expired,Bachelors,https://scholarbee.pk/scholarship-details/67e11f11c01759ffe6a333a3
Ehsaas / Benazir Undergraduate Scholarship Program,Government of Pakistan initiative offering full support to undergraduate students from low-income families.,need,0.0,2025-09-01,2025-10-01,Expired,Bachelors,https://scholarbee.pk/scholarship-details/67de631dc01759ffe6a31570
USAID Funded Merit and Needs Based Scholarship Program (MNBSP),"A scholarship program for academically strong but financially needy Pakistani students, covering all academic and living costs.",need,0.0,2025-08-04,2025-09-24,Expired,Bachelors,https://scholarbee.pk/scholarship-details/67de5e1cc01759ffe6a312c2
Merit-Based Scholarships,"Hazara University offers Merit-Based Scholarships to assist deserving and meritorious students, ensuring that financial constraints do not hinder their education.",merit,0.0,2025-12-01,2026-01-19,Expired,Bachelors,https://scholarbee.pk/scholarship-details/67dd8f16c01759ffe6a2f2b5
Gilgit-Baltistan Undergraduate Scholarship,This HEC-funded program specifically supports students from Gilgit-Baltistan pursuing undergraduate degrees at public universities like KIU.,need,0.0,2025-09-10,2025-11-25,Expired,Bachelors,https://scholarbee.pk/scholarship-details/67dd1281c01759ffe6a2dbd2
HEC Need based Scholarship,This scholarship is offered to deserving students facing financial constraints.,need,0.0,2025-09-10,2025-11-25,Expired,Bachelors,https://scholarbee.pk/scholarship-details/67dd11e2c01759ffe6a2db3a
PEEF Scholarship Program,The Punjab Educational Endowment Fund (PEEF) Undergraduate -Level scholarships are often extended to students of KIU.,need,0.0,2025-09-10,2025-11-25,Expired,Bachelors,https://scholarbee.pk/scholarship-details/67dd10e1c01759ffe6a2da80
Shahid Hussain Foundation Scholarship,"Established in 2017, this scholarship supports international undergraduate students from SAARC member countries (excluding Pakistan), enabling them to study at LUMS",need,0.0,2025-08-04,2025-09-01,Expired,Bachelors,https://scholarbee.pk/scholarship-details/67db29965dcd9decfd0fd89e
Merit Based Scholarship,"Merit-based scholarships are awarded to students based on their achievements, talents, or other personal merits, such as academic performance, exceptional skills, or leadership qualities, rather than financial need. ",merit,0.0,2025-08-04,2025-09-20,Expired,Bachelors,https://scholarbee.pk/scholarship-details/67da9f9c5dcd9decfd0fb82a
Merit Based Scholarship,"Merit-based scholarships are awarded to students based on their achievements, talents, or other personal merits, such as academic performance, exceptional skills, or leadership qualities, rather than financial need. ",merit,0.0,2025-08-04,2025-09-20,Expired,Bachelors,https://scholarbee.pk/scholarship-details/67da88e15dcd9decfd0fac46
Chinese Government Scholarship (CGS) Program,"The CGS Program offers international students the opportunity to pursue undergraduate, master's, or doctoral degrees in various disciplines at designated Chinese universities. The scholarship covers tuition fees, accommodation, medical insurance, and provides a monthly stipend.",merit,0.0,2025-11-01,2024-12-18,Expired,Bachelors,https://scholarbee.pk/scholarship-details/67da74bd5dcd9decfd0fa065
HEC Need-Based Scholarships ,"This program, initiated by the Higher Education Commission (HEC) of Pakistan, aims to provide financial assistance to academically talented students from financially disadvantaged backgrounds, enabling them to pursue higher education without financial constraints.",need,0.0,2025-08-04,2025-09-19,Expired,Bachelors,https://scholarbee.pk/scholarship-details/67da71235dcd9decfd0f9e00
Pakistan Bait-ul-Mal Educational Stipend,"This scholarship provides financial assistance to needy, deserving, and brilliant students of public sector educational and technical institutions, enabling them to complete their education without financial hindrance",need,0.0,2025-08-04,2025-09-30,Expired,Bachelors,https://scholarbee.pk/scholarship-details/67da6df25dcd9decfd0f9a86
 PEF-EDHI Scholarship,A collaboration between the Professional Education Foundation and the Edhi Foundation to assist students in need.,need,0.0,2025-08-04,2025-09-29,Expired,Bachelors,https://scholarbee.pk/scholarship-details/67d96acc5dcd9decfd0f5d6f
HEC Need Based Scholarships,"The funds for scholarships are not transferred directly to students by HEC, but through the participating university. 
In addition to tuition fee coverage, every grantee will be paid a stipend. 
Selection is based on need and merit, as well as the availability of funds. 
Candidates may be required to appear for interviews. 
For more information about HEC scholarships, you can visit the HEC website: https://www.hec.gov.pk/ 
University of Gujrat Website:
You can also find information on the University of Gujrat website: https://uog.edu.pk/ ",need,0.0,2025-12-01,2026-01-18,Expired,Bachelors,https://scholarbee.pk/scholarship-details/67d945965dcd9decfd0f5216
Need-Based Scholarship,This program provides financial support to students whose financial circumstances have changed after their admission to the university. The assistance aims to ensure that deserving students can continue their education without undue financial burden.,need,0.0,2025-07-01,2025-08-20,Expired,Bachelors,https://scholarbee.pk/scholarship-details/67d84de45dcd9decfd0f29ab
Merit Based Scholarship,"A merit scholarship is a financial award granted to students based on their academic achievements, talents, or other exceptional abilities, rather than financial need.",merit,0.0,2025-07-01,2025-08-20,Expired,Bachelors,https://scholarbee.pk/scholarship-details/67d84c425dcd9decfd0f2946
IBA Financial Aid (FA) Program,"The Institute of Business Administration (IBA) Karachi offers need-based financial assistance in the form of scholarships, bridge financing, and Qarz-e-Hasna (interest-free loan) to deserving students, covering tuition fees for morning programs up to the 8th semester. ",need,0.0,2025-04-01,2025-05-02,Expired,Bachelors,https://scholarbee.pk/scholarship-details/67d841e85dcd9decfd0f2190
Ehsaas Undergraduate Scholarship Program,"The Ehsaas Undergraduate Scholarship Program (EUSP) is a flagship initiative by the Government of Pakistan, aiming to support financially challenged students in pursuing higher education. At the Institute of Business Administration (IBA) Karachi, this program offers comprehensive financial assistance to deserving undergraduate students.
Target: Students from low-income families and marginalized regions.
Coverage: Full tuition fee and a monthly stipend.
Programs: All undergraduate programs are covered.",need,0.0,2025-09-01,2025-10-30,Expired,Bachelors,https://scholarbee.pk/scholarship-details/67d83f105dcd9decfd0f1e08
USAID Need-Based Scholarship,Supports academically qualified but financially needy students in obtaining higher education.,need,0.0,2025-09-01,2025-10-15,Expired,Bachelors,https://scholarbee.pk/scholarship-details/67d819c95dcd9decfd0f1538
 Honhaar Scholarship Program,"The Honhaar Scholarship Program is an initiative by the Punjab Higher Education Commission (PHEC) aimed at supporting talented students facing financial challenges. It offers 100% tuition fee coverage across 68 disciplines, including Engineering, Medical Sciences, Agriculture, and Information Technology",need,0.0,2025-11-03,2025-12-17,Expired,Bachelors,https://scholarbee.pk/scholarship-details/67d80bbe5dcd9decfd0efa3d
International Committee of the Red Cross (ICRC) Scholarship,The International Committee of the Red Cross (ICRC) offers scholarship to the students of Bahria University who have an interest in pursuing a career in International Humanitarian Law (IHL).,merit,0.0,2025-01-01,2025-02-04,Expired,Bachelors,https://scholarbee.pk/scholarship-details/67d328f15dcd9decfd0e5029
Merit Based Scholarship,"The Government of Punjab gives 42 scholarships to indigent students having domicile of Punjab. Newly admitted students in any campus of the university can apply for this scholarship.
The scholarship covers some portion of the tuition fee. The remaining tuition fee can be given by the University as Qarz-e-Hasna.
",merit,0.0,2025-06-02,2025-07-05,Expired,Bachelors,https://scholarbee.pk/scholarship-details/67d32b235dcd9decfd0e549c
Frontier Education Foundation (FEF) Scholarship Program (KPK),Frontier Education Foundation launched scholarship scheme for the poor and deserving students of Khyber-Pakhtunkhwa. The basic criterion for this scholarship is based on Merit cum-in-affordability. The Foundation selected highly prestigious educational institutions at national level for this scholarship and Bahria University is one of them.,need,0.0,2025-01-01,2025-02-25,Expired,Bachelors,https://scholarbee.pk/scholarship-details/67d3278c5dcd9decfd0e4eed
Punjab Education Endowment Fund (PEEF),"Punjab Educational Endowment Fund is committed to bring ease to the future generation. A full-featured web based interface with the aim to facilitate the students to check the status of their scholarships, access Alumni Portal and much more",merit,0.0,2025-12-01,2025-01-30,Expired,Bachelors,https://scholarbee.pk/scholarship-details/67d31b385dcd9decfd0e4c1c
Sindh Endowment Fund Scholarship - SEF,"Govt. of Sindh is providing Scholarships to the needy and meritorious students of Sindh, seeking Higher Education in Institutions of Higher Education (undergraduate level programs of Engineering (Electrical, Computer and Software) & Medicine (MBBS & BDS) only) for the academic year 2019, covering cost of admission and tuition fee.",merit,0.0,2025-01-01,2025-02-25,Expired,Bachelors,https://scholarbee.pk/scholarship-details/67d319605dcd9decfd0e4b7b
Pakistan Bait-ul-Mal Scholarship,Financial assistance for deserving students to support their educational expenses. Pakistan Bait-ul-Mal (PBM)  is an autonomous charity organization which operates under the Prime Minister's Secretariat.,need,0.0,2025-12-01,2026-01-30,Open,Bachelors,https://scholarbee.pk/scholarship-details/67d317a25dcd9decfd0e4b04
Ehsaas Undergraduate Scholarship Program,A need-based scholarship aimed at providing higher education opportunities to financially disadvantaged students. Govt. of Pakistan has announced Ehsaas Scholarship Program which facilitates students enrolled in 4-year undergraduate programs overs tuition fee and stipend.,need,0.0,2025-12-01,2026-01-30,Open,Bachelors,https://scholarbee.pk/scholarship-details/67d30e9b5dcd9decfd0e4a66
Bahria University Sponsored Scholarships - BU,"Top three position holders from all Boards of Intermediate and Secondary Education (BISE) are awarded a 75% tuition fee waiver for the first semester.
Undergraduate Programs:
Top three scorers across all engineering programs, management sciences, and computer sciences with at least a 70% aggregate score in the entrance test receive tuition fee waivers as follows:
1st Position: 75% waiver
2nd Position: 50% waiver
3rd Position: 30% waiver",merit,260.0,2025-01-01,2025-02-21,Expired,Bachelors,https://scholarbee.pk/scholarship-details/67d264a15dcd9decfd0e0c90
Pakistan Bait ul Mal Scholarship,"This scholarship aims to support financially disadvantaged and meritorious students by covering various educational expenses, enabling them to pursue their studies without financial burden.",need,0.0,2025-11-12,2025-12-31,Expired,Bachelors,https://scholarbee.pk/scholarship-details/67d1c9b95dcd9decfd0e0837
Diya Pakistan Scholarship,"Diya Pakistan provides need-based scholarships to talented and deserving students pursuing undergraduate and master's level programs. The scholarship aims to support students facing financial constraints, enabling them to continue their higher education without monetary hindrances.",need,0.0,2025-11-03,2025-12-31,Expired,Bachelors,https://scholarbee.pk/scholarship-details/67d1c7125dcd9decfd0e068a
Ihsan Trust Interest-Free Loan Scheme (Qarz-e-Hasna),Ihsan Trust provides interest-free loans to deserving students to help them pursue their education without financial burdens. This scheme is available to UoK students who meet the eligibility criteria.,need,0.0,2025-02-03,2025-03-07,Expired,Bachelors,https://scholarbee.pk/scholarship-details/67d1c2de5dcd9decfd0e05ca
Balochistan Educational Endowment Fund - BEEF,"The Balochistan Education Endowment Fund, (BEEF) is a revolutionary initiative of the Government of Balochistan which plays a vital role in strengthening the quality education and all scholarships are being given to the poorest but brilliant male and female students purely on merit basis",merit,0.0,2025-12-01,2026-01-15,Expired,Bachelors,https://scholarbee.pk/scholarship-details/67d1c0f35dcd9decfd0e045b
Sindh Educational Endowment Fund - SEEF just,"SEEF refers to the Sindh Educational Endowment Fund, a trust established by the Sindh Education Department to provide financial assistance to talented and needy students in Sindh, Pakistan, with a focus on higher education and economic growth. 
",need,0.0,2025-11-20,2025-12-03,Expired,Bachelors,https://scholarbee.pk/scholarship-details/67d1bdcd5dcd9decfd0e039d
Higher Education Commission (HEC) Need-Based Scholarships,"The Higher Education Commission (HEC) offers a Need-Based Scholarship Program for undergraduate students at selected public sector Pakistani universities, including the University of Karachi (UoK), covering university fees and a stipend, and the UoK handles application and renewal processes for this scholarship. ",need,0.0,2025-01-01,2025-02-18,Expired,Bachelors,https://scholarbee.pk/scholarship-details/67d1bbbe5dcd9decfd0e0319
University of Karachi Alumni Association (UKAA),"The UKAA, based in the Washington DC–Baltimore area, has been providing merit-cum-need-based scholarships since 2004. In 2023, they awarded over 914 scholarships to students pursuing Intermediate, Bachelor, and Master degrees in fields such as Science, Pharmacy, Engineering, Medicine, and Business Administration. ",merit,0.0,2025-03-01,2025-04-30,Expired,Bachelors,https://scholarbee.pk/scholarship-details/67d1b9be5dcd9decfd0e020d
Pakistan Education Endowment Fund (PEEF),"PEEF (Punjab Educational Endowment Fund) is a scholarship program established by the Government of Punjab, Pakistan. It provides financial assistance to talented and deserving students, enabling them to pursue higher education. The fund primarily supports students from low-income backgrounds, including orphans, children of government employees in low-grade positions, minorities, and students with disabilities.",merit,17.1,2025-02-01,2025-03-30,Expired,Bachelors,https://scholarbee.pk/scholarship-details/67d1afe75dcd9decfd0e00b8
HEC Need-Based Scholarship,Financial assistance provided by the Higher Education Commission (HEC) of Pakistan to support financially disadvantaged students.,need,0.0,2025-11-24,2025-12-26,Expired,Bachelors,https://scholarbee.pk/scholarship-details/67d17de65dcd9decfd0df351
HEC Need-Based Scholarship,Financial assistance provided by the Higher Education Commission (HEC) of Pakistan to support financially disadvantaged students.,need,0.0,2025-11-24,2025-12-26,Expired,Bachelors,https://scholarbee.pk/scholarship-details/67d17cee5dcd9decfd0df269
HEC Scholarships,"Abasyn University in Peshawar offers various HEC (Higher Education Commission) scholarships and financial aid programs, including merit-based tuition fee waivers and need-based scholarships, to support students' education. ",merit,0.0,2025-02-03,2025-03-12,Expired,Bachelors,https://scholarbee.pk/scholarship-details/67d161265dcd9decfd0de6be
HEC Need Base Scholarships,"The Higher Education Commission (HEC) offers need-based scholarships at Bahauddin Zakariya University (BZU) to support financially disadvantaged students, providing access to modern education and career opportunities. The scholarship is intended to enable students to acquire high-quality education and elevate their socio-economic status. ",need,0.0,2025-02-03,2025-03-13,Expired,Bachelors,https://scholarbee.pk/scholarship-details/67d14de25dcd9decfd0dd5b2
Kinship Fee Concession,The Kinship Fee Concession offered by Sir Syed CASE Institute of Technology (SS-CASE-IT) is designed to provide financial relief to families with more than one sibling enrolled at the university.,merit,0.0,2025-07-07,2025-08-21,Expired,Bachelors,https://scholarbee.pk/scholarship-details/67cec77d5dcd9decfd0d0e4c
Punjab Educational Endowment fund PEEF Scholarship ,"The Punjab Educational Endowment Fund (PEEF) offers scholarships to support talented and financially needy students in Punjab, enabling them to pursue higher education. Students at the University of Veterinary and Animal Sciences (UVAS) may be eligible for these scholarships if they meet certain criteria.",need,0.0,2025-09-08,2025-10-09,Expired,Bachelors,https://scholarbee.pk/scholarship-details/67caa5665dcd9decfd0c7116
Banazir UG Scholarships ,"At the University of Veterinary and Animal Sciences (UVAS), the Benazir Undergraduate Scholarship Project provides financial assistance to eligible students who meet the program's criteria. ",need,0.0,2025-09-08,2025-10-09,Expired,Bachelors,https://scholarbee.pk/scholarship-details/67caa2fe5dcd9decfd0c6f02
Merit Scholarship,UVAS awards merit scholarships to high-performing students in recognition of their academic excellence. These scholarships are distributed annually based on the students' performance in their respective degree programs.,merit,0.0,2025-09-08,2025-10-09,Expired,Bachelors,https://scholarbee.pk/scholarship-details/67ca99de5dcd9decfd0c6ca1
Internal Merit District Scholarship, This scholarship is awarded by the respective district of the student based on academic merit. This is a merit based scholarship offered by the District Education Officers of the concerned Districts from where a student has obtained his/her last educational certificate/degree.,merit,0.0,2025-09-04,2025-10-13,Expired,Bachelors,https://scholarbee.pk/scholarship-details/67c951605dcd9decfd0c0ff0
HEC Need based Scholarship,"The Higher Education Commission (HEC) of Pakistan offers a Need-Based Scholarship Program to assist financially disadvantaged students in pursuing undergraduate studies at selected public sector universities, including Government College University (GCU) Lahore.",need,0.0,2025-09-01,2025-10-13,Expired,Bachelors,https://scholarbee.pk/scholarship-details/67c94afd5dcd9decfd0c0de3
National Endowment Scholarships for Talent (NEST),"The National Endowment Scholarships for Talent (NEST) has been rebranded as the Pakistan Education Endowment Fund (PEEF). NEST aims to support financially disadvantaged yet talented students in pursuing higher education, thereby promoting education and alleviating poverty through capacity building. ",need,0.0,2025-10-06,2025-03-16,Expired,Bachelors,https://scholarbee.pk/scholarship-details/67c86c2d5dcd9decfd0beac2
HEC Need-Based Scholarship,"This scholarship aims to provide opportunities for talented students who face financial constraints, enabling them to access quality education at KMU. It is available for undergraduate and graduate students across all disciplines.​",need,6000.0,2025-09-01,2025-10-18,Expired,Bachelors,https://scholarbee.pk/scholarship-details/67c599485dcd9decfd0aaeaf
HEC Need based Scholarship,"Khyber Medical University in collaboration with HEC aims to provide support to needy & deserving students by providing access to quality education through different endeavours one of which is needs-based scholarships. Keeping in view the financial constraints of the area barring students from acquiring higher education HEC has allocated 14 slots for Khyber Medical University, Peshawar in its need based scholarship program. ",need,0.0,2025-09-01,2025-10-15,Expired,Bachelors,https://scholarbee.pk/scholarship-details/67c5789e45546a7037b7bc3b
HEC Need based Scholarship,"Khyber Medical University in collaboration with HEC aims to provide support to needy & deserving students by providing access to quality education through different endeavours one of which is needs-based scholarships. Keeping in view the financial constraints of the area barring students from acquiring higher education HEC has allocated 14 slots for Khyber Medical University, Peshawar in its need based scholarship program. ",need,0.0,2025-11-03,2025-10-13,Expired,Bachelors,https://scholarbee.pk/scholarship-details/67c5763945546a7037b7bb32
HEC Need based Scholarship,"Khyber Medical University in collaboration with HEC aims to provide support to needy & deserving students by providing access to quality education through different endeavours one of which is needs-based scholarships. Keeping in view the financial constraints of the area barring students from acquiring higher education HEC has allocated 14 slots for Khyber Medical University, Peshawar in its need based scholarship program. ",need,0.0,2025-09-01,2025-10-15,Expired,Bachelors,https://scholarbee.pk/scholarship-details/67c56d8a45546a7037b7b595
HEC Need based Scholarship,"The National University of Technology (NUTECH) offers Need-Based Scholarships to assist financially disadvantaged yet deserving students in pursuing their undergraduate studies. These scholarships aim to alleviate the financial burden on students and are awarded based on the financial background of the applicant's family.
Types of Scholarships:

Full Scholarship: Provides a 100% tuition fee waiver.
Partial Scholarship: Offers a tuition fee waiver of 25% or more",need,0.0,2025-06-09,2025-09-15,Expired,Bachelors,https://scholarbee.pk/scholarship-details/67c2f57045546a7037b728f0
Merit based Scholarship,"Capital University of Science & Technology (CUST) offers a Merit-Based Scholarship to support academically outstanding students. To be eligible, students must achieve a minimum CGPA of 3.50 in their current semester. The scholarship provides a 12.5% tuition fee waiver for the subsequent semester. This scholarship is available to both undergraduate and graduate students across various programs.",merit,0.0,2025-07-07,2025-08-19,Expired,Bachelors,https://scholarbee.pk/scholarship-details/67bffa4445546a7037b58c85
HEC Need based Scholarship,"Khyber Medical University in collaboration with HEC aims to provide support to needy & deserving students by providing access to quality education through different endeavours one of which is needs-based scholarships. Keeping in view the financial constraints of the area barring students from acquiring higher education HEC has allocated 14 slots for Khyber Medical University, Peshawar in its need based scholarship program. 
1. To provide an opportunity for talented students who are financially disadvantaged and are incapable of meeting higher education costs.
2. To provide opportunities for academically qualified, yet financially needy, students to continue university studies in Khyber Medical University, especially from remote and rural areas of FATA and Khyber Pakhtunkhwa,",need,0.0,2025-07-01,2025-08-09,Expired,Bachelors,https://scholarbee.pk/scholarship-details/67bec20f45546a7037b5307c
HEC Need based Scholarship,"Khyber Medical University in collaboration with HEC aims to provide support to needy & deserving students by providing access to quality education through different endeavours one of which is needs-based scholarships. Keeping in view the financial constraints of the area barring students from acquiring higher education HEC has allocated 14 slots for Khyber Medical University, Peshawar in its need based scholarship program. 
1. To provide an opportunity for talented students who are financially disadvantaged and are incapable of meeting higher education costs.
2. To provide opportunities for academically qualified, yet financially needy, students to continue university studies in Khyber Medical University, especially from remote and rural areas of FATA and Khyber Pakhtunkhwa,
",need,0.0,2025-07-01,2025-08-09,Expired,Bachelors,https://scholarbee.pk/scholarship-details/67bebfb845546a7037b52f53
HEC Need based Scholarship,Khyber Medical University (KMU) offers scholarships to students at the undergraduate and graduate level. Scholarships are available for students from remote and rural areas of Khyber Pakhtunkhwa and FATA. The Institute of Paramedical Sciences (IPMS) at KMU also offers scholarships. ,need,0.0,2025-07-01,2025-08-09,Expired,Bachelors,https://scholarbee.pk/scholarship-details/67bebad645546a7037b52e10
Need based Scholarship,"Quaid-e-Awam University of Engineering, Science & Technology (QUEST) Nawabshah offers various need-based scholarships to support financially disadvantaged students. These scholarships aim to assist meritorious and needy students in continuing their education without financial hindrance.",need,0.0,2025-06-18,2025-07-17,Expired,Bachelors,https://scholarbee.pk/scholarship-details/67bd72c3d94ce3f911e9c491
Merit based Scholarship,"Merit-based scholarships at QUEST Nawab shah recognize top-performing students with awards such as tuition fee waivers or stipends. Eligibility is based on high academic achievement, full-time enrolment, and a clean disciplinary record. Scholarships are managed through the Students Financial Aid Office.",merit,0.0,2025-06-17,2025-07-15,Expired,Bachelors,https://scholarbee.pk/scholarship-details/67bd6f8ad94ce3f911e9c2c8
Need based Scholarship,"The Higher Education Commission (HEC) of Pakistan, in partnership with QAU, provides scholarships that combine merit and need criteria to assist students in pursuing higher education.",need,0.0,2025-04-01,2025-07-20,Expired,Bachelors,https://scholarbee.pk/scholarship-details/67bd698ed94ce3f911e9be42
Merit based Scholarship,QAU awards scholarships to students who secure top positions in their respective programs. These scholarships serve as recognition of the students' hard work and academic achievements.,merit,0.0,2025-03-31,2025-07-20,Expired,Bachelors,https://scholarbee.pk/scholarship-details/67bd6712d94ce3f911e9bd65
