university_name,city,department,degree,program,duration,eligibility_criteria,test_required,fee_structure,admission_deadline,program_url
Air University,Islamabad,Department of Computer,MS,Computer Science,2 Years,BS / BE (relevant discipline),GAT (General) / AU Test,125000.0,"August 31, 2026",https://www.au.edu.pk/
Air University,Islamabad,Department of Computer,PhD,,3–5 Years,MS / MPhil (relevant discipline),GAT (Subject) + Interview,150000.0,"August 31, 2026",https://www.au.edu.pk/
Air University,Islamabad,Department of Cyber Dr. Mohammad,BS,,4 Years,Intermediate / A-Levels (relevant discipline),Air University Admission Test,95000.0,"August 31, 2026",https://www.au.edu.pk/
Air University,Islamabad,Department of Cyber Dr. Mohammad,MS,,2 Years,BS / BE (relevant discipline),GAT (General) / AU Test,125000.0,"August 31, 2026",https://www.au.edu.pk/
Air University,Islamabad,Department of Cyber Dr. Mohammad,PhD,,3–5 Years,MS / MPhil (relevant discipline),GAT (Subject) + Interview,150000.0,"August 31, 2026",https://www.au.edu.pk/
Air University,Islamabad,MS,BS,,4 Years,Intermediate / A-Levels (relevant discipline),Air University Admission Test,95000.0,"August 31, 2026",https://www.au.edu.pk/
Air University,Islamabad,MS,MS,,2 Years,BS / BE (relevant discipline),GAT (General) / AU Test,125000.0,"August 31, 2026",https://www.au.edu.pk/
Air University,Islamabad,PhD,PhD,Dr. Maria Farooq,3–5 Years,MS / MPhil (relevant discipline),GAT (Subject) + Interview,150000.0,"August 31, 2026",https://www.au.edu.pk/
Air University,Islamabad,"Department of Humanities,",MS,Clinical,2 Years,BS / BE (relevant discipline),GAT (General) / AU Test,125000.0,"August 31, 2026",https://www.au.edu.pk/
Air University,Islamabad,"Department of Humanities,",BS,Business Administration,4 Years,Intermediate / A-Levels (relevant discipline),Air University Admission Test,95000.0,"August 31, 2026",https://www.au.edu.pk/
Air University,Islamabad,"Department of Humanities,",BS,Accounting,4 Years,Intermediate / A-Levels (relevant discipline),Air University Admission Test,95000.0,"August 31, 2026",https://www.au.edu.pk/
Air University,Islamabad,"Department of Humanities,",BS,Aviation Mr. Muhammad,4 Years,Intermediate / A-Levels (relevant discipline),Air University Admission Test,95000.0,"August 31, 2026",https://www.au.edu.pk/
Air University,Islamabad,"Department of Humanities,",BS,Tourism,4 Years,Intermediate / A-Levels (relevant discipline),Air University Admission Test,95000.0,"August 31, 2026",https://www.au.edu.pk/
Air University,Islamabad,"Department of Humanities,",BS,Healthcare,4 Years,Intermediate / A-Levels (relevant discipline),Air University Admission Test,95000.0,"August 31, 2026",https://www.au.edu.pk/
Air University,Islamabad,"Department of Humanities,",MS,Project Mr. Muhammad,2 Years,BS / BE (relevant discipline),GAT (General) / AU Test,125000.0,"August 31, 2026",https://www.au.edu.pk/
Air University,Islamabad,"Department of Humanities,",MS,,2 Years,BS / BE (relevant discipline),GAT (General) / AU Test,125000.0,"August 31, 2026",https://www.au.edu.pk/
Air University,Islamabad,"Department of Humanities,",MS,Business,2 Years,BS / BE (relevant discipline),GAT (General) / AU Test,125000.0,"August 31, 2026",https://www.au.edu.pk/
Air University,Islamabad,"Department of Humanities,",PhD,,3–5 Years,MS / MPhil (relevant discipline),GAT (Subject) + Interview,150000.0,"August 31, 2026",https://www.au.edu.pk/
Air University,Islamabad,Department of Computer,MS,Computer Science,2 Years,As per Air University & HEC criteria,GAT (General) / AU Test,125000.0,"August 31, 2026",https://www.au.edu.pk
Air University,Islamabad,Department of Cyber Dr. Mohammad,PhD,,3–5 Years,As per Air University & HEC criteria,GAT (Subject) + Interview,150000.0,"August 31, 2026",https://www.au.edu.pk
Air University,Islamabad,"Department of Physics BS, MS & PhD Dr. Muhammad Atif - -",PhD,Dr. Maria Farooq,3–5 Years,MS / MPhil (relevant discipline),GAT (Subject) + Interview,150000.0,"August 31, 2026",https://www.au.edu.pk/
Air University,Islamabad,"Department of Humanities,",MS,Clinical,2 Years,As per Air University & HEC criteria,GAT (General) / AU Test,125000.0,"August 31, 2026",https://www.au.edu.pk
Air University,Islamabad,"Department of Humanities,",MS,Business Administration,4 Years,As per Air University & HEC criteria,Air University Admission Test,95000.0,"August 31, 2026",https://www.au.edu.pk
Aga Khan University,Karachi,Medical College,MS,Medicine & Surgery Mbbs,5 Years,FSc (Pre-Medical) / A-Levels,AKU MCAT + Interview,650000.0,"March 31, 2026",https://www.aku.edu/admissions/mbbs/Pages/home.aspx
Aga Khan University,Karachi,Faculty of Arts & Sciences,MS,Studies,4 Years,Intermediate / A-Levels (relevant discipline),AKU Admission Test + Interview,300000.0,"March 31, 2026",https://www.aku.edu/admissions/bs/Pages/home.aspx
Aga Khan University,Karachi,School of Nursing & Midwifery,MS,Associate Science Dental Hygiene Asdh,2 Years,Intermediate / A-Levels (relevant discipline),AKU Admission Test + Interview,180000.0,"March 31, 2026",https://www.aku.edu/admissions/asdh/Pages/home.aspx
Aga Khan University,Karachi,School of Nursing & Midwifery,MS,Postrn Science Nursing Bscn,2 Years,Intermediate / A-Levels (relevant discipline),AKU Admission Test + Interview,200000.0,"March 31, 2026",https://www.aku.edu/admissions/post-rnbscn/Pages/home.aspx
Aga Khan University,Karachi,School of Nursing & Midwifery,MS,Postrm Science Midwifery,2 Years,Intermediate / A-Levels (relevant discipline),AKU Admission Test + Interview,200000.0,"March 31, 2026",https://www.aku.edu/admissions/post-rmbscm/Pages/home.aspx
Aga Khan University,Karachi,Institute for Educational Development (IED),MS,Education Bed,4 Years,Intermediate / A-Levels (relevant discipline),AKU Admission Test + Interview,180000.0,"March 31, 2026",https://www.aku.edu/admissions/bed/Pages/home.aspx
Aga Khan University,Karachi,Institute for Educational Development (IED),MS,Education Med,2 Years,16–18 years of education (relevant discipline),AKU Admission Test + Interview,250000.0,"April 30, 2026",https://www.aku.edu/admissions/Pages/graduate.aspx
Aga Khan University,Karachi,Institute for Educational Development (IED),MS,Philosophy Education Education,2 Years,16–18 years of education (relevant discipline),AKU Admission Test + Interview,275000.0,"April 30, 2026",https://www.aku.edu/admissions/mphil-education/Pages/home.aspx
Aga Khan University,Karachi,Institute for Educational Development (IED),PhD,Philosophy Education Education,3–5 Years,MPhil / MS (Education or relevant discipline),Research Proposal + Interview,300000.0,"April 30, 2026",https://www.aku.edu/admissions/phd-education/Pages/home.aspx
Aga Khan University,Karachi,Medical College / Medical Education,MS,Education Medical Education Mhpe,2 Years,16–18 years of education (relevant discipline),AKU Admission Test + Interview,250000.0,"April 30, 2026",https://www.aku.edu/admissions/med/Pages/home.aspx
Bahria University,Islamabad,Bahria University Islamabad,MS,Mba,2 Years,BS / BE (relevant discipline),GAT (General) / Bahria Test,135000.0,"September 30, 2026",https://bahria.edu.pk/Home/AdmissionRoadmapDetails?roadmapId=101
Bahria University,Islamabad,Bahria University Islamabad,MS,Mba Pharmaceutical And Health Management,2 Years,BS / BE (relevant discipline),GAT (General) / Bahria Test,135000.0,"September 30, 2026",https://bahria.edu.pk/Home/AdmissionRoadmapDetails?roadmapId=105
Bahria University,Islamabad,Bahria University Islamabad,MS,Mba For Business Graduates,2 Years,BS / BE (relevant discipline),GAT (General) / Bahria Test,135000.0,"September 30, 2026",https://bahria.edu.pk/Home/AdmissionRoadmapDetails?roadmapId=102
Bahria University,Islamabad,Bahria University Islamabad,MS,Artificial Intelligence,2 Years,BS / BE (relevant discipline),GAT (General) / Bahria Test,135000.0,"September 30, 2026",https://bahria.edu.pk/Home/AdmissionRoadmapDetails?roadmapId=115
Bahria University,Islamabad,Bahria University Islamabad,MS,Computer Engineering,2 Years,BS / BE (relevant discipline),GAT (General) / Bahria Test,135000.0,"September 30, 2026",https://bahria.edu.pk/Home/AdmissionRoadmapDetails?roadmapId=112
Bahria University,Islamabad,Bahria University Islamabad,MS,Electrical Engineering,2 Years,BS / BE (relevant discipline),GAT (General) / Bahria Test,135000.0,"September 30, 2026",https://bahria.edu.pk/Home/AdmissionRoadmapDetails?roadmapId=108
Bahria University,Islamabad,Bahria University Islamabad,MS,Computer Science,2 Years,BS / BE (relevant discipline),GAT (General) / Bahria Test,135000.0,"September 30, 2026",https://bahria.edu.pk/Home/AdmissionRoadmapDetails?roadmapId=125
Bahria University,Islamabad,Bahria University Islamabad,MS,Software Engineering,2 Years,BS / BE (relevant discipline),GAT (General) / Bahria Test,135000.0,"September 30, 2026",https://bahria.edu.pk/Home/AdmissionRoadmapDetails?roadmapId=120
Bahria University,Islamabad,Bahria University Islamabad,MS,Media Studies,2 Years,BS / BE (relevant discipline),GAT (General) / Bahria Test,135000.0,"September 30, 2026",https://bahria.edu.pk/Home/AdmissionRoadmapDetails?roadmapId=122
Bahria University,Islamabad,Bahria University Islamabad,MS,Project Management Weekend,2 Years,BS / BE (relevant discipline),GAT (General) / Bahria Test,135000.0,"September 30, 2026",https://bahria.edu.pk/Home/AdmissionRoadmapDetails?roadmapId=106
Bahria University,Islamabad,Bahria University Islamabad,MS,Software Engineering,2 Years,BS / BE (relevant discipline),GAT (General) / Bahria Test,135000.0,"September 30, 2026",https://bahria.edu.pk/Home/AdmissionRoadmapDetails?roadmapId=109
Bahria University,Islamabad,Bahria University Islamabad,MS,Telecom & Networking,2 Years,BS / BE (relevant discipline),GAT (General) / Bahria Test,135000.0,"September 30, 2026",https://bahria.edu.pk/Home/AdmissionRoadmapDetails?roadmapId=118
Bahria University,Islamabad,Bahria University Islamabad,MS,Media Studies,4 Years,Intermediate / A-Levels (relevant discipline),Bahria University Admission Test / SAT,110000.0,"August 31, 2026",https://bahria.edu.pk/Home/AdmissionRoadmapDetails?roadmapId=78
Bahria University,Islamabad,Bahria University Islamabad,MS,Accounting,4 Years,Intermediate / A-Levels (relevant discipline),Bahria University Admission Test / SAT,110000.0,"August 31, 2026",https://bahria.edu.pk/Home/AdmissionRoadmapDetails?roadmapId=18
Bahria University,Islamabad,Bahria University Islamabad,MS,Artificial Intelligence,4 Years,Intermediate / A-Levels (relevant discipline),Bahria University Admission Test / SAT,110000.0,"August 31, 2026",https://bahria.edu.pk/Home/AdmissionRoadmapDetails?roadmapId=184
Bahria University,Islamabad,Bahria University Islamabad,MS,Computer Science,4 Years,Intermediate / A-Levels (relevant discipline),Bahria University Admission Test / SAT,110000.0,"August 31, 2026",https://bahria.edu.pk/Home/AdmissionRoadmapDetails?roadmapId=41
Bahria University,Islamabad,Bahria University Islamabad,MS,Development Studies,4 Years,Intermediate / A-Levels (relevant discipline),Bahria University Admission Test / SAT,110000.0,"August 31, 2026",https://bahria.edu.pk/Home/AdmissionRoadmapDetails?roadmapId=67
Bahria University,Islamabad,Bahria University Islamabad,MS,Economics,4 Years,Intermediate / A-Levels (relevant discipline),Bahria University Admission Test / SAT,110000.0,"August 31, 2026",https://bahria.edu.pk/Home/AdmissionRoadmapDetails?roadmapId=20
Bahria University,Islamabad,Bahria University Islamabad,MS,Environmental Science,4 Years,Intermediate / A-Levels (relevant discipline),Bahria University Admission Test / SAT,110000.0,"August 31, 2026",https://bahria.edu.pk/Home/AdmissionRoadmapDetails?roadmapId=50
Bahria University,Islamabad,Bahria University Islamabad,MS,Geology,4 Years,Intermediate / A-Levels (relevant discipline),Bahria University Admission Test / SAT,110000.0,"August 31, 2026",https://bahria.edu.pk/Home/AdmissionRoadmapDetails?roadmapId=53
Bahria University,Islamabad,Bahria University Islamabad,MS,Computer Science,4 Years,Intermediate / A-Levels (relevant discipline),Bahria University Admission Test / SAT,110000.0,"August 31, 2026",https://bahria.edu.pk/Home/AdmissionRoadmapDetails?roadmapId=52
Bahria University,Islamabad,Bahria University Islamabad,MS,Information Technology,4 Years,Intermediate / A-Levels (relevant discipline),Bahria University Admission Test / SAT,110000.0,"August 31, 2026",https://bahria.edu.pk/Home/AdmissionRoadmapDetails?roadmapId=188
Bahria University,Islamabad,Bahria University Islamabad,MS,Information Technology,4 Years,Intermediate / A-Levels (relevant discipline),Bahria University Admission Test / SAT,110000.0,"August 31, 2026",https://bahria.edu.pk/Home/AdmissionRoadmapDetails?roadmapId=46
Bahria University,Islamabad,Bahria University Islamabad,MS,International Relations,4 Years,Intermediate / A-Levels (relevant discipline),Bahria University Admission Test / SAT,110000.0,"August 31, 2026",https://bahria.edu.pk/Home/AdmissionRoadmapDetails?roadmapId=66
Bahria University,Islamabad,Bahria University Islamabad,MS,Psychology,4 Years,Intermediate / A-Levels (relevant discipline),Bahria University Admission Test / SAT,110000.0,"August 31, 2026",https://bahria.edu.pk/Home/AdmissionRoadmapDetails?roadmapId=56
Bahria University,Islamabad,Bahria University Islamabad,MS,Public Health Bsph,4 Years,Intermediate / A-Levels (relevant discipline),Bahria University Admission Test / SAT,110000.0,"August 31, 2026",https://bahria.edu.pk/Home/AdmissionRoadmapDetails?roadmapId=63
Bahria University,Islamabad,Bahria University Islamabad,MS,Software Engineering,4 Years,Intermediate / A-Levels (relevant discipline),Bahria University Admission Test / SAT,110000.0,"August 31, 2026",https://bahria.edu.pk/Home/AdmissionRoadmapDetails?roadmapId=182
Bahria University,Islamabad,Bahria University Islamabad,MS,Computer Science,4 Years,Intermediate / A-Levels (relevant discipline),Bahria University Admission Test / SAT,110000.0,"August 31, 2026",https://bahria.edu.pk/Home/AdmissionRoadmapDetails?roadmapId=36
Bahria University,Islamabad,Bahria University Islamabad,MS,Artificial Intelligence,4 Years,Intermediate / A-Levels (relevant discipline),Bahria University Admission Test / SAT,110000.0,"August 31, 2026",https://bahria.edu.pk/Home/AdmissionRoadmapDetails?roadmapId=23
Bahria University,Islamabad,Bahria University Islamabad,MS,Information Technology,4 Years,Intermediate / A-Levels (relevant discipline),Bahria University Admission Test / SAT,110000.0,"August 31, 2026",https://bahria.edu.pk/Home/AdmissionRoadmapDetails?roadmapId=80
Bahria University,Islamabad,Bahria University Islamabad,MS,Business Administration,4 Years,Intermediate / A-Levels (relevant discipline),Bahria University Admission Test / SAT,110000.0,"August 31, 2026",https://bahria.edu.pk/Home/AdmissionRoadmapDetails?roadmapId=27
Bahria University,Islamabad,Bahria University Islamabad,MS,Computer Engineering,4 Years,Intermediate / A-Levels (relevant discipline),Bahria University Admission Test / SAT,110000.0,"August 31, 2026",https://bahria.edu.pk/Home/AdmissionRoadmapDetails?roadmapId=39
Bahria University,Islamabad,Bahria University Islamabad,MS,Electrical Engineering,4 Years,Intermediate / A-Levels (relevant discipline),Bahria University Admission Test / SAT,110000.0,"August 31, 2026",https://bahria.edu.pk/Home/AdmissionRoadmapDetails?roadmapId=33
Bahria University,Islamabad,Bahria University Islamabad,MS,Laws,4 Years,Intermediate / A-Levels (relevant discipline),Bahria University Admission Test / SAT,110000.0,"August 31, 2026",https://bahria.edu.pk/Home/AdmissionRoadmapDetails?roadmapId=77
Bahria University,Islamabad,Bahria University Islamabad,MS,Software Engineering,4 Years,Intermediate / A-Levels (relevant discipline),Bahria University Admission Test / SAT,110000.0,"August 31, 2026",https://bahria.edu.pk/Home/AdmissionRoadmapDetails?roadmapId=37
Bahria University,Islamabad,Bahria University Islamabad,MS,English,4 Years,Intermediate / A-Levels (relevant discipline),Bahria University Admission Test / SAT,110000.0,"August 31, 2026",https://bahria.edu.pk/Home/AdmissionRoadmapDetails?roadmapId=61
COMSATS University Islamabad,Islamabad,Department ofPhysics,BS,Physics,4 Years,FSc (Pre-Engineering / Pre-Medical with additional Mathematics) or A-Levels with relevant subjects or equivalent qualification as per IBCC.,NTS / COMSATS Test,170000.0,"December 17, 2025",https://islamabad.comsats.edu.pk/comsats-admissions.aspx
COMSATS University Islamabad,Islamabad,Department ofPhysics,MS,Physics,2 Years,16 years of education (BS / BE) in a relevant discipline from an HEC recognized university.,NTS / COMSATS Test,190000.0,"December 17, 2025",https://islamabad.comsats.edu.pk/comsats-admissions.aspx
COMSATS University Islamabad,Islamabad,Department ofPhysics,PhD,Physics,3–5 Years,18 years of education (MS / MPhil) in a relevant discipline from an HEC recognized university.,NTS / COMSATS Test,210000.0,"December 17, 2025",https://islamabad.comsats.edu.pk/comsats-admissions.aspx
COMSATS University Islamabad,Islamabad,Department ofManagement Sciences,BS,Accounting,4 Years,FSc (Pre-Engineering / Pre-Medical with additional Mathematics) or A-Levels with relevant subjects or equivalent qualification as per IBCC.,NTS / COMSATS Test,170000.0,"December 17, 2025",https://islamabad.comsats.edu.pk/comsats-admissions.aspx
COMSATS University Islamabad,Islamabad,Department ofManagement Sciences,PhD,Management Sciences,3–5 Years,18 years of education (MS / MPhil) in a relevant discipline from an HEC recognized university.,NTS / COMSATS Test,210000.0,"December 17, 2025",https://islamabad.comsats.edu.pk/comsats-admissions.aspx
COMSATS University Islamabad,Islamabad,Department ofComputer Science,BS,Computer Science,4 Years,FSc (Pre-Engineering / Pre-Medical with additional Mathematics) or A-Levels with relevant subjects or equivalent qualification as per IBCC.,NTS / COMSATS Test,170000.0,"August 31, 2026",https://islamabad.comsats.edu.pk/comsats-admissions.aspx
COMSATS University Islamabad,Islamabad,Department ofComputer Science,BS,Software Engineering,4 Years,FSc (Pre-Engineering / Pre-Medical with additional Mathematics) or A-Levels with relevant subjects or equivalent qualification as per IBCC.,NTS / COMSATS Test,170000.0,"December 17, 2025",https://islamabad.comsats.edu.pk/comsats-admissions.aspx
COMSATS University Islamabad,Islamabad,Department ofComputer Science,MS,Computer Science,2 Years,16 years of education (BS / BE) in a relevant discipline from an HEC recognized university.,NTS / COMSATS Test,190000.0,"December 17, 2025",https://islamabad.comsats.edu.pk/comsats-admissions.aspx
COMSATS University Islamabad,Islamabad,Department ofComputer Science,MS,Software Engineering,2 Years,16 years of education (BS / BE) in a relevant discipline from an HEC recognized university.,NTS / COMSATS Test,190000.0,"December 17, 2025",https://islamabad.comsats.edu.pk/comsats-admissions.aspx
COMSATS University Islamabad,Islamabad,Department ofComputer Science,PhD,Computer Science,3–5 Years,18 years of education (MS / MPhil) in a relevant discipline from an HEC recognized university.,NTS / COMSATS Test,210000.0,"December 17, 2025",https://islamabad.comsats.edu.pk/comsats-admissions.aspx
COMSATS University Islamabad,Islamabad,Department ofBiosciences,BS,Biosciences,4 Years,FSc (Pre-Engineering / Pre-Medical with additional Mathematics) or A-Levels with relevant subjects or equivalent qualification as per IBCC.,NTS / COMSATS Test,170000.0,"December 17, 2025",https://islamabad.comsats.edu.pk/comsats-admissions.aspx
COMSATS University Islamabad,Islamabad,Department ofBiosciences,BS,Computer Science,4 Years,FSc (Pre-Engineering / Pre-Medical with additional Mathematics) or A-Levels with relevant subjects or equivalent qualification as per IBCC.,NTS / COMSATS Test,170000.0,"December 17, 2025",https://islamabad.comsats.edu.pk/comsats-admissions.aspx
COMSATS University Islamabad,Islamabad,Department ofBiosciences,MS,Chemistry,2 Years,16 years of education (BS / BE) in a relevant discipline from an HEC recognized university.,NTS / COMSATS Test,190000.0,"December 17, 2025",https://islamabad.comsats.edu.pk/comsats-admissions.aspx
COMSATS University Islamabad,Islamabad,Department ofBiosciences,MS,Biosciences,2 Years,16 years of education (BS / BE) in a relevant discipline from an HEC recognized university.,NTS / COMSATS Test,190000.0,"December 17, 2025",https://islamabad.comsats.edu.pk/comsats-admissions.aspx
COMSATS University Islamabad,Islamabad,Department ofBiosciences,MS,Computer Science,2 Years,16 years of education (BS / BE) in a relevant discipline from an HEC recognized university.,NTS / COMSATS Test,190000.0,"December 17, 2025",https://islamabad.comsats.edu.pk/comsats-admissions.aspx
COMSATS University Islamabad,Islamabad,Department ofBiosciences,PhD,Chemistry,3–5 Years,18 years of education (MS / MPhil) in a relevant discipline from an HEC recognized university.,NTS / COMSATS Test,210000.0,"December 17, 2025",https://islamabad.comsats.edu.pk/comsats-admissions.aspx
COMSATS University Islamabad,Islamabad,Department ofBiosciences,PhD,Biosciences,3–5 Years,18 years of education (MS / MPhil) in a relevant discipline from an HEC recognized university.,NTS / COMSATS Test,210000.0,"December 17, 2025",https://islamabad.comsats.edu.pk/comsats-admissions.aspx
COMSATS University Islamabad,Islamabad,Department ofBiosciences,PhD,Computer Science,3–5 Years,18 years of education (MS / MPhil) in a relevant discipline from an HEC recognized university.,NTS / COMSATS Test,210000.0,"December 17, 2025",https://islamabad.comsats.edu.pk/comsats-admissions.aspx
COMSATS University Islamabad,Islamabad,ChemistryDepartment,BS,Chemistry,4 Years,FSc (Pre-Engineering / Pre-Medical with additional Mathematics) or A-Levels with relevant subjects or equivalent qualification as per IBCC.,NTS / COMSATS Test,170000.0,"December 17, 2025",https://islamabad.comsats.edu.pk/comsats-admissions.aspx
COMSATS University Islamabad,Islamabad,ChemistryDepartment,MS,Chemistry,2 Years,16 years of education (BS / BE) in a relevant discipline from an HEC recognized university.,NTS / COMSATS Test,190000.0,"December 17, 2025",https://islamabad.comsats.edu.pk/comsats-admissions.aspx
COMSATS University Islamabad,Islamabad,ChemistryDepartment,PhD,Chemistry,3–5 Years,18 years of education (MS / MPhil) in a relevant discipline from an HEC recognized university.,NTS / COMSATS Test,210000.0,"December 17, 2025",https://islamabad.comsats.edu.pk/comsats-admissions.aspx
COMSATS University Islamabad,Islamabad,Department ofEconomics,BS,Economics,4 Years,FSc (Pre-Engineering / Pre-Medical with additional Mathematics) or A-Levels with relevant subjects or equivalent qualification as per IBCC.,NTS / COMSATS Test,170000.0,"August 31, 2026",https://islamabad.comsats.edu.pk/comsats-admissions.aspx
COMSATS University Islamabad,Islamabad,Department ofEconomics,MS,Economics,2 Years,16 years of education (BS / BE) in a relevant discipline from an HEC recognized university.,NTS / COMSATS Test,190000.0,"December 17, 2025",https://islamabad.comsats.edu.pk/comsats-admissions.aspx
COMSATS University Islamabad,Islamabad,Department ofEconomics,PhD,Economics,3–5 Years,18 years of education (MS / MPhil) in a relevant discipline from an HEC recognized university.,NTS / COMSATS Test,210000.0,"December 17, 2025",https://islamabad.comsats.edu.pk/comsats-admissions.aspx
COMSATS University Islamabad,Islamabad,Department ofElectrical Engineering,BS,Electrical Engineering,4 Years,FSc (Pre-Engineering / Pre-Medical with additional Mathematics) or A-Levels with relevant subjects or equivalent qualification as per IBCC.,NTS / COMSATS Test,170000.0,"December 17, 2025",https://islamabad.comsats.edu.pk/comsats-admissions.aspx
COMSATS University Islamabad,Islamabad,Department ofElectrical Engineering,MS,Electrical Engineering,2 Years,16 years of education (BS / BE) in a relevant discipline from an HEC recognized university.,NTS / COMSATS Test,190000.0,"December 17, 2025",https://islamabad.comsats.edu.pk/comsats-admissions.aspx
COMSATS University Islamabad,Islamabad,Department ofElectrical Engineering,PhD,Electrical Engineering,3–5 Years,18 years of education (MS / MPhil) in a relevant discipline from an HEC recognized university.,NTS / COMSATS Test,210000.0,"December 17, 2025",https://islamabad.comsats.edu.pk/comsats-admissions.aspx
COMSATS University Islamabad,Islamabad,Department ofMathematics,BS,Mathematics,4 Years,FSc (Pre-Engineering / Pre-Medical with additional Mathematics) or A-Levels with relevant subjects or equivalent qualification as per IBCC.,NTS / COMSATS Test,170000.0,"December 17, 2025",https://islamabad.comsats.edu.pk/comsats-admissions.aspx
COMSATS University Islamabad,Islamabad,Department ofMathematics,MS,Mathematics,2 Years,16 years of education (BS / BE) in a relevant discipline from an HEC recognized university.,NTS / COMSATS Test,190000.0,"December 17, 2025",https://islamabad.comsats.edu.pk/comsats-admissions.aspx
COMSATS University Islamabad,Islamabad,Department ofMathematics,PhD,Mathematics,3–5 Years,18 years of education (MS / MPhil) in a relevant discipline from an HEC recognized university.,NTS / COMSATS Test,210000.0,"December 17, 2025",https://islamabad.comsats.edu.pk/comsats-admissions.aspx
COMSATS University Islamabad,Islamabad,HumanitiesDepartment,BS,Media & Communication,4 Years,FSc (Pre-Engineering / Pre-Medical with additional Mathematics) or A-Levels with relevant subjects or equivalent qualification as per IBCC.,NTS / COMSATS Test,170000.0,"December 17, 2025",https://islamabad.comsats.edu.pk/comsats-admissions.aspx
COMSATS University Islamabad,Islamabad,HumanitiesDepartment,BS,Psychology,4 Years,FSc (Pre-Engineering / Pre-Medical with additional Mathematics) or A-Levels with relevant subjects or equivalent qualification as per IBCC.,NTS / COMSATS Test,170000.0,"August 31, 2026",https://islamabad.comsats.edu.pk/comsats-admissions.aspx
Dow University of Health Sciences (DUHS),Karachi,Dow Medical College,MS,Mbbs,5 Years,FSc (Pre-Medical) + PMC eligibility,MDCAT (PMC),75000.0,"September 30, 2026",https://www.duhs.edu.pk/dow-medical-college/mbbs/
Dow University of Health Sciences (DUHS),Karachi,Dow Dental College,MS,Dental Surgery Bds,5 Years,FSc (Pre-Medical) + PMC eligibility,MDCAT (PMC),75000.0,"September 30, 2026",https://www.duhs.edu.pk/dow-dental-college/bachelor-of-dentistry-bds/
Dow University of Health Sciences (DUHS),Karachi,Dow International Medical College,MS,Information Technology,5 Years,FSc (Pre-Medical) + PMC eligibility,MDCAT (PMC),75000.0,"September 30, 2026",https://www.duhs.edu.pk/wp-content/uploads/2026/01/MBBS-Elective-Program-at-Dow-University-Hospital-DIMC-DUHS-for-Students-of-other-Medical-Colleges.pdf
Dow University of Health Sciences (DUHS),Karachi,Dow International Medical College,MS,Mbbs,5 Years,FSc (Pre-Medical) + PMC eligibility,MDCAT (PMC),75000.0,"September 30, 2026",https://www.duhs.edu.pk/dow-international-medical-college/mbbs/
Dow University of Health Sciences (DUHS),Karachi,Dow International Medical College,MS,Science Optometry,4 Years,FSc (Pre-Medical),DUHS Entry Test,60000.0,"September 30, 2026",https://www.duhs.edu.pk/dow-international-medical-college/bs-optometry/
Dow University of Health Sciences (DUHS),Karachi,Dow International Dental College,MS,Dental Surgery Bds,5 Years,FSc (Pre-Medical) + PMC eligibility,MDCAT (PMC),75000.0,"September 30, 2026",https://www.duhs.edu.pk/dow-international-dental-college/bachelor-of-dentistry-bds/
Dow University of Health Sciences (DUHS),Karachi,Institute of Oral Health Sciences,MS,Dental Surgery Bds,5 Years,FSc (Pre-Medical) + PMC eligibility,MDCAT (PMC),75000.0,"September 30, 2026",https://www.duhs.edu.pk/dr-ishrat-ul-ebad-khan-institute-of-oral-health-sciences/bachelor-of-dentistry-bds/
Dow University of Health Sciences (DUHS),Karachi,School of Dental Care Professionals,MS,Science Dcp Dental Hygiene,4 Years,Intermediate (relevant discipline),DUHS Entry Test,55000.0,"September 30, 2026",https://www.duhs.edu.pk/dow-school-of-dental-care-professional/dental-hygiene-bs-dcp/https://www.duhs.edu.pk/dow-school-of-dental-care-professional/dental-hygiene-bs-dcp/
Dow University of Health Sciences (DUHS),Karachi,School of Dental Care Professionals,MS,Science Dcp Dental Technology,4 Years,Intermediate (relevant discipline),DUHS Entry Test,55000.0,"September 30, 2026",https://www.duhs.edu.pk/dow-school-of-dental-care-professional/dental-technology-bs-dcp/
Dow University of Health Sciences (DUHS),Karachi,Dow College of Biotechnology,MS,Science Biotechnology,4 Years,FSc (Pre-Medical / Pre-Engg),DUHS Entry Test,55000.0,"September 30, 2026",https://www.duhs.edu.pk/dow-college-of-biotechnology/bachelors-in-biotechnology/
Dow University of Health Sciences (DUHS),Karachi,Dow Institute of Medical Technology,MS,Medical Technology Perfusion Sciences,4 Years,FSc (Pre-Medical),DUHS Entry Test,60000.0,"September 30, 2026",https://www.duhs.edu.pk/dow-institute-of-medical-technology/perfusion-sciences/
Dow University of Health Sciences (DUHS),Karachi,Dow Institute of Medical Technology,MS,Information Technology,4 Years,FSc (Pre-Medical),DUHS Entry Test,60000.0,"September 30, 2026",https://www.duhs.edu.pk/dow-institute-of-medical-technology/respiratory-critical-care-technology/
Dow University of Health Sciences (DUHS),Karachi,Dow Institute of Medical Technology,MS,Optometry And Visual Sciences,4 Years,FSc (Pre-Medical),DUHS Entry Test,60000.0,"September 30, 2026",https://www.duhs.edu.pk/dow-institute-of-medical-technology/optometryandvisualsciences/
Dow University of Health Sciences (DUHS),Karachi,Dow Institute of Medical Technology,MS,Medical Technology Surgical Technology,4 Years,FSc (Pre-Medical),DUHS Entry Test,60000.0,"September 30, 2026",https://www.duhs.edu.pk/dow-institute-of-medical-technology/surgical-technology/
Dow University of Health Sciences (DUHS),Karachi,Dow Institute of Nursing & Midwifery,MS,Science Nursing,4 Years,FSc (Pre-Medical),DUHS Entry Test,60000.0,"September 30, 2026",https://www.duhs.edu.pk/dow-institute-of-nursing-and-midwifery/generic-nursing/
Dow University of Health Sciences (DUHS),Karachi,Dow Institute of Radiology,MS,Science Radiologic Technology,4 Years,Intermediate (relevant discipline),DUHS Entry Test,55000.0,"September 30, 2026",https://www.duhs.edu.pk/dow-institute-of-radiology/radiologic-technology-bsrt/
Dow University of Health Sciences (DUHS),Karachi,Institute of Behavioral Sciences,MS,Psychology,4 Years,FSc (Pre-Medical / Pre-Engg),DUHS Entry Test,55000.0,"September 30, 2026",https://www.duhs.edu.pk/dr-a-q-khan-institute-of-behavioral-sciences/bs-psychology/
Dow University of Health Sciences (DUHS),Karachi,Institute of Business & Health Management,MS,Science Healthcare Management & Leadership Hml 4 Years Morning Ojha Campus,4 Years,Intermediate (relevant discipline),DUHS Entry Test,55000.0,"September 30, 2026",https://www.duhs.edu.pk/institute-of-business-and-health-management/bachelors-in-healthcare-management-leadership-4-years
Dow University of Health Sciences (DUHS),Karachi,Institute of Business & Health Management,MS,Accounting,4 Years,Intermediate (any group),DUHS Entry Test,65000.0,"September 30, 2026",https://www.duhs.edu.pk/institute-of-business-and-health-management/bs-accounting-finance-4-year/
Dow University of Health Sciences (DUHS),Karachi,Institute of Business & Health Management,MS,Business Administration,4 Years,Intermediate (any group),DUHS Entry Test,65000.0,"September 30, 2026",https://www.duhs.edu.pk/institute-of-business-and-health-management/bachelors-in-business-administration-4-years/
Dow University of Health Sciences (DUHS),Karachi,Institute of Business & Health Management,MS,Business Administration,4 Years,Intermediate (any group),DUHS Entry Test,65000.0,"September 30, 2026",https://www.duhs.edu.pk/institute-of-business-and-health-management/bachelors-in-business-administration-2-years/
Dow University of Health Sciences (DUHS),Karachi,School of Public Health,MS,Information Technology,4 Years,FSc (Pre-Medical / Pre-Engg),DUHS Entry Test,55000.0,"September 30, 2026",https://www.duhs.edu.pk/school-of-public-health/bachelors-in-nutrition/
Dow University of Health Sciences (DUHS),Karachi,School of Public Health,MS,Science Public Health,4 Years,FSc (Pre-Medical / Pre-Engg),DUHS Entry Test,55000.0,"September 30, 2026",https://www.duhs.edu.pk/school-of-public-health/bachelors-in-public-health/
Dow University of Health Sciences (DUHS),Karachi,Institute of Business & Health Management,MS,Business Administration,2 Years,16 years education,DUHS Test / Interview,90000.0,"October 15, 2026",https://www.duhs.edu.pk/institute-of-business-and-health-management/master-in-business-administration-2-years/
Dow University of Health Sciences (DUHS),Karachi,Institute of Business & Health Management,MS,Business Administration,2 Years,16 years education,DUHS Test / Interview,90000.0,"October 15, 2026",https://www.duhs.edu.pk/institute-of-business-and-health-management/master-in-business-administration-weekend-1-5y/
Dow University of Health Sciences (DUHS),Karachi,Dow Institute of Nursing & Midwifery,MS,Nursing,2 Years,BSN / RN + BS,DUHS Test,80000.0,"October 15, 2026",https://www.duhs.edu.pk/dow-institute-of-nursing-and-midwifery/masters-in-nursing/
Dow University of Health Sciences (DUHS),Karachi,Dow Institute of Health Professional Education,MS,Health Professions Education Mhpe,2 Years,MBBS / BDS / BS Health,DUHS Test,75000.0,"October 15, 2026",https://www.duhs.edu.pk/dow-institute-of-health-professional-education/masters-of-health-professions-education-mhpe/
Dow University of Health Sciences (DUHS),Karachi,Dow Institute of Physical Medicine & Rehabilitation,MS,Science Advanced Physiotherapy Apt,2 Years,DPT,DUHS Test,85000.0,"October 15, 2026",https://www.duhs.edu.pk/dow-institute-of-physical-medicine-rehabilitation/master-of-science-in-advanced-physiotherapy-ms-apt/
Dow University of Health Sciences (DUHS),Karachi,School of Public Health,MS,Computer Science,2 Years,16 years education,DUHS Test,70000.0,"October 15, 2026",https://www.duhs.edu.pk/school-of-public-health/master-of-science-in-biostatistics-and-epidemiology/
Dow University of Health Sciences (DUHS),Karachi,School of Public Health,MS,Science Public Health,2 Years,16 years education,DUHS Test,70000.0,"October 15, 2026",https://www.duhs.edu.pk/school-of-public-health/master-of-science-in-public-health/
Dow University of Health Sciences (DUHS),Karachi,School of Postgraduate Studies,MS,Chemistry,2 Years,Relevant Master’s / 16 years education,GAT (General),65000.0,"October 15, 2026",https://www.duhs.edu.pk/school-of-post-graduate-studies/mphil-in-biochemistry/
Dow University of Health Sciences (DUHS),Karachi,School of Postgraduate Studies,MS,Biotechnology,2 Years,Relevant Master’s / 16 years education,GAT (General),65000.0,"October 15, 2026",https://www.duhs.edu.pk/school-of-post-graduate-studies/mphil-in-biotechnology/
Dow University of Health Sciences (DUHS),Karachi,School of Postgraduate Studies,MS,Computer Science,2 Years,Relevant Master’s / 16 years education,GAT (General),65000.0,"October 15, 2026",https://www.duhs.edu.pk/school-of-post-graduate-studies/mphil-in-genetics/
Dow University of Health Sciences (DUHS),Karachi,School of Postgraduate Studies,MS,Biology,2 Years,Relevant Master’s / 16 years education,GAT (General),65000.0,"October 15, 2026",https://www.duhs.edu.pk/school-of-post-graduate-studies/mphil-in-microbiology/
Dow University of Health Sciences (DUHS),Karachi,School of Postgraduate Studies,MS,Molecular Pathology,2 Years,Relevant Master’s / 16 years education,GAT (General),65000.0,"October 15, 2026",https://www.duhs.edu.pk/school-of-post-graduate-studies/mphil-in-molecular-pathology/
Dow University of Health Sciences (DUHS),Karachi,School of Postgraduate Studies,MS,Pathology,2 Years,Relevant Master’s / 16 years education,GAT (General),65000.0,"October 15, 2026",https://www.duhs.edu.pk/school-of-post-graduate-studies/mphil-in-pathology/
Dow University of Health Sciences (DUHS),Karachi,School of Postgraduate Studies,MS,Pharmacology Bms,2 Years,Relevant Master’s / 16 years education,GAT (General),65000.0,"October 15, 2026",https://www.duhs.edu.pk/school-of-post-graduate-studies/mphil-in-pharmacology-bms/
Dow University of Health Sciences (DUHS),Karachi,School of Postgraduate Studies,MS,Physiology,2 Years,Relevant Master’s / 16 years education,GAT (General),65000.0,"October 15, 2026",https://www.duhs.edu.pk/school-of-post-graduate-studies/mphil-in-physiology/
Dow University of Health Sciences (DUHS),Karachi,School of Postgraduate Studies,MS,Chemistry,2 Years,Relevant Master’s / 16 years education,GAT (General),65000.0,"October 15, 2026",https://www.duhs.edu.pk/school-of-post-graduate-studies/mphil-in-pharmaceutical-chemistry/
Dow University of Health Sciences (DUHS),Karachi,School of Postgraduate Studies,MS,Computer Science,2 Years,Relevant Master’s / 16 years education,GAT (General),65000.0,"October 15, 2026",https://www.duhs.edu.pk/school-of-post-graduate-studies/mphil-in-pharmaceutics/
Dow University of Health Sciences (DUHS),Karachi,School of Postgraduate Studies,MS,Pharmacognosy,2 Years,Relevant Master’s / 16 years education,GAT (General),65000.0,"October 15, 2026",https://www.duhs.edu.pk/school-of-post-graduate-studies/mphil-in-pharmacognosy/
Dow University of Health Sciences (DUHS),Karachi,School of Postgraduate Studies,MS,Pharmacology,2 Years,Relevant Master’s / 16 years education,GAT (General),65000.0,"October 15, 2026",https://www.duhs.edu.pk/school-of-post-graduate-studies/mphil-in-pharmacology/
Dow University of Health Sciences (DUHS),Karachi,School of Postgraduate Studies,MS,Pharmacy Practice,2 Years,Relevant Master’s / 16 years education,GAT (General),65000.0,"October 15, 2026",https://www.duhs.edu.pk/school-of-post-graduate-studies/mphil-in-pharmacy-practice/
Dow University of Health Sciences (DUHS),Karachi,School of Postgraduate Studies,MS,Medical Technology,2 Years,Relevant Master’s / 16 years education,GAT (General),65000.0,"October 15, 2026",https://www.duhs.edu.pk/school-of-post-graduate-studies/mphil-in-medical-technology/
FAST National University of Computer & Emerging Sciences,Islamabad,Islamabad Campus,BS,Business Administration,4 Years,FSc / A-Levels or equivalent,FAST Admission Test,150000.0,September 2025 (Fall Intake),https://www.nu.edu.pk/Degree-Programs
FAST National University of Computer & Emerging Sciences,Islamabad,Islamabad Campus,BS,Accounting,4 Years,FSc / A-Levels or equivalent,FAST Admission Test,150000.0,5 July 2026,https://www.nu.edu.pk/Degree-Programs
FAST National University of Computer & Emerging Sciences,Islamabad,Islamabad Campus,BS,Artificial Intelligence,4 Years,FSc / A-Levels or equivalent,FAST Admission Test,150000.0,5 July 2026,https://www.nu.edu.pk/Degree-Programs
FAST National University of Computer & Emerging Sciences,Islamabad,Islamabad Campus,BS,Computer Science,4 Years,FSc / A-Levels or equivalent,FAST Admission Test,150000.0,5 July 2026,https://www.nu.edu.pk/Degree-Programs
FAST National University of Computer & Emerging Sciences,Islamabad,Islamabad Campus,BS,Science Computer Engineering,4 Years,FSc / A-Levels or equivalent,FAST Admission Test,150000.0,5 July 2026,https://www.nu.edu.pk/Degree-Programs
FAST National University of Computer & Emerging Sciences,Islamabad,Islamabad Campus,BS,Computer Science,4 Years,FSc / A-Levels or equivalent,FAST Admission Test,150000.0,5 July 2026,https://www.nu.edu.pk/Degree-Programs
FAST National University of Computer & Emerging Sciences,Islamabad,Islamabad Campus,BS,Software Engineering,4 Years,FSc / A-Levels or equivalent,FAST Admission Test,150000.0,5 July 2026,https://www.nu.edu.pk/Degree-Programs
FAST National University of Computer & Emerging Sciences,Islamabad,Islamabad Campus,BS,Data Science,4 Years,FSc / A-Levels or equivalent,FAST Admission Test,150000.0,5 July 2026,https://www.nu.edu.pk/Degree-Programs
FAST National University of Computer & Emerging Sciences,Islamabad,Islamabad Campus,BS,Electrical Engineering,4 Years,FSc / A-Levels or equivalent,FAST Admission Test,150000.0,5 July 2026,https://www.nu.edu.pk/Degree-Programs
FAST National University of Computer & Emerging Sciences,Islamabad,Islamabad Campus,BS,Science Financial Technology,4 Years,FSc / A-Levels or equivalent,FAST Admission Test,150000.0,5 July 2026,https://www.nu.edu.pk/Degree-Programs
FAST National University of Computer & Emerging Sciences,Islamabad,Islamabad Campus,BS,Software Engineering,4 Years,FSc / A-Levels or equivalent,FAST Admission Test,150000.0,5 July 2026,https://www.nu.edu.pk/Degree-Programs
FAST National University of Computer & Emerging Sciences,Islamabad,Islamabad Campus,MS,Business Administration,2 Years,Relevant BS (16 years education),GAT (General) or FAST Test,180000.0,5 July 2026,https://www.nu.edu.pk/Degree-Programs
FAST National University of Computer & Emerging Sciences,Islamabad,Islamabad Campus,MS,Artificial Intelligence,2 Years,Relevant BS (16 years education),GAT (General) or FAST Test,180000.0,5 July 2026,https://www.nu.edu.pk/Degree-Programs
FAST National University of Computer & Emerging Sciences,Islamabad,Islamabad Campus,MS,Computer Science,2 Years,Relevant BS (16 years education),GAT (General) or FAST Test,180000.0,5 July 2026,https://www.nu.edu.pk/Degree-Programs
FAST National University of Computer & Emerging Sciences,Islamabad,Islamabad Campus,MS,Computer Science,2 Years,Relevant BS (16 years education),GAT (General) or FAST Test,180000.0,5 July 2026,https://www.nu.edu.pk/Degree-Programs
FAST National University of Computer & Emerging Sciences,Islamabad,Islamabad Campus,MS,Software Engineering,2 Years,Relevant BS (16 years education),GAT (General) or FAST Test,180000.0,5 July 2026,https://www.nu.edu.pk/Degree-Programs
FAST National University of Computer & Emerging Sciences,Islamabad,Islamabad Campus,MS,Data Science,2 Years,Relevant BS (16 years education),GAT (General) or FAST Test,180000.0,5 July 2026,https://www.nu.edu.pk/Degree-Programs
FAST National University of Computer & Emerging Sciences,Islamabad,Islamabad Campus,MS,Electrical Engineering,2 Years,Relevant BS (16 years education),GAT (General) or FAST Test,180000.0,5 July 2026,https://www.nu.edu.pk/Degree-Programs
FAST National University of Computer & Emerging Sciences,Islamabad,Islamabad Campus,MS,Software Engineering,2 Years,Relevant BS (16 years education),GAT (General) or FAST Test,180000.0,5 July 2026,https://www.nu.edu.pk/Degree-Programs
FAST National University of Computer & Emerging Sciences,Islamabad,Islamabad Campus,PhD,Computer Science,3–5 Years,Relevant MS / MPhil,GAT (Subject) + Interview,135000.0,5 July 2026,https://www.nu.edu.pk/Degree-Programs
FAST National University of Computer & Emerging Sciences,Islamabad,Islamabad Campus,PhD,Electrical Engineering,3–5 Years,Relevant MS / MPhil,GAT (Subject) + Interview,135000.0,5 July 2026,https://www.nu.edu.pk/Degree-Programs
FAST National University of Computer & Emerging Sciences,Islamabad,Islamabad Campus,PhD,Philosophy Management Sciences,3–5 Years,Relevant MS / MPhil,GAT (Subject) + Interview,135000.0,5 July 2026,https://www.nu.edu.pk/Degree-Programs
FAST National University of Computer & Emerging Sciences,Islamabad,Islamabad Campus,PhD,Software Engineering,3–5 Years,Relevant MS / MPhil,GAT (Subject) + Interview,135000.0,5 July 2026,https://www.nu.edu.pk/Degree-Programs
Government College University Lahore,Lahore,Faculty of Arts & Social Sciences,MS,Economics,4 Years,Intermediate (relevant discipline),GCU Entry Test,25000.0,"September 30, 2026",https://gcu.edu.pk/economics.php
Government College University Lahore,Lahore,Faculty of Management Sciences,MS,Commerce,4 Years,Intermediate (Commerce / relevant),GCU Entry Test,25000.0,"September 30, 2026",https://gcu.edu.pk/commerce-finance.php
Government College University Lahore,Lahore,Faculty of Law,MS,Laws Llb,5 Years,Intermediate / A-Levels,LAT + GCU Test,25000.0,"September 30, 2026",https://gcu.edu.pk/law.php
Government College University Lahore,Lahore,Faculty of Science,MS,Computer Science,4 Years,Intermediate (Pre-Engg / ICS),GCU Entry Test,25000.0,"September 30, 2026",https://gcu.edu.pk/computer-science.php
Government College University Lahore,Lahore,Faculty of Engineering,MS,Electrical Engineering,4 Years,Intermediate (Pre-Engineering),ECAT / GCU Test,30000.0,"September 30, 2026",https://gcu.edu.pk/electrical-engineering.php
Government College University Lahore,Lahore,Faculty of Life Sciences,MS,Biotechnology,4 Years,Intermediate (Pre-Medical),GCU Entry Test,25000.0,"September 30, 2026",https://gcu.edu.pk/IIBT.php
Government College University Lahore,Lahore,Faculty of Languages & Literature,MS,English,4 Years,Intermediate,GCU Entry Test,25000.0,"September 30, 2026",https://gcu.edu.pk/english.php
Government College University Lahore,Lahore,Department of Economics,MS,Economics,2 Years,BS Economics,GAT (General) / Dept Test,30000.0,"September 30, 2026",https://gcu.edu.pk/economics.php
Government College University Lahore,Lahore,Department of Computer Science,MS,Computer Science,2 Years,BS Computer Science,GAT (General),30000.0,"September 30, 2026",https://gcu.edu.pk/computer-science.php
Government College University Lahore,Lahore,Department of Psychology,MS,Psychology,2 Years,BS Psychology,GAT (General),30000.0,"September 30, 2026",https://gcu.edu.pk/psychology.php
Government College University Lahore,Lahore,Department of Chemistry,MS,Chemistry,2 Years,16 Years Education,GAT (General),35000.0,"September 30, 2026",https://gcu.edu.pk/chemistry.php
Government College University Lahore,Lahore,Department of Physics,MS,Physics,2 Years,16 Years Education,GAT (General),35000.0,"September 30, 2026",https://gcu.edu.pk/physics.php
Government College University Lahore,Lahore,Department of Mathematics,PhD,Mathematics,3–5 Years,MPhil Mathematics,GAT (Subject) + Interview,40000.0,"September 30, 2026",https://gcu.edu.pk/mathematics.php
Government College University Lahore,Lahore,Department of Zoology,PhD,Zoology,3–5 Years,MPhil Zoology,GAT (Subject) + Interview,40000.0,"September 30, 2026",https://gcu.edu.pk/zoology.php
Habib University,Karachi,"School of Arts, Humanities & Social Sciences (AHSS)",MS,Honors Social Development & Policy,4 Years,Intermediate / A-Levels / IB or equivalent (Science required for Engineering & CS),Habib University Admission Test (HUAT) / SAT / ACT / IB / A-Levels,550000.0,"January 31, 2026",https://habib.edu.pk/academics/ahss/social-development-and-policy/
Habib University,Karachi,"School of Arts, Humanities & Social Sciences (AHSS)",MS,Ba Honors Communication & Design,4 Years,Intermediate / A-Levels / IB or equivalent (Science required for Engineering & CS),Habib University Admission Test (HUAT) / SAT / ACT / IB / A-Levels,550000.0,"January 31, 2026",https://habib.edu.pk/academics/ahss/communication-and-design/
Habib University,Karachi,"School of Arts, Humanities & Social Sciences (AHSS)",MS,Information Technology,4 Years,Intermediate / A-Levels / IB or equivalent (Science required for Engineering & CS),Habib University Admission Test (HUAT) / SAT / ACT / IB / A-Levels,550000.0,"January 31, 2026",https://habib.edu.pk/academics/ahss/comparative-humanities/
Habib University,Karachi,Dhanani School of Science & Engineering (DSSE),MS,Electrical Engineering,4 Years,Intermediate / A-Levels / IB or equivalent (Science required for Engineering & CS),Habib University Admission Test (HUAT) / SAT / ACT / IB / A-Levels,550000.0,"January 31, 2026",https://habib.edu.pk/academics/sse/electrical-engineering/
Habib University,Karachi,Dhanani School of Science & Engineering (DSSE),MS,Computer Engineering,4 Years,Intermediate / A-Levels / IB or equivalent (Science required for Engineering & CS),Habib University Admission Test (HUAT) / SAT / ACT / IB / A-Levels,550000.0,"January 31, 2026",https://habib.edu.pk/academics/sse/computer-engineering/
Habib University,Karachi,Dhanani School of Science & Engineering (DSSE),MS,Computer Science,4 Years,Intermediate / A-Levels / IB or equivalent (Science required for Engineering & CS),Habib University Admission Test (HUAT) / SAT / ACT / IB / A-Levels,550000.0,"January 31, 2026",https://habib.edu.pk/academics/sse/computer-science/
Habib University,Karachi,Dhanani School of Science & Engineering (DSSE),MS,Computer Science,4 Years,Intermediate / A-Levels / IB or equivalent (Science required for Engineering & CS),Habib University Admission Test (HUAT) / SAT / ACT / IB / A-Levels,550000.0,"January 31, 2026",https://habib.edu.pk/academics/sse/iscim/
Institute of Business Administration (IBA),Karachi,IBA Karachi,MS,Business Administration,4 Years,Intermediate / A-Levels / IB or equivalent,IBA Admission Test / SAT,529200.0,"March 25, 2026",http://bba.iba.edu.pk/
Institute of Business Administration (IBA),Karachi,IBA Karachi,MS,Computer Science,4 Years,Intermediate / A-Levels / IB or equivalent,IBA Admission Test / SAT,529200.0,"March 25, 2026",https://sbs.iba.edu.pk/business-analytics.php
Institute of Business Administration (IBA),Karachi,IBA Karachi,MS,Accounting,4 Years,Intermediate / A-Levels / IB or equivalent,IBA Admission Test / SAT,529200.0,"March 25, 2026",http://accounting.iba.edu.pk/index.php
Institute of Business Administration (IBA),Karachi,IBA Karachi,MS,Computer Science,4 Years,Intermediate / A-Levels / IB or equivalent,IBA Admission Test / SAT,529200.0,"March 25, 2026",https://cs.iba.edu.pk/bscs/aboutbscs.php
Institute of Business Administration (IBA),Karachi,IBA Karachi,MS,Economics,4 Years,Intermediate / A-Levels / IB or equivalent,IBA Admission Test / SAT,529200.0,"March 25, 2026",https://economics.iba.edu.pk/bs-economics.php
Institute of Business Administration (IBA),Karachi,IBA Karachi,MS,Computer Science,4 Years,Intermediate / A-Levels / IB or equivalent,IBA Admission Test / SAT,529200.0,"March 25, 2026",https://economics.iba.edu.pk/bs-em.php
Institute of Business Administration (IBA),Karachi,IBA Karachi,MS,Mathematics,4 Years,Intermediate / A-Levels / IB or equivalent,IBA Admission Test / SAT,529200.0,"March 25, 2026",https://mathematics.iba.edu.pk/bsmathematics/
Institute of Business Administration (IBA),Karachi,IBA Karachi,MS,Social Sciences & Liberal Arts,4 Years,Intermediate / A-Levels / IB or equivalent,IBA Admission Test / SAT,529200.0,"March 25, 2026",http://ssla.iba.edu.pk/
Institute of Business Administration (IBA),Karachi,IBA Karachi,MS,Executive Mba,2 Years,Bachelor’s degree (16 years education),IBA Admission Test / GAT / GRE (program dependent),468000.0,"March 25, 2026",https://emba.iba.edu.pk/
Institute of Business Administration (IBA),Karachi,IBA Karachi,MS,Mba,2 Years,Bachelor’s degree (16 years education),IBA Admission Test / GAT / GRE (program dependent),468000.0,"March 25, 2026",https://mba.iba.edu.pk/
Institute of Business Administration (IBA),Karachi,IBA Karachi,MS,Computer Science,2 Years,Bachelor’s degree (16 years education),IBA Admission Test / GAT / GRE (program dependent),468000.0,"March 25, 2026",https://cs.iba.edu.pk/mscs/aboutmscs.php
Institute of Business Administration (IBA),Karachi,IBA Karachi,MS,Data Science,2 Years,Bachelor’s degree (16 years education),IBA Admission Test / GAT / GRE (program dependent),468000.0,"March 25, 2026",https://cs.iba.edu.pk/msds/aboutmsds.php
Institute of Business Administration (IBA),Karachi,IBA Karachi,MS,Development Studies,2 Years,Bachelor’s degree (16 years education),IBA Admission Test / GAT / GRE (program dependent),468000.0,"March 25, 2026",https://msdev.iba.edu.pk/about-program.php
Institute of Business Administration (IBA),Karachi,IBA Karachi,MS,Economics,2 Years,Bachelor’s degree (16 years education),IBA Admission Test / GAT / GRE (program dependent),468000.0,"March 25, 2026",https://economics.iba.edu.pk/graduate.php
Institute of Business Administration (IBA),Karachi,IBA Karachi,MS,Finance,2 Years,Bachelor’s degree (16 years education),IBA Admission Test / GAT / GRE (program dependent),468000.0,"March 25, 2026",https://msfinance.iba.edu.pk/
Institute of Business Administration (IBA),Karachi,IBA Karachi,MS,Finance,2 Years,Bachelor’s degree (16 years education),IBA Admission Test / GAT / GRE (program dependent),468000.0,"March 25, 2026",https://msibf.iba.edu.pk/
Institute of Business Administration (IBA),Karachi,IBA Karachi,MS,Journalism,2 Years,Bachelor’s degree (16 years education),IBA Admission Test / GAT / GRE (program dependent),468000.0,"March 25, 2026",https://cej.iba.edu.pk/msj.php
Institute of Business Administration (IBA),Karachi,IBA Karachi,MS,Management,2 Years,Bachelor’s degree (16 years education),IBA Admission Test / GAT / GRE (program dependent),468000.0,"March 25, 2026",https://management.iba.edu.pk/msmanagement/
Institute of Business Administration (IBA),Karachi,IBA Karachi,MS,Mathematics,2 Years,Bachelor’s degree (16 years education),IBA Admission Test / GAT / GRE (program dependent),468000.0,"March 25, 2026",https://mathematics.iba.edu.pk/ms_mathematics.php
Institute of Business Administration (IBA),Karachi,IBA Karachi,MS,Marketing,2 Years,Bachelor’s degree (16 years education),IBA Admission Test / GAT / GRE (program dependent),468000.0,"March 25, 2026",https://msmarketing.iba.edu.pk/
Institute of Business Administration (IBA),Karachi,IBA Karachi,MS,Psychology,2 Years,Bachelor’s degree (16 years education),IBA Admission Test / GAT / GRE (program dependent),468000.0,"March 25, 2026",https://mspsychology.iba.edu.pk
Institute of Business Administration (IBA),Karachi,IBA Karachi,PhD,Computer Science,3–5 Years,MS / MPhil (18 years education),GAT / GRE / IBA Admission Test (program dependent),405000.0,"March 25, 2026",https://cs.iba.edu.pk/phdcs/aboutphdcs.php
Institute of Business Administration (IBA),Karachi,IBA Karachi,PhD,Economics,3–5 Years,MS / MPhil (18 years education),GAT / GRE / IBA Admission Test (program dependent),405000.0,"March 25, 2026",https://economics.iba.edu.pk/postgraduate.php
Institute of Business Administration (IBA),Karachi,IBA Karachi,PhD,Mathematics,3–5 Years,MS / MPhil (18 years education),GAT / GRE / IBA Admission Test (program dependent),405000.0,"March 25, 2026",https://mathematics.iba.edu.pk/phd_mathematics.php
International Islamic University Islamabad,Islamabad,Computer Science,BS,Computer Science,4 Years,"FSc (Pre-Engineering / Pre-Medical / ICS) or equivalent (A-Levels with IBCC equivalence) with minimum 50% marks. Mathematics required for Computing, Engineering and Science programs.",IIUI Admission Test,162000.0,12 Feb 2026,https://www.iiu.edu.pk/faculties/computing/department-of-computer-science/
International Islamic University Islamabad,Islamabad,Computer Science,MS,Computer Science,2 Years,"FSc (Pre-Engineering / Pre-Medical / ICS) or equivalent (A-Levels with IBCC equivalence) with minimum 50% marks. Mathematics required for Computing, Engineering and Science programs.",IIUI Admission Test,162000.0,12 Feb 2026,https://www.iiu.edu.pk/faculties/computing/department-of-computer-science/
International Islamic University Islamabad,Islamabad,Computer Science,PhD,Computer Science,3–5 Years,"FSc (Pre-Engineering / Pre-Medical / ICS) or equivalent (A-Levels with IBCC equivalence) with minimum 50% marks. Mathematics required for Computing, Engineering and Science programs.",IIUI Admission Test,162000.0,12 Feb 2026,https://www.iiu.edu.pk/faculties/computing/department-of-computer-science/
International Islamic University Islamabad,Islamabad,Software Engineering,BS,Software Engineering,4 Years,"FSc (Pre-Engineering / Pre-Medical / ICS) or equivalent (A-Levels with IBCC equivalence) with minimum 50% marks. Mathematics required for Computing, Engineering and Science programs.",IIUI Admission Test,162000.0,12 Feb 2026,https://www.iiu.edu.pk/faculties/computing/software-engineering/
International Islamic University Islamabad,Islamabad,Software Engineering,MS,Software Engineering,2 Years,"FSc (Pre-Engineering / Pre-Medical / ICS) or equivalent (A-Levels with IBCC equivalence) with minimum 50% marks. Mathematics required for Computing, Engineering and Science programs.",IIUI Admission Test,162000.0,12 Feb 2026,https://www.iiu.edu.pk/faculties/computing/software-engineering/
International Islamic University Islamabad,Islamabad,Software Engineering,PhD,Software Engineering,3–5 Years,"FSc (Pre-Engineering / Pre-Medical / ICS) or equivalent (A-Levels with IBCC equivalence) with minimum 50% marks. Mathematics required for Computing, Engineering and Science programs.",IIUI Admission Test,162000.0,12 Feb 2026,https://www.iiu.edu.pk/faculties/computing/software-engineering/
International Islamic University Islamabad,Islamabad,Educational Leadership & Management,BS,Programs Educational Leadership And Management,4 Years,"FSc (Pre-Engineering / Pre-Medical / ICS) or equivalent (A-Levels with IBCC equivalence) with minimum 50% marks. Mathematics required for Computing, Engineering and Science programs.",IIUI Admission Test,162000.0,12 Feb 2026,https://www.iiu.edu.pk/faculties/faculty-of-education/educational-leadership-management/
International Islamic University Islamabad,Islamabad,Educational Leadership & Management,MS,Educational Leadership & Management,2 Years,"FSc (Pre-Engineering / Pre-Medical / ICS) or equivalent (A-Levels with IBCC equivalence) with minimum 50% marks. Mathematics required for Computing, Engineering and Science programs.",IIUI Admission Test,162000.0,12 Feb 2026,https://www.iiu.edu.pk/faculties/faculty-of-education/educational-leadership-management/
International Islamic University Islamabad,Islamabad,Educational Leadership & Management,MS,Software Engineering,2 Years,"FSc (Pre-Engineering / Pre-Medical / ICS) or equivalent (A-Levels with IBCC equivalence) with minimum 50% marks. Mathematics required for Computing, Engineering and Science programs.",IIUI Admission Test,162000.0,12 Feb 2026,https://www.iiu.edu.pk/faculties/faculty-of-education/educational-leadership-management/
International Islamic University Islamabad,Islamabad,Educational Leadership & Management,PhD,Software Engineering,3–5 Years,"FSc (Pre-Engineering / Pre-Medical / ICS) or equivalent (A-Levels with IBCC equivalence) with minimum 50% marks. Mathematics required for Computing, Engineering and Science programs.",IIUI Admission Test,162000.0,12 Feb 2026,https://www.iiu.edu.pk/faculties/faculty-of-education/educational-leadership-management/
International Islamic University Islamabad,Islamabad,Educational Leadership & Management,PhD,Software Engineering,3–5 Years,"FSc (Pre-Engineering / Pre-Medical / ICS) or equivalent (A-Levels with IBCC equivalence) with minimum 50% marks. Mathematics required for Computing, Engineering and Science programs.",IIUI Admission Test,162000.0,12 Feb 2026,https://www.iiu.edu.pk/faculties/faculty-of-education/educational-leadership-management/
International Islamic University Islamabad,Islamabad,Civil Engineering,BS,Civil Engineering,4 Years,"FSc (Pre-Engineering / Pre-Medical / ICS) or equivalent (A-Levels with IBCC equivalence) with minimum 50% marks. Mathematics required for Computing, Engineering and Science programs.",IIUI Admission Test,162000.0,12 Feb 2026,https://www.iiu.edu.pk/faculties/engineering-and-technology/departments/department-of-civil-engineering/
International Islamic University Islamabad,Islamabad,Civil Engineering,BS,Civil Engineering,4 Years,"FSc (Pre-Engineering / Pre-Medical / ICS) or equivalent (A-Levels with IBCC equivalence) with minimum 50% marks. Mathematics required for Computing, Engineering and Science programs.",IIUI Admission Test,162000.0,12 Feb 2026,https://www.iiu.edu.pk/faculties/engineering-and-technology/departments/department-of-civil-engineering/
International Islamic University Islamabad,Islamabad,Civil Engineering,MS,Civil Engineering,2 Years,"FSc (Pre-Engineering / Pre-Medical / ICS) or equivalent (A-Levels with IBCC equivalence) with minimum 50% marks. Mathematics required for Computing, Engineering and Science programs.",IIUI Admission Test,162000.0,12 Feb 2026,https://www.iiu.edu.pk/faculties/engineering-and-technology/departments/department-of-civil-engineering/
International Islamic University Islamabad,Islamabad,Civil Engineering,PhD,Civil Engineering,3–5 Years,"FSc (Pre-Engineering / Pre-Medical / ICS) or equivalent (A-Levels with IBCC equivalence) with minimum 50% marks. Mathematics required for Computing, Engineering and Science programs.",IIUI Admission Test,162000.0,12 Feb 2026,https://www.iiu.edu.pk/faculties/engineering-and-technology/departments/department-of-civil-engineering/
International Islamic University Islamabad,Islamabad,Electronic Engineering,BS,Computer Engineering,4 Years,"FSc (Pre-Engineering / Pre-Medical / ICS) or equivalent (A-Levels with IBCC equivalence) with minimum 50% marks. Mathematics required for Computing, Engineering and Science programs.",IIUI Admission Test,162000.0,12 Feb 2026,https://www.iiu.edu.pk/faculties/engineering-and-technology/departments/electronic-engineering/
International Islamic University Islamabad,Islamabad,Electronic Engineering,BS,Electrical Engineering,4 Years,"FSc (Pre-Engineering / Pre-Medical / ICS) or equivalent (A-Levels with IBCC equivalence) with minimum 50% marks. Mathematics required for Computing, Engineering and Science programs.",IIUI Admission Test,162000.0,12 Feb 2026,https://www.iiu.edu.pk/faculties/engineering-and-technology/departments/electronic-engineering/
International Islamic University Islamabad,Islamabad,Electronic Engineering,MS,Biomedical Engineering,2 Years,"FSc (Pre-Engineering / Pre-Medical / ICS) or equivalent (A-Levels with IBCC equivalence) with minimum 50% marks. Mathematics required for Computing, Engineering and Science programs.",IIUI Admission Test,162000.0,12 Feb 2026,https://www.iiu.edu.pk/faculties/engineering-and-technology/departments/electronic-engineering/
International Islamic University Islamabad,Islamabad,Electronic Engineering,MS,Electrical Engineering,2 Years,"FSc (Pre-Engineering / Pre-Medical / ICS) or equivalent (A-Levels with IBCC equivalence) with minimum 50% marks. Mathematics required for Computing, Engineering and Science programs.",IIUI Admission Test,162000.0,12 Feb 2026,https://www.iiu.edu.pk/faculties/engineering-and-technology/departments/electronic-engineering/
International Islamic University Islamabad,Islamabad,Electronic Engineering,MS,Electrical Engineering,2 Years,"FSc (Pre-Engineering / Pre-Medical / ICS) or equivalent (A-Levels with IBCC equivalence) with minimum 50% marks. Mathematics required for Computing, Engineering and Science programs.",IIUI Admission Test,162000.0,12 Feb 2026,https://www.iiu.edu.pk/faculties/engineering-and-technology/departments/electronic-engineering/
International Islamic University Islamabad,Islamabad,Electronic Engineering,PhD,Biomedical Engineering,3–5 Years,"FSc (Pre-Engineering / Pre-Medical / ICS) or equivalent (A-Levels with IBCC equivalence) with minimum 50% marks. Mathematics required for Computing, Engineering and Science programs.",IIUI Admission Test,162000.0,12 Feb 2026,https://www.iiu.edu.pk/faculties/engineering-and-technology/departments/electronic-engineering/
International Islamic University Islamabad,Islamabad,Electronic Engineering,PhD,Electrical Engineering,3–5 Years,"FSc (Pre-Engineering / Pre-Medical / ICS) or equivalent (A-Levels with IBCC equivalence) with minimum 50% marks. Mathematics required for Computing, Engineering and Science programs.",IIUI Admission Test,162000.0,12 Feb 2026,https://www.iiu.edu.pk/faculties/engineering-and-technology/departments/electronic-engineering/
International Islamic University Islamabad,Islamabad,Electronic Engineering,PhD,Electrical Engineering,3–5 Years,"FSc (Pre-Engineering / Pre-Medical / ICS) or equivalent (A-Levels with IBCC equivalence) with minimum 50% marks. Mathematics required for Computing, Engineering and Science programs.",IIUI Admission Test,162000.0,12 Feb 2026,https://www.iiu.edu.pk/faculties/engineering-and-technology/departments/electronic-engineering/
International Islamic University Islamabad,Islamabad,Mechanical Engineering,BS,Mechanical Engineering,4 Years,"FSc (Pre-Engineering / Pre-Medical / ICS) or equivalent (A-Levels with IBCC equivalence) with minimum 50% marks. Mathematics required for Computing, Engineering and Science programs.",IIUI Admission Test,162000.0,12 Feb 2026,https://www.iiu.edu.pk/faculties/engineering-and-technology/departments/mechanical-engineering/
International Islamic University Islamabad,Islamabad,Mechanical Engineering,BS,Mechanical Engineering,4 Years,"FSc (Pre-Engineering / Pre-Medical / ICS) or equivalent (A-Levels with IBCC equivalence) with minimum 50% marks. Mathematics required for Computing, Engineering and Science programs.",IIUI Admission Test,162000.0,12 Feb 2026,https://www.iiu.edu.pk/faculties/engineering-and-technology/departments/mechanical-engineering/
International Islamic University Islamabad,Islamabad,Mechanical Engineering,PhD,Energy Systems Engineering,3–5 Years,"FSc (Pre-Engineering / Pre-Medical / ICS) or equivalent (A-Levels with IBCC equivalence) with minimum 50% marks. Mathematics required for Computing, Engineering and Science programs.",IIUI Admission Test,162000.0,12 Feb 2026,https://www.iiu.edu.pk/faculties/engineering-and-technology/departments/mechanical-engineering/
International Islamic University Islamabad,Islamabad,Mechanical Engineering,PhD,Engineering Management,3–5 Years,"FSc (Pre-Engineering / Pre-Medical / ICS) or equivalent (A-Levels with IBCC equivalence) with minimum 50% marks. Mathematics required for Computing, Engineering and Science programs.",IIUI Admission Test,162000.0,12 Feb 2026,https://www.iiu.edu.pk/faculties/engineering-and-technology/departments/mechanical-engineering/
International Islamic University Islamabad,Islamabad,Mechanical Engineering,PhD,Mechanical Engg,3–5 Years,"FSc (Pre-Engineering / Pre-Medical / ICS) or equivalent (A-Levels with IBCC equivalence) with minimum 50% marks. Mathematics required for Computing, Engineering and Science programs.",IIUI Admission Test,162000.0,12 Feb 2026,https://www.iiu.edu.pk/faculties/engineering-and-technology/departments/mechanical-engineering/
International Islamic University Islamabad,Islamabad,Mechanical Engineering,PhD,Mechanical Engineering,3–5 Years,"FSc (Pre-Engineering / Pre-Medical / ICS) or equivalent (A-Levels with IBCC equivalence) with minimum 50% marks. Mathematics required for Computing, Engineering and Science programs.",IIUI Admission Test,162000.0,12 Feb 2026,https://www.iiu.edu.pk/faculties/engineering-and-technology/departments/mechanical-engineering/
International Islamic University Islamabad,Islamabad,Business Administration,BS,Public Administration,4 Years,"FSc (Pre-Engineering / Pre-Medical / ICS) or equivalent (A-Levels with IBCC equivalence) with minimum 50% marks. Mathematics required for Computing, Engineering and Science programs.",IIUI Admission Test,162000.0,12 Feb 2026,https://www.iiu.edu.pk/faculties/faculty-of-management-sciences/department-of-business-administration/
International Islamic University Islamabad,Islamabad,Biotechnology & Bioinformatics,BS,Bio Technology,4 Years,"FSc (Pre-Engineering / Pre-Medical / ICS) or equivalent (A-Levels with IBCC equivalence) with minimum 50% marks. Mathematics required for Computing, Engineering and Science programs.",IIUI Admission Test,162000.0,12 Feb 2026,https://www.iiu.edu.pk/faculties/sciences/department-of-biotechnology-bioinformatics/
International Islamic University Islamabad,Islamabad,Biotechnology & Bioinformatics,MS,Bio Technology,2 Years,"FSc (Pre-Engineering / Pre-Medical / ICS) or equivalent (A-Levels with IBCC equivalence) with minimum 50% marks. Mathematics required for Computing, Engineering and Science programs.",IIUI Admission Test,162000.0,12 Feb 2026,https://www.iiu.edu.pk/faculties/sciences/department-of-biotechnology-bioinformatics/
International Islamic University Islamabad,Islamabad,Environmental Science,BS,Environmental Science,4 Years,"FSc (Pre-Engineering / Pre-Medical / ICS) or equivalent (A-Levels with IBCC equivalence) with minimum 50% marks. Mathematics required for Computing, Engineering and Science programs.",IIUI Admission Test,162000.0,12 Feb 2026,https://www.iiu.edu.pk/faculties/sciences/department-of-environmental-science/
International Islamic University Islamabad,Islamabad,Environmental Science,MS,Environmental Science,2 Years,"FSc (Pre-Engineering / Pre-Medical / ICS) or equivalent (A-Levels with IBCC equivalence) with minimum 50% marks. Mathematics required for Computing, Engineering and Science programs.",IIUI Admission Test,162000.0,12 Feb 2026,https://www.iiu.edu.pk/faculties/sciences/department-of-environmental-science/
International Islamic University Islamabad,Islamabad,Environmental Science,PhD,Environmental Science,3–5 Years,"FSc (Pre-Engineering / Pre-Medical / ICS) or equivalent (A-Levels with IBCC equivalence) with minimum 50% marks. Mathematics required for Computing, Engineering and Science programs.",IIUI Admission Test,162000.0,12 Feb 2026,https://www.iiu.edu.pk/faculties/sciences/department-of-environmental-science/
International Islamic University Islamabad,Islamabad,Shariah,MS,Human Rights Law And Ba,2 Years,16 years of education (BS / BSc (Hons) or equivalent) in relevant discipline with minimum CGPA 2.5/4.0 or 60% marks.,IIUI Admission Test or HEC GAT (General),144000.0,12 Feb 2026,https://www.iiu.edu.pk/faculties/sharia-and-law/shariah/
International Islamic University Islamabad,Islamabad,Shariah,MS,Islamic Commercial Law,2 Years,16 years of education (BS / BSc (Hons) or equivalent) in relevant discipline with minimum CGPA 2.5/4.0 or 60% marks.,IIUI Admission Test or HEC GAT (General),144000.0,12 Feb 2026,https://www.iiu.edu.pk/faculties/sharia-and-law/shariah/
International Islamic University Islamabad,Islamabad,Shariah,MS,Muslim Family Law,2 Years,16 years of education (BS / BSc (Hons) or equivalent) in relevant discipline with minimum CGPA 2.5/4.0 or 60% marks.,IIUI Admission Test or HEC GAT (General),144000.0,12 Feb 2026,https://www.iiu.edu.pk/faculties/sharia-and-law/shariah/
International Islamic University Islamabad,Islamabad,Shariah,PhD,Finance,3–5 Years,16 years of education (BS / BSc (Hons) or equivalent) in relevant discipline with minimum CGPA 2.5/4.0 or 60% marks.,IIUI Admission Test or HEC GAT (General),144000.0,12 Feb 2026,https://www.iiu.edu.pk/faculties/sharia-and-law/shariah/
International Islamic University Islamabad,Islamabad,Media & Communication Studies,BS,Media & Communication,4 Years,"FSc (Pre-Engineering / Pre-Medical / ICS) or equivalent (A-Levels with IBCC equivalence) with minimum 50% marks. Mathematics required for Computing, Engineering and Science programs.",IIUI Admission Test,162000.0,12 Feb 2026,https://www.iiu.edu.pk/faculties/social-sciences/departments-ss/centre-for-media-communications-studies/
International Islamic University Islamabad,Islamabad,Media & Communication Studies,BS,Media Communication Studies,4 Years,"FSc (Pre-Engineering / Pre-Medical / ICS) or equivalent (A-Levels with IBCC equivalence) with minimum 50% marks. Mathematics required for Computing, Engineering and Science programs.",IIUI Admission Test,162000.0,12 Feb 2026,https://www.iiu.edu.pk/faculties/social-sciences/departments-ss/centre-for-media-communications-studies/
International Islamic University Islamabad,Islamabad,Media & Communication Studies,PhD,Media & Communication,3–5 Years,"FSc (Pre-Engineering / Pre-Medical / ICS) or equivalent (A-Levels with IBCC equivalence) with minimum 50% marks. Mathematics required for Computing, Engineering and Science programs.",IIUI Admission Test,162000.0,12 Feb 2026,https://www.iiu.edu.pk/faculties/social-sciences/departments-ss/centre-for-media-communications-studies/
International Islamic University Islamabad,Islamabad,History,BS,Pakistan Studies,4 Years,"FSc (Pre-Engineering / Pre-Medical / ICS) or equivalent (A-Levels with IBCC equivalence) with minimum 50% marks. Mathematics required for Computing, Engineering and Science programs.",IIUI Admission Test,162000.0,12 Feb 2026,https://www.iiu.edu.pk/faculties/social-sciences/departments-ss/history-social-sciences/
International Islamic University Islamabad,Islamabad,History,MS,Pakistan Studies,2 Years,"FSc (Pre-Engineering / Pre-Medical / ICS) or equivalent (A-Levels with IBCC equivalence) with minimum 50% marks. Mathematics required for Computing, Engineering and Science programs.",IIUI Admission Test,162000.0,12 Feb 2026,https://www.iiu.edu.pk/faculties/social-sciences/departments-ss/history-social-sciences/
International Islamic University Islamabad,Islamabad,History,MS,Software Engineering,2 Years,"FSc (Pre-Engineering / Pre-Medical / ICS) or equivalent (A-Levels with IBCC equivalence) with minimum 50% marks. Mathematics required for Computing, Engineering and Science programs.",IIUI Admission Test,162000.0,12 Feb 2026,https://www.iiu.edu.pk/faculties/social-sciences/departments-ss/history-social-sciences/
International Islamic University Islamabad,Islamabad,History,MS,Software Engineering,2 Years,"FSc (Pre-Engineering / Pre-Medical / ICS) or equivalent (A-Levels with IBCC equivalence) with minimum 50% marks. Mathematics required for Computing, Engineering and Science programs.",IIUI Admission Test,162000.0,12 Feb 2026,https://www.iiu.edu.pk/faculties/social-sciences/departments-ss/history-social-sciences/
International Islamic University Islamabad,Islamabad,History,PhD,Pakistan Studies,3–5 Years,"FSc (Pre-Engineering / Pre-Medical / ICS) or equivalent (A-Levels with IBCC equivalence) with minimum 50% marks. Mathematics required for Computing, Engineering and Science programs.",IIUI Admission Test,162000.0,12 Feb 2026,https://www.iiu.edu.pk/faculties/social-sciences/departments-ss/history-social-sciences/
International Islamic University Islamabad,Islamabad,History,PhD,Programs Pakistan Studies Were Approved To Be La,3–5 Years,"FSc (Pre-Engineering / Pre-Medical / ICS) or equivalent (A-Levels with IBCC equivalence) with minimum 50% marks. Mathematics required for Computing, Engineering and Science programs.",IIUI Admission Test,162000.0,12 Feb 2026,https://www.iiu.edu.pk/faculties/social-sciences/departments-ss/history-social-sciences/
International Islamic University Islamabad,Islamabad,Islamic Arts & Architecture,BS,Information Technology,4 Years,"FSc (Pre-Engineering / Pre-Medical / ICS) or equivalent (A-Levels with IBCC equivalence) with minimum 50% marks. Mathematics required for Computing, Engineering and Science programs.",IIUI Admission Test,162000.0,12 Feb 2026,https://www.iiu.edu.pk/faculties/social-sciences/departments-ss/department-of-islamic-arts-and-architecture/
International Islamic University Islamabad,Islamabad,Islamic Arts & Architecture,MS,Information Technology,2 Years,"FSc (Pre-Engineering / Pre-Medical / ICS) or equivalent (A-Levels with IBCC equivalence) with minimum 50% marks. Mathematics required for Computing, Engineering and Science programs.",IIUI Admission Test,162000.0,12 Feb 2026,https://www.iiu.edu.pk/faculties/social-sciences/departments-ss/department-of-islamic-arts-and-architecture/
Institute of Business Management (IoBM),Karachi,College of Business Management,MS,Entrepreneurship,4 Years,Intermediate / A-Levels / IB or equivalent,IoBM Admission Test / SAT,140000.0,"August 31, 2026",https://iobm.edu.pk/programs/bs-entrepreneurship/
Institute of Business Management (IoBM),Karachi,College of Business Management,MS,Computer Science,4 Years,Intermediate / A-Levels / IB or equivalent,IoBM Admission Test / SAT,140000.0,"August 31, 2026",https://iobm.edu.pk/program-name/bs-economics-and-finance/
Institute of Business Management (IoBM),Karachi,College of Business Management,MS,Accounting,4 Years,Intermediate / A-Levels / IB or equivalent,IoBM Admission Test / SAT,140000.0,"August 31, 2026",https://iobm.edu.pk/program-name/bs-accounting-and-finance/
Institute of Business Management (IoBM),Karachi,College of Business Management,MS,Artificial Intelligence,4 Years,Intermediate / A-Levels / IB or equivalent,IoBM Admission Test / SAT,140000.0,"August 31, 2026",https://iobm.edu.pk/programs/bs-supply-chain-management/
Institute of Business Management (IoBM),Karachi,College of Business Management,MS,Computer Science,4 Years,Intermediate / A-Levels / IB or equivalent,IoBM Admission Test / SAT,140000.0,"August 31, 2026",https://iobm.edu.pk/programs/bs-in-business-intelligence-and-analytics/
Institute of Business Management (IoBM),Karachi,College of Business Management,MS,Business Administration,4 Years,Intermediate / A-Levels / IB or equivalent,IoBM Admission Test / SAT,140000.0,"August 31, 2026",https://iobm.edu.pk/programs/bachelor-of-business-administration-bba/
Institute of Business Management (IoBM),Karachi,College of Business Management,MS,Economics,4 Years,Intermediate / A-Levels / IB or equivalent,IoBM Admission Test / SAT,140000.0,"August 31, 2026",https://iobm.edu.pk/programs/bs-economics/
Institute of Business Management (IoBM),Karachi,College of Economics & Social Development,MS,Psychology,4 Years,Intermediate / A-Levels / IB or equivalent,IoBM Admission Test / SAT,140000.0,"August 31, 2026",https://iobm.edu.pk/programs/bs-psychology/
Institute of Business Management (IoBM),Karachi,College of Economics & Social Development,MS,Honors Media Studies,4 Years,Intermediate / A-Levels / IB or equivalent,IoBM Admission Test / SAT,140000.0,"August 31, 2026",https://iobm.edu.pk/programs/bs-honorsmedia-studies/
Institute of Business Management (IoBM),Karachi,College of Economics & Social Development,MS,Psychology,4 Years,Intermediate / A-Levels / IB or equivalent,IoBM Admission Test / SAT,140000.0,"August 31, 2026",https://iobm.edu.pk/programs/bs-business-and-psychology/
Institute of Business Management (IoBM),Karachi,College of Economics & Social Development,MS,B.Ed Honors 1.5 Years,1.5–2.5 Years,Intermediate / A-Levels / IB or equivalent,IoBM Admission Test / SAT,140000.0,"August 31, 2026",https://iobm.edu.pk/programs/b-ed-honors-1-5-years/
Institute of Business Management (IoBM),Karachi,College of Economics & Social Development,MS,B.Ed Honors 2.5 Years,1.5–2.5 Years,Intermediate / A-Levels / IB or equivalent,IoBM Admission Test / SAT,140000.0,"August 31, 2026",https://iobm.edu.pk/programs/b-ed-honors-2-5-years/
Institute of Business Management (IoBM),Karachi,College of Computer Science & Information Systems,MS,Data Science,4 Years,Intermediate / A-Levels / IB or equivalent,IoBM Admission Test / SAT,140000.0,"August 31, 2026",https://iobm.edu.pk/programs/bs-data-science/
Institute of Business Management (IoBM),Karachi,College of Computer Science & Information Systems,MS,Computer Science,4 Years,Intermediate / A-Levels / IB or equivalent,IoBM Admission Test / SAT,140000.0,"August 31, 2026",https://iobm.edu.pk/programs/bs-computer-science/
Institute of Business Management (IoBM),Karachi,College of Computer Science & Information Systems,MS,Software Engineering,4 Years,Intermediate / A-Levels / IB or equivalent,IoBM Admission Test / SAT,140000.0,"August 31, 2026",https://iobm.edu.pk/programs/bs-software-engineering/
Institute of Business Management (IoBM),Karachi,College of Computer Science & Information Systems,MS,Computer Engineering,4 Years,Intermediate / A-Levels / IB or equivalent,IoBM Admission Test / SAT,140000.0,"August 31, 2026",https://iobm.edu.pk/programs/bs-computer-engineering/
Institute of Business Management (IoBM),Karachi,College of Computer Science & Information Systems,MS,Computer Science,4 Years,Intermediate / A-Levels / IB or equivalent,IoBM Admission Test / SAT,140000.0,"August 31, 2026",https://iobm.edu.pk/programs/bs-statistics-business-analytics/
Institute of Business Management (IoBM),Karachi,College of Engineering & Sciences,MS,Computer Science,4 Years,Intermediate / A-Levels / IB or equivalent,IoBM Admission Test / SAT,140000.0,"August 31, 2026",https://iobm.edu.pk/programs/bs-mathematics-and-economics/
Institute of Business Management (IoBM),Karachi,College of Engineering & Sciences,MS,Computer Science,4 Years,Intermediate / A-Levels / IB or equivalent,IoBM Admission Test / SAT,140000.0,"August 31, 2026",https://iobm.edu.pk/programs/bs-mathematics-and-computational-finance/
Institute of Business Management (IoBM),Karachi,College of Engineering & Sciences,MS,Actuarial Science And Risk Management,4 Years,Intermediate / A-Levels / IB or equivalent,IoBM Admission Test / SAT,140000.0,"August 31, 2026",https://iobm.edu.pk/programs/bs-actuarial-science-and-risk-management/
Institute of Business Management (IoBM),Karachi,College of Engineering & Sciences,MS,Technology Management,4 Years,Intermediate / A-Levels / IB or equivalent,IoBM Admission Test / SAT,140000.0,"August 31, 2026",https://iobm.edu.pk/programs/bs-technology-management/
Institute of Business Management (IoBM),Karachi,College of Business Management,MS,Business Management,2 Years,16 years education (relevant discipline),IoBM Graduate Admission Test / GAT (General),160000.0,"September 30, 2026",https://iobm.edu.pk/programs/ms-in-business-management/
Institute of Business Management (IoBM),Karachi,College of Business Management,MS,Business Administration,2 Years,16 years education (relevant discipline),IoBM Graduate Admission Test / GAT (General),160000.0,"September 30, 2026",https://iobm.edu.pk/programs/master-of-business-administration/
Institute of Business Management (IoBM),Karachi,College of Computer Science & Information Systems,MS,Computer Science,2 Years,16 years education (relevant discipline),IoBM Graduate Admission Test / GAT (General),160000.0,"September 30, 2026",https://iobm.edu.pk/programs/ms-computer-science/
Institute of Business Management (IoBM),Karachi,College of Computer Science & Information Systems,MS,Computer Science,2 Years,16 years education (relevant discipline),IoBM Graduate Admission Test / GAT (General),160000.0,"September 30, 2026",https://iobm.edu.pk/programs/ms-statistics-and-scientific-computing/
Institute of Business Management (IoBM),Karachi,College of Engineering & Sciences,MS,Computer Science,2 Years,16 years education (relevant discipline),IoBM Graduate Admission Test / GAT (General),160000.0,"September 30, 2026",https://iobm.edu.pk/programs/ms-mathematics-and-scientific-computing/
Institute of Business Management (IoBM),Karachi,College of Business Management,MS,Economics,2 Years,16 years education (relevant discipline),IoBM Graduate Admission Test / GAT (General),160000.0,"September 30, 2026",https://iobm.edu.pk/programs/ms-economics/
Institute of Business Management (IoBM),Karachi,College of Business Management,PhD,Business Management,3–5 Years,MS / MPhil (relevant discipline),GAT (General/Subject) + Interview,180000.0,"September 30, 2026",https://iobm.edu.pk/programs/phd-in-business-management/
Institute of Business Management (IoBM),Karachi,College of Engineering & Sciences,PhD,Environment And Energy Management,3–5 Years,MS / MPhil (relevant discipline),GAT (General/Subject) + Interview,180000.0,"September 30, 2026",https://iobm.edu.pk/programs/phd-in-environment-and-energy-management/
Institute of Business Management (IoBM),Karachi,College of Education,PhD,Education,3–5 Years,MS / MPhil (relevant discipline),GAT (General/Subject) + Interview,180000.0,"September 30, 2026",https://iobm.edu.pk/programs/phd-in-education/
Institute of Business Management (IoBM),Karachi,College of Business Management,PhD,Economics,3–5 Years,MS / MPhil (relevant discipline),GAT (General/Subject) + Interview,180000.0,"September 30, 2026",https://iobm.edu.pk/programs/phd-in-economics/
Institute of Business Management (IoBM),Karachi,College of Education,MS,Education,2 Years,16 years education (relevant discipline),GAT (General/Subject) + Interview,180000.0,"September 30, 2026",https://iobm.edu.pk/programs/mphil-in-education/
Institute of Business Management (IoBM),Karachi,College of Social Sciences,MS,Psychology,2 Years,16 years education (relevant discipline),GAT (General/Subject) + Interview,180000.0,"September 30, 2026",https://iobm.edu.pk/programs/mphil-in-organizational-psychology/
Institute of Business Management (IoBM),Karachi,College of Computer Science & Information Systems,PhD,Computer Science,3–5 Years,MS / MPhil (relevant discipline),GAT (General/Subject) + Interview,180000.0,"September 30, 2026",https://iobm.edu.pk/programs/phd-computer-science/
Institute of Business Management (IoBM),Karachi,College of Computer Science & Information Systems,PhD,Computer Science,3–5 Years,MS / MPhil (relevant discipline),GAT (General/Subject) + Interview,180000.0,"September 30, 2026",https://iobm.edu.pk/programs/phd-statistics-and-scientific-computing/
Iqra University,Karachi,Iqra University Karachi,MS,Laws Llb,5 Years,Intermediate / A-Levels (relevant discipline),Iqra University Admission Test,110000.0,"August 31, 2026",https://iqra.edu.pk/programs/bachelor-of-laws/
Iqra University,Karachi,Iqra University Karachi,MS,Artificial Intelligence,4 Years,Intermediate / A-Levels (relevant discipline),Iqra University Admission Test,110000.0,"August 31, 2026",https://iqra.edu.pk/programs/bachelor-of-ai-digital-media/
Iqra University,Karachi,Iqra University Karachi,MS,Bachelors Entrepreneurship,4 Years,Intermediate / A-Levels (relevant discipline),Iqra University Admission Test,110000.0,"August 31, 2026",https://iqra.edu.pk/programs/bachelors-of-entrepreneurship/
Iqra University,Karachi,Iqra University Karachi,MS,Finance,4 Years,Intermediate / A-Levels (relevant discipline),Iqra University Admission Test,110000.0,"August 31, 2026",https://iqra.edu.pk/programs/bachelor-of-finance-technology/
Iqra University,Karachi,Iqra University Karachi,MS,Accounting,4 Years,Intermediate / A-Levels (relevant discipline),Iqra University Admission Test,110000.0,"August 31, 2026",https://iqra.edu.pk/programs/bachelors-of-accounting-finance/
Iqra University,Karachi,Iqra University Karachi,MS,Artificial Intelligence,4 Years,Intermediate / A-Levels (relevant discipline),Iqra University Admission Test,110000.0,"August 31, 2026",https://iqra.edu.pk/programs/bachelors-of-science-in-artificial-intelligence/
Iqra University,Karachi,Iqra University Karachi,MS,Software Engineering,4 Years,Intermediate / A-Levels (relevant discipline),Iqra University Admission Test,110000.0,"August 31, 2026",https://iqra.edu.pk/programs/bachelor-of-cyber-security/
Iqra University,Karachi,Iqra University Karachi,MS,Psychology,4 Years,Intermediate / A-Levels (relevant discipline),Iqra University Admission Test,110000.0,"August 31, 2026",https://iqra.edu.pk/programs/bachelor-of-clinical-psychology/
Iqra University,Karachi,Iqra University Karachi,MS,Software Engineering,4 Years,Intermediate / A-Levels (relevant discipline),Iqra University Admission Test,110000.0,"August 31, 2026",https://iqra.edu.pk/programs/bachelor-of-engineering-in-information-security/
Iqra University,Karachi,Iqra University Karachi,MS,Applied Computing,4 Years,Intermediate / A-Levels (relevant discipline),Iqra University Admission Test,110000.0,"August 31, 2026",https://iqra.edu.pk/programs/bs-applied-computing/
Iqra University,Karachi,Iqra University Karachi,MS,Bachelors Food Science & Technology,4 Years,Intermediate / A-Levels (relevant discipline),Iqra University Admission Test,110000.0,"August 31, 2026",https://iqra.edu.pk/programs/bachelors-of-food-science-technology/
Iqra University,Karachi,Iqra University Karachi,MS,Bachelors Fashion Merchandising & Marketing,4 Years,Intermediate / A-Levels (relevant discipline),Iqra University Admission Test,110000.0,"August 31, 2026",https://iqra.edu.pk/programs/bachelors-of-fashion-merchandising-marketing/
Iqra University,Karachi,Iqra University Karachi,MS,Bachelors Textile Design,4 Years,Intermediate / A-Levels (relevant discipline),Iqra University Admission Test,110000.0,"August 31, 2026",https://iqra.edu.pk/programs/bachelors-of-textile-design/
Iqra University,Karachi,Iqra University Karachi,MS,Biology,4 Years,Intermediate / A-Levels (relevant discipline),Iqra University Admission Test,110000.0,"August 31, 2026",https://iqra.edu.pk/programs/bachelors-of-microbiology/
Iqra University,Karachi,Iqra University Karachi,MS,Computer Science,4 Years,Intermediate / A-Levels (relevant discipline),Iqra University Admission Test,110000.0,"August 31, 2026",https://iqra.edu.pk/programs/bachelors-of-human-nutrition-dietetics/
Iqra University,Karachi,Iqra University Karachi,MS,Pharmacy Pharmd,5 Years,Intermediate / A-Levels (relevant discipline),Iqra University Admission Test,110000.0,"August 31, 2026",https://iqra.edu.pk/programs/doctor-of-pharmacy/
Iqra University,Karachi,Iqra University Karachi,MS,Bachelors Nursing,4 Years,Intermediate / A-Levels (relevant discipline),Iqra University Admission Test,110000.0,"August 31, 2026",https://iqra.edu.pk/programs/bachelors-of-nursing/
Iqra University,Karachi,Iqra University Karachi,MS,English,4 Years,Intermediate / A-Levels (relevant discipline),Iqra University Admission Test,110000.0,"August 31, 2026",https://iqra.edu.pk/programs/bachelors-of-english/
Iqra University,Karachi,Iqra University Karachi,MS,Information Technology,4 Years,Intermediate / A-Levels (relevant discipline),Iqra University Admission Test,110000.0,"August 31, 2026",https://iqra.edu.pk/programs/bachelors-of-digital-marketing/
Iqra University,Karachi,Iqra University Karachi,MS,Computer Science,4 Years,Intermediate / A-Levels (relevant discipline),Iqra University Admission Test,110000.0,"August 31, 2026",https://iqra.edu.pk/programs/bachelors-of-science-in-computer-science/
Iqra University,Karachi,Iqra University Karachi,MS,Computer Science,4 Years,Intermediate / A-Levels (relevant discipline),Iqra University Admission Test,110000.0,"August 31, 2026",https://iqra.edu.pk/programs/bachelors-of-business-analytics/
Iqra University,Karachi,Iqra University Karachi,MS,Psychology,4 Years,Intermediate / A-Levels (relevant discipline),Iqra University Admission Test,110000.0,"August 31, 2026",https://iqra.edu.pk/programs/bachelors-of-psychology/
Iqra University,Karachi,Iqra University Karachi,MS,Bachelors Media Science,4 Years,Intermediate / A-Levels (relevant discipline),Iqra University Admission Test,110000.0,"August 31, 2026",https://iqra.edu.pk/programs/bachelors-of-media-science/
Iqra University,Karachi,Iqra University Karachi,MS,Bachelors Education,4 Years,Intermediate / A-Levels (relevant discipline),Iqra University Admission Test,110000.0,"August 31, 2026",https://iqra.edu.pk/programs/bachelors-of-education/
Iqra University,Karachi,Iqra University Karachi,MS,Postrn Nursing,2 Years,Intermediate / A-Levels (relevant discipline),Iqra University Admission Test,110000.0,"August 31, 2026",https://iqra.edu.pk/programs/post-rn-bachelor-of-science-in-nursing/
Iqra University,Karachi,Iqra University Karachi,MS,Software Engineering,4 Years,Intermediate / A-Levels (relevant discipline),Iqra University Admission Test,110000.0,"August 31, 2026",https://iqra.edu.pk/programs/bachelors-of-science-in-software-engineering/
Iqra University,Karachi,Iqra University Karachi,MS,Business Administration,4 Years,Intermediate / A-Levels (relevant discipline),Iqra University Admission Test,110000.0,"August 31, 2026",https://iqra.edu.pk/programs/bachelors-of-business-administration/
Iqra University,Karachi,Iqra University Karachi,MS,Bachelors Fashion Design,4 Years,Intermediate / A-Levels (relevant discipline),Iqra University Admission Test,110000.0,"August 31, 2026",https://iqra.edu.pk/programs/bachelors-of-fashion-design/
Iqra University,Karachi,Iqra University Karachi,MS,Electrical Engineering,4 Years,Intermediate / A-Levels (relevant discipline),Iqra University Admission Test,110000.0,"August 31, 2026",https://iqra.edu.pk/programs/bachelors-of-engineering-in-electrical/
Iqra University,Karachi,Iqra University Karachi,MS,Entrepreneurship & Innovation,2 Years,16 years education (relevant discipline),Iqra University Admission Test / GAT (General),140000.0,"September 30, 2026",https://iqra.edu.pk/programs/master-of-science-in-entrepreneurship-innovation/
Iqra University,Karachi,Iqra University Karachi,MS,Software Engineering,2 Years,16 years education (relevant discipline),Iqra University Admission Test / GAT (General),140000.0,"September 30, 2026",http://iqra.edu.pk/programs/master-of-science-in-cyber-security/
Iqra University,Karachi,Iqra University Karachi,MS,Media Studies,2 Years,16 years education (relevant discipline),Iqra University Admission Test / GAT (General),140000.0,"September 30, 2026",https://iqra.edu.pk/programs/master-of-philosophy-in-media-studies/
Iqra University,Karachi,Iqra University Karachi,MS,Data Science,2 Years,16 years education (relevant discipline),Iqra University Admission Test / GAT (General),140000.0,"September 30, 2026",https://iqra.edu.pk/programs/master-of-science-in-data-science/
Iqra University,Karachi,Iqra University Karachi,MS,Software Engineering,2 Years,16 years education (relevant discipline),Iqra University Admission Test / GAT (General),140000.0,"September 30, 2026",https://iqra.edu.pk/programs/master-of-science-in-software-engineering/
Iqra University,Karachi,Iqra University Karachi,MS,Software Engineering,2 Years,16 years education (relevant discipline),Iqra University Admission Test / GAT (General),140000.0,"September 30, 2026",https://iqra.edu.pk/programs/master-of-science-in-information-security/
Iqra University,Karachi,Iqra University Karachi,MS,Media Science Advertising,2 Years,16 years education (relevant discipline),Iqra University Admission Test / GAT (General),140000.0,"September 30, 2026",https://iqra.edu.pk/programs/master-of-media-science-advertising/
Iqra University,Karachi,Iqra University Karachi,MS,Media Science,2 Years,16 years education (relevant discipline),Iqra University Admission Test / GAT (General),140000.0,"September 30, 2026",https://iqra.edu.pk/programs/master-of-media-science/
Iqra University,Karachi,Iqra University Karachi,MS,"Design, Merchandising & Marketing",2 Years,16 years education (relevant discipline),Iqra University Admission Test / GAT (General),140000.0,"September 30, 2026",https://iqra.edu.pk/programs/master-of-design-merchandising-marketing/
Iqra University,Karachi,Iqra University Karachi,MS,Business Administration,2 Years,16 years education (relevant discipline),Iqra University Admission Test / GAT (General),140000.0,"September 30, 2026",https://iqra.edu.pk/programs/master-of-business-administration/
Iqra University,Karachi,Iqra University Karachi,MS,Project Management,2 Years,16 years education (relevant discipline),Iqra University Admission Test / GAT (General),140000.0,"September 30, 2026",https://iqra.edu.pk/programs/master-of-science-in-project-management/
Iqra University,Karachi,Iqra University Karachi,MS,Artificial Intelligence,2 Years,16 years education (relevant discipline),Iqra University Admission Test / GAT (General),140000.0,"September 30, 2026",https://iqra.edu.pk/programs/master-of-science-in-artificial-intelligence/
Iqra University,Karachi,Iqra University Karachi,MS,Finance,2 Years,16 years education (relevant discipline),Iqra University Admission Test / GAT (General),140000.0,"September 30, 2026",https://iqra.edu.pk/programs/master-of-science-in-finance-technology/
Iqra University,Karachi,Iqra University Karachi,MS,Information Technology,2 Years,16 years education (relevant discipline),Iqra University Admission Test / GAT (General),140000.0,"September 30, 2026",https://iqra.edu.pk/programs/master-of-digital-marketing/
Iqra University,Karachi,Iqra University Karachi,MS,Computer Science,2 Years,16 years education (relevant discipline),Iqra University Admission Test / GAT (General),140000.0,"September 30, 2026",https://iqra.edu.pk/programs/master-of-science-in-computer-science/
Iqra University,Karachi,Iqra University Karachi,PhD,Doctorate Media Science,3–5 Years,MS / MPhil (relevant discipline),GAT (General/Subject) + Interview,160000.0,"September 30, 2026",https://iqra.edu.pk/programs/doctorate-of-media-science/
Iqra University,Karachi,Iqra University Karachi,PhD,Computer Science,3–5 Years,MS / MPhil (relevant discipline),GAT (General/Subject) + Interview,160000.0,"September 30, 2026",https://iqra.edu.pk/programs/doctorate-of-philosophy-in-computer-science/
Iqra University,Karachi,Iqra University Karachi,PhD,Education,3–5 Years,MS / MPhil (relevant discipline),GAT (General/Subject) + Interview,160000.0,"September 30, 2026",https://iqra.edu.pk/programs/doctorate-of-philosophy-in-education/
Iqra University,Karachi,Iqra University Karachi,PhD,Administration,3–5 Years,MS / MPhil (relevant discipline),GAT (General/Subject) + Interview,160000.0,"September 30, 2026",https://iqra.edu.pk/programs/doctorate-of-philosophy-in-administration/
Iqra University,Karachi,Iqra University Karachi,MS,English,2 Years,16 years education (relevant discipline),GAT (General/Subject) + Interview,160000.0,"September 30, 2026",https://iqra.edu.pk/programs/master-of-philosophy-in-english/
Iqra University,Karachi,Iqra University Karachi,MS,Business Administration,2 Years,16 years education (relevant discipline),GAT (General/Subject) + Interview,160000.0,"September 30, 2026",https://iqra.edu.pk/programs/master-of-philosophy-in-business-administration/
Iqra University,Karachi,Iqra University Karachi,PhD,Physical Therapy Dpt,5 Years,16 years education (relevant discipline),GAT (General/Subject) + Interview,160000.0,"September 30, 2026",https://iqra.edu.pk/programs/doctor-of-physical-therapy/
Information Technology University,Lahore,BS,BS,Computer Science,4 Years (8 Semesters),"HSSC / A-Levels (12 years education) with Mathematics where required, minimum 50% marks, IBCC equivalence required for foreign qualifications",ITU Admission Test OR SAT / NTS (as exemption),175000.0,December 2025,https://itu.edu.pk/admissions/bs-economics-with-data-science/
Information Technology University,Lahore,BS,BS,Computer Engineering,4 Years (8 Semesters),"HSSC / A-Levels (12 years education) with Mathematics where required, minimum 50% marks, IBCC equivalence required for foreign qualifications",ITU Admission Test OR SAT / NTS (as exemption),175000.0,December 2025,https://itu.edu.pk/admissions/bs-computer-engineering/
Information Technology University,Lahore,BS,BS,Computer Science,4 Years (8 Semesters),"HSSC / A-Levels (12 years education) with Mathematics where required, minimum 50% marks, IBCC equivalence required for foreign qualifications",ITU Admission Test OR SAT / NTS (as exemption),175000.0,December 2025,https://itu.edu.pk/admissions/bs-computer-science/
Information Technology University,Lahore,BS,BS,Electrical Engineering,4 Years (8 Semesters),"HSSC / A-Levels (12 years education) with Mathematics where required, minimum 50% marks, IBCC equivalence required for foreign qualifications",ITU Admission Test OR SAT / NTS (as exemption),175000.0,December 2025,https://itu.edu.pk/admissions/bs-electrical-engineering/
Information Technology University,Lahore,BS,BS,Financial Technology,4 Years (8 Semesters),"HSSC / A-Levels (12 years education) with Mathematics where required, minimum 50% marks, IBCC equivalence required for foreign qualifications",ITU Admission Test OR SAT / NTS (as exemption),175000.0,December 2025,https://itu.edu.pk/admissions/bs-financial-technology/
Information Technology University,Lahore,BS,BS,Management And Technology,4 Years (8 Semesters),"HSSC / A-Levels (12 years education) with Mathematics where required, minimum 50% marks, IBCC equivalence required for foreign qualifications",ITU Admission Test OR SAT / NTS (as exemption),175000.0,December 2025,https://itu.edu.pk/admissions/bs-management-and-technology/
Information Technology University,Lahore,BS,BS,Software Engineering,4 Years (8 Semesters),"HSSC / A-Levels (12 years education) with Mathematics where required, minimum 50% marks, IBCC equivalence required for foreign qualifications",ITU Admission Test OR SAT / NTS (as exemption),175000.0,December 2025,https://itu.edu.pk/admissions/bs-software-engineering/
Information Technology University,Lahore,BS,BS,Artificial Intelligence,4 Years (8 Semesters),"HSSC / A-Levels (12 years education) with Mathematics where required, minimum 50% marks, IBCC equivalence required for foreign qualifications",ITU Admission Test OR SAT / NTS (as exemption),175000.0,December 2025,https://itu.edu.pk/admissions/bs-artificial-intelligence/
Information Technology University,Lahore,EXECUTIVE,,Executive Mba Emba,2 Years,"Bachelor’s degree, work experience preferred, interview mandatory",Assessment Test and Interview,250000.0,December 2025,https://itu.edu.pk/admissions/ms-executive-mba/
Information Technology University,Lahore,MS,MS,"Development Studies: Development, Technology And Policy",2 Years (4 Semesters),"16 years education from HEC recognized university in relevant discipline, minimum CGPA 2.5 / 4.0",GAT / ITU Admission Test and Interview,190000.0,December 2025,https://itu.edu.pk/admissions/ms-development-studies/
Information Technology University,Lahore,MS,MS,Public Policy And Society,2 Years (4 Semesters),"16 years education from HEC recognized university in relevant discipline, minimum CGPA 2.5 / 4.0",GAT / ITU Admission Test and Interview,190000.0,December 2025,https://itu.edu.pk/admissions/ms-public-policy/
Information Technology University,Lahore,MS,MS,Management And Technology,2 Years (4 Semesters),"16 years education from HEC recognized university in relevant discipline, minimum CGPA 2.5 / 4.0",GAT / ITU Admission Test and Interview,190000.0,December 2025,https://itu.edu.pk/admissions/ms-management-technology/
Information Technology University,Lahore,MS,MS,Electrical Engineering,2 Years (4 Semesters),"16 years education from HEC recognized university in relevant discipline, minimum CGPA 2.5 / 4.0",GAT / ITU Admission Test and Interview,190000.0,December 2025,https://itu.edu.pk/admissions/ms-electrical-engineering/
Information Technology University,Lahore,MS,MS,Computer Engineering,2 Years (4 Semesters),"16 years education from HEC recognized university in relevant discipline, minimum CGPA 2.5 / 4.0",GAT / ITU Admission Test and Interview,190000.0,December 2025,https://itu.edu.pk/admissions/ms-computer-engineering/
Information Technology University,Lahore,MS,MS,Computer Science,2 Years (4 Semesters),"16 years education from HEC recognized university in relevant discipline, minimum CGPA 2.5 / 4.0",GAT / ITU Admission Test and Interview,190000.0,December 2025,https://itu.edu.pk/admissions/ms-computer-science/
Information Technology University,Lahore,MS,MS,Data Science,2 Years (4 Semesters),"16 years education from HEC recognized university in relevant discipline, minimum CGPA 2.5 / 4.0",GAT / ITU Admission Test and Interview,190000.0,December 2025,https://itu.edu.pk/admissions/ms-data-science/
Information Technology University,Lahore,MS,MS,Software Engineering,2 Years (4 Semesters),"16 years education from HEC recognized university in relevant discipline, minimum CGPA 2.5 / 4.0",GAT / ITU Admission Test and Interview,190000.0,December 2025,https://itu.edu.pk/admissions/ms-cyber-security/
Information Technology University,Lahore,BS,BS,Management & Technology,4 Years (8 Semesters),"HSSC / A-Levels (12 years education) with Mathematics where required, minimum 50% marks, IBCC equivalence required for foreign qualifications",ITU Admission Test OR SAT / NTS (as exemption),175000.0,December 2025,https://itu.edu.pk/admissions/bs-management-and-technology/
Information Technology University,Lahore,MS,MS,Development Studies,2 Years (4 Semesters),"16 years education from HEC recognized university in relevant discipline, minimum CGPA 2.5 / 4.0",GAT / ITU Admission Test and Interview,190000.0,December 2025,https://itu.edu.pk/admissions/ms-development-studies/
King Edward Medical University,Lahore,King Edward Medical College,MS,Mbbs,5 Years,FSc (Pre-Medical) + PMC eligibility,MDCAT (PMC),40000.0,"September 30, 2026",https://kemu.edu.pk/
King Edward Medical University,Lahore,King Edward Dental College,MS,Bds,5 Years,FSc (Pre-Medical) + PMC eligibility,MDCAT (PMC),40000.0,"September 30, 2026",https://kemu.edu.pk/
King Edward Medical University,Lahore,Department of Anatomy,MS,Anatomy,2 Years,MBBS / BDS,GAT / Departmental Test,30000.0,"September 30, 2026",https://kemu.edu.pk/
King Edward Medical University,Lahore,Department of Physiology,MS,Physiology,2 Years,MBBS / BDS,GAT / Departmental Test,30000.0,"September 30, 2026",https://kemu.edu.pk/
King Edward Medical University,Lahore,Department of Biochemistry,MS,Chemistry,2 Years,MBBS / BDS,GAT / Departmental Test,30000.0,"September 30, 2026",https://kemu.edu.pk/
King Edward Medical University,Lahore,Department of Pharmacology,MS,Pharmacology,2 Years,MBBS / BDS,GAT / Departmental Test,30000.0,"September 30, 2026",https://kemu.edu.pk/
King Edward Medical University,Lahore,Department of Pathology,MS,Pathology,2 Years,MBBS / BDS,GAT / Departmental Test,30000.0,"September 30, 2026",https://kemu.edu.pk/
King Edward Medical University,Lahore,Basic Medical Sciences,PhD,Medical Sciences,3–5 Years,MPhil (relevant discipline),GAT (Subject) + Interview,40000.0,"September 30, 2026",https://kemu.edu.pk/
King Edward Medical University,Lahore,Clinical Departments,MS,Fcps / / Md Clinical Disciplines,3–5 Years,MBBS + House Job + PMC Registration,CPSP / University Selection,50000.0,"September 30, 2026",https://kemu.edu.pk/
Lahore School of Economics,Lahore,BS,BS,Elibrary,4 Years,12–13 years education (FSc / A-Levels / IB / High School) with minimum 60%,"SAT-I (≥1200, Math ≥600) OR LSE Entry Test + Interview",450000.0,"June 22, 2026",https://repository.lahoreschool.edu.pk/xmlui
Lahore School of Economics,Lahore,BS,BS,Information Technology,4 Years,12–13 years education (FSc / A-Levels / IB / High School) with minimum 60%,"SAT-I (≥1200, Math ≥600) OR LSE Entry Test + Interview",450000.0,"June 22, 2026",https://lahoreschoolofeconomics.edu.pk/accreditation
Lahore School of Economics,Lahore,BS,BS,Artificial Intelligence,4 Years,12–13 years education (FSc / A-Levels / IB / High School) with minimum 60%,"SAT-I (≥1200, Math ≥600) OR LSE Entry Test + Interview",450000.0,"June 22, 2026",https://mail.lahoreschool.edu.pk/
Lahore School of Economics,Lahore,MS,MS,Programs,1.5–2 Years,12–13 years education (FSc / A-Levels / IB / High School) with minimum 60%,GRE / HAT + Interview,480000.0,"June 23, 2026",https://lahoreschoolofeconomics.edu.pk/getAcademicProgramsListings/1
Lahore School of Economics,Lahore,MS,MS,Mba,1.5–2 Years,12–13 years education (FSc / A-Levels / IB / High School) with minimum 60%,LSE Admission Test OR GRE/HAT + Interview,480000.0,"June 23, 2026",https://lahoreschoolofeconomics.edu.pk/getAcademicProgramsListings/2
Lahore School of Economics,Lahore,MS,MS,Programs,1.5–2 Years,12–13 years education (FSc / A-Levels / IB / High School) with minimum 60%,GRE / HAT + Interview,480000.0,"June 23, 2026",https://lahoreschoolofeconomics.edu.pk/getAcademicProgramsListings/3
Lahore School of Economics,Lahore,MS,MS,Executive Mba,2.5 Years,12–13 years education (FSc / A-Levels / IB / High School) with minimum 60%,LSE Admission Test OR GRE/HAT + Interview,480000.0,"June 23, 2026",https://lahoreschoolofeconomics.edu.pk/getAcademicProgramsListings/4
Lahore School of Economics,Lahore,BS,BS,Computer Science,4 Years,12–13 years education (FSc / A-Levels / IB / High School) with minimum 60%,"SAT-I (≥1200, Math ≥600) OR LSE Entry Test + Interview",450000.0,"June 22, 2026",https://lahoreschoolofeconomics.edu.pk/getAcademicDegree/1
Lahore School of Economics,Lahore,BS,BS,Computer Science,4 Years,12–13 years education (FSc / A-Levels / IB / High School) with minimum 60%,"SAT-I (≥1200, Math ≥600) OR LSE Entry Test + Interview",450000.0,"June 22, 2026",https://lahoreschoolofeconomics.edu.pk/getAcademicDegree/40
Lahore School of Economics,Lahore,BS,BS,Computer Science,4 Years,12–13 years education (FSc / A-Levels / IB / High School) with minimum 60%,"SAT-I (≥1200, Math ≥600) OR LSE Entry Test + Interview",450000.0,"June 22, 2026",https://lahoreschoolofeconomics.edu.pk/getAcademicDegree/2
Lahore School of Economics,Lahore,BS,BS,Computer Science,4 Years,12–13 years education (FSc / A-Levels / IB / High School) with minimum 60%,"SAT-I (≥1200, Math ≥600) OR LSE Entry Test + Interview",450000.0,"June 22, 2026",https://lahoreschoolofeconomics.edu.pk/getAcademicDegree/3
Lahore School of Economics,Lahore,BS,BS,Computer Science,4 Years,12–13 years education (FSc / A-Levels / IB / High School) with minimum 60%,"SAT-I (≥1200, Math ≥600) OR LSE Entry Test + Interview",450000.0,"June 22, 2026",https://lahoreschoolofeconomics.edu.pk/getAcademicDegree/4
Lahore School of Economics,Lahore,BS,BS,Computer Science,4 Years,12–13 years education (FSc / A-Levels / IB / High School) with minimum 60%,"SAT-I (≥1200, Math ≥600) OR LSE Entry Test + Interview",450000.0,"June 22, 2026",https://lahoreschoolofeconomics.edu.pk/getAcademicDegree/5
Lahore School of Economics,Lahore,BS,BS,Computer Science,4 Years,12–13 years education (FSc / A-Levels / IB / High School) with minimum 60%,"SAT-I (≥1200, Math ≥600) OR LSE Entry Test + Interview",450000.0,"June 22, 2026",https://lahoreschoolofeconomics.edu.pk/getAcademicDegree/6
Lahore School of Economics,Lahore,BS,BS,Computer Science,4 Years,12–13 years education (FSc / A-Levels / IB / High School) with minimum 60%,"SAT-I (≥1200, Math ≥600) OR LSE Entry Test + Interview",450000.0,"June 22, 2026",https://lahoreschoolofeconomics.edu.pk/getAcademicDegree/7
Lahore School of Economics,Lahore,BS,BS,Computer Science,4 Years,12–13 years education (FSc / A-Levels / IB / High School) with minimum 60%,"SAT-I (≥1200, Math ≥600) OR LSE Entry Test + Interview",450000.0,"June 22, 2026",https://lahoreschoolofeconomics.edu.pk/getAcademicDegree/8
Lahore School of Economics,Lahore,BS,BS,Computer Science,4 Years,12–13 years education (FSc / A-Levels / IB / High School) with minimum 60%,"SAT-I (≥1200, Math ≥600) OR LSE Entry Test + Interview",450000.0,"June 22, 2026",https://lahoreschoolofeconomics.edu.pk/getAcademicDegree/9
Lahore School of Economics,Lahore,BS,BS,Computer Science,4 Years,12–13 years education (FSc / A-Levels / IB / High School) with minimum 60%,"SAT-I (≥1200, Math ≥600) OR LSE Entry Test + Interview",450000.0,"June 22, 2026",https://lahoreschoolofeconomics.edu.pk/getAcademicDegree/10
Lahore School of Economics,Lahore,BS,BS,Computer Science,4 Years,12–13 years education (FSc / A-Levels / IB / High School) with minimum 60%,"SAT-I (≥1200, Math ≥600) OR LSE Entry Test + Interview",450000.0,"June 22, 2026",https://lahoreschoolofeconomics.edu.pk/getAcademicDegree/54
Lahore School of Economics,Lahore,BS,BS,Computer Science,4 Years,12–13 years education (FSc / A-Levels / IB / High School) with minimum 60%,"SAT-I (≥1200, Math ≥600) OR LSE Entry Test + Interview",450000.0,"June 22, 2026",https://lahoreschoolofeconomics.edu.pk/getAcademicDegree/41
Lahore School of Economics,Lahore,BS,BS,Computer Science,4 Years,12–13 years education (FSc / A-Levels / IB / High School) with minimum 60%,"SAT-I (≥1200, Math ≥600) OR LSE Entry Test + Interview",450000.0,"June 22, 2026",https://lahoreschoolofeconomics.edu.pk/getAcademicDegree/55
Lahore School of Economics,Lahore,BS,BS,Business Administration,4 Years,12–13 years education (FSc / A-Levels / IB / High School) with minimum 60%,"SAT-I (≥1200, Math ≥600) OR LSE Entry Test + Interview",450000.0,"June 22, 2026",https://lahoreschoolofeconomics.edu.pk/getAcademicDegree/11
Lahore School of Economics,Lahore,BS,BS,Accounting,4 Years,12–13 years education (FSc / A-Levels / IB / High School) with minimum 60%,"SAT-I (≥1200, Math ≥600) OR LSE Entry Test + Interview",450000.0,"June 22, 2026",https://lahoreschoolofeconomics.edu.pk/getAcademicDegree/12
Lahore School of Economics,Lahore,BS,BS,Computer Science,4 Years,12–13 years education (FSc / A-Levels / IB / High School) with minimum 60%,"SAT-I (≥1200, Math ≥600) OR LSE Entry Test + Interview",450000.0,"June 22, 2026",https://lahoreschoolofeconomics.edu.pk/getAcademicDegree/13
Lahore School of Economics,Lahore,BS,BS,Business Administration,4 Years,12–13 years education (FSc / A-Levels / IB / High School) with minimum 60%,"SAT-I (≥1200, Math ≥600) OR LSE Entry Test + Interview",450000.0,"June 22, 2026",https://lahoreschoolofeconomics.edu.pk/getAcademicDegree/14
Lahore School of Economics,Lahore,BS,BS,Computer Science,4 Years,12–13 years education (FSc / A-Levels / IB / High School) with minimum 60%,"SAT-I (≥1200, Math ≥600) OR LSE Entry Test + Interview",450000.0,"June 22, 2026",https://lahoreschoolofeconomics.edu.pk/getAcademicDegree/15
Lahore School of Economics,Lahore,BS,BS,Business Administration,4 Years,12–13 years education (FSc / A-Levels / IB / High School) with minimum 60%,"SAT-I (≥1200, Math ≥600) OR LSE Entry Test + Interview",450000.0,"June 22, 2026",https://lahoreschoolofeconomics.edu.pk/getAcademicDegree/16
Lahore School of Economics,Lahore,BS,BS,Business Administration,4 Years,12–13 years education (FSc / A-Levels / IB / High School) with minimum 60%,"SAT-I (≥1200, Math ≥600) OR LSE Entry Test + Interview",450000.0,"June 22, 2026",https://lahoreschoolofeconomics.edu.pk/getAcademicDegree/17
Lahore School of Economics,Lahore,BS,BS,Computer Science,4 Years,12–13 years education (FSc / A-Levels / IB / High School) with minimum 60%,"SAT-I (≥1200, Math ≥600) OR LSE Entry Test + Interview",450000.0,"June 22, 2026",https://lahoreschoolofeconomics.edu.pk/getAcademicDegree/42
Lahore School of Economics,Lahore,BS,BS,Business Administration,4 Years,12–13 years education (FSc / A-Levels / IB / High School) with minimum 60%,"SAT-I (≥1200, Math ≥600) OR LSE Entry Test + Interview",450000.0,"June 22, 2026",https://lahoreschoolofeconomics.edu.pk/getAcademicDegree/56
Lahore School of Economics,Lahore,BS,BS,Business Administration,4 Years,12–13 years education (FSc / A-Levels / IB / High School) with minimum 60%,"SAT-I (≥1200, Math ≥600) OR LSE Entry Test + Interview",450000.0,"June 22, 2026",https://lahoreschoolofeconomics.edu.pk/getAcademicDegree/57
Lahore School of Economics,Lahore,BS,BS,Business Administration,4 Years,12–13 years education (FSc / A-Levels / IB / High School) with minimum 60%,"SAT-I (≥1200, Math ≥600) OR LSE Entry Test + Interview",450000.0,"June 22, 2026",https://lahoreschoolofeconomics.edu.pk/getAcademicDegree/58
Lahore School of Economics,Lahore,BS,BS,Information Technology,4 Years,12–13 years education (FSc / A-Levels / IB / High School) with minimum 60%,"SAT-I (≥1200, Math ≥600) OR LSE Entry Test + Interview",450000.0,"June 22, 2026",https://lahoreschoolofeconomics.edu.pk/getAcademicDegree/18
Lahore School of Economics,Lahore,BS,BS,Information Technology,4 Years,12–13 years education (FSc / A-Levels / IB / High School) with minimum 60%,"SAT-I (≥1200, Math ≥600) OR LSE Entry Test + Interview",450000.0,"June 22, 2026",https://lahoreschoolofeconomics.edu.pk/getAcademicDegree/19
Lahore School of Economics,Lahore,BS,BS,Information Technology,4 Years,12–13 years education (FSc / A-Levels / IB / High School) with minimum 60%,"SAT-I (≥1200, Math ≥600) OR LSE Entry Test + Interview",450000.0,"June 22, 2026",https://lahoreschoolofeconomics.edu.pk/getAcademicDegree/20
Lahore School of Economics,Lahore,BS,BS,Information Technology,4 Years,12–13 years education (FSc / A-Levels / IB / High School) with minimum 60%,"SAT-I (≥1200, Math ≥600) OR LSE Entry Test + Interview",450000.0,"June 22, 2026",https://lahoreschoolofeconomics.edu.pk/getAcademicDegree/21
Lahore School of Economics,Lahore,BS,BS,Information Technology,4 Years,12–13 years education (FSc / A-Levels / IB / High School) with minimum 60%,"SAT-I (≥1200, Math ≥600) OR LSE Entry Test + Interview",450000.0,"June 22, 2026",https://lahoreschoolofeconomics.edu.pk/getAcademicDegree/53
Lahore School of Economics,Lahore,BS,BS,Information Technology,4 Years,12–13 years education (FSc / A-Levels / IB / High School) with minimum 60%,"SAT-I (≥1200, Math ≥600) OR LSE Entry Test + Interview",450000.0,"June 22, 2026",https://lahoreschoolofeconomics.edu.pk/getAcademicDegree/22
Lahore School of Economics,Lahore,BS,BS,Information Technology,4 Years,12–13 years education (FSc / A-Levels / IB / High School) with minimum 60%,"SAT-I (≥1200, Math ≥600) OR LSE Entry Test + Interview",450000.0,"June 22, 2026",https://lahoreschoolofeconomics.edu.pk/getAcademicDegree/23
Lahore School of Economics,Lahore,BS,BS,Information Technology,4 Years,12–13 years education (FSc / A-Levels / IB / High School) with minimum 60%,"SAT-I (≥1200, Math ≥600) OR LSE Entry Test + Interview",450000.0,"June 22, 2026",https://lahoreschoolofeconomics.edu.pk/getAcademicDegree/24
Lahore School of Economics,Lahore,BS,BS,Information Technology,4 Years,12–13 years education (FSc / A-Levels / IB / High School) with minimum 60%,"SAT-I (≥1200, Math ≥600) OR LSE Entry Test + Interview",450000.0,"June 22, 2026",https://lahoreschoolofeconomics.edu.pk/getAcademicDegree/37
Lahore School of Economics,Lahore,BS,BS,Information Technology,4 Years,12–13 years education (FSc / A-Levels / IB / High School) with minimum 60%,"SAT-I (≥1200, Math ≥600) OR LSE Entry Test + Interview",450000.0,"June 22, 2026",https://lahoreschoolofeconomics.edu.pk/getAcademicDegree/38
Lahore School of Economics,Lahore,BS,BS,Bfa Visual Arts,4 Years,12–13 years education (FSc / A-Levels / IB / High School) with minimum 60%,"SAT-I (≥1200, Math ≥600) OR LSE Entry Test + Interview",450000.0,"June 22, 2026",https://lahoreschoolofeconomics.edu.pk/getAcademicDegree/39
Lahore School of Economics,Lahore,BS,BS,Computer Science,4 Years,12–13 years education (FSc / A-Levels / IB / High School) with minimum 60%,"SAT-I (≥1200, Math ≥600) OR LSE Entry Test + Interview",450000.0,"June 22, 2026",https://lahoreschoolofeconomics.edu.pk/getAcademicDegree/25
Lahore School of Economics,Lahore,BS,BS,Information Technology,4 Years,12–13 years education (FSc / A-Levels / IB / High School) with minimum 60%,"SAT-I (≥1200, Math ≥600) OR LSE Entry Test + Interview",450000.0,"June 22, 2026",https://lahoreschoolofeconomics.edu.pk/getAcademicDegree/26
Lahore School of Economics,Lahore,BS,BS,Computer Science,4 Years,12–13 years education (FSc / A-Levels / IB / High School) with minimum 60%,"SAT-I (≥1200, Math ≥600) OR LSE Entry Test + Interview",450000.0,"June 22, 2026",https://lahoreschoolofeconomics.edu.pk/getAcademicDegree/43
Lahore School of Economics,Lahore,BS,BS,Computer Science,4 Years,12–13 years education (FSc / A-Levels / IB / High School) with minimum 60%,"SAT-I (≥1200, Math ≥600) OR LSE Entry Test + Interview",450000.0,"June 22, 2026",https://lahoreschoolofeconomics.edu.pk/getAcademicDegree/44
Lahore School of Economics,Lahore,BS,BS,Computer Science,4 Years,12–13 years education (FSc / A-Levels / IB / High School) with minimum 60%,"SAT-I (≥1200, Math ≥600) OR LSE Entry Test + Interview",450000.0,"June 22, 2026",https://lahoreschoolofeconomics.edu.pk/getAcademicDegree/45
Lahore School of Economics,Lahore,BS,BS,Computer Science,4 Years,12–13 years education (FSc / A-Levels / IB / High School) with minimum 60%,"SAT-I (≥1200, Math ≥600) OR LSE Entry Test + Interview",450000.0,"June 22, 2026",https://lahoreschoolofeconomics.edu.pk/getAcademicDegree/46
Lahore School of Economics,Lahore,BS,BS,Computer Science,4 Years,12–13 years education (FSc / A-Levels / IB / High School) with minimum 60%,"SAT-I (≥1200, Math ≥600) OR LSE Entry Test + Interview",450000.0,"June 22, 2026",https://lahoreschoolofeconomics.edu.pk/getAcademicDegree/47
Lahore School of Economics,Lahore,BS,BS,Computer Science,4 Years,12–13 years education (FSc / A-Levels / IB / High School) with minimum 60%,"SAT-I (≥1200, Math ≥600) OR LSE Entry Test + Interview",450000.0,"June 22, 2026",https://lahoreschoolofeconomics.edu.pk/getAcademicDegree/48
Lahore School of Economics,Lahore,BS,BS,Computer Science,4 Years,12–13 years education (FSc / A-Levels / IB / High School) with minimum 60%,"SAT-I (≥1200, Math ≥600) OR LSE Entry Test + Interview",450000.0,"June 22, 2026",https://lahoreschoolofeconomics.edu.pk/getAcademicDegree/49
Lahore School of Economics,Lahore,BS,BS,Computer Science,4 Years,12–13 years education (FSc / A-Levels / IB / High School) with minimum 60%,"SAT-I (≥1200, Math ≥600) OR LSE Entry Test + Interview",450000.0,"June 22, 2026",https://lahoreschoolofeconomics.edu.pk/getAcademicDegree/50
Lahore School of Economics,Lahore,BS,BS,Computer Science,4 Years,12–13 years education (FSc / A-Levels / IB / High School) with minimum 60%,"SAT-I (≥1200, Math ≥600) OR LSE Entry Test + Interview",450000.0,"June 22, 2026",https://lahoreschoolofeconomics.edu.pk/getAcademicDegree/51
Lahore School of Economics,Lahore,BS,BS,Computer Science,4 Years,12–13 years education (FSc / A-Levels / IB / High School) with minimum 60%,"SAT-I (≥1200, Math ≥600) OR LSE Entry Test + Interview",450000.0,"June 22, 2026",https://lahoreschoolofeconomics.edu.pk/getAcademicDegree/52
Lahore School of Economics,Lahore,PhD,PhD,Economics,3–5 Years,16 years education for MS/MPhil; MPhil/MS with research for PhD,GRE + HAT-3 + Research Proposal + Interview,500000.0,"May 28, 2026",https://lahoreschoolofeconomics.edu.pk/getAcademicDegree/29
Lahore School of Economics,Lahore,MS,MS,Environmental Science And Policy,2–3 Years,16 years education for MS/MPhil; MPhil/MS with research for PhD,GRE / HAT + Interview,480000.0,"June 23, 2026",https://lahoreschoolofeconomics.edu.pk/getAcademicDegree/31
Lahore School of Economics,Lahore,MS,MS,Economics,1.5–2 Years,16 years education for MS/MPhil; MPhil/MS with research for PhD,GRE / HAT + Interview,480000.0,"May 28, 2026",https://lahoreschoolofeconomics.edu.pk/getAcademicDegree/32
Lahore School of Economics,Lahore,MS,MS,Development Studies,2–3 Years,16 years education for MS/MPhil; MPhil/MS with research for PhD,GRE / HAT + Interview,480000.0,"June 23, 2026",https://lahoreschoolofeconomics.edu.pk/getAcademicDegree/34
Lahore School of Economics,Lahore,MS,MS,Economics,2–3 Years,16 years education for MS/MPhil; MPhil/MS with research for PhD,GRE / HAT + Interview,480000.0,"May 28, 2026",https://lahoreschoolofeconomics.edu.pk/getAcademicDegree/35
Lahore University of Management Sciences,Lahore,Mushtaq Ahmad Gurmani School of Humanities and Social Sciences,MS,Information Technology,Check program page,"Bachelor’s degree (16 years of education) from a recognized institution. Program-specific requirements may apply. Admission based on academic record, test scores (GRE/GMAT where applicable), and interview.",GRE,1750000.0,15 February 2026,https://lums.edu.pk/programmes/mphil-comparative-humanities
Lahore University of Management Sciences,Lahore,Mushtaq Ahmad Gurmani School of Humanities and Social Sciences,MS,Computer Science,Check program page,"Bachelor’s degree (16 years of education) from a recognized institution. Program-specific requirements may apply. Admission based on academic record, test scores (GRE/GMAT where applicable), and interview.",GRE,1750000.0,15 February 2026,https://lums.edu.pk/programmes/mphil-society-culture-and-politics
Lahore University of Management Sciences,Lahore,Mushtaq Ahmad Gurmani School of Humanities and Social Sciences,MS,Economics,Check program page,"Bachelor’s degree (16 years of education) from a recognized institution. Program-specific requirements may apply. Admission based on academic record, test scores (GRE/GMAT where applicable), and interview.",GRE,1750000.0,15 February 2026,https://lums.edu.pk/programmes/ms-economics
Lahore University of Management Sciences,Lahore,Shaikh Ahmad Hassan School of Law,MS,Ll.M,Check program page,"Bachelor’s degree (16 years of education) from a recognized institution. Program-specific requirements may apply. Admission based on academic record, test scores (GRE/GMAT where applicable), and interview.",GRE,2200000.0,15 February 2026,https://lums.edu.pk/programmes/llm
Lahore University of Management Sciences,Lahore,Suleman Dawood School of Business,MS,Executive Mba,2 Years,"Bachelor’s degree (16 years of education) from a recognized institution. Program-specific requirements may apply. Admission based on academic record, test scores (GRE/GMAT where applicable), and interview.",GMAT,2100000.0,15 February 2026,https://lums.edu.pk/programmes/executive-mba
Lahore University of Management Sciences,Lahore,Suleman Dawood School of Business,MS,Mba,2 Years,"Bachelor’s degree (16 years of education) from a recognized institution. Program-specific requirements may apply. Admission based on academic record, test scores (GRE/GMAT where applicable), and interview.",GMAT,2100000.0,15 February 2026,https://lums.edu.pk/programmes/mba
Lahore University of Management Sciences,Lahore,Suleman Dawood School of Business,MS,Financial Management,Check program page,"Bachelor’s degree (16 years of education) from a recognized institution. Program-specific requirements may apply. Admission based on academic record, test scores (GRE/GMAT where applicable), and interview.",GMAT,2100000.0,15 February 2026,https://lums.edu.pk/programmes/ms-financial-management
Lahore University of Management Sciences,Lahore,Suleman Dawood School of Business,MS,Healthcare Management And Innovation,Check program page,"Bachelor’s degree (16 years of education) from a recognized institution. Program-specific requirements may apply. Admission based on academic record, test scores (GRE/GMAT where applicable), and interview.",GMAT,2100000.0,15 February 2026,https://lums.edu.pk/programmes/ms-healthcare-management-and-innovation
Lahore University of Management Sciences,Lahore,Suleman Dawood School of Business,MS,Artificial Intelligence,Check program page,"Bachelor’s degree (16 years of education) from a recognized institution. Program-specific requirements may apply. Admission based on academic record, test scores (GRE/GMAT where applicable), and interview.",GMAT,2100000.0,15 February 2026,https://lums.edu.pk/programmes/ms-supply-chain-and-retail-management
Lahore University of Management Sciences,Lahore,Suleman Dawood School of Business,MS,Technology Management And Entrepreneurship,Check program page,"Bachelor’s degree (16 years of education) from a recognized institution. Program-specific requirements may apply. Admission based on academic record, test scores (GRE/GMAT where applicable), and interview.",GMAT,2100000.0,15 February 2026,https://lums.edu.pk/programmes/ms-technology-management-and-entrepreneurship
Lahore University of Management Sciences,Lahore,Suleman Dawood School of Business,MS,Management,Check program page,"Bachelor’s degree (16 years of education) from a recognized institution. Program-specific requirements may apply. Admission based on academic record, test scores (GRE/GMAT where applicable), and interview.",GMAT,2100000.0,15 February 2026,https://lums.edu.pk/programmes/phd-management
Lahore University of Management Sciences,Lahore,Syed Ahsan Ali and Syed Maratib Ali School of Education,MS,Education Leadership And Management,2 Years,"Bachelor’s degree (16 years of education) from a recognized institution. Program-specific requirements may apply. Admission based on academic record, test scores (GRE/GMAT where applicable), and interview.",GMAT,0.0,15 February 2026,https://lums.edu.pk/programmes/mphil-education-leadership-and-management
Lahore University of Management Sciences,Lahore,Syed Ahsan Ali and Syed Maratib Ali School of Education,MS,Education Leadership And Management Weekend Track For Executives,2 Years,"Bachelor’s degree (16 years of education) from a recognized institution. Program-specific requirements may apply. Admission based on academic record, test scores (GRE/GMAT where applicable), and interview.",GMAT,0.0,15 February 2026,https://lums.edu.pk/programmes/mphil-education-leadership-and-management-weekend-track-executives
Lahore University of Management Sciences,Lahore,Syed Babar Ali School of Science and Engineering,MS,Artificial Intelligence,2 Years,"Bachelor’s degree (16 years of education) from a recognized institution. Program-specific requirements may apply. Admission based on academic record, test scores (GRE/GMAT where applicable), and interview.",GRE,1900000.0,15 February 2026,https://lums.edu.pk/programmes/ms-artificial-intelligence
Lahore University of Management Sciences,Lahore,Syed Babar Ali School of Science and Engineering,MS,Biology,2 Years,"Bachelor’s degree (16 years of education) from a recognized institution. Program-specific requirements may apply. Admission based on academic record, test scores (GRE/GMAT where applicable), and interview.",GRE,1900000.0,15 February 2026,https://lums.edu.pk/programmes/ms-biology
Lahore University of Management Sciences,Lahore,Syed Babar Ali School of Science and Engineering,MS,Chemistry,2 Years,"Bachelor’s degree (16 years of education) from a recognized institution. Program-specific requirements may apply. Admission based on academic record, test scores (GRE/GMAT where applicable), and interview.",GRE,1900000.0,15 February 2026,https://lums.edu.pk/programmes/ms-chemistry
Lahore University of Management Sciences,Lahore,Syed Babar Ali School of Science and Engineering,MS,Computer Science,2 Years,"Bachelor’s degree (16 years of education) from a recognized institution. Program-specific requirements may apply. Admission based on academic record, test scores (GRE/GMAT where applicable), and interview.",GRE,1900000.0,15 February 2026,https://lums.edu.pk/programmes/ms-computer-science
Lahore University of Management Sciences,Lahore,Syed Babar Ali School of Science and Engineering,MS,Information Technology,2 Years,"Bachelor’s degree (16 years of education) from a recognized institution. Program-specific requirements may apply. Admission based on academic record, test scores (GRE/GMAT where applicable), and interview.",GRE,1900000.0,15 February 2026,https://lums.edu.pk/programmes/ms-digital-and-embedded-systems
Lahore University of Management Sciences,Lahore,Syed Babar Ali School of Science and Engineering,MS,Electrical Engineering,2 Years,"Bachelor’s degree (16 years of education) from a recognized institution. Program-specific requirements may apply. Admission based on academic record, test scores (GRE/GMAT where applicable), and interview.",GRE,1900000.0,15 February 2026,https://lums.edu.pk/programmes/ms-electrical-engineering
Lahore University of Management Sciences,Lahore,Syed Babar Ali School of Science and Engineering,MS,Mathematics,2 Years,"Bachelor’s degree (16 years of education) from a recognized institution. Program-specific requirements may apply. Admission based on academic record, test scores (GRE/GMAT where applicable), and interview.",GRE,1900000.0,15 February 2026,https://lums.edu.pk/programmes/ms-mathematics
Lahore University of Management Sciences,Lahore,Syed Babar Ali School of Science and Engineering,MS,Physics,2 Years,"Bachelor’s degree (16 years of education) from a recognized institution. Program-specific requirements may apply. Admission based on academic record, test scores (GRE/GMAT where applicable), and interview.",GRE,1900000.0,15 February 2026,https://lums.edu.pk/programmes/ms-physics
Lahore University of Management Sciences,Lahore,Syed Babar Ali School of Science and Engineering,MS,Power Engineering And Smart Grids,2 Years,"Bachelor’s degree (16 years of education) from a recognized institution. Program-specific requirements may apply. Admission based on academic record, test scores (GRE/GMAT where applicable), and interview.",GRE,1900000.0,15 February 2026,https://lums.edu.pk/programmes/ms-power-engineering-and-smart-grids
Lahore University of Management Sciences,Lahore,Syed Babar Ali School of Science and Engineering,MS,Biology,Check program page,"Bachelor’s degree (16 years of education) from a recognized institution. Program-specific requirements may apply. Admission based on academic record, test scores (GRE/GMAT where applicable), and interview.",GRE,1900000.0,15 February 2026,https://lums.edu.pk/programmes/phd-biology
Lahore University of Management Sciences,Lahore,Syed Babar Ali School of Science and Engineering,MS,Chemical And Environmental Engineering,Check program page,"Bachelor’s degree (16 years of education) from a recognized institution. Program-specific requirements may apply. Admission based on academic record, test scores (GRE/GMAT where applicable), and interview.",GRE,1900000.0,15 February 2026,https://lums.edu.pk/programmes/phd-chemical-and-environmental-engineering
Lahore University of Management Sciences,Lahore,Syed Babar Ali School of Science and Engineering,MS,Chemistry,Check program page,"Bachelor’s degree (16 years of education) from a recognized institution. Program-specific requirements may apply. Admission based on academic record, test scores (GRE/GMAT where applicable), and interview.",GRE,1900000.0,15 February 2026,https://lums.edu.pk/programmes/phd-chemistry
Lahore University of Management Sciences,Lahore,Syed Babar Ali School of Science and Engineering,MS,Computer Science,Check program page,"Bachelor’s degree (16 years of education) from a recognized institution. Program-specific requirements may apply. Admission based on academic record, test scores (GRE/GMAT where applicable), and interview.",GRE,1900000.0,15 February 2026,https://lums.edu.pk/programmes/phd-computer-science
Lahore University of Management Sciences,Lahore,Syed Babar Ali School of Science and Engineering,MS,Electrical Engineering,Check program page,"Bachelor’s degree (16 years of education) from a recognized institution. Program-specific requirements may apply. Admission based on academic record, test scores (GRE/GMAT where applicable), and interview.",GRE,1900000.0,15 February 2026,https://lums.edu.pk/programmes/phd-electrical-engineering
Lahore University of Management Sciences,Lahore,Syed Babar Ali School of Science and Engineering,MS,Mathematics,Check program page,"Bachelor’s degree (16 years of education) from a recognized institution. Program-specific requirements may apply. Admission based on academic record, test scores (GRE/GMAT where applicable), and interview.",GRE,1900000.0,15 February 2026,https://lums.edu.pk/programmes/phd-mathematics
Lahore University of Management Sciences,Lahore,Syed Babar Ali School of Science and Engineering,MS,Physics,Check program page,"Bachelor’s degree (16 years of education) from a recognized institution. Program-specific requirements may apply. Admission based on academic record, test scores (GRE/GMAT where applicable), and interview.",GRE,1900000.0,15 February 2026,https://lums.edu.pk/programmes/phd-physics
Lahore University of Management Sciences,Lahore,Mushtaq Ahmad Gurmani School of Humanities and Social Sciences,MS,Information Technology,4 Years,Intermediate (FSc) / A-Levels / IB or equivalent. Program-specific subject requirements may apply. Admission based on academic record and SAT/ACT/LCAT.,SAT / ACT / LCAT,1600000.0,15 February 2026,https://lums.edu.pk/programmes/ba-honours-comparative-literature-and-creative-arts-clca
Lahore University of Management Sciences,Lahore,Mushtaq Ahmad Gurmani School of Humanities and Social Sciences,MS,English,4 Years,Intermediate (FSc) / A-Levels / IB or equivalent. Program-specific subject requirements may apply. Admission based on academic record and SAT/ACT/LCAT.,SAT / ACT / LCAT,1600000.0,15 February 2026,https://lums.edu.pk/programmes/ba-honours-english
Lahore University of Management Sciences,Lahore,Mushtaq Ahmad Gurmani School of Humanities and Social Sciences,MS,Ba Honours History,4 Years,Intermediate (FSc) / A-Levels / IB or equivalent. Program-specific subject requirements may apply. Admission based on academic record and SAT/ACT/LCAT.,SAT / ACT / LCAT,1600000.0,15 February 2026,https://lums.edu.pk/programmes/ba-honours-history
Lahore University of Management Sciences,Lahore,Mushtaq Ahmad Gurmani School of Humanities and Social Sciences,MS,Honours Anthropology / Sociology,4 Years,Intermediate (FSc) / A-Levels / IB or equivalent. Program-specific subject requirements may apply. Admission based on academic record and SAT/ACT/LCAT.,SAT / ACT / LCAT,1600000.0,15 February 2026,https://lums.edu.pk/programmes/bsc-honours-anthropology-sociology
Lahore University of Management Sciences,Lahore,Mushtaq Ahmad Gurmani School of Humanities and Social Sciences,MS,Computer Science,4 Years,Intermediate (FSc) / A-Levels / IB or equivalent. Program-specific subject requirements may apply. Admission based on academic record and SAT/ACT/LCAT.,SAT / ACT / LCAT,1600000.0,15 February 2026,https://lums.edu.pk/programmes/bsc-honours-economics
Lahore University of Management Sciences,Lahore,Mushtaq Ahmad Gurmani School of Humanities and Social Sciences,MS,Computer Science,4 Years,Intermediate (FSc) / A-Levels / IB or equivalent. Program-specific subject requirements may apply. Admission based on academic record and SAT/ACT/LCAT.,SAT / ACT / LCAT,1600000.0,15 February 2026,https://lums.edu.pk/programmes/bsc-honours-economics-and-mathematics-joint-major
Lahore University of Management Sciences,Lahore,Mushtaq Ahmad Gurmani School of Humanities and Social Sciences,MS,Computer Science,4 Years,Intermediate (FSc) / A-Levels / IB or equivalent. Program-specific subject requirements may apply. Admission based on academic record and SAT/ACT/LCAT.,SAT / ACT / LCAT,1600000.0,15 February 2026,https://lums.edu.pk/programmes/bsc-honours-economics-data-and-computer-science-joint-major
Lahore University of Management Sciences,Lahore,Mushtaq Ahmad Gurmani School of Humanities and Social Sciences,MS,Information Technology,4 Years,Intermediate (FSc) / A-Levels / IB or equivalent. Program-specific subject requirements may apply. Admission based on academic record and SAT/ACT/LCAT.,SAT / ACT / LCAT,1600000.0,15 February 2026,https://lums.edu.pk/programmes/bsc-honours-political-science
Lahore University of Management Sciences,Lahore,Mushtaq Ahmad Gurmani School of Humanities and Social Sciences,MS,Computer Science,4 Years,Intermediate (FSc) / A-Levels / IB or equivalent. Program-specific subject requirements may apply. Admission based on academic record and SAT/ACT/LCAT.,SAT / ACT / LCAT,1600000.0,15 February 2026,https://lums.edu.pk/programmes/bsc-honours-politics-and-economics
Lahore University of Management Sciences,Lahore,Mushtaq Ahmad Gurmani School of Humanities and Social Sciences,MS,Psychology,4 Years,Intermediate (FSc) / A-Levels / IB or equivalent. Program-specific subject requirements may apply. Admission based on academic record and SAT/ACT/LCAT.,SAT / ACT / LCAT,1600000.0,15 February 2026,https://lums.edu.pk/programmes/bsc-honours-psychology
Lahore University of Management Sciences,Lahore,Shaikh Ahmad Hassan School of Law,MS,Ball.B Honours,4 Years,Intermediate (FSc) / A-Levels / IB or equivalent. Program-specific subject requirements may apply. Admission based on academic record and SAT/ACT/LCAT.,SAT / ACT / LCAT,1800000.0,15 February 2026,https://lums.edu.pk/programmes/ba-llb-honours
Lahore University of Management Sciences,Lahore,Suleman Dawood School of Business,MS,Accounting,4 Years,Intermediate (FSc) / A-Levels / IB or equivalent. Program-specific subject requirements may apply. Admission based on academic record and SAT/ACT/LCAT.,SAT / ACT / LCAT,1706860.0,15 February 2026,https://lums.edu.pk/programmes/bsc-honours-accounting-and-finance
Lahore University of Management Sciences,Lahore,Suleman Dawood School of Business,MS,Honours Management Science,4 Years,Intermediate (FSc) / A-Levels / IB or equivalent. Program-specific subject requirements may apply. Admission based on academic record and SAT/ACT/LCAT.,SAT / ACT / LCAT,1706860.0,15 February 2026,https://lums.edu.pk/programmes/bsc-honours-management-science
Lahore University of Management Sciences,Lahore,Syed Babar Ali School of Science and Engineering,MS,Biology,4 Years,Intermediate (FSc) / A-Levels / IB or equivalent. Program-specific subject requirements may apply. Admission based on academic record and SAT/ACT/LCAT.,SAT / ACT / LCAT,1650000.0,15 February 2026,https://lums.edu.pk/programmes/bs-biology
Lahore University of Management Sciences,Lahore,Syed Babar Ali School of Science and Engineering,MS,Chemical Engineering,4 Years,Intermediate (FSc) / A-Levels / IB or equivalent. Program-specific subject requirements may apply. Admission based on academic record and SAT/ACT/LCAT.,SAT / ACT / LCAT,1650000.0,15 February 2026,https://lums.edu.pk/programmes/bs-chemical-engineering
Lahore University of Management Sciences,Lahore,Syed Babar Ali School of Science and Engineering,MS,Chemistry,4 Years,Intermediate (FSc) / A-Levels / IB or equivalent. Program-specific subject requirements may apply. Admission based on academic record and SAT/ACT/LCAT.,SAT / ACT / LCAT,1650000.0,15 February 2026,https://lums.edu.pk/programmes/bs-chemistry
Lahore University of Management Sciences,Lahore,Syed Babar Ali School of Science and Engineering,MS,Computer Science,4 Years,Intermediate (FSc) / A-Levels / IB or equivalent. Program-specific subject requirements may apply. Admission based on academic record and SAT/ACT/LCAT.,SAT / ACT / LCAT,1650000.0,15 February 2026,https://lums.edu.pk/programmes/bs-computer-science
Lahore University of Management Sciences,Lahore,Syed Babar Ali School of Science and Engineering,MS,Computer Science,4 Years,Intermediate (FSc) / A-Levels / IB or equivalent. Program-specific subject requirements may apply. Admission based on academic record and SAT/ACT/LCAT.,SAT / ACT / LCAT,1650000.0,15 February 2026,https://lums.edu.pk/programmes/bs-economics-and-mathematics-joint-major
Lahore University of Management Sciences,Lahore,Syed Babar Ali School of Science and Engineering,MS,Electrical Engineering,4 Years,Intermediate (FSc) / A-Levels / IB or equivalent. Program-specific subject requirements may apply. Admission based on academic record and SAT/ACT/LCAT.,SAT / ACT / LCAT,1650000.0,15 February 2026,https://lums.edu.pk/programmes/bs-electrical-engineering
Lahore University of Management Sciences,Lahore,Syed Babar Ali School of Science and Engineering,MS,Mathematics,4 Years,Intermediate (FSc) / A-Levels / IB or equivalent. Program-specific subject requirements may apply. Admission based on academic record and SAT/ACT/LCAT.,SAT / ACT / LCAT,1650000.0,15 February 2026,https://lums.edu.pk/programmes/bs-mathematics
Lahore University of Management Sciences,Lahore,Syed Babar Ali School of Science and Engineering,MS,Physics,4 Years,Intermediate (FSc) / A-Levels / IB or equivalent. Program-specific subject requirements may apply. Admission based on academic record and SAT/ACT/LCAT.,SAT / ACT / LCAT,1650000.0,15 February 2026,https://lums.edu.pk/programmes/bs-physics
Muhammad Ali Jinnah University,Karachi,School of Business Administration (SOBA),MS,Computer Science,4 Years,Intermediate / A-Levels (relevant discipline),MAJU Admission Test,95000.0,"September 30, 2026",https://jinnah.edu/faculty-of-business-administration/department-of-business-administration/bs-business-analytics/
Muhammad Ali Jinnah University,Karachi,Department of Management Sciences,MS,Accounting,4 Years,Intermediate / A-Levels (relevant discipline),MAJU Admission Test,95000.0,"September 30, 2026",https://jinnah.edu/faculty-of-business-administration/department-of-management-sciences/bs-accounting-and-finance/
Muhammad Ali Jinnah University,Karachi,School of Business Administration (SOBA),MS,Business Computing,4 Years,Intermediate / A-Levels (relevant discipline),MAJU Admission Test,95000.0,"September 30, 2026",https://jinnah.edu/faculty-of-business-administration/school-of-business-administration-soba/bs-business-computing/
Muhammad Ali Jinnah University,Karachi,School of Business Administration (SOBA),MS,Fintech,4 Years,Intermediate / A-Levels (relevant discipline),MAJU Admission Test,95000.0,"September 30, 2026",https://jinnah.edu/faculty-of-business-administration/school-of-business-administration-soba/bs-fintech/
Muhammad Ali Jinnah University,Karachi,School of Business Administration (SOBA),MS,Business Administration,4 Years,Intermediate / A-Levels (relevant discipline),MAJU Admission Test,95000.0,"September 30, 2026",https://jinnah.edu/faculty-of-business-administration/school-of-business-administration-soba/bba/
Muhammad Ali Jinnah University,Karachi,School of Business Administration (SOBA),MS,Accounting,2 Years,Associate Degree / relevant prior qualification,MAJU Admission Test,110000.0,"September 30, 2026",https://jinnah.edu/faculty-of-business-administration/school-of-business-administration-soba/bs-accounting-and-finance-2-years/
Muhammad Ali Jinnah University,Karachi,School of Business Administration (SOBA),MS,Fintech 2 Years,2 Years,Associate Degree / relevant prior qualification,MAJU Admission Test,110000.0,"September 30, 2026",https://jinnah.edu/faculty-of-business-administration/school-of-business-administration-soba/bs-fintech-2-years/
Muhammad Ali Jinnah University,Karachi,School of Business Administration (SOBA),MS,Business Administration,2 Years,Associate Degree / relevant prior qualification,MAJU Admission Test,110000.0,"September 30, 2026",https://jinnah.edu/faculty-of-business-administration/school-of-business-administration-soba/bba-2-years/
Muhammad Ali Jinnah University,Karachi,Department of Computer Science,MS,Artificial Intelligence,4 Years,Intermediate / A-Levels (relevant discipline),MAJU Admission Test,95000.0,"September 30, 2026",https://jinnah.edu/faculty-of-computing/department-of-computer-science/bs-artificial-intelligence/
Muhammad Ali Jinnah University,Karachi,Department of Computer Science,MS,Software Engineering,4 Years,Intermediate / A-Levels (relevant discipline),MAJU Admission Test,95000.0,"September 30, 2026",https://jinnah.edu/faculty-of-computing/department-of-computer-science/bs-software-engineering/
Muhammad Ali Jinnah University,Karachi,Department of Computer Science,MS,Computer Science,4 Years,Intermediate / A-Levels (relevant discipline),MAJU Admission Test,95000.0,"September 30, 2026",https://jinnah.edu/faculty-of-computing/department-of-computer-science/bs-computer-science/
Muhammad Ali Jinnah University,Karachi,Department of Psychology,MS,Psychology,4 Years,Intermediate / A-Levels (relevant discipline),MAJU Admission Test,90000.0,"September 30, 2026",https://jinnah.edu/faculty-of-social-and-basic-sciences/department-of-basic-science/bs-psychology/
Muhammad Ali Jinnah University,Karachi,Department of Psychology,MS,Psychology,2 Years,Associate Degree / relevant prior qualification,MAJU Admission Test,110000.0,"September 30, 2026",https://jinnah.edu/faculty-of-social-and-basic-sciences/department-of-psychology/bs-psychology-2-years/
Muhammad Ali Jinnah University,Karachi,Department of Bio Sciences,MS,Biotechnology,4 Years,Intermediate / A-Levels (relevant discipline),MAJU Admission Test,95000.0,"September 30, 2026",https://jinnah.edu/faculty-of-life-sciences/department-of-bio-sciences/bs-biotechnology/
Muhammad Ali Jinnah University,Karachi,Department of Bio Sciences,MS,Biotechnology 2 Years,2 Years,Associate Degree / relevant prior qualification,MAJU Admission Test,110000.0,"September 30, 2026",https://jinnah.edu/faculty-of-life-sciences/department-of-bio-sciences/bs-biotechnology-2-years/
Muhammad Ali Jinnah University,Karachi,Department of Computer Science,MS,Data Science,2 Years,BS / BE (relevant discipline),MAJU Admission Test / Interview,120000.0,"October 31, 2026",https://jinnah.edu/faculty-of-computing/department-of-computer-science/ms-data-science/
Muhammad Ali Jinnah University,Karachi,Department of Computer Science,MS,Computer Science,2 Years,BS / BE (relevant discipline),MAJU Admission Test / Interview,120000.0,"October 31, 2026",https://jinnah.edu/faculty-of-computing/department-of-computer-science/ms-computer-science/
Muhammad Ali Jinnah University,Karachi,Department of Computer Science,MS,Software Engineering,2 Years,BS / BE (relevant discipline),MAJU Admission Test / Interview,120000.0,"October 31, 2026",https://jinnah.edu/faculty-of-computing/department-of-computer-science/ms-software-engineering/
Muhammad Ali Jinnah University,Karachi,Department of Computer Science,PhD,Computer Science,3–5 Years,MS / MPhil (relevant discipline),GAT (Subject) + Interview,150000.0,"October 31, 2026",https://jinnah.edu/faculty-of-computing/department-of-computer-science/phd-computer-science/
Muhammad Ali Jinnah University,Karachi,School of Business Administration (SOBA),MS,Business Administration,2 Years,BS / BE (relevant discipline),MAJU Admission Test / Interview,120000.0,"October 31, 2026",https://jinnah.edu/faculty-of-business-administration/school-of-business-administration-soba/mba-2-years/
Muhammad Ali Jinnah University,Karachi,Department of Management Sciences,MS,Project Management,2 Years,BS / BE (relevant discipline),MAJU Admission Test / Interview,120000.0,"October 31, 2026",https://jinnah.edu/faculty-of-business-administration/department-of-management-sciences/ms-project-management/
Muhammad Ali Jinnah University,Karachi,Department of Management Sciences,MS,Management Sciences,2 Years,BS / BE (relevant discipline),MAJU Admission Test / Interview,120000.0,"October 31, 2026",https://jinnah.edu/faculty-of-business-administration/department-of-management-sciences/ms-management-science/
Muhammad Ali Jinnah University,Karachi,School of Business Administration (SOBA),PhD,Management Sciences,3–5 Years,MS / MPhil (relevant discipline),GAT (Subject) + Interview,150000.0,"October 31, 2026",https://jinnah.edu/faculty-of-business-administration/school-of-business-administration-soba/phd-management-sciences-3-5-years/
Muhammad Ali Jinnah University,Karachi,Department of Bio Sciences,MS,Biotechnology,2 Years,BS / BE (relevant discipline),MAJU Admission Test / Interview,120000.0,"October 31, 2026",https://jinnah.edu/faculty-of-life-sciences/department-of-bio-sciences/ms-biotechnology/
Muhammad Ali Jinnah University,Karachi,Department of Bio Sciences,PhD,Biosciences,3–5 Years,MS / MPhil (relevant discipline),GAT (Subject) + Interview,150000.0,"October 31, 2026",https://jinnah.edu/faculty-of-life-sciences/department-of-bio-sciences/phd-biosciences/
National College of Arts (NCA),Lahore,Faculty of Architecture,MS,Information Technology,5 Years,FSc Pre-Engineering / A-Levels,NCA Aptitude Test,55000.0,"July 15, 2026",https://www.nca.edu.pk/department.php?name=Dept-Arch
National College of Arts (NCA),Lahore,Faculty of Architecture,MS,Information Technology,2 Years,B.Arch,Departmental Test / Interview,65000.0,"July 15, 2026",https://www.nca.edu.pk/department.php?name=Post-Dept-Interior
National College of Arts (NCA),Lahore,Faculty of Architecture,MS,Information Technology,2 Years,B.Arch,Departmental Test / Interview,65000.0,"July 15, 2026",https://www.nca.edu.pk/college.php?name=faculty-architecture
National College of Arts (NCA),Lahore,Faculty of Fine Arts,MS,Artificial Intelligence,4 Years,Intermediate / A-Levels,NCA Aptitude Test,50000.0,"July 15, 2026",https://www.nca.edu.pk/department.php?name=Dept-finearts#painting
National College of Arts (NCA),Lahore,Faculty of Fine Arts,MS,Artificial Intelligence,4 Years,Intermediate / A-Levels,NCA Aptitude Test,50000.0,"July 15, 2026",https://www.nca.edu.pk/department.php?name=Dept-finearts#miniature-painting
National College of Arts (NCA),Lahore,Faculty of Fine Arts,MS,Bfa Printmaking,4 Years,Intermediate / A-Levels,NCA Aptitude Test,50000.0,"July 15, 2026",https://www.nca.edu.pk/department.php?name=Dept-finearts#print-making
National College of Arts (NCA),Lahore,Faculty of Fine Arts,MS,Bfa Sculpture,4 Years,Intermediate / A-Levels,NCA Aptitude Test,50000.0,"July 15, 2026",https://www.nca.edu.pk/department.php?name=Dept-finearts#sculpture
National College of Arts (NCA),Lahore,Faculty of Fine Arts,MS,Bfa Drawing,4 Years,Intermediate / A-Levels,NCA Aptitude Test,50000.0,"July 15, 2026",https://www.nca.edu.pk/department.php?name=Dept-finearts#drawing
National College of Arts (NCA),Lahore,Faculty of Fine Arts,MS,Mfa Visual Arts,2 Years,BFA,Departmental Test / Interview,60000.0,"July 15, 2026",https://www.nca.edu.pk/department.php?name=Post-Dept-Visual-Arts
National College of Arts (NCA),Lahore,Faculty of Design,MS,Bdes Communication Design,4 Years,Intermediate / A-Levels,NCA Aptitude Test,50000.0,"July 15, 2026",https://www.nca.edu.pk/department.php?name=Dept-Comm-Design
National College of Arts (NCA),Lahore,Faculty of Design,MS,Bdes Textile Design,4 Years,Intermediate / A-Levels,NCA Aptitude Test,50000.0,"July 15, 2026",https://www.nca.edu.pk/department.php?name=Dept-Textile-Design
National College of Arts (NCA),Lahore,Faculty of Design,MS,Bdes Fashion Design,4 Years,Intermediate / A-Levels,NCA Aptitude Test,50000.0,"July 15, 2026",https://www.nca.edu.pk/department.php?name=fashion-design
National College of Arts (NCA),Lahore,Faculty of Design,MS,Bdes Product Design,4 Years,Intermediate / A-Levels,NCA Aptitude Test,50000.0,"July 15, 2026",https://www.nca.edu.pk/department.php?name=Dept-Product-Design
National College of Arts (NCA),Lahore,Faculty of Design,MS,Bdes Ceramic Design,4 Years,Intermediate / A-Levels,NCA Aptitude Test,50000.0,"July 15, 2026",https://www.nca.edu.pk/department?name=Dept-Ceramic-Design
National College of Arts (NCA),Lahore,Faculty of Design,MS,Design Mdes,2 Years,BDes / BFA,Departmental Test / Interview,60000.0,"July 15, 2026",https://www.nca.edu.pk/college.php?name=faculty-design
National College of Arts (NCA),Lahore,Faculty of Film & Television,MS,Film & Television,4 Years,Intermediate / A-Levels,NCA Aptitude Test,52000.0,"July 15, 2026",https://www.nca.edu.pk/department.php?name=Dept-Film-tv
National College of Arts (NCA),Lahore,Faculty of Performing Arts,MS,Musicology,4 Years,Intermediate,NCA Aptitude Test,48000.0,"July 15, 2026",https://www.nca.edu.pk/department.php?name=Dept-Musicology
National College of Arts (NCA),Lahore,Faculty of Humanities,MS,Cultural Studies,4 Years,Intermediate / A-Levels,NCA Aptitude Test,45000.0,"July 15, 2026",https://www.nca.edu.pk/department.php?name=Dept-cultural-studies
National College of Arts (NCA),Lahore,Faculty of Humanities,MS,Cultural Studies,2 Years,Relevant Bachelor Degree,Departmental Test / Interview,55000.0,"July 15, 2026",https://www.nca.edu.pk/department.php?name=Post-Dept-Communication-Cultural
National College of Arts (NCA),Lahore,Faculty of Multimedia Art,MS,Multimedia Art,4 Years,Intermediate / A-Levels,NCA Aptitude Test,52000.0,"July 15, 2026",https://www.nca.edu.pk/department.php?name=dept-multimedia-art
National College of Arts (NCA),Lahore,Faculty of Multimedia Art,MS,Multimedia Art,2 Years,Relevant Bachelor Degree,Departmental Test / Interview,62000.0,"July 15, 2026",https://www.nca.edu.pk/department.php?name=Post-Dept-Multimedia
NED University of Engineering & Technology,Karachi,Civil Engineering,MS,Civil Engineering,4 Years,Intermediate (Pre-Engineering),NED Entry Test / ECAT,30000.0,"August 15, 2026",https://www.neduet.edu.pk/faculties_and_departments
NED University of Engineering & Technology,Karachi,Electrical Engineering,MS,Electrical Engineering,4 Years,Intermediate (Pre-Engineering),NED Entry Test / ECAT,30000.0,"August 15, 2026",https://www.neduet.edu.pk/faculties_and_departments
NED University of Engineering & Technology,Karachi,Mechanical Engineering,MS,Mechanical Engineering,4 Years,Intermediate (Pre-Engineering),NED Entry Test / ECAT,30000.0,"August 15, 2026",https://www.neduet.edu.pk/faculties_and_departments
NED University of Engineering & Technology,Karachi,Chemical Engineering,MS,Be Chemical Engineering,4 Years,Intermediate (Pre-Engineering),NED Entry Test / ECAT,30000.0,"August 15, 2026",https://www.neduet.edu.pk/faculties_and_departments
NED University of Engineering & Technology,Karachi,Computer & Information Systems Engineering,MS,Be Computer & Information Systems Engineering,4 Years,Intermediate (Pre-Engineering),NED Entry Test / ECAT,30000.0,"August 15, 2026",https://www.neduet.edu.pk/faculties_and_departments
NED University of Engineering & Technology,Karachi,Software Engineering,MS,Software Engineering,4 Years,Intermediate (Pre-Engineering),NED Entry Test / ECAT,30000.0,"August 15, 2026",https://www.neduet.edu.pk/faculties_and_departments
NED University of Engineering & Technology,Karachi,Electronics Engineering,MS,Computer Science,4 Years,Intermediate (Pre-Engineering),NED Entry Test / ECAT,30000.0,"August 15, 2026",https://www.neduet.edu.pk/faculties_and_departments
NED University of Engineering & Technology,Karachi,Telecommunication Engineering,MS,Be Telecommunication Engineering,4 Years,Intermediate (Pre-Engineering),NED Entry Test / ECAT,30000.0,"August 15, 2026",https://www.neduet.edu.pk/faculties_and_departments
NED University of Engineering & Technology,Karachi,Biomedical Engineering,MS,Be Biomedical Engineering,4 Years,Intermediate (Pre-Engineering),NED Entry Test / ECAT,30000.0,"August 15, 2026",https://www.neduet.edu.pk/faculties_and_departments
NED University of Engineering & Technology,Karachi,Textile Engineering,MS,Be Textile Engineering,4 Years,Intermediate (Pre-Engineering),NED Entry Test / ECAT,30000.0,"August 15, 2026",https://www.neduet.edu.pk/faculties_and_departments
NED University of Engineering & Technology,Karachi,Automotive Engineering,MS,Be Automotive Engineering,4 Years,Intermediate (Pre-Engineering),NED Entry Test / ECAT,30000.0,"August 15, 2026",https://www.neduet.edu.pk/faculties_and_departments
NED University of Engineering & Technology,Karachi,Industrial & Manufacturing Engineering,MS,Be Industrial & Manufacturing Engineering,4 Years,Intermediate (Pre-Engineering),NED Entry Test / ECAT,30000.0,"August 15, 2026",https://www.neduet.edu.pk/faculties_and_departments
NED University of Engineering & Technology,Karachi,Metallurgy & Materials Engineering,MS,Be Metallurgy & Materials Engineering,4 Years,Intermediate (Pre-Engineering),NED Entry Test / ECAT,30000.0,"August 15, 2026",https://www.neduet.edu.pk/faculties_and_departments
NED University of Engineering & Technology,Karachi,Mining Engineering,MS,Be Mining Engineering,4 Years,Intermediate (Pre-Engineering),NED Entry Test / ECAT,30000.0,"August 15, 2026",https://www.neduet.edu.pk/faculties_and_departments
NED University of Engineering & Technology,Karachi,Petroleum Engineering,MS,Be Petroleum Engineering,4 Years,Intermediate (Pre-Engineering),NED Entry Test / ECAT,30000.0,"August 15, 2026",https://www.neduet.edu.pk/faculties_and_departments
NED University of Engineering & Technology,Karachi,Food Engineering,MS,Be Food Engineering,4 Years,Intermediate (Pre-Engineering),NED Entry Test / ECAT,30000.0,"August 15, 2026",https://www.neduet.edu.pk/faculties_and_departments
NED University of Engineering & Technology,Karachi,Environmental Engineering,MS,Be Environmental Engineering,4 Years,Intermediate (Pre-Engineering),NED Entry Test / ECAT,30000.0,"August 15, 2026",https://www.neduet.edu.pk/faculties_and_departments
NED University of Engineering & Technology,Karachi,Architecture,MS,Information Technology,4 Years,Intermediate (Pre-Engineering),NED Entry Test / ECAT,30000.0,"August 15, 2026",https://www.neduet.edu.pk/faculties_and_departments
NED University of Engineering & Technology,Karachi,City & Regional Planning,MS,Information Technology,4 Years,Intermediate (Pre-Engineering),NED Entry Test / ECAT,30000.0,"August 15, 2026",https://www.neduet.edu.pk/faculties_and_departments
NED University of Engineering & Technology,Karachi,Chemistry,MS,Chemistry,4 Years,Intermediate (Pre-Engineering),NED Entry Test / ECAT,30000.0,"August 15, 2026",https://www.neduet.edu.pk/faculties_and_departments
NED University of Engineering & Technology,Karachi,Mathematics,MS,Mathematics,4 Years,Intermediate (Pre-Engineering),NED Entry Test / ECAT,30000.0,"August 15, 2026",https://www.neduet.edu.pk/faculties_and_departments
NED University of Engineering & Technology,Karachi,Electrical Engineering,MS,Electrical Engineering,2 Years,BE / BS (relevant discipline),GAT (General),45000.0,"October 30, 2026",https://www.neduet.edu.pk/faculties_and_departments
NED University of Engineering & Technology,Karachi,Electrical Engineering,PhD,Electrical Engineering,3–5 Years,MS / MPhil,GAT (Subject),50000.0,"October 30, 2026",https://www.neduet.edu.pk/faculties_and_departments
NED University of Engineering & Technology,Karachi,Mechanical Engineering,MS,Mechanical Engineering,2 Years,BE / BS (relevant discipline),GAT (General),45000.0,"October 30, 2026",https://www.neduet.edu.pk/faculties_and_departments
NED University of Engineering & Technology,Karachi,Mechanical Engineering,PhD,Mechanical Engineering,3–5 Years,MS / MPhil,GAT (Subject),50000.0,"October 30, 2026",https://www.neduet.edu.pk/faculties_and_departments
NED University of Engineering & Technology,Karachi,Computer & Information Systems Engineering,MS,Computer Science,2 Years,BE / BS (relevant discipline),GAT (General),45000.0,"October 30, 2026",https://www.neduet.edu.pk/faculties_and_departments
NED University of Engineering & Technology,Karachi,Computer & Information Systems Engineering,PhD,Computer Science,3–5 Years,MS / MPhil,GAT (Subject),50000.0,"October 30, 2026",https://www.neduet.edu.pk/faculties_and_departments
National University of Modern Languages,Islamabad,Main Campus,BS,B.Ed . 4 Year,4 Year,Eligibility: FA / F.Sc with 45% marks OR Equivalent. Courses: S.No Course Code Subject Credit Hours 1 ESIS-411 Islamic Studiers / Ethics 02 2 ESFE-412 Functional English-I 3 3 ESES-413 Introduction to Environmental Sciences 3 4 ESUD-431 Urdu 3 5 ESFE-441 Foundations of Education 3 6 ESDE-442 Development of Education in Pakistan 3 7 ESGM-414 General Mathematics 3 8 ESQA-415 Quantitative/Analytical,,75000.0,2026-02-03,https://numl.edu.pk/programs/program/257
National University of Modern Languages,Islamabad,Main Campus,BS,B.Ed Bridging,4 Year,"Eligibility: Bachelor’s Degree with 45% marks. Candidates having studied the relevant subject at BA / BSc level will be preferred . National University of Modern Languages H-9/4 Islamabad ,Pakistan Phone: +92-51-9265100 Email: info@numl.edu.pk Regional Campuses Lahore Campus Faisalabad Campus Multan Campus Hyderabad Campus Quetta Campus Peshawar Campus Karachi Campus Rawalpindi MirpurAJK Campus 20",,75000.0,2026-02-03,https://numl.edu.pk/programs/program/341
National University of Modern Languages,Islamabad,Main Campus,BS,Early Childhood Care And Education,4 Year,Eligibility: Intermediate with 45% marks OR A-Level with 50% marks OR Equivalent Courses: S.No Course Code Subject Credit Hours 1 ESIS-411 Islamic Studies / Ethics 02 2 ESEN-412 Functional English-I 03 3 ESIE-413 Applications of Instructional and Communication Technologies 03 4 ESCD - 441 Child Growth and Development 03 5 ESPE - 442 Philosophical Foundations of Early Childhood Education 03 6 ESIE,,75000.0,2026-02-03,https://numl.edu.pk/programs/program/361
National University of Modern Languages,Islamabad,Main Campus,BS,B.Ed 1.5 Year,4 Year,Eligibility: MA / MSc with 45% marks. Courses: S.No Course Code Subject Credit Hours 1 ESTW-511 Technical Writing and Presentation Skills 03 2 ESIT-512 Instructional and Communication Technologies (ICT) in Education 03 3 ESQA-513 Quantitative/Analytical Reasoning 03 4 ESFE-541 Foundation of Education 03 5 ESMT-542 General Methods of Teaching 03 6 ESCD-543 Curriculum Development 03 7 ESEN-544 Engli,,75000.0,2026-02-03,https://numl.edu.pk/programs/program/362
National University of Modern Languages,Islamabad,Main Campus,BS,Health And Physical Education,4 Year,Eligibility: Intermediate with 45% marks OR A – Level with 50% marks OR Equivalent Courses: S.No Course Code Subject Credit Hours 1 ESIS - 411 Islamic Studies / Ethics 02 2 ESEN - 412 Functional English-I 03 3 ESES - 413 Everyday Science 03 4 ESRM - 441 Role of Media in Sports 03 5 ESTI - 442 Talent Identification in Sports 03 6 ESPE - 443 Philosophical Foundations of Physical Education 03 7 ESQA,,75000.0,2026-02-03,https://numl.edu.pk/programs/program/400
National University of Modern Languages,Islamabad,Main Campus,BS,Educational Leadership And Management,4 Year,Eligibility: Intermediate with 45% marks OR A – Level with 50% marks OR Equivalent Courses: S.No Course Code Subject Credit Hours 1 ESIS-411 Islamic Studies / Ethics 02 2 ESEN-412 Functional English-I 03 3 ESIE-413 Applications of Instructional and Communication Technologies 03 4 ESLM-441 Fundamentals of Leadership and Management 03 5 ESSS-442 School Supervision 03 6 ESEP-443 Basic Concepts in Edu,,75000.0,2026-02-03,https://numl.edu.pk/programs/program/401
National University of Modern Languages,Islamabad,Main Campus,BS,Special Education,4 Year,"Eligibility: Intermediate with 45% marks OR A – Level with 50% marks OR Equivalent. National University of Modern Languages H-9/4 Islamabad ,Pakistan Phone: +92-51-9265100 Email: info@numl.edu.pk Regional Campuses Lahore Campus Faisalabad Campus Multan Campus Hyderabad Campus Quetta Campus Peshawar Campus Karachi Campus Rawalpindi MirpurAJK Campus 2026 © National University of Modern Languages, Is",,75000.0,2026-02-03,https://numl.edu.pk/programs/program/538
National University of Modern Languages,Islamabad,Main Campus,BS,Ed,4 Year,"Eligibility: FSc with 45% marks OR A – Level with 50% marks OR Equivalent. National University of Modern Languages H-9/4 Islamabad ,Pakistan Phone: +92-51-9265100 Email: info@numl.edu.pk Regional Campuses Lahore Campus Faisalabad Campus Multan Campus Hyderabad Campus Quetta Campus Peshawar Campus Karachi Campus Rawalpindi MirpurAJK Campus 2026 © National University of Modern Languages, Islamabad.",,75000.0,2026-02-03,https://numl.edu.pk/programs/program/539
National University of Modern Languages,Islamabad,Main Campus,BS,International Relations,4 Years,Eligibility: Intermediate with 45% marks OR A – Level with 50% marks OR Equivalent. Courses: S.No Course Code Subject Credit Hours 1 IRFN-101 Functional English 03 2 IRPM-142 Introduction to Geography 03 3 IRMT-103 Basic Mathematics 03 4 IRIR-141 Introduction to International Relations 03 5 IRCC-117 Civic and Community Engagement 03 6 IRPS-122 Introduction to Political Science 03 7 IREN-104 Englis,,75000.0,"August 31, 2026",https://numl.edu.pk/programs/program/252
National University of Modern Languages,Islamabad,Main Campus,BS,Peace & Conflict Studies,4 Years,"Eligibility: Intermediate with 45% marks OR A – Level with 50% marks OR Equivalent. National University of Modern Languages H-9/4 Islamabad ,Pakistan Phone: +92-51-9265100 Email: info@numl.edu.pk Regional Campuses Lahore Campus Faisalabad Campus Multan Campus Hyderabad Campus Quetta Campus Peshawar Campus Karachi Campus Rawalpindi MirpurAJK Campus 2026 © National University of Modern Languages, Is",,75000.0,2026-02-03,https://numl.edu.pk/programs/program/262
National University of Modern Languages,Islamabad,Main Campus,BS,Peace & Conflict Studies Bridging,4 Years,"Eligibility: Bachelor’s Degree with 45% marks. Candidates having studied the relevant subject at BA / BSc level will be preferred. National University of Modern Languages H-9/4 Islamabad ,Pakistan Phone: +92-51-9265100 Email: info@numl.edu.pk Regional Campuses Lahore Campus Faisalabad Campus Multan Campus Hyderabad Campus Quetta Campus Peshawar Campus Karachi Campus Rawalpindi MirpurAJK Campus 202",,75000.0,2026-02-03,https://numl.edu.pk/programs/program/338
National University of Modern Languages,Islamabad,Main Campus,BS,Media & Communication Studies,4 Years,Eligibility: Intermediate with 45% marks OR A – Level with 50% marks OR Equivalent. Courses: S.No Course Code Subject Credit Hours 1 MCIS-105 Islamic Studies/Ethics 3 2 MCCS-101 Communication Skills 3 3 MCIM-121 Introduction to Mass Communication 3 4 MCIT-111 Fundamentals of ICT 3 5 MCSP-112 Social Psychology 3 6 MCMS-114 Mathematics 3 7 MCMP-122 Mass Media in Pakistan 3 8 MCEL-102 English Literat,,75000.0,2026-02-03,https://numl.edu.pk/programs/program/258
National University of Modern Languages,Islamabad,Main Campus,BS,History,4 Years,"Eligibility: Intermediate FA/HSSC /FS.c/ A-Leavel National University of Modern Languages H-9/4 Islamabad ,Pakistan Phone: +92-51-9265100 Email: info@numl.edu.pk Regional Campuses Lahore Campus Faisalabad Campus Multan Campus Hyderabad Campus Quetta Campus Peshawar Campus Karachi Campus Rawalpindi MirpurAJK Campus 2026 © National University of Modern Languages, Islamabad. Privacy Policy Admission",,75000.0,2026-02-03,https://numl.edu.pk/programs/program/440
National University of Modern Languages,Islamabad,Main Campus,BS,Pakistan Studies,4 Year,"Eligibility: Intermediate with 45% marks OR A – Level with 50% marks OR Equivalent. National University of Modern Languages H-9/4 Islamabad ,Pakistan Phone: +92-51-9265100 Email: info@numl.edu.pk Regional Campuses Lahore Campus Faisalabad Campus Multan Campus Hyderabad Campus Quetta Campus Peshawar Campus Karachi Campus Rawalpindi MirpurAJK Campus 2026 © National University of Modern Languages, Is",,75000.0,12 Feb 2026,https://numl.edu.pk/programs/program/234
National University of Modern Languages,Islamabad,Main Campus,BS,Pakistan Studies Bridging,4 Years,"Eligibility: Bachelor’s Degree with 45% marks. Candidates having studied the relevant subject at BA / BSc level will be preferred. National University of Modern Languages H-9/4 Islamabad ,Pakistan Phone: +92-51-9265100 Email: info@numl.edu.pk Regional Campuses Lahore Campus Faisalabad Campus Multan Campus Hyderabad Campus Quetta Campus Peshawar Campus Karachi Campus Rawalpindi MirpurAJK Campus 202",,75000.0,2026-02-03,https://numl.edu.pk/programs/program/340
National University of Modern Languages,Islamabad,Main Campus,BS,History,4 Years,"Eligibility: Intermediate with 45% marks OR A – Level with 50% marks OR Equivalent National University of Modern Languages H-9/4 Islamabad ,Pakistan Phone: +92-51-9265100 Email: info@numl.edu.pk Regional Campuses Lahore Campus Faisalabad Campus Multan Campus Hyderabad Campus Quetta Campus Peshawar Campus Karachi Campus Rawalpindi MirpurAJK Campus 2026 © National University of Modern Languages, Isl",,75000.0,2026-02-03,https://numl.edu.pk/programs/program/402
National University of Modern Languages,Islamabad,Main Campus,BS,Islamic Studies,4 Years,Eligibility: -Intermediate with 45% marks -O /A – Level with 50% marks OR Equivalent. Courses: S.No Course Code Subject Credit Hours 1 ISIS-111 Islamic studies/ basic Islamic discipline (G) 03 2 ISFE-112 Functional English 03 3 ISMC-115 Intro to Media Communication 03 4 ISTQ-141 Tajweed lugat-ul Quran (M) 03 5 ISAL-142 Basics of Arabic language (M) 03 6 ISQR214 Islamic Arts and Humanities 03 7 ISI,,75000.0,2026-02-03,https://numl.edu.pk/programs/program/202
National University of Modern Languages,Islamabad,Main Campus,BS,Islamic Studies Bridging,4 Years,Eligibility: Bachelor’s Degree with 45% marks. Candidates having studied the relevant subject at BA / BSc level will be preferred. Courses: S.No Course Code Subject Credit Hours 1 ISAL-506 Arabic Language 03 2 ISBC-507 Basic Contents of Islamic Studies 03 3 ISIC-303 Introduction to Computer 03 4 ISMT-509 Mathematics 03 5 ISTQ-121 Tajweed-Ul-Quran 03 6 ISHT-629 History of Tafseer 03 7 ISWR-646 Intr,,75000.0,2026-02-03,https://numl.edu.pk/programs/program/339
National University of Modern Languages,Islamabad,Main Campus,BS,Associate Islamic Studies,4 Years,"Eligibility: Intermediate with 45% marks OR A – Level with 50% marks OR Equivalent. National University of Modern Languages H-9/4 Islamabad ,Pakistan Phone: +92-51-9265100 Email: info@numl.edu.pk Regional Campuses Lahore Campus Faisalabad Campus Multan Campus Hyderabad Campus Quetta Campus Peshawar Campus Karachi Campus Rawalpindi MirpurAJK Campus 2026 © National University of Modern Languages, Is",,75000.0,2026-02-03,https://numl.edu.pk/programs/program/542
National University of Modern Languages,Islamabad,Main Campus,BS,Computer Science,4 Years,"Eligibility: Intermediate with any one of the following combinations with 50% marks: (1) Maths, Physics and Chemistry. (2) Maths, Stats and Computer (3) Maths, Physics and Computer (4) Maths, Stats and Physics (5) Maths, Stats and Economics, (6) Physics, Chemistry& Biology. OR Diploma in Associate Engineering Examination with at least 60% aggregate marks in the relevant discipline. National Uni",,75000.0,2026-02-03,https://numl.edu.pk/programs/program/57
National University of Modern Languages,Islamabad,Main Campus,BS,Artificial Intelligence,4 Years,"Eligibility: 1. Intermediate with any one of the following combinations with 50% marks: Maths, Physics and Chemistry Maths, Stats and Computer Maths, Physics and Computer Maths, Stats and Physics Maths, Stats and Economics Physics, Chemistry and Biology 2. Diploma in Associate Engineering Examination with at least 60% aggregate marks in the relevant discipline. National University of Modern Langua",,75000.0,2026-02-03,https://numl.edu.pk/programs/program/352
National University of Modern Languages,Islamabad,Main Campus,BS,Associate Computing,4 Years,"Eligibility: Intermediate with Mathematics - 50% marks or Equivalent. Students who have not studied Mathematics at Intermediate level have to pass deficiency courses of Mathematics (06 credits) in first two semesters. National University of Modern Languages H-9/4 Islamabad ,Pakistan Phone: +92-51-9265100 Email: info@numl.edu.pk Regional Campuses Lahore Campus Faisalabad Campus Multan Campus Hydera",,75000.0,2026-02-03,https://numl.edu.pk/programs/program/460
National University of Modern Languages,Islamabad,Main Campus,BS,Electrical Engineering,4 Years,"Eligibility: a. FSc - Pre-Engineering (Physics, Mathematics & Chemistry) from any board of Intermediate and Secondary Education OR an Equivalent foreign qualification with Physics, Mathematics & Chemistry. b. At least 60 % aggregate marks each in Matric and FSc. Equivalent marks for Foreign qualification to be determined by IBCC, Islamabad. c. Diploma of Associate Engineering Examination with at l",,75000.0,"August 31, 2026",https://numl.edu.pk/programs/program/189
National University of Modern Languages,Islamabad,Main Campus,BS,Computer Science,4 Years,"Eligibility: For admission into BS Electronics, 45% Marks in intermediate with Physics or Mathematics or equivalent degree from accredited Institution List of BS Elective Courses Industrial Automation Internet of Things Power Electronics Laser and Fiber Optics Advance Computer Programming Opto-electronics Nanotechnology Linear Integrated Circuits Antennas & Wave Propagation Artificial Intelligence",,75000.0,2026-02-03,https://numl.edu.pk/programs/program/349
National University of Modern Languages,Islamabad,Main Campus,BS,Computer Engineering,4 Years,Eligibility Criteria: Minimum 60% marks in Intermediate / 12 years schooling / A-Level (HSSC) or Equivalent with Mathematics are required for admission in the BS Computer Engineering Program. Students of F.Sc. Pre-Medical shall be required to pass two additional Mathematics courses to make up for the deficient background in Mathematics at HSSC. Additional Mathematics Courses Course Semester Requir,,75000.0,"January 31, 2026",https://numl.edu.pk/programs/program/520
National University of Modern Languages,Islamabad,Main Campus,BS,Computer Science,4 Years,Eligibility Criteria: Minimum 60% marks in Intermediate / 12 years schooling / A-Level (HSSC) or Equivalent with Mathematics are required for admission in the BS Computer Engineering Program. Students of F.Sc. Pre-Medical shall be required to pass two additional Mathematics courses to make up for the deficient background in Mathematics at HSSC. Additional Mathematics Courses Course Semester Requir,,75000.0,2026-02-03,https://numl.edu.pk/programs/program/535
National University of Modern Languages,Islamabad,Main Campus,BS,German,4 Years,"Eligibility: Intermediate with 2nd Div OR A–Level with 50% marks OR Equivalent. National University of Modern Languages H-9/4 Islamabad ,Pakistan Phone: +92-51-9265100 Email: info@numl.edu.pk Regional Campuses Lahore Campus Faisalabad Campus Multan Campus Hyderabad Campus Quetta Campus Peshawar Campus Karachi Campus Rawalpindi MirpurAJK Campus 2026 © National University of Modern Languages, Islama",,75000.0,2026-02-03,https://numl.edu.pk/programs/program/215
National University of Modern Languages,Islamabad,Main Campus,BS,Pashto,4 Year,"Eligibility: Intermediate with 45% marks OR A – Level with 50% marks OR Equivalent. National University of Modern Languages H-9/4 Islamabad ,Pakistan Phone: +92-51-9265100 Email: info@numl.edu.pk Regional Campuses Lahore Campus Faisalabad Campus Multan Campus Hyderabad Campus Quetta Campus Peshawar Campus Karachi Campus Rawalpindi MirpurAJK Campus 2026 © National University of Modern Languages, Is",,75000.0,2026-02-03,https://numl.edu.pk/programs/program/136
National University of Modern Languages,Islamabad,Main Campus,BS,Balochi,4 Years,"Eligibility: Intermediate with 2nd Div OR A–Level with 50% marks OR Equivalent. National University of Modern Languages H-9/4 Islamabad ,Pakistan Phone: +92-51-9265100 Email: info@numl.edu.pk Regional Campuses Lahore Campus Faisalabad Campus Multan Campus Hyderabad Campus Quetta Campus Peshawar Campus Karachi Campus Rawalpindi MirpurAJK Campus 2026 © National University of Modern Languages, Islama",,75000.0,2026-02-03,https://numl.edu.pk/programs/program/293
National University of Modern Languages,Islamabad,Main Campus,BS,Punjabi,4 Years,"Eligibility: Intermediate with 2nd Division OR A–Level with 50% marks OR Equivalent. National University of Modern Languages H-9/4 Islamabad ,Pakistan Phone: +92-51-9265100 Email: info@numl.edu.pk Regional Campuses Lahore Campus Faisalabad Campus Multan Campus Hyderabad Campus Quetta Campus Peshawar Campus Karachi Campus Rawalpindi MirpurAJK Campus 2026 © National University of Modern Languages, I",,75000.0,2026-02-03,https://numl.edu.pk/programs/program/407
National University of Modern Languages,Islamabad,Main Campus,BS,Urdu Bridging,4 Years,Eligibility: BA/BSc with 45% marks & having an elective subject in the target language OR BA/BSc with 45% marks & Diploma / Advanced Diploma preferably Interpretation level in the Language from NUML OR equivalent. Courses: S.No Course Code Subject Credit Hours 1 URBR-101 Basic English 3 2 URBR-102 Computer B 3 3 URBR-103 Basic Mathematics 3 4 URBR-111 Principle of Management 2 5 URBR-121 Classical,,75000.0,2026-02-03,https://numl.edu.pk/programs/program/60
National University of Modern Languages,Islamabad,Main Campus,BS,Urdu,4 Years,Eligibility: Intermediate with 2nd Division or A-Level with 50% marks or equivalent. Courses: S.No Course Code Subject Credit Hours 1 URBH-101 Basic English 3 2 URBH-102 Pakistan Studies 3 3 URBH-103 Basic Mathematics 3 4 URBH-111 Introduction to Economics 3 5 URBH-112 Introduction to Psychology 3 6 URBH-121 Classical Poetic Genres 3 7 URBH-104 Advanced English 3 8 URBH-105 Islamiat 3 9 URBH-113 I,,75000.0,2026-02-03,https://numl.edu.pk/programs/program/122
National University of Modern Languages,Islamabad,Main Campus,BS,Urdu Foreigners,4 Years,Eligibility: Intermediate with 2nd Div OR A–Level with 50% marks OR Equivalent. Courses: S.No Course Code Subject Credit Hours 1 URBF-141 Composition and Dictation 3-0 2 URBF-142 Basic Reading Skills 3-0 3 URBF-121 Basic Grammar 3-0 4 URBF-122 Basic Listening Skills 3-0 5 URBF-123 Basic Speaking Skills 3-0 6 URBF-124 Basic Conversation 3-0 7 URBF-143 Composition and Translation 3-0 8 URBF-144 Read,,75000.0,2026-02-03,https://numl.edu.pk/programs/program/330
National University of Modern Languages,Islamabad,Main Campus,BS,Associate Urdu,4 Years,"Eligibility: Intermediate with 45% marks OR A – Level with 50% marks OR Equivalent. National University of Modern Languages H-9/4 Islamabad ,Pakistan Phone: +92-51-9265100 Email: info@numl.edu.pk Regional Campuses Lahore Campus Faisalabad Campus Multan Campus Hyderabad Campus Quetta Campus Peshawar Campus Karachi Campus Rawalpindi MirpurAJK Campus 2026 © National University of Modern Languages, Is",,75000.0,2026-02-03,https://numl.edu.pk/programs/program/546
National University of Modern Languages,Islamabad,Main Campus,BS,Turkish,4 Years,Eligibility: Intermediate/A-Level with having Turkish Language language diploma or equivalent Courses: S.No Course Code Subject Credit Hours 1 BSTK101 Basic Grammar I 3 2 BSTK102 Reading Skills I 3 3 BSTK104 Speaking & Listening Skills I 3 4 BSTK103 Writing Skills I 3 5 GTKC101 Islamic Studies 3 6 GCTK102 English I 3 7 BSTK105 Basic Grammar II 3 8 BSTK106 Reading Skills II 3 9 BSTK107 Writing Sk,,75000.0,2026-02-03,https://numl.edu.pk/programs/program/187
National University of Modern Languages,Islamabad,Main Campus,BS,Software Engineering,4 Years,"Eligibility: Intermediate with 2nd Division OR A-Level with 50% marks OR Equivalent National University of Modern Languages H-9/4 Islamabad ,Pakistan Phone: +92-51-9265100 Email: info@numl.edu.pk Regional Campuses Lahore Campus Faisalabad Campus Multan Campus Hyderabad Campus Quetta Campus Peshawar Campus Karachi Campus Rawalpindi MirpurAJK Campus 2026 © National University of Modern Languages, Is",,75000.0,2026-02-03,https://numl.edu.pk/programs/program/383
National University of Modern Languages,Islamabad,Main Campus,BS,Korean Language & Culture,4 Year,Eligibility: Intermediate with 2nd Div OR A–Level with 50% marks OR Equivalent. Courses: S.No Course Code Subject Credit Hours 1 KOR-BS-101 Introduction of Korean Grammar and Vocabulary (FC) 3 2 KOR-BS-102 Introduction of Korean Culture (GC) 3 3 KOR-BS-103 Oral T-1 (Listening) (FC) 3 4 KOR-BS-104 Basic Korean Reading (FC) 3 5 KOR-BS-105 Introduction to Korean Writing (FC) 3 6 KOR-BS-106 Basic Kore,,75000.0,2026-02-03,https://numl.edu.pk/programs/program/131
National University of Modern Languages,Islamabad,Main Campus,BS,Persian,4 Years,"Eligibility: Intermediate with 2nd Div OR A–Level with 50% marks OR Equivalent. National University of Modern Languages H-9/4 Islamabad ,Pakistan Phone: +92-51-9265100 Email: info@numl.edu.pk Regional Campuses Lahore Campus Faisalabad Campus Multan Campus Hyderabad Campus Quetta Campus Peshawar Campus Karachi Campus Rawalpindi MirpurAJK Campus 2026 © National University of Modern Languages, Islama",,75000.0,2026-02-03,https://numl.edu.pk/programs/program/291
National University of Modern Languages,Islamabad,Main Campus,BS,Persian For Foreigners,4 Years,"Eligibility: Intermediate with 2nd Div OR A–Level with 50% marks OR Equivalent. National University of Modern Languages H-9/4 Islamabad ,Pakistan Phone: +92-51-9265100 Email: info@numl.edu.pk Regional Campuses Lahore Campus Faisalabad Campus Multan Campus Hyderabad Campus Quetta Campus Peshawar Campus Karachi Campus Rawalpindi MirpurAJK Campus 2026 © National University of Modern Languages, Islama",,75000.0,2026-02-03,https://numl.edu.pk/programs/program/292
National University of Modern Languages,Islamabad,Main Campus,BS,English,4 Years,Eligibility: Bachelor’s Degree with 45% marks. Applicants must have studied English as a compulsory subject at Graduation level. Preference will be given to those who have studied Elective English at graduation level. Courses: S.No Course Code Subject Credit Hours 1 GC 001 Mathematics 3 2 GC 002 Introduction to I.T Skills 3 3 ENBE- 111 Basic English Language Skills 3 4 ELL 004 Introduction to Lite,,75000.0,2026-02-03,https://numl.edu.pk/programs/program/331
National University of Modern Languages,Islamabad,Main Campus,BS,Hindi,4 Year,"Eligibility: Intermediate with 2nd Div OR A–Level with 50% marks OR Equivalent. National University of Modern Languages H-9/4 Islamabad ,Pakistan Phone: +92-51-9265100 Email: info@numl.edu.pk Regional Campuses Lahore Campus Faisalabad Campus Multan Campus Hyderabad Campus Quetta Campus Peshawar Campus Karachi Campus Rawalpindi MirpurAJK Campus 2026 © National University of Modern Languages, Islama",,75000.0,2026-02-03,https://numl.edu.pk/programs/program/212
National University of Modern Languages,Islamabad,Main Campus,BS,Bangla,4 Years,"Eligibility: Intermediate with 2nd Div OR A–Level with 50% marks OR Equivalent. National University of Modern Languages H-9/4 Islamabad ,Pakistan Phone: +92-51-9265100 Email: info@numl.edu.pk Regional Campuses Lahore Campus Faisalabad Campus Multan Campus Hyderabad Campus Quetta Campus Peshawar Campus Karachi Campus Rawalpindi MirpurAJK Campus 2026 © National University of Modern Languages, Islama",,75000.0,2026-02-03,https://numl.edu.pk/programs/program/290
National University of Modern Languages,Islamabad,Main Campus,BS,Arabic,4 Year,"Eligibility: Intermediate with 2nd Division or A-Level with 50% marks or equivalent National University of Modern Languages H-9/4 Islamabad ,Pakistan Phone: +92-51-9265100 Email: info@numl.edu.pk Regional Campuses Lahore Campus Faisalabad Campus Multan Campus Hyderabad Campus Quetta Campus Peshawar Campus Karachi Campus Rawalpindi MirpurAJK Campus 2026 © National University of Modern Languages, Is",,75000.0,2026-02-03,https://numl.edu.pk/programs/program/170
National University of Modern Languages,Islamabad,Main Campus,BS,French,4 Year,Eligibility: Intermediate with 2nd Div OR A–Level with 50% marks OR Equivalent. Courses: S.No Course Code Subject Credit Hours 1 FREN-101 English 1 (CC) 3 2 FRPS-102 Pakistan Studies (CC) 2 3 FRTC-121 Text Comprehension & Appreciation 1 (FC) 2 4 FRAG-122 Applied Grammar (A1-A2 Level) (FC) 3 5 FRWS-123 Writing Skills 1 (FC) 2 6 FRSS-124 Speaking Skills 1 (FC) 3 7 FRLS-125 Listening Skills 1 (FC) 1.,,75000.0,2026-02-03,https://numl.edu.pk/programs/program/67
National University of Modern Languages,Islamabad,Main Campus,BS,Mathematics,4 Years,Eligibility: 50% marks in Intermediate with Mathematics / A level or equivalent with Mathematics OR Diploma in Associate Engineering (DAE) with 60% marks. Courses: S.No Course Code Subject Credit Hours 1 MTCA-101 Calculus-I 3 2 MTSL-102 Elements of Set Theory and Logic 3 3 MTPH-101 Physics-I 4 4 MTIC-111 Introduction to computers 3 5 MTEN-101 English-I (Functional English) 3 6 MTIS-101 Islamic Stu,,75000.0,"December 17, 2025",https://numl.edu.pk/programs/program/250
National University of Modern Languages,Islamabad,Main Campus,BS,Computer Science,4 Years,"Eligibility: Bachelor’s Degree with 50% marks and having combination of subjects i. Math-A&B ii. Math General & Physics or Math-B. National University of Modern Languages H-9/4 Islamabad ,Pakistan Phone: +92-51-9265100 Email: info@numl.edu.pk Regional Campuses Lahore Campus Faisalabad Campus Multan Campus Hyderabad Campus Quetta Campus Peshawar Campus Karachi Campus Rawalpindi MirpurAJK Campus 202",,75000.0,2026-02-03,https://numl.edu.pk/programs/program/416
National University of Modern Languages,Islamabad,Main Campus,BS,Computer Science,4 Years,"Eligibility: 50% marks in Intermediate with Mathematics, ICS / A level or equivalent with Mathematics. Pre-medical background students will have to pass deficiency courses of Mathematics (06 credits) in first two semesters. Courses: S.No Course Code Subject Credit Hours 1 ESFE-101 English 1 3 2 CSIT-102 Application of Information and Communication Technologies(ICT) 3 3 MAAI-166 Introduction to Art",,75000.0,2026-02-03,https://numl.edu.pk/programs/program/537
National University of Modern Languages,Islamabad,Main Campus,BS,Business Administration,2 Year,"Eligibility: Intermediate (12 Years) With Minimum 45% marks A-Level with Minimum 50% marks. All HEC conditions apply. National University of Modern Languages H-9/4 Islamabad ,Pakistan Phone: +92-51-9265100 Email: info@numl.edu.pk Regional Campuses Lahore Campus Faisalabad Campus Multan Campus Hyderabad Campus Quetta Campus Peshawar Campus Karachi Campus Rawalpindi MirpurAJK Campus 2026 © National",,75000.0,2026-02-03,https://numl.edu.pk/programs/program/84
National University of Modern Languages,Islamabad,Main Campus,BS,Business Administration,4 Years,"Eligibility: Intermediate with 45% marks OR A – Level with 50% marks OR Equivalent. National University of Modern Languages H-9/4 Islamabad ,Pakistan Phone: +92-51-9265100 Email: info@numl.edu.pk Regional Campuses Lahore Campus Faisalabad Campus Multan Campus Hyderabad Campus Quetta Campus Peshawar Campus Karachi Campus Rawalpindi MirpurAJK Campus 2026 © National University of Modern Languages, Is",,75000.0,2026-02-03,https://numl.edu.pk/programs/program/543
National University of Modern Languages,Islamabad,Main Campus,BS,Computer Science,2 Year,"Eligibility: Intermediate (12 Years) with Minimum 45% marks / A-Level with Minimum 50% marks. National University of Modern Languages H-9/4 Islamabad ,Pakistan Phone: +92-51-9265100 Email: info@numl.edu.pk Regional Campuses Lahore Campus Faisalabad Campus Multan Campus Hyderabad Campus Quetta Campus Peshawar Campus Karachi Campus Rawalpindi MirpurAJK Campus 2026 © National University of Modern Lan",,75000.0,"March 25, 2026",https://numl.edu.pk/programs/program/594
National University of Modern Languages,Islamabad,Main Campus,BS,Financial Technologies,2 Year,"Eligibility: Intermediate (12 Years) with Minimum 45% marks / A-Level with Minimum 50% marks. National University of Modern Languages H-9/4 Islamabad ,Pakistan Phone: +92-51-9265100 Email: info@numl.edu.pk Regional Campuses Lahore Campus Faisalabad Campus Multan Campus Hyderabad Campus Quetta Campus Peshawar Campus Karachi Campus Rawalpindi MirpurAJK Campus 2026 © National University of Modern Lan",,75000.0,2026-02-03,https://numl.edu.pk/programs/program/595
National University of Modern Languages,Islamabad,Main Campus,BS,Information Technology,2 Year,"Eligibility: Intermediate (12 Years) with Minimum 45% marks / A-Level with Minimum 50% marks. National University of Modern Languages H-9/4 Islamabad ,Pakistan Phone: +92-51-9265100 Email: info@numl.edu.pk Regional Campuses Lahore Campus Faisalabad Campus Multan Campus Hyderabad Campus Quetta Campus Peshawar Campus Karachi Campus Rawalpindi MirpurAJK Campus 2026 © National University of Modern Lan",,75000.0,2026-02-03,https://numl.edu.pk/programs/program/596
National University of Modern Languages,Islamabad,Main Campus,BS,Business Administration,2 Year,"Eligibility: Intermediate (12 Years) with Minimum 45% marks / A-Level with Minimum 50% marks. National University of Modern Languages H-9/4 Islamabad ,Pakistan Phone: +92-51-9265100 Email: info@numl.edu.pk Regional Campuses Lahore Campus Faisalabad Campus Multan Campus Hyderabad Campus Quetta Campus Peshawar Campus Karachi Campus Rawalpindi MirpurAJK Campus 2026 © National University of Modern Lan",,75000.0,2026-02-03,https://numl.edu.pk/programs/program/597
National University of Modern Languages,Islamabad,Main Campus,BS,Public Administration And Governance,4 Years,Eligibility: Intermediate with 45% marks OR A – Level with 50% marks OR Equivalent Courses: S.No Course Code Subject Credit Hours 1 PAG-501 Functional English (Basic English Skills) 3 2 PAG-502 Islamic Studies/ Ethics (for Non-Muslims) 2 3 PAG-503 Applications of Information and Communication Technologies (ICT) 3 4 PAG-504 Quantitative Reasoning –I 3 5 PAG-505 Introduction to International Relatio,,75000.0,2026-02-03,https://numl.edu.pk/programs/program/165
National University of Modern Languages,Islamabad,Main Campus,BS,Economics,4 Years,"Eligibility: FSc/ICS/I.Com/ FA with 45% marks / A-Level with 50% marks and preferably having studied any one of the subjects viz: Statistics, Mathematics, Physics, Economics, Computer Science OR Commerce. Courses: S.No Course Code Subject Credit Hours 1 ECEC-101 Principles of Microeconomics 03 2 ECEC-121 Mathematical Economic-I 03 3 ECCS-101 Introduction to Computer 03 4 ECHU-101 Functional Englis",,75000.0,"August 31, 2026",https://numl.edu.pk/programs/program/70
National University of Modern Languages,Islamabad,Main Campus,BS,Computer Science,4 Years,"Eligibility: FSc/ICS/I.Com/ FA with 45% marks / A-Level with 50% marks and preferably having studied any one of the subjects viz: Statistics, Mathematics, Physics, Economics, Computer Science OR Commerce. Courses: S.No Course Code Subject Credit Hours 1 ECEC-101 Principles of Microeconomics 03 2 ECEC-121 Mathematical Economics-I 03 3 ECCS-101 Introduction to Computer 03 4 ECHU-101 Functional Engli",,75000.0,2026-02-03,https://numl.edu.pk/programs/program/71
National University of Modern Languages,Islamabad,Main Campus,BS,Computer Science,4 Years,Eligibility: BA/BSc with 45% marks. Relevancy of courses studied at graduation level is mandatory Courses: S.No Course Code Subject Credit Hours 1 ECHU-102 English 03 2 ECEC-121 Mathematics 03 3 ECCS-101 Computer 03 4 ECMG-261 Management Skills 03 5 ECEC-101 Principles of Economics 03 6 ECEC-102 Statistics for Economists 03 7 ECEC-201 Intermediate Microeconomics 03 8 ECEC-343 Basic Econometrics 03,,75000.0,2026-02-03,https://numl.edu.pk/programs/program/283
National University of Modern Languages,Islamabad,Main Campus,BS,Computer Science,4 Years,Eligibility: BA/BSc with 45% marks. Relevancy of courses studied at graduation level is mandatory. Courses: S.No Course Code Subject Credit Hours 1 ECHU-102 English 03 2 ECEC-121 Mathematics 03 3 ECCS-101 Computer 03 4 ECMG-261 Management Skills 03 5 ECEC-101 Principles of Economics 03 6 ECEC-102 Statistics for Economists 03 7 ECEC-201 Intermediate Microeconomics 03 8 ECEC-343 Basic Econometrics 0,,75000.0,2026-02-03,https://numl.edu.pk/programs/program/332
National University of Modern Languages,Islamabad,Main Campus,BS,Psychology,4 Years,"Eligibility: Intermediate with 45% marks OR A – Level with 50% marks OR Equivalent. National University of Modern Languages H-9/4 Islamabad ,Pakistan Phone: +92-51-9265100 Email: info@numl.edu.pk Regional Campuses Lahore Campus Faisalabad Campus Multan Campus Hyderabad Campus Quetta Campus Peshawar Campus Karachi Campus Rawalpindi MirpurAJK Campus 2026 © National University of Modern Languages, Is",,75000.0,"August 31, 2026",https://numl.edu.pk/programs/program/264
National University of Modern Languages,Islamabad,Main Campus,BS,Psychology,4 Years,"Eligibility: Bachelor’s Degree with 45% marks. Candidates having studied the relevant subject at BA / BSc level will be preferred. After clearing bridging semester, students will join BS 5th semester BS PSYCHOLOGY (Bridging Semester) Semester/Year Name of Subject/Course Title Course Codes Credit Hrs Psychology-I APBS-01 (3-0) Psychology-II APBS-11 (3-0) Mathematics APMM-104 (3-0) Intro to Computer",,75000.0,2026-02-03,https://numl.edu.pk/programs/program/337
National University of Modern Languages,Islamabad,Main Campus,BS,Psychology,4 Years,"Eligibility: Intermediate with 45% marks OR A – Level with 50% marks OR Equivalent. National University of Modern Languages H-9/4 Islamabad ,Pakistan Phone: +92-51-9265100 Email: info@numl.edu.pk Regional Campuses Lahore Campus Faisalabad Campus Multan Campus Hyderabad Campus Quetta Campus Peshawar Campus Karachi Campus Rawalpindi MirpurAJK Campus 2026 © National University of Modern Languages, Is",,75000.0,2026-02-03,https://numl.edu.pk/programs/program/541
National University of Modern Languages,Islamabad,Main Campus,BS,Languages And Translation Studies,4 Years,"Eligibility: Intermediate with at least 2nd Division or equivalent (twelve years of education) on merit. National University of Modern Languages H-9/4 Islamabad ,Pakistan Phone: +92-51-9265100 Email: info@numl.edu.pk Regional Campuses Lahore Campus Faisalabad Campus Multan Campus Hyderabad Campus Quetta Campus Peshawar Campus Karachi Campus Rawalpindi MirpurAJK Campus 2026 © National University of",,75000.0,2026-02-03,https://numl.edu.pk/programs/program/285
National University of Modern Languages,Islamabad,Main Campus,BS,English,4 Years,Eligibility: Intermediate with 2nd Div OR A–Level with 50% marks OR Equivalent. SCHEME OF STUDIES 1st Semester Course Code Course Name Credit Hours ENBE 111 Basic English Language Skills 3 ENES 112 Introduction to Environmental Studies 3 ENAC 121 Introduction to History 3 ENGC 113 Human Rights and Citizenship 2 ENGC 114 Introduction to Mathematics 3 Total 14 2nd Semester Course Code Course Name Cr,,75000.0,"September 30, 2026",https://numl.edu.pk/programs/program/286
National University of Modern Languages,Islamabad,Main Campus,BS,English,4 Years,"Eligibility: Intermediate with 45% marks OR A – Level with 50% marks OR Equivalent. National University of Modern Languages H-9/4 Islamabad ,Pakistan Phone: +92-51-9265100 Email: info@numl.edu.pk Regional Campuses Lahore Campus Faisalabad Campus Multan Campus Hyderabad Campus Quetta Campus Peshawar Campus Karachi Campus Rawalpindi MirpurAJK Campus 2026 © National University of Modern Languages, Is",,75000.0,2026-02-03,https://numl.edu.pk/programs/program/534
National University of Modern Languages,Islamabad,Main Campus,BS,Software Engineering,4 Years,"Eligibility: Intermediate with any one of the following combinations with 50% marks: (1) Maths, Physics & Chemistry (2) Maths, Physics & Computer Science (3) Maths, Stats & Computer Science (4) Maths, Stats & Physics (5) Maths, Stats & Economics (6) Maths, Computer & Economics (7) Physics, Chemistry & Biology. OR Diploma in Associate Engineering Examination with at least 60% aggregate marks in the",,75000.0,"December 17, 2025",https://numl.edu.pk/programs/program/238
National University of Modern Languages,Islamabad,Main Campus,BS,Information Technology,4 Years,"Eligibility: Intermediate with any one of the following combinations with 50% marks: (1) Maths, Physics and Chemistry (2) Maths, Physics and Computer Science (3) Maths, Stats and Computer Science (4) Maths, Stats and Physics (5) Maths, Stats and Economics (6) Maths, Computer Science and Economics (7) Physics, Chemistry and Biology (Pre-Medical) OR Diploma of Associate Engineering with at least 60%",,75000.0,"August 31, 2026",https://numl.edu.pk/programs/program/351
National University of Modern Languages,Islamabad,Main Campus,BS,Data Science,4 Years,"Eligibility: 50% marks in Intermediate with Mathematics, ICS / A level or equivalent with Mathematics. Pre-medical background students will have to pass deficiency courses of Mathematics (06 credits) in first two semesters. National University of Modern Languages H-9/4 Islamabad ,Pakistan Phone: +92-51-9265100 Email: info@numl.edu.pk Regional Campuses Lahore Campus Faisalabad Campus Multan Campus",,75000.0,"August 31, 2026",https://numl.edu.pk/programs/program/536
National University of Modern Languages,Islamabad,Main Campus,BS,Commerce,2 Year,Eligibility: Intermediate (12 Years) With Minimum 45% marks /A-Level with Minimum 50% marks Courses: S.No Course Code Subject Credit Hours 1 HUM-101 Functional English 3 2 MGT-101 Introduction to Buisiness 3 3 ACC-121 Fundamentals of Accounting 3 4 ITM-121 Introduction to IT 3 5 MTS-101 Business Mathematics 3 6 HUM-121 Pakistan Studies 2 7 HUM-122 Islamic Studies 2 8 ECO-121 Microeconomics 3 9 ACC,,75000.0,"September 30, 2026",https://numl.edu.pk/programs/program/441
National University of Modern Languages,Islamabad,Main Campus,BS,Accounting,2 Year,Eligibility: Intermediate (12 Years) With Minimum 45% marks /A-Level with Minimum 50% marks Courses: S.No Course Code Subject Credit Hours 1 HUM-102 B Business Communication & Professional Speech 3 2 ACC-141 Financial Accounting 3 3 MKT-221 Principles of Marketing 3 4 FIN-121 Intro. to Business Finance 3 5 MTS-102 Statistics and Probability 3 6 ECO-101 Macro Economics 3 7 HUM-102 Business Communic,,75000.0,"December 17, 2025",https://numl.edu.pk/programs/program/442
National University of Modern Languages,Islamabad,Main Campus,BS,Associate Commerce,2 Year,"Eligibility: Intermediate (12 Years) With Minimum 45% marks / A-Level with Minimum 50% marks. National University of Modern Languages H-9/4 Islamabad ,Pakistan Phone: +92-51-9265100 Email: info@numl.edu.pk Regional Campuses Lahore Campus Faisalabad Campus Multan Campus Hyderabad Campus Quetta Campus Peshawar Campus Karachi Campus Rawalpindi MirpurAJK Campus 2026 © National University of Modern Lan",,75000.0,2026-02-03,https://numl.edu.pk/programs/program/511
National University of Modern Languages,Islamabad,Main Campus,MS,M.Phil Education,1.5 Year,"Eligibility: a. Master degree (16 years of education) in relevant discipline from HEC recognized University with minimum 2.5 out of 4.0 CGPA or Grade ‘B’ under semester system or 50 % marks under annual system. b. Selection in the respective program will be subject to availability of seats, merit-based on academic qualification, valid GRE International / NTS / NUML devised GAT- General Score. c. Applicants with valid GRE International/GAT-General from NTS will have to pass written/subjective por",,90000.0,2026-02-03,https://numl.edu.pk/programs/program/254
National University of Modern Languages,Islamabad,Main Campus,MS,M. Phil.International Relations,2 Years,Eligibility: a. 16 years of education in relevant discipline from HEC recognized university with following score: - i. Semester system: 2.50/4.00 CGPA or grade “B”. ii. Annual System: 50% marks (45% for English and Urdu) b. GAT-General with a minimum cumulative score as determined by HEC. c. Passing of entrance test /interview conducted by the university. Courses: S.No Course Code Subject Credit Hours 1 IRFA-768 Foreign Policy Analysis 03 2 IRTH-701 Theories of International Relations 03 3 IRIP-,,90000.0,2026-02-03,https://numl.edu.pk/programs/program/208
National University of Modern Languages,Islamabad,Main Campus,MS,Media & Communication Studies,2 Years,"Eligibility: Master / BS degree (16 years of education) in relevant discipline from HEC recognized University with minimum 2.5 out of 4.0 CGPA or Grade ‘B’ under semester system or 50 % marks under annual system (45% marks under annual system for Urdu / English programs only). Selection in the respective program will be subject to availability of seats, merit based on academic qualification, valid GRE International / NTS / NUML devised GAT- General Score. Applicants with valid GRE International",,90000.0,2026-02-03,https://numl.edu.pk/programs/program/434
National University of Modern Languages,Islamabad,Main Campus,MS,M.Phil,2 Years,"Eligibility: Master / BS degree (16 years of education) in relevant discipline from HEC recognized University with minimum 2.5 out of 4.0 CGPA or Grade ‘B’ under semester system or 50 % marks under annual system (45% marks under annual system for Urdu / English programs only). Selection in the respective program will be subject to availability of seats, merit based on academic qualification, valid GRE International / NTS / NUML devised GAT- General Score. Applicants with valid GRE International/",,90000.0,2026-02-03,https://numl.edu.pk/programs/program/236
National University of Modern Languages,Islamabad,Main Campus,MS,M Phil Islamic Studies,2 Years,"Eligibility: Master / BS degree (16 years of education) in relevant discipline from HEC recognized University with minimum 2.5 out of 4.0 CGPA or Grade ‘B’ under semester system or 50 % marks under annual system (45% marks under annual system for Urdu / English programs only). Selection in the respective program will be subject to availability of seats, merit based on academic qualification, valid GRE International / NTS / NUML devised GAT- General Score. Applicants with valid GRE International/",,90000.0,2026-02-03,https://numl.edu.pk/programs/program/204
National University of Modern Languages,Islamabad,Main Campus,MS,Computer Science,2 Years,"Eligibility: Master / BS degree (16 years of education) in relevant discipline from HEC recognized University with minimum 2.5 out of 4.0 CGPA or Grade ‘B’ under semester system or 50 % marks under annual system (45% marks under annual system for Urdu / English programs only). Selection in the respective program will be subject to availability of seats, merit based on academic qualification, valid GRE International / NTS / NUML devised GAT- General Score. Applicants with valid GRE International/",,90000.0,2026-02-03,https://numl.edu.pk/programs/program/59
National University of Modern Languages,Islamabad,Main Campus,MS,Artificial Intelligence,2 Year,"Eligibility: BS(AI, CS, SE, IT) 4 Years Degree -16 Years Education, OR MCS/MIT 2 Years Degree -16 Years Education, And 50% Marks in Annual System or 65% Marks/2.5 CGPA in Semester System and NTS General Test with at least 50% Marks or NUML General Test with at least 60% Marks And Interview . Scheme of Study: National University of Modern Languages H-9/4 Islamabad ,Pakistan Phone: +92-51-9265100 Email: info@numl.edu.pk Regional Campuses Lahore Campus Faisalabad Campus Multan Campus Hyderabad C",,90000.0,2026-02-03,https://numl.edu.pk/programs/program/458
National University of Modern Languages,Islamabad,Main Campus,MS,Software Engineering,2 Year,"Eligibility: BS(Cyber Security, CS, SE, IT) 4 Years Degree -16 Years Education, OR MCS/MIT 2 Years Degree -16 Years Education, And 50% Marks in AnnualSystem or 65% Marks/2.5 CGPA in Semester System and NTS General Test with at least 50% Marks or NUML General Test with at least 60% Marks And Interview Scheme of Study: National University of Modern Languages H-9/4 Islamabad ,Pakistan Phone: +92-51-9265100 Email: info@numl.edu.pk Regional Campuses Lahore Campus Faisalabad Campus Multan Campus Hy",,90000.0,2026-02-03,https://numl.edu.pk/programs/program/459
National University of Modern Languages,Islamabad,Main Campus,MS,Electrical Engineering,2 Years,"Eligibility: Master / BS degree (16 years of education) in relevant discipline from HEC recognized University with minimum 2.5 out of 4.0 CGPA (PEC registration is also mandatory) or Grade ‘B’ under semester system or 50 % marks under annual system (45% marks under annual system for Urdu / English programs only). Selection in the respective program will be subject to availability of seats, merit based on academic qualification, valid GRE International / NTS / NUML devised GAT- General Score. App",,90000.0,"September 30, 2026",https://numl.edu.pk/programs/program/232
National University of Modern Languages,Islamabad,Main Campus,MS,M.Phil Urdu,2 Years,"Eligibility: Master / BS degree (16 years of education) in relevant discipline from HEC recognized University with minimum 2.5 out of 4.0 CGPA or Grade ‘B’ under semester system or 50 % marks under annual system (45% marks under annual system for Urdu / English programs only). Selection in the respective program will be subject to availability of seats, merit based on academic qualification, valid GRE International / NTS / NUML devised GAT- General Score. Applicants with valid GRE International",,90000.0,2026-02-03,https://numl.edu.pk/programs/program/119
National University of Modern Languages,Islamabad,Main Campus,MS,Software Engineering,2 Years,"Eligibility: Master / BS degree (16 years of education) in relevant discipline from HEC recognized University with minimum 2.5 out of 4.0 CGPA (2.0 out of 4.0 CGPA for MS EE only, PEC registration is also mandatory) or Grade ‘B’ under semester system or 50 % marks under annual system (45% marks under annual system for Urdu / English programs only). Selection in the respective program will be subject to availability of seats, merit based on academic qualification, valid GRE International / NTS /",,90000.0,2026-02-03,https://numl.edu.pk/programs/program/288
National University of Modern Languages,Islamabad,Main Campus,MS,Persian,2 Years,"Eligibility: Master / BS degree (16 years of education) in relevant discipline from HEC recognized University with minimum 2.5 out of 4.0 CGPA or Grade ‘B’ under semester system or 50 % marks under annual system (45% marks under annual system for Urdu / English programs only). Selection in the respective program will be subject to availability of seats, merit based on academic qualification, valid GRE International / NTS / NUML devised GAT- General Score. Applicants with valid GRE International/",,90000.0,2026-02-03,https://numl.edu.pk/programs/program/287
National University of Modern Languages,Islamabad,Main Campus,MS,M.Phil,2 Years,"Eligibility: Master / BS degree (16 years of education) in relevant discipline from HEC recognized University with minimum 2.5 out of 4.0 CGPA or Grade ‘B’ under semester system or 50 % marks under annual system (45% marks under annual system for Urdu / English programs only). Selection in the respective program will be subject to availability of seats, merit based on academic qualification, valid GRE International / NTS / NUML devised GAT- General Score. Applicants with valid GRE International/",,90000.0,2026-02-03,https://numl.edu.pk/programs/program/246
National University of Modern Languages,Islamabad,Main Campus,MS,Hindi Language,2 Years,"Eligibility: Master / BS degree (16 years of education) in relevant discipline from HEC recognized University with minimum 2.5 out of 4.0 CGPA or Grade ‘B’ under semester system or 50 % marks under annual system (45% marks under annual system for Urdu / English programs only). Selection in the respective program will be subject to availability of seats, merit based on academic qualification, valid GRE International / NTS / NUML devised GAT- General Score. Applicants with valid GRE International",,90000.0,2026-02-03,https://numl.edu.pk/programs/program/145
National University of Modern Languages,Islamabad,Main Campus,MS,M.Phil Arabic,2 Years,"Eligibility: a. Master degree (16 years of education) in relevant discipline from HEC recognized University with minimum 2.5 out of 4.0 CGPA or Grade ‘B’ under semester system or 50 % marks under annual system. b. Selection in the respective program will be subject to availability of seats, merit based on academic qualification, valid GRE International / NTS / NUML devised GAT- General Score. c. Applicants with valid GRE International/GAT-General from NTS will have to pass written/subjective por",,90000.0,2026-02-03,https://numl.edu.pk/programs/program/183
National University of Modern Languages,Islamabad,Main Campus,MS,French,2 Years,"Eligibility: Master / BS degree (16 years of education) in relevant discipline from HEC recognized University with minimum 2.5 out of 4.0 CGPA or Grade ‘B’ under semester system or 50 % marks under annual system (45% marks under annual system for Urdu / English programs only). Selection in the respective program will be subject to availability of seats, merit based on academic qualification, valid GRE International / NTS / NUML devised GAT- General Score. Applicants with valid GRE International/",,90000.0,2026-02-03,https://numl.edu.pk/programs/program/69
National University of Modern Languages,Islamabad,Main Campus,MS,Mathematics,2 Years,"Eligibility: Master / BS degree (16 years of education) in relevant discipline from HEC recognized University with minimum 2.5 out of 4.0 CGPA or Grade ‘B’ under semester system or 50 % marks under annual system (45% marks under annual system for Urdu / English programs only). Selection in the respective program will be subject to availability of seats, merit based on academic qualification, valid GRE International / NTS / NUML devised GAT- General Score. Applicants with valid GRE International/",,90000.0,https://admission.lums.edu.pk/graduate,https://numl.edu.pk/programs/program/251
National University of Modern Languages,Islamabad,Main Campus,MS,Mba Executive,2 Years,"Eligibility: BSCS (4 years), BE (4 years), MBBS, MA, MSc or Equivalent qualification with CGPA 2.0/4 under semester system or 45% marks under annual System with three years job experience All HEC conditions apply National University of Modern Languages H-9/4 Islamabad ,Pakistan Phone: +92-51-9265100 Email: info@numl.edu.pk Regional Campuses Lahore Campus Faisalabad Campus Multan Campus Hyderabad Campus Quetta Campus Peshawar Campus Karachi Campus Rawalpindi MirpurAJK Campus 2026 © National Unive",,90000.0,2026-02-03,https://numl.edu.pk/programs/program/86
National University of Modern Languages,Islamabad,Main Campus,MS,Artificial Intelligence,2 Year,"Eligibility: Master / BS degree (16 years of education) in relevant discipline from HEC recognized University with minimum 2.5 out of 4.0 CGPA or Grade ‘B’ under semester system or 50 % marks under annual system (45% marks under annual system for Urdu / English programs only). Selection in the respective program will be subject to availability of seats, merit based on academic qualification, valid GRE International / NTS / NUML devised GAT- General Score. Applicants with valid GRE International/",,90000.0,2026-02-03,https://numl.edu.pk/programs/program/89
National University of Modern Languages,Islamabad,Main Campus,MS,Information Technology,2 Years,"Eligibility: MBA (with Business Education) - 3 Semesters : BBA (4 Years) BS A & F (4 Years) B.Com (4 Years), Old MBA / MPA, M.Com, ACMA, ACA, or Equivalent with CGPA 2.0/4 OR 45% marks under annual system. National University of Modern Languages H-9/4 Islamabad ,Pakistan Phone: +92-51-9265100 Email: info@numl.edu.pk Regional Campuses Lahore Campus Faisalabad Campus Multan Campus Hyderabad Campus Quetta Campus Peshawar Campus Karachi Campus Rawalpindi MirpurAJK Campus 2026 © National University o",,90000.0,2026-02-03,https://numl.edu.pk/programs/program/273
National University of Modern Languages,Islamabad,Main Campus,MS,Information Technology,2 Years,"Eligibility: BSCS (4 years), BE(4 years), MBBS, MA, MSc or Equivalent qualification with CGPA 2.0/4 under semester system or 45% marks under annual System All HEC conditions apply National University of Modern Languages H-9/4 Islamabad ,Pakistan Phone: +92-51-9265100 Email: info@numl.edu.pk Regional Campuses Lahore Campus Faisalabad Campus Multan Campus Hyderabad Campus Quetta Campus Peshawar Campus Karachi Campus Rawalpindi MirpurAJK Campus 2026 © National University of Modern Languages, Islama",,90000.0,2026-02-03,https://numl.edu.pk/programs/program/274
National University of Modern Languages,Islamabad,Main Campus,MS,Governance & Public Policy,2 Years,"Eligibility: Master / BS degree (16 years of education) in relevant discipline from HEC recognized University with minimum 2.5 out of 4.0 CGPA or Grade ‘B’ under semester system or 50 % marks under annual system (45% marks under annual system for Urdu / English programs only). Selection in the respective program will be subject to availability of seats, merit based on academic qualification, valid GRE International / NTS / NUML devised GAT- General Score. Applicants with valid GRE International/",,90000.0,2026-02-03,https://numl.edu.pk/programs/program/167
National University of Modern Languages,Islamabad,Main Campus,MS,Economics,2 Years,"Eligibility: Master / BS degree (16 years of education) in relevant discipline from HEC recognized University with minimum 2.5 out of 4.0 CGPA or Grade ‘B’ under semester system or 50 % marks under annual system (45% marks under annual system for Urdu / English programs only). Selection in the respective program will be subject to availability of seats, merit based on academic qualification, valid GRE International / NTS / NUML devised GAT- General Score. Applicants with valid GRE International/",,90000.0,2026-02-03,https://numl.edu.pk/programs/program/73
National University of Modern Languages,Islamabad,Main Campus,MS,Computer Science,2 Years,"Eligibility: MS/MPhil Programs : Master / BS degree (16 years of education) in relevant discipline from HEC recognized University with minimum 2.5 out of 4.0 CGPA or Grade ‘B’ under semester system or 50 % marks under annual system (45% marks under annual system for Urdu / English programs only). Selection in the respective program will be subject to availability of seats, merit based on academic qualification, valid GRE International / NTS / NUML devised GAT- General Score. Applicants with vali",,90000.0,2026-02-03,https://numl.edu.pk/programs/program/514
National University of Modern Languages,Islamabad,Main Campus,MS,Psychology,2 Years,"Eligibility: Master / BS degree (16 years of education) in relevant discipline from HEC recognized University with minimum 2.5 out of 4.0 CGPA or Grade ‘B’ under semester system or 50 % marks under annual system (45% marks under annual system for Urdu / English programs only). Selection in the respective program will be subject to availability of seats, merit based on academic qualification, valid GRE International / NTS / NUML devised GAT- General Score. Applicants with valid GRE International/",,90000.0,2026-02-03,https://numl.edu.pk/programs/program/267
National University of Modern Languages,Islamabad,Main Campus,MS,Data Science,2 Year,"Eligibility: Master / BS degree (16 years of education) in following domains (Information Technology, Software Engineering, Data Science, Artificial Intelligence, Computer Engineering, Electrical Engineering, Statistics or Mathematics, Computer Science or any computing related discipline) are eligible to apply from HEC recognized University with minimum 2.5 out of 4.0 CGPA or Grade ‘B’ under semester system or 50 % marks under annual system (45% marks under annual system for Urdu / English progr",,90000.0,2026-02-03,https://numl.edu.pk/programs/program/438
National University of Modern Languages,Islamabad,Main Campus,MS,Software Engineering,2 Years,"Eligibility: Master / BS degree (16 years of education) in relevant discipline from HEC recognized University with minimum 2.5 out of 4.0 CGPA or Grade ‘B’ under semester system or 50 % marks under annual system (45% marks under annual system for Urdu / English programs only). Selection in the respective program will be subject to availability of seats, merit based on academic qualification, valid GRE International / NTS / NUML devised GAT- General Score. Applicants with valid GRE International/",,90000.0,2026-02-03,https://numl.edu.pk/programs/program/239
National University of Modern Languages,Islamabad,Main Campus,MS,Finance,2 Years,"Eligibility: As per HEC criteria National University of Modern Languages H-9/4 Islamabad ,Pakistan Phone: +92-51-9265100 Email: info@numl.edu.pk Regional Campuses Lahore Campus Faisalabad Campus Multan Campus Hyderabad Campus Quetta Campus Peshawar Campus Karachi Campus Rawalpindi MirpurAJK Campus 2026 © National University of Modern Languages, Islamabad. Privacy Policy Admission LMS Student Portal Library Journals E-Registration Online QEC Results Datesheets Scholarships Feedback",,90000.0,2026-02-03,https://numl.edu.pk/programs/program/504
National University of Modern Languages,Islamabad,Main Campus,PhD,Education,3–5 Years,"Eligibility: a. MS/MPhil Degree (18 years of education with 6 credit hrs. research) in relevant discipline from HEC recognized University with minimum 3.0 out of 4.0 CGPA under semester system OR 1st Division under annual system. b. Selection in the respective program will be subject to availability of seats, merit based on academic qualification, valid GRE International / NTS / NUML devised GAT- subject score and interview. c. Applicants with valid GRE International/GAT-Subject from NTS will have to pass written/subjective portion of NUML GAT-S (as per schedule of respective Faculties) to sec",,110000.0,2026-02-03,https://numl.edu.pk/programs/program/253
National University of Modern Languages,Islamabad,Main Campus,PhD,International Relations,3–5 Years,"Eligibility: a. MS/MPhil Degree (18 years of education with 6 credit hrs. research) in relevant discipline from HEC recognized University with minimum 3.0 out of 4.0 CGPA under semester system OR 1st Division under annual system. b. Selection in the respective program will be subject to availability of seats, merit based on academic qualification, valid GRE International / NTS / NUML devised GAT- subject score and interview. c. Applicants with valid GRE International/GAT-Subject from NTS will have to pass written/subjective portion of NUML GAT-S (as per schedule of respective Faculties) to sec",,110000.0,2026-02-03,https://numl.edu.pk/programs/program/207
National University of Modern Languages,Islamabad,Main Campus,PhD,Media & Communication Studies,3–5 Years,"Eligibility: a. MS/MPhil Degree (18 years of education with 6 credit hrs. research) in relevant discipline from HEC recognized University with minimum 3.0 out of 4.0 CGPA under semester system OR 1st Division under annual system. b. Selection in the respective program will be subject to availability of seats, merit based on academic qualification, valid GRE International / NTS / NUML devised GAT- subject score and interview. c. Applicants with valid GRE International/GAT-Subject from NTS will have to pass written/subjective portion of NUML GAT-S (as per schedule of respective Faculties) to sec",,110000.0,2026-02-03,https://numl.edu.pk/programs/program/435
National University of Modern Languages,Islamabad,Main Campus,PhD,Islamic Studies,3–5 Years,"Eligibility: MS/MPhil Degree (18 years of education with 6 credit hrs research) in relevant discipline from HEC recognized University with minimum 3.0 out of 4.0 CGPA under semester system OR 1st Division under annual system. Selection in the respective program will be subject to availability of seats, merit based on academic qualification, valid GRE International / NTS / NUML devised GAT- subject score and interview. Applicants with valid GRE International/GAT-Subject from NTS will have to pass written/subjective portion of NUML GAT-S (as per schedule of respective Faculties) to secure admiss",,110000.0,2026-02-03,https://numl.edu.pk/programs/program/205
National University of Modern Languages,Islamabad,Main Campus,PhD,Computer Science,3–5 Years,"Eligibility: MS/MPhil Degree (18 years of education with 6 credit hrs research) in relevant discipline from HEC recognized University with minimum 3.0 out of 4.0 CGPA under semester system OR 1st Division under annual system. Selection in the respective program will be subject to availability of seats, merit based on academic qualification, valid GRE International / NTS / NUML devised GAT- subject score and interview. Applicants with valid GRE International/GAT-Subject from NTS will have to pass written/subjective portion of NUML GAT-S (as per schedule of respective Faculties) to secure admiss",,110000.0,2026-02-03,https://numl.edu.pk/programs/program/206
National University of Modern Languages,Islamabad,Main Campus,PhD,Software Engineering,3–5 Years,"Eligibility: MA in German Language and Literature National University of Modern Languages H-9/4 Islamabad ,Pakistan Phone: +92-51-9265100 Email: info@numl.edu.pk Regional Campuses Lahore Campus Faisalabad Campus Multan Campus Hyderabad Campus Quetta Campus Peshawar Campus Karachi Campus Rawalpindi MirpurAJK Campus 2026 © National University of Modern Languages, Islamabad. Privacy Policy Admission LMS Student Portal Library Journals E-Registration Online QEC Results Datesheets Scholarships Feedback",,110000.0,2026-02-03,https://numl.edu.pk/programs/program/227
National University of Modern Languages,Islamabad,Main Campus,PhD,Urdu,3 Year,"Eligibility: a. MS/MPhil Degree (18 years of education with 6 credit hrs. research) in relevant discipline from HEC recognized University with minimum 3.0 out of 4.0 CGPA under semester system OR 1st Division under annual system. b. Selection in the respective program will be subject to availability of seats, merit based on academic qualification, valid GRE International / NTS / NUML devised GAT- subject score and interview. c. Applicants with valid GRE International/GAT-Subject from NTS will have to pass written/subjective portion of NUML GAT-S (as per schedule of respective Faculties) to sec",,110000.0,2026-02-03,https://numl.edu.pk/programs/program/120
National University of Modern Languages,Islamabad,Main Campus,PhD,Persian,3–5 Years,"Eligibility: a. MS/MPhil Degree (18 years of education with 6 credit hrs. research) in relevant discipline from HEC recognized University with minimum 3.0 out of 4.0 CGPA under semester system OR 1st Division under annual system. b. Selection in the respective program will be subject to availability of seats, merit based on academic qualification, valid GRE International / NTS / NUML devised GAT- subject score and interview. c. Applicants with valid GRE International/GAT-Subject from NTS will have to pass written/subjective portion of NUML GAT-S (as per schedule of respective Faculties) to sec",,110000.0,2026-02-03,https://numl.edu.pk/programs/program/289
National University of Modern Languages,Islamabad,Main Campus,PhD,Computer Science,3–5 Years,"Eligibility: a. MS/MPhil Degree (18 years of education with 6 credit hrs. research) in relevant discipline from HEC recognized University with minimum 3.0 out of 4.0 CGPA under semester system OR 1st Division under annual system. b. Selection in the respective program will be subject to availability of seats, merit based on academic qualification, valid GRE International / NTS / NUML devised GAT- subject score and interview. c. Applicants with valid GRE International/GAT-Subject from NTS will have to pass written/subjective portion of NUML GAT-S (as per schedule of respective Faculties) to sec",,110000.0,2026-02-03,https://numl.edu.pk/programs/program/245
National University of Modern Languages,Islamabad,Main Campus,PhD,Ph.D Arabic,3 Year,"Eligibility: a. MS/MPhil Degree (18 years of education with 6 credit hrs. research) in relevant discipline from HEC recognized University with minimum 3.0 out of 4.0 CGPA under semester system OR 1st Division under annual system. b. Selection in the respective program will be subject to availability of seats, merit based on academic qualification, valid GRE International / NTS / NUML devised GAT- subject score and interview. c. Applicants with valid GRE International/GAT-Subject from NTS will have to pass written/subjective portion of NUML GAT-S (as per schedule of respective Faculties) to sec",,110000.0,2026-02-03,https://numl.edu.pk/programs/program/184
National University of Modern Languages,Islamabad,Main Campus,PhD,Mathematics,3–5 Years,"Eligibility: PhD (Mathematics) Degree Programme (Three Years-Six Semesters) The Department of Mathematics, National University of Modern Languages (NUML), Islamabad offers Graduate Programs leading to the degree of PhD in Mathematics. The diversity of graduate courses offered in the department give the student an opportunity to specialize in one of the several fields of Pure Mathematics, Applied Mathematics, Computational Mathematics OBJECTIVES OF THE PROGRAM This program is designed to develop most recent knowledge and up to dated research in Mathematics. We have experts in many major areas o",,110000.0,"December 17, 2025",https://numl.edu.pk/programs/program/497
National University of Modern Languages,Islamabad,Main Campus,PhD,Finance,3–5 Years,"Eligibility: a. MS/MPhil Degree (18 years of education with 6 credit hrs. research) in relevant discipline from HEC recognized University with minimum 3.0 out of 4.0 CGPA under semester system OR 1st Division under annual system. b. Selection in the respective program will be subject to availability of seats, merit based on academic qualification, valid GRE International / NTS / NUML devised GAT- subject score and interview. c. Applicants with valid GRE International/GAT-Subject from NTS will have to pass written/subjective portion of NUML GAT-S (as per schedule of respective Faculties) to sec",,110000.0,2026-02-03,https://numl.edu.pk/programs/program/90
National University of Modern Languages,Islamabad,Main Campus,PhD,Governance & Public Policy,3–5 Years,"Eligibility: a. MS/MPhil Degree (18 years of education with 6 credit hrs. research) in relevant discipline from HEC recognized University with minimum 3.0 out of 4.0 CGPA under semester system OR 1st Division under annual system. b. Selection in the respective program will be subject to availability of seats, merit based on academic qualification, valid GRE International / NTS / NUML devised GAT- subject score and interview. c. Applicants with valid GRE International/GAT-Subject from NTS will have to pass written/subjective portion of NUML GAT-S (as per schedule of respective Faculties) to sec",,110000.0,2026-02-03,https://numl.edu.pk/programs/program/353
National University of Modern Languages,Islamabad,Main Campus,PhD,Economics,3–5 Years,"Eligibility: a. MS/MPhil Degree (18 years of education with 6 credit hrs. research) in relevant discipline from HEC recognized University with minimum 3.0 out of 4.0 CGPA under semester system OR 1st Division under annual system. b. Selection in the respective program will be subject to availability of seats, merit based on academic qualification, valid GRE International / NTS / NUML devised GAT- subject score and interview. c. Applicants with valid GRE International/GAT-Subject from NTS will have to pass written/subjective portion of NUML GAT-S (as per schedule of respective Faculties) to sec",,110000.0,"December 17, 2025",https://numl.edu.pk/programs/program/74
National University of Modern Languages,Islamabad,Main Campus,PhD,Psychology,3–5 Years,"Eligibility: a. MS/MPhil Degree (18 years of education with 6 credit hrs. research) in relevant discipline from HEC recognized University with minimum 3.0 out of 4.0 CGPA under semester system OR 1st Division under annual system. b. Selection in the respective program will be subject to availability of seats, merit based on academic qualification, valid GRE International / NTS / NUML devised GAT- subject score and interview. c. Applicants with valid GRE International/GAT-Subject from NTS will have to pass written/subjective portion of NUML GAT-S (as per schedule of respective Faculties) to sec",,110000.0,2026-02-03,https://numl.edu.pk/programs/program/268
National University of Modern Languages,Islamabad,Main Campus,PhD,Software Engineering,3–5 Years,"Eligibility: a. MS/MPhil Degree (18 years of education with 6 credit hrs. research) in relevant discipline from HEC recognized University with minimum 3.0 out of 4.0 CGPA under semester system OR 1st Division under annual system. b. Selection in the respective program will be subject to availability of seats, merit based on academic qualification, valid GRE International / NTS / NUML devised GAT- subject score and interview. c. Applicants with valid GRE International/GAT-Subject from NTS will have to pass written/subjective portion of NUML GAT-S (as per schedule of respective Faculties) to sec",,110000.0,2026-02-03,https://numl.edu.pk/programs/program/240
NUST,Islamabad,School Of Chemical & Materials Engineering,BS,Chemical Engineering,4 Years,FSc (Pre-Engineering / ICS / relevant group) with required subjects,NET (NUST Entry Test),325000.0,"January 31, 2026",https://nust.edu.pk/admissions/undergraduates/dates-to-remember/
NUST,Islamabad,School Of Chemical & Materials Engineering,BS,Metallurgy & Materials Engineering,4 Years,FSc (Pre-Engineering / ICS / relevant group) with required subjects,NET (NUST Entry Test),325000.0,"January 31, 2026",https://nust.edu.pk/admissions/undergraduates/dates-to-remember/
NUST,Islamabad,School Of Chemical & Materials Engineering,BS,Metallurgy & Materials,4 Years,FSc (Pre-Engineering / ICS / relevant group) with required subjects,NET (NUST Entry Test),300000.0,"January 31, 2026",https://nust.edu.pk/admissions/undergraduates/dates-to-remember/
NUST,Islamabad,School Of Electrical Engineering & Computer Science,BS,Software Engineering,4 Years,FSc (Pre-Engineering / ICS / relevant group) with required subjects,NET (NUST Entry Test),325000.0,"January 31, 2026",https://nust.edu.pk/admissions/undergraduates/dates-to-remember/
NUST,Islamabad,School Of Electrical Engineering & Computer Science,BS,Computer Science,4 Years,FSc (Pre-Engineering / ICS / relevant group) with required subjects,NET (NUST Entry Test),325000.0,"January 31, 2026",https://nust.edu.pk/admissions/undergraduates/dates-to-remember/
NUST,Islamabad,School Of Electrical Engineering & Computer Science,BS,Computer Science,4 Years,FSc (Pre-Engineering / ICS / relevant group) with required subjects,NET (NUST Entry Test),325000.0,"January 31, 2026",https://nust.edu.pk/admissions/undergraduates/dates-to-remember/
NUST,Islamabad,School Of Electrical Engineering & Computer Science,BS,Electrical Engineering,4 Years,FSc (Pre-Engineering / ICS / relevant group) with required subjects,NET (NUST Entry Test),325000.0,"January 31, 2026",https://nust.edu.pk/admissions/undergraduates/dates-to-remember/
NUST,Islamabad,School Of Electrical Engineering & Computer Science,BS,Computer Science,4 Years,FSc (Pre-Engineering / ICS / relevant group) with required subjects,NET (NUST Entry Test),325000.0,"January 31, 2026",https://nust.edu.pk/admissions/undergraduates/dates-to-remember/
NUST,Islamabad,School Of Electrical Engineering & Computer Science,BS,Data Science,4 Years,FSc (Pre-Engineering / ICS / relevant group) with required subjects,NET (NUST Entry Test),300000.0,"January 31, 2026",https://nust.edu.pk/admissions/undergraduates/dates-to-remember/
NUST,Islamabad,School Of Electrical Engineering & Computer Science,BS,Artificial Intelligence,4 Years,FSc (Pre-Engineering / ICS / relevant group) with required subjects,NET (NUST Entry Test),300000.0,"January 31, 2026",https://nust.edu.pk/admissions/undergraduates/dates-to-remember/
NUST,Islamabad,School Of Electrical Engineering & Computer Science,BS,Electrical Engineering,4 Years,FSc (Pre-Engineering / ICS / relevant group) with required subjects,NET (NUST Entry Test),325000.0,"January 31, 2026",https://nust.edu.pk/admissions/undergraduates/dates-to-remember/
NUST,Islamabad,School Of Electrical Engineering & Computer Science,BS,Computer Engineering,4 Years,FSc (Pre-Engineering / ICS / relevant group) with required subjects,NET (NUST Entry Test),325000.0,"January 31, 2026",https://nust.edu.pk/admissions/undergraduates/dates-to-remember/
NUST,Islamabad,School Of Electrical Engineering & Computer Science,BS,Computer Science,4 Years,FSc (Pre-Engineering / ICS / relevant group) with required subjects,NET (NUST Entry Test),325000.0,"January 31, 2026",https://nust.edu.pk/admissions/undergraduates/dates-to-remember/
NUST,Islamabad,School Of Mechanical & Manufacturing Engineering,BS,Mechanical Engineering,4 Years,FSc (Pre-Engineering / ICS / relevant group) with required subjects,NET (NUST Entry Test),325000.0,"January 31, 2026",https://nust.edu.pk/admissions/undergraduates/dates-to-remember/
NUST,Islamabad,School Of Mechanical & Manufacturing Engineering,BS,Mechanical Engineering,4 Years,FSc (Pre-Engineering / ICS / relevant group) with required subjects,NET (NUST Entry Test),325000.0,"January 31, 2026",https://nust.edu.pk/admissions/undergraduates/dates-to-remember/
NUST,Islamabad,School Of Mechanical & Manufacturing Engineering,BS,Aerospace Engineering,4 Years,FSc (Pre-Engineering / ICS / relevant group) with required subjects,NET (NUST Entry Test),325000.0,"January 31, 2026",https://nust.edu.pk/admissions/undergraduates/dates-to-remember/
NUST,Islamabad,School Of Mechanical & Manufacturing Engineering,BS,Mechanical Engineering,4 Years,FSc (Pre-Engineering / ICS / relevant group) with required subjects,NET (NUST Entry Test),325000.0,"January 31, 2026",https://nust.edu.pk/admissions/undergraduates/dates-to-remember/
NUST,Islamabad,"Nust Balochistan Campus, Quetta",BS,Computer Science,4 Years,FSc (Pre-Engineering / ICS / relevant group) with required subjects,NET (NUST Entry Test),325000.0,"January 31, 2026",https://nust.edu.pk/admissions/undergraduates/dates-to-remember/
NUST,Islamabad,"Nust Balochistan Campus, Quetta",BS,Computer Science,4 Years,FSc (Pre-Engineering / ICS / relevant group) with required subjects,NET (NUST Entry Test),325000.0,"January 31, 2026",https://nust.edu.pk/admissions/undergraduates/dates-to-remember/
NUST,Islamabad,"Nust Balochistan Campus, Quetta",BS,Computer Science,4 Years,FSc (Pre-Engineering / ICS / relevant group) with required subjects,NET (NUST Entry Test),325000.0,"January 31, 2026",https://nust.edu.pk/admissions/undergraduates/dates-to-remember/
NUST,Islamabad,"Nust Balochistan Campus, Quetta",BS,Artificial Intelligence,4 Years,FSc (Pre-Engineering / ICS / relevant group) with required subjects,NET (NUST Entry Test),300000.0,"January 31, 2026",https://nust.edu.pk/admissions/undergraduates/dates-to-remember/
NUST,Islamabad,"Nust Balochistan Campus, Quetta",BS,Computer Science,4 Years,FSc (Pre-Engineering / ICS / relevant group) with required subjects,NET (NUST Entry Test),325000.0,"January 31, 2026",https://nust.edu.pk/admissions/undergraduates/dates-to-remember/
NUST,Islamabad,College Of Aeronautical Engineering,BS,Aerospace Engineering,4 Years,FSc (Pre-Engineering / ICS / relevant group) with required subjects,NET (NUST Entry Test),325000.0,"January 31, 2026",https://nust.edu.pk/admissions/undergraduates/dates-to-remember/
NUST,Islamabad,College Of Aeronautical Engineering,BS,Computer Science,4 Years,FSc (Pre-Engineering / ICS / relevant group) with required subjects,NET (NUST Entry Test),325000.0,"January 31, 2026",https://nust.edu.pk/admissions/undergraduates/dates-to-remember/
NUST,Islamabad,College Of Electrical & Mechanical Engineering,BS,Computer Engineering,4 Years,FSc (Pre-Engineering / ICS / relevant group) with required subjects,NET (NUST Entry Test),325000.0,"January 31, 2026",https://nust.edu.pk/admissions/undergraduates/dates-to-remember/
NUST,Islamabad,College Of Electrical & Mechanical Engineering,BS,Computer Science,4 Years,FSc (Pre-Engineering / ICS / relevant group) with required subjects,NET (NUST Entry Test),325000.0,"January 31, 2026",https://nust.edu.pk/admissions/undergraduates/dates-to-remember/
NUST,Islamabad,College Of Electrical & Mechanical Engineering,BS,Mechanical Engineering,4 Years,FSc (Pre-Engineering / ICS / relevant group) with required subjects,NET (NUST Entry Test),325000.0,"January 31, 2026",https://nust.edu.pk/admissions/undergraduates/dates-to-remember/
NUST,Islamabad,College Of Electrical & Mechanical Engineering,BS,Electrical Engineering,4 Years,FSc (Pre-Engineering / ICS / relevant group) with required subjects,NET (NUST Entry Test),325000.0,"January 31, 2026",https://nust.edu.pk/admissions/undergraduates/dates-to-remember/
NUST,Islamabad,College Of Electrical & Mechanical Engineering,BS,Mechanical Engineering,4 Years,FSc (Pre-Engineering / ICS / relevant group) with required subjects,NET (NUST Entry Test),325000.0,"January 31, 2026",https://nust.edu.pk/admissions/undergraduates/dates-to-remember/
NUST,Islamabad,College Of Electrical & Mechanical Engineering,BS,Mechanical Engineering,4 Years,FSc (Pre-Engineering / ICS / relevant group) with required subjects,NET (NUST Entry Test),325000.0,"January 31, 2026",https://nust.edu.pk/admissions/undergraduates/dates-to-remember/
NUST,Islamabad,College Of Electrical & Mechanical Engineering,BS,Electrical Engineering,4 Years,FSc (Pre-Engineering / ICS / relevant group) with required subjects,NET (NUST Entry Test),325000.0,"January 31, 2026",https://nust.edu.pk/admissions/undergraduates/dates-to-remember/
NUST,Islamabad,Military College Of Signals,BS,Software Engineering,4 Years,FSc (Pre-Engineering / ICS / relevant group) with required subjects,NET (NUST Entry Test),325000.0,"January 31, 2026",https://nust.edu.pk/admissions/undergraduates/dates-to-remember/
NUST,Islamabad,Military College Of Signals,BS,Electrical Engineering,4 Years,FSc (Pre-Engineering / ICS / relevant group) with required subjects,NET (NUST Entry Test),325000.0,"January 31, 2026",https://nust.edu.pk/admissions/undergraduates/dates-to-remember/
NUST,Islamabad,Military College Of Signals,BS,Engineering,4 Years,FSc (Pre-Engineering / ICS / relevant group) with required subjects,NET (NUST Entry Test),325000.0,"January 31, 2026",https://nust.edu.pk/admissions/undergraduates/dates-to-remember/
NUST,Islamabad,Military College Of Signals,BS,Electrical Engineering,4 Years,FSc (Pre-Engineering / ICS / relevant group) with required subjects,NET (NUST Entry Test),325000.0,"January 31, 2026",https://nust.edu.pk/admissions/undergraduates/dates-to-remember/
NUST,Islamabad,Pakistan Navy Engineering College,BS,Mechanical Engineering,4 Years,FSc (Pre-Engineering / ICS / relevant group) with required subjects,NET (NUST Entry Test),325000.0,"January 31, 2026",https://nust.edu.pk/admissions/undergraduates/dates-to-remember/
NUST,Islamabad,Pakistan Navy Engineering College,BS,Information Technology,4 Years,FSc (Pre-Engineering / ICS / relevant group) with required subjects,NET (NUST Entry Test),300000.0,"January 31, 2026",https://nust.edu.pk/admissions/undergraduates/dates-to-remember/
NUST,Islamabad,Pakistan Navy Engineering College,BS,Information Technology,4 Years,FSc (Pre-Engineering / ICS / relevant group) with required subjects,NET (NUST Entry Test),325000.0,"January 31, 2026",https://nust.edu.pk/admissions/undergraduates/dates-to-remember/
NUST,Islamabad,Pakistan Navy Engineering College,BS,Electrical Engineering,4 Years,FSc (Pre-Engineering / ICS / relevant group) with required subjects,NET (NUST Entry Test),325000.0,"January 31, 2026",https://nust.edu.pk/admissions/undergraduates/dates-to-remember/
NUST,Islamabad,Pakistan Navy Engineering College,BS,Mechanical Engineering,4 Years,FSc (Pre-Engineering / ICS / relevant group) with required subjects,NET (NUST Entry Test),325000.0,"January 31, 2026",https://nust.edu.pk/admissions/undergraduates/dates-to-remember/
NUST,Islamabad,Pakistan Navy Engineering College,BS,Electrical Engineering,4 Years,FSc (Pre-Engineering / ICS / relevant group) with required subjects,NET (NUST Entry Test),325000.0,"January 31, 2026",https://nust.edu.pk/admissions/undergraduates/dates-to-remember/
NUST,Islamabad,Pakistan Navy Engineering College,BS,Computer Science,4 Years,FSc (Pre-Engineering / ICS / relevant group) with required subjects,NET (NUST Entry Test),325000.0,"January 31, 2026",https://nust.edu.pk/admissions/undergraduates/dates-to-remember/
NUST,Islamabad,Pakistan Navy Engineering College,BS,Information Technology,4 Years,FSc (Pre-Engineering / ICS / relevant group) with required subjects,NET (NUST Entry Test),325000.0,"January 31, 2026",https://nust.edu.pk/admissions/undergraduates/dates-to-remember/
NUST,Islamabad,Nust Business School,BS,Business Administration,4 Years,FSc (Pre-Engineering / ICS / relevant group) with required subjects,NET (NUST Entry Test),275000.0,"January 31, 2026",https://nust.edu.pk/admissions/undergraduates/dates-to-remember/
NUST,Islamabad,"School Of Art, Design & Architecture",BS,Industrial Design,4 Years,FSc (Pre-Engineering / ICS / relevant group) with required subjects,NET (NUST Entry Test),350000.0,"January 31, 2026",https://nust.edu.pk/admissions/undergraduates/dates-to-remember/
NUST,Islamabad,"School Of Art, Design & Architecture",BS,Information Technology,4 Years,FSc (Pre-Engineering / ICS / relevant group) with required subjects,NET (NUST Entry Test),350000.0,"January 31, 2026",https://nust.edu.pk/admissions/undergraduates/dates-to-remember/
NUST,Islamabad,Nust Institute Of Peace & Conflict Studies,BS,Information Technology,4 Years,FSc (Pre-Engineering / ICS / relevant group) with required subjects,NET (NUST Entry Test),300000.0,"January 31, 2026",https://nust.edu.pk/admissions/undergraduates/dates-to-remember/
NUST,Islamabad,School Of Social Sciences & Humanities,BS,Public Administration,4 Years,FSc (Pre-Engineering / ICS / relevant group) with required subjects,NET (NUST Entry Test),275000.0,"January 31, 2026",https://nust.edu.pk/admissions/undergraduates/dates-to-remember/
NUST,Islamabad,Nust Law School,BS,Laws,4 Years,FSc (Pre-Engineering / ICS / relevant group) with required subjects,NET (NUST Entry Test),275000.0,"August 31, 2026",https://nust.edu.pk/admissions/undergraduates/dates-to-remember/
NUST,Islamabad,Jinnah School Of Public Policy And Leadership,BS,Public Administration,4 Years,FSc (Pre-Engineering / ICS / relevant group) with required subjects,NET (NUST Entry Test),275000.0,"January 31, 2026",https://nust.edu.pk/admissions/undergraduates/dates-to-remember/
NUST,Islamabad,Atta-Ur-Rahman School Of Applied Bio Sciences,BS,Science Agriculture,4 Years,FSc (Pre-Engineering / ICS / relevant group) with required subjects,NET (NUST Entry Test),300000.0,"January 31, 2026",https://nust.edu.pk/admissions/undergraduates/dates-to-remember/
NUST,Islamabad,School Of Natural Sciences,BS,Computer Science,4 Years,FSc (Pre-Engineering / ICS / relevant group) with required subjects,NET (NUST Entry Test),300000.0,"January 31, 2026",https://nust.edu.pk/admissions/undergraduates/dates-to-remember/
NUST,Islamabad,School Of Natural Sciences,BS,Computer Science,4 Years,FSc (Pre-Engineering / ICS / relevant group) with required subjects,NET (NUST Entry Test),300000.0,"January 31, 2026",https://nust.edu.pk/admissions/undergraduates/dates-to-remember/
NUST,Islamabad,School Of Natural Sciences,BS,Chemistry,4 Years,FSc (Pre-Engineering / ICS / relevant group) with required subjects,NET (NUST Entry Test),300000.0,"January 31, 2026",https://nust.edu.pk/admissions/undergraduates/dates-to-remember/
NUST,Islamabad,School Of Civil & Environmental Engineering,MS,Construction Engineering And Management,2 Years,16 years of education in a relevant discipline from an HEC recognized institution,NET (NUST Entry Test) / GAT (where applicable),350000.0,"May 31, 2026",https://nust.edu.pk/admissions/masters/dates-to-remember/
NUST,Islamabad,School Of Civil & Environmental Engineering,MS,Urban & Regional Planning,2 Years,16 years of education in a relevant discipline from an HEC recognized institution,NET (NUST Entry Test) / GAT (where applicable),320000.0,"May 31, 2026",https://nust.edu.pk/admissions/masters/dates-to-remember/
NUST,Islamabad,School Of Civil & Environmental Engineering,MS,Software Engineering,2 Years,16 years of education in a relevant discipline from an HEC recognized institution,NET (NUST Entry Test) / GAT (where applicable),320000.0,"May 31, 2026",https://nust.edu.pk/admissions/masters/dates-to-remember/
NUST,Islamabad,School Of Civil & Environmental Engineering,MS,Environmental Engineering,2 Years,16 years of education in a relevant discipline from an HEC recognized institution,NET (NUST Entry Test) / GAT (where applicable),350000.0,"May 31, 2026",https://nust.edu.pk/admissions/masters/dates-to-remember/
NUST,Islamabad,School Of Civil & Environmental Engineering,MS,Environmental Science,2 Years,16 years of education in a relevant discipline from an HEC recognized institution,NET (NUST Entry Test) / GAT (where applicable),320000.0,"May 31, 2026",https://nust.edu.pk/admissions/masters/dates-to-remember/
NUST,Islamabad,School Of Civil & Environmental Engineering,MS,Structural Engineering,2 Years,16 years of education in a relevant discipline from an HEC recognized institution,NET (NUST Entry Test) / GAT (where applicable),350000.0,"May 31, 2026",https://nust.edu.pk/admissions/masters/dates-to-remember/
NUST,Islamabad,School Of Civil & Environmental Engineering,MS,Transportation Engineering,2 Years,16 years of education in a relevant discipline from an HEC recognized institution,NET (NUST Entry Test) / GAT (where applicable),350000.0,"May 31, 2026",https://nust.edu.pk/admissions/masters/dates-to-remember/
NUST,Islamabad,School Of Civil & Environmental Engineering,MS,Geotechnical Engineering,2 Years,16 years of education in a relevant discipline from an HEC recognized institution,NET (NUST Entry Test) / GAT (where applicable),350000.0,"May 31, 2026",https://nust.edu.pk/admissions/masters/dates-to-remember/
NUST,Islamabad,School Of Civil & Environmental Engineering,MS,Water Resources And Hydropower Engineering,2 Years,16 years of education in a relevant discipline from an HEC recognized institution,NET (NUST Entry Test) / GAT (where applicable),350000.0,"May 31, 2026",https://nust.edu.pk/admissions/masters/dates-to-remember/
NUST,Islamabad,School Of Chemical & Materials Engineering,MS,Materials And Surface Engineering,2 Years,16 years of education in a relevant discipline from an HEC recognized institution,NET (NUST Entry Test) / GAT (where applicable),350000.0,"May 31, 2026",https://nust.edu.pk/admissions/masters/dates-to-remember/
NUST,Islamabad,School Of Chemical & Materials Engineering,MS,Chemical Engineering,2 Years,16 years of education in a relevant discipline from an HEC recognized institution,NET (NUST Entry Test) / GAT (where applicable),350000.0,"May 31, 2026",https://nust.edu.pk/admissions/masters/dates-to-remember/
NUST,Islamabad,School Of Chemical & Materials Engineering,MS,Nanoscience & Engineering,2 Years,16 years of education in a relevant discipline from an HEC recognized institution,NET (NUST Entry Test) / GAT (where applicable),350000.0,"May 31, 2026",https://nust.edu.pk/admissions/masters/dates-to-remember/
NUST,Islamabad,School Of Electrical Engineering & Computer Science,MS,,2 Years,16 years of education in a relevant discipline from an HEC recognized institution,NET (NUST Entry Test) / GAT (where applicable),320000.0,"May 31, 2026",https://nust.edu.pk/admissions/masters/dates-to-remember/
NUST,Islamabad,School Of Electrical Engineering & Computer Science,MS,Computer Science,2 Years,16 years of education in a relevant discipline from an HEC recognized institution,NET (NUST Entry Test) / GAT (where applicable),350000.0,"May 31, 2026",https://nust.edu.pk/admissions/masters/dates-to-remember/
NUST,Islamabad,School Of Electrical Engineering & Computer Science,MS,Innovative Technologies Learning,2 Years,16 years of education in a relevant discipline from an HEC recognized institution,NET (NUST Entry Test) / GAT (where applicable),320000.0,"May 31, 2026",https://nust.edu.pk/admissions/masters/dates-to-remember/
NUST,Islamabad,School Of Electrical Engineering & Computer Science,MS,Electrical Engineering,2 Years,16 years of education in a relevant discipline from an HEC recognized institution,NET (NUST Entry Test) / GAT (where applicable),350000.0,"May 31, 2026",https://nust.edu.pk/admissions/masters/dates-to-remember/
NUST,Islamabad,School Of Electrical Engineering & Computer Science,MS,Data Science,2 Years,16 years of education in a relevant discipline from an HEC recognized institution,NET (NUST Entry Test) / GAT (where applicable),350000.0,"May 31, 2026",https://nust.edu.pk/admissions/masters/dates-to-remember/
NUST,Islamabad,School Of Electrical Engineering & Computer Science,MS,Artificial Intelligence,2 Years,16 years of education in a relevant discipline from an HEC recognized institution,NET (NUST Entry Test) / GAT (where applicable),350000.0,"May 31, 2026",https://nust.edu.pk/admissions/masters/dates-to-remember/
NUST,Islamabad,School Of Electrical Engineering & Computer Science,MS,Artificial Intelligence,2 Years,16 years of education in a relevant discipline from an HEC recognized institution,NET (NUST Entry Test) / GAT (where applicable),320000.0,"May 31, 2026",https://nust.edu.pk/admissions/masters/dates-to-remember/
NUST,Islamabad,School Of Mechanical & Manufacturing Engineering,MS,Biomedical Engineering,2 Years,16 years of education in a relevant discipline from an HEC recognized institution,NET (NUST Entry Test) / GAT (where applicable),350000.0,"May 31, 2026",https://nust.edu.pk/admissions/masters/dates-to-remember/
NUST,Islamabad,School Of Mechanical & Manufacturing Engineering,MS,Biomedical Sciences,2 Years,16 years of education in a relevant discipline from an HEC recognized institution,NET (NUST Entry Test) / GAT (where applicable),320000.0,"May 31, 2026",https://nust.edu.pk/admissions/masters/dates-to-remember/
NUST,Islamabad,School Of Mechanical & Manufacturing Engineering,MS,Design And Manufacturing Engineering,2 Years,16 years of education in a relevant discipline from an HEC recognized institution,NET (NUST Entry Test) / GAT (where applicable),350000.0,"May 31, 2026",https://nust.edu.pk/admissions/masters/dates-to-remember/
NUST,Islamabad,School Of Mechanical & Manufacturing Engineering,MS,Computer Science,2 Years,16 years of education in a relevant discipline from an HEC recognized institution,NET (NUST Entry Test) / GAT (where applicable),350000.0,"May 31, 2026",https://nust.edu.pk/admissions/masters/dates-to-remember/
NUST,Islamabad,School Of Mechanical & Manufacturing Engineering,MS,Mechanical Engineering,2 Years,16 years of education in a relevant discipline from an HEC recognized institution,NET (NUST Entry Test) / GAT (where applicable),350000.0,"May 31, 2026",https://nust.edu.pk/admissions/masters/dates-to-remember/
NUST,Islamabad,Us-Pakistan Center For Advanced Studies In Energy,MS,Electrical Engineering,2 Years,16 years of education in a relevant discipline from an HEC recognized institution,NET (NUST Entry Test) / GAT (where applicable),350000.0,"May 31, 2026",https://nust.edu.pk/admissions/masters/dates-to-remember/
NUST,Islamabad,Us-Pakistan Center For Advanced Studies In Energy,MS,Thermal Energy Engineering,2 Years,16 years of education in a relevant discipline from an HEC recognized institution,NET (NUST Entry Test) / GAT (where applicable),350000.0,"May 31, 2026",https://nust.edu.pk/admissions/masters/dates-to-remember/
NUST,Islamabad,Us-Pakistan Center For Advanced Studies In Energy,MS,Energy Systems Engineering,2 Years,16 years of education in a relevant discipline from an HEC recognized institution,NET (NUST Entry Test) / GAT (where applicable),350000.0,"May 31, 2026",https://nust.edu.pk/admissions/masters/dates-to-remember/
NUST,Islamabad,Us-Pakistan Center For Advanced Studies In Energy,MS,Renewable Energy,2 Years,16 years of education in a relevant discipline from an HEC recognized institution,NET (NUST Entry Test) / GAT (where applicable),320000.0,"May 31, 2026",https://nust.edu.pk/admissions/masters/dates-to-remember/
NUST,Islamabad,"Nust Balochistan Campus, Quetta",MS,Computer Science,2 Years,16 years of education in a relevant discipline from an HEC recognized institution,NET (NUST Entry Test) / GAT (where applicable),350000.0,"May 31, 2026",https://nust.edu.pk/admissions/masters/dates-to-remember/
NUST,Islamabad,"Nust Balochistan Campus, Quetta",MS,Mining Engineering,2 Years,16 years of education in a relevant discipline from an HEC recognized institution,NET (NUST Entry Test) / GAT (where applicable),350000.0,"May 31, 2026",https://nust.edu.pk/admissions/masters/dates-to-remember/
NUST,Islamabad,"Nust Balochistan Campus, Quetta",MS,Civil Engineering,2 Years,16 years of education in a relevant discipline from an HEC recognized institution,NET (NUST Entry Test) / GAT (where applicable),350000.0,"May 31, 2026",https://nust.edu.pk/admissions/masters/dates-to-remember/
NUST,Islamabad,College Of Aeronautical Engineering,MS,Electrical Engineering,2 Years,16 years of education in a relevant discipline from an HEC recognized institution,NET (NUST Entry Test) / GAT (where applicable),350000.0,"May 31, 2026",https://nust.edu.pk/admissions/masters/dates-to-remember/
NUST,Islamabad,College Of Aeronautical Engineering,MS,Mechanical Engineering,2 Years,16 years of education in a relevant discipline from an HEC recognized institution,NET (NUST Entry Test) / GAT (where applicable),350000.0,"May 31, 2026",https://nust.edu.pk/admissions/masters/dates-to-remember/
NUST,Islamabad,College Of Aeronautical Engineering,MS,Engineering Management,2 Years,16 years of education in a relevant discipline from an HEC recognized institution,NET (NUST Entry Test) / GAT (where applicable),350000.0,"May 31, 2026",https://nust.edu.pk/admissions/masters/dates-to-remember/
NUST,Islamabad,College Of Aeronautical Engineering,MS,Aerospace Engineering,2 Years,16 years of education in a relevant discipline from an HEC recognized institution,NET (NUST Entry Test) / GAT (where applicable),350000.0,"May 31, 2026",https://nust.edu.pk/admissions/masters/dates-to-remember/
NUST,Islamabad,College Of Aeronautical Engineering,MS,Computer Science,2 Years,16 years of education in a relevant discipline from an HEC recognized institution,NET (NUST Entry Test) / GAT (where applicable),350000.0,"May 31, 2026",https://nust.edu.pk/admissions/masters/dates-to-remember/
NUST,Islamabad,College Of Aeronautical Engineering,MS,Aviation Management,2 Years,16 years of education in a relevant discipline from an HEC recognized institution,NET (NUST Entry Test) / GAT (where applicable),400000.0,"May 31, 2026",https://nust.edu.pk/admissions/masters/dates-to-remember/
NUST,Islamabad,College Of Aeronautical Engineering,MS,Industrial And Manufacturing Engineering,2 Years,16 years of education in a relevant discipline from an HEC recognized institution,NET (NUST Entry Test) / GAT (where applicable),350000.0,"May 31, 2026",https://nust.edu.pk/admissions/masters/dates-to-remember/
NUST,Islamabad,College Of Electrical & Mechanical Engineering,MS,Electrical Engineering,2 Years,16 years of education in a relevant discipline from an HEC recognized institution,NET (NUST Entry Test) / GAT (where applicable),350000.0,"May 31, 2026",https://nust.edu.pk/admissions/masters/dates-to-remember/
NUST,Islamabad,College Of Electrical & Mechanical Engineering,MS,Mechanical Engineering,2 Years,16 years of education in a relevant discipline from an HEC recognized institution,NET (NUST Entry Test) / GAT (where applicable),350000.0,"May 31, 2026",https://nust.edu.pk/admissions/masters/dates-to-remember/
NUST,Islamabad,College Of Electrical & Mechanical Engineering,MS,Computer Engineering,2 Years,16 years of education in a relevant discipline from an HEC recognized institution,NET (NUST Entry Test) / GAT (where applicable),350000.0,"May 31, 2026",https://nust.edu.pk/admissions/masters/dates-to-remember/
NUST,Islamabad,College Of Electrical & Mechanical Engineering,MS,Computer Science,2 Years,16 years of education in a relevant discipline from an HEC recognized institution,NET (NUST Entry Test) / GAT (where applicable),350000.0,"May 31, 2026",https://nust.edu.pk/admissions/masters/dates-to-remember/
NUST,Islamabad,College Of Electrical & Mechanical Engineering,MS,Engineering Management,2 Years,16 years of education in a relevant discipline from an HEC recognized institution,NET (NUST Entry Test) / GAT (where applicable),350000.0,"May 31, 2026",https://nust.edu.pk/admissions/masters/dates-to-remember/
NUST,Islamabad,College Of Electrical & Mechanical Engineering,MS,Software Engineering,2 Years,16 years of education in a relevant discipline from an HEC recognized institution,NET (NUST Entry Test) / GAT (where applicable),350000.0,"May 31, 2026",https://nust.edu.pk/admissions/masters/dates-to-remember/
NUST,Islamabad,College Of Electrical & Mechanical Engineering,MS,Artificial Intelligence,2 Years,16 years of education in a relevant discipline from an HEC recognized institution,NET (NUST Entry Test) / GAT (where applicable),350000.0,"May 31, 2026",https://nust.edu.pk/admissions/masters/dates-to-remember/
NUST,Islamabad,College Of Electrical & Mechanical Engineering,MS,Computer Science,2 Years,16 years of education in a relevant discipline from an HEC recognized institution,NET (NUST Entry Test) / GAT (where applicable),300000.0,"May 31, 2026",https://nust.edu.pk/admissions/masters/dates-to-remember/
NUST,Islamabad,Military College Of Engineering,MS,Construction Engineering And Management,2 Years,16 years of education in a relevant discipline from an HEC recognized institution,NET (NUST Entry Test) / GAT (where applicable),350000.0,"May 31, 2026",https://nust.edu.pk/admissions/masters/dates-to-remember/
NUST,Islamabad,Military College Of Engineering,MS,Water Resources Engineering & Management,2 Years,16 years of education in a relevant discipline from an HEC recognized institution,NET (NUST Entry Test) / GAT (where applicable),350000.0,"May 31, 2026",https://nust.edu.pk/admissions/masters/dates-to-remember/
NUST,Islamabad,Military College Of Engineering,MS,Mathematics,2 Years,16 years of education in a relevant discipline from an HEC recognized institution,NET (NUST Entry Test) / GAT (where applicable),300000.0,"May 31, 2026",https://nust.edu.pk/admissions/masters/dates-to-remember/
NUST,Islamabad,Military College Of Engineering,MS,Disaster Management,2 Years,16 years of education in a relevant discipline from an HEC recognized institution,NET (NUST Entry Test) / GAT (where applicable),400000.0,"May 31, 2026",https://nust.edu.pk/admissions/masters/dates-to-remember/
NUST,Islamabad,Military College Of Engineering,MS,Structural Engineering,2 Years,16 years of education in a relevant discipline from an HEC recognized institution,NET (NUST Entry Test) / GAT (where applicable),350000.0,"May 31, 2026",https://nust.edu.pk/admissions/masters/dates-to-remember/
NUST,Islamabad,Military College Of Engineering,MS,Transportation Engineering,2 Years,16 years of education in a relevant discipline from an HEC recognized institution,NET (NUST Entry Test) / GAT (where applicable),350000.0,"May 31, 2026",https://nust.edu.pk/admissions/masters/dates-to-remember/
NUST,Islamabad,Military College Of Engineering,MS,Geotechnical Engineering,2 Years,16 years of education in a relevant discipline from an HEC recognized institution,NET (NUST Entry Test) / GAT (where applicable),350000.0,"May 31, 2026",https://nust.edu.pk/admissions/masters/dates-to-remember/
NUST,Islamabad,Military College Of Engineering,MS,Mining Engineering,2 Years,16 years of education in a relevant discipline from an HEC recognized institution,NET (NUST Entry Test) / GAT (where applicable),350000.0,"May 31, 2026",https://nust.edu.pk/admissions/masters/dates-to-remember/
NUST,Islamabad,Military College Of Engineering,MS,Climate Change And Disaster Management,2 Years,16 years of education in a relevant discipline from an HEC recognized institution,NET (NUST Entry Test) / GAT (where applicable),400000.0,"May 31, 2026",https://nust.edu.pk/admissions/masters/dates-to-remember/
NUST,Islamabad,Military College Of Signals,MS,Computer Science,2 Years,16 years of education in a relevant discipline from an HEC recognized institution,NET (NUST Entry Test) / GAT (where applicable),350000.0,"May 31, 2026",https://nust.edu.pk/admissions/masters/dates-to-remember/
NUST,Islamabad,Military College Of Signals,MS,Electrical Engineering,2 Years,16 years of education in a relevant discipline from an HEC recognized institution,NET (NUST Entry Test) / GAT (where applicable),350000.0,"May 31, 2026",https://nust.edu.pk/admissions/masters/dates-to-remember/
NUST,Islamabad,Military College Of Signals,MS,,2 Years,16 years of education in a relevant discipline from an HEC recognized institution,NET (NUST Entry Test) / GAT (where applicable),320000.0,"May 31, 2026",https://nust.edu.pk/admissions/masters/dates-to-remember/
NUST,Islamabad,Military College Of Signals,MS,Software Engineering,2 Years,16 years of education in a relevant discipline from an HEC recognized institution,NET (NUST Entry Test) / GAT (where applicable),350000.0,"May 31, 2026",https://nust.edu.pk/admissions/masters/dates-to-remember/
NUST,Islamabad,Pakistan Navy Engineering College,MS,Electrical Engineering,2 Years,16 years of education in a relevant discipline from an HEC recognized institution,NET (NUST Entry Test) / GAT (where applicable),350000.0,"May 31, 2026",https://nust.edu.pk/admissions/masters/dates-to-remember/
NUST,Islamabad,Pakistan Navy Engineering College,MS,Mechanical Engineering,2 Years,16 years of education in a relevant discipline from an HEC recognized institution,NET (NUST Entry Test) / GAT (where applicable),350000.0,"May 31, 2026",https://nust.edu.pk/admissions/masters/dates-to-remember/
NUST,Islamabad,Pakistan Navy Engineering College,MS,Manufacturing Engineering & Management,2 Years,16 years of education in a relevant discipline from an HEC recognized institution,NET (NUST Entry Test) / GAT (where applicable),350000.0,"May 31, 2026",https://nust.edu.pk/admissions/masters/dates-to-remember/
NUST,Islamabad,Pakistan Navy Engineering College,MS,Information Technology,2 Years,16 years of education in a relevant discipline from an HEC recognized institution,NET (NUST Entry Test) / GAT (where applicable),420000.0,"May 31, 2026",https://nust.edu.pk/admissions/masters/dates-to-remember/
NUST,Islamabad,Pakistan Navy Engineering College,MS,Software Engineering,2 Years,16 years of education in a relevant discipline from an HEC recognized institution,NET (NUST Entry Test) / GAT (where applicable),320000.0,"May 31, 2026",https://nust.edu.pk/admissions/masters/dates-to-remember/
NUST,Islamabad,Pakistan Navy Engineering College,MS,Data Science,2 Years,16 years of education in a relevant discipline from an HEC recognized institution,NET (NUST Entry Test) / GAT (where applicable),350000.0,"May 31, 2026",https://nust.edu.pk/admissions/masters/dates-to-remember/
NUST,Islamabad,Pakistan Navy Engineering College,MS,Artificial Intelligence,2 Years,16 years of education in a relevant discipline from an HEC recognized institution,NET (NUST Entry Test) / GAT (where applicable),350000.0,"May 31, 2026",https://nust.edu.pk/admissions/masters/dates-to-remember/
NUST,Islamabad,National Institute Of Transportation,MS,Structural Engineering,2 Years,16 years of education in a relevant discipline from an HEC recognized institution,NET (NUST Entry Test) / GAT (where applicable),350000.0,"May 31, 2026",https://nust.edu.pk/admissions/masters/dates-to-remember/
NUST,Islamabad,National Institute Of Transportation,MS,Transportation Engineering,2 Years,16 years of education in a relevant discipline from an HEC recognized institution,NET (NUST Entry Test) / GAT (where applicable),350000.0,"May 31, 2026",https://nust.edu.pk/admissions/masters/dates-to-remember/
NUST,Islamabad,National Institute Of Transportation,MS,Geotechnical Engineering,2 Years,16 years of education in a relevant discipline from an HEC recognized institution,NET (NUST Entry Test) / GAT (where applicable),350000.0,"May 31, 2026",https://nust.edu.pk/admissions/masters/dates-to-remember/
NUST,Islamabad,Institute Of Environmental Sciences & Engineering,MS,Environmental Engineering,2 Years,16 years of education in a relevant discipline from an HEC recognized institution,NET (NUST Entry Test) / GAT (where applicable),350000.0,"May 31, 2026",https://nust.edu.pk/admissions/masters/dates-to-remember/
NUST,Islamabad,Institute Of Environmental Sciences & Engineering,MS,Environmental Science,2 Years,16 years of education in a relevant discipline from an HEC recognized institution,NET (NUST Entry Test) / GAT (where applicable),320000.0,"May 31, 2026",https://nust.edu.pk/admissions/masters/dates-to-remember/
NUST,Islamabad,Nust Institute Of Civil Engineering,MS,Construction Engineering And Management,2 Years,16 years of education in a relevant discipline from an HEC recognized institution,NET (NUST Entry Test) / GAT (where applicable),350000.0,"May 31, 2026",https://nust.edu.pk/admissions/masters/dates-to-remember/
NUST,Islamabad,Nust Institute Of Civil Engineering,MS,Urban & Regional Planning,2 Years,16 years of education in a relevant discipline from an HEC recognized institution,NET (NUST Entry Test) / GAT (where applicable),320000.0,"May 31, 2026",https://nust.edu.pk/admissions/masters/dates-to-remember/
NUST,Islamabad,Nust Institute Of Civil Engineering,MS,Structural Engineering,2 Years,16 years of education in a relevant discipline from an HEC recognized institution,NET (NUST Entry Test) / GAT (where applicable),350000.0,"May 31, 2026",https://nust.edu.pk/admissions/masters/dates-to-remember/
NUST,Islamabad,Nust Institute Of Civil Engineering,MS,Transportation Engineering,2 Years,16 years of education in a relevant discipline from an HEC recognized institution,NET (NUST Entry Test) / GAT (where applicable),350000.0,"May 31, 2026",https://nust.edu.pk/admissions/masters/dates-to-remember/
NUST,Islamabad,Nust Institute Of Civil Engineering,MS,Geotechnical Engineering,2 Years,16 years of education in a relevant discipline from an HEC recognized institution,NET (NUST Entry Test) / GAT (where applicable),350000.0,"May 31, 2026",https://nust.edu.pk/admissions/masters/dates-to-remember/
NUST,Islamabad,Nust Institute Of Civil Engineering,MS,Water Resources And Hydropower Engineering,2 Years,16 years of education in a relevant discipline from an HEC recognized institution,NET (NUST Entry Test) / GAT (where applicable),350000.0,"May 31, 2026",https://nust.edu.pk/admissions/masters/dates-to-remember/
NUST,Islamabad,Institute Of Geographical Information Systems,MS,Software Engineering,2 Years,16 years of education in a relevant discipline from an HEC recognized institution,NET (NUST Entry Test) / GAT (where applicable),320000.0,"May 31, 2026",https://nust.edu.pk/admissions/masters/dates-to-remember/
NUST,Islamabad,Nust Business School,MS,Business Administration,2 Years,16 years of education in a relevant discipline from an HEC recognized institution,NET (NUST Entry Test) / GAT (where applicable),400000.0,"May 31, 2026",https://nust.edu.pk/admissions/masters/dates-to-remember/
NUST,Islamabad,Nust Business School,MS,Human Resource Management,2 Years,16 years of education in a relevant discipline from an HEC recognized institution,NET (NUST Entry Test) / GAT (where applicable),400000.0,"May 31, 2026",https://nust.edu.pk/admissions/masters/dates-to-remember/
NUST,Islamabad,Nust Business School,MS,Innovation And Entrepreneurship,2 Years,16 years of education in a relevant discipline from an HEC recognized institution,NET (NUST Entry Test) / GAT (where applicable),320000.0,"May 31, 2026",https://nust.edu.pk/admissions/masters/dates-to-remember/
NUST,Islamabad,Nust Business School,MS,Computer Science,2 Years,16 years of education in a relevant discipline from an HEC recognized institution,NET (NUST Entry Test) / GAT (where applicable),400000.0,"May 31, 2026",https://nust.edu.pk/admissions/masters/dates-to-remember/
NUST,Islamabad,Nust Business School,MS,Marketing,2 Years,16 years of education in a relevant discipline from an HEC recognized institution,NET (NUST Entry Test) / GAT (where applicable),320000.0,"May 31, 2026",https://nust.edu.pk/admissions/masters/dates-to-remember/
NUST,Islamabad,"School Of Art, Design & Architecture",MS,Information Technology,2 Years,16 years of education in a relevant discipline from an HEC recognized institution,NET (NUST Entry Test) / GAT (where applicable),420000.0,"May 31, 2026",https://nust.edu.pk/admissions/masters/dates-to-remember/
NUST,Islamabad,Centre For International Peace & Stability,MS,Peace & Conflict Studies,2 Years,16 years of education in a relevant discipline from an HEC recognized institution,NET (NUST Entry Test) / GAT (where applicable),320000.0,"May 31, 2026",https://nust.edu.pk/admissions/masters/dates-to-remember/
NUST,Islamabad,Centre For International Peace & Stability,MS,Strategic Studies,2 Years,16 years of education in a relevant discipline from an HEC recognized institution,NET (NUST Entry Test) / GAT (where applicable),320000.0,"May 31, 2026",https://nust.edu.pk/admissions/masters/dates-to-remember/
NUST,Islamabad,Centre For International Peace & Stability,MS,International Relations,2 Years,16 years of education in a relevant discipline from an HEC recognized institution,NET (NUST Entry Test) / GAT (where applicable),320000.0,"May 31, 2026",https://nust.edu.pk/admissions/masters/dates-to-remember/
NUST,Islamabad,Nust Institute Of Peace & Conflict Studies,MS,Peace & Conflict Studies,2 Years,16 years of education in a relevant discipline from an HEC recognized institution,NET (NUST Entry Test) / GAT (where applicable),320000.0,"May 31, 2026",https://nust.edu.pk/admissions/masters/dates-to-remember/
NUST,Islamabad,School Of Social Sciences & Humanities,MS,Innovative Technologies Learning,2 Years,16 years of education in a relevant discipline from an HEC recognized institution,NET (NUST Entry Test) / GAT (where applicable),320000.0,"May 31, 2026",https://nust.edu.pk/admissions/masters/dates-to-remember/
NUST,Islamabad,School Of Social Sciences & Humanities,MS,Software Engineering,2 Years,16 years of education in a relevant discipline from an HEC recognized institution,NET (NUST Entry Test) / GAT (where applicable),320000.0,"May 31, 2026",https://nust.edu.pk/admissions/masters/dates-to-remember/
NUST,Islamabad,School Of Social Sciences & Humanities,MS,Economics,2 Years,16 years of education in a relevant discipline from an HEC recognized institution,NET (NUST Entry Test) / GAT (where applicable),400000.0,"May 31, 2026",https://nust.edu.pk/admissions/masters/dates-to-remember/
NUST,Islamabad,School Of Social Sciences & Humanities,MS,Psychology,2 Years,16 years of education in a relevant discipline from an HEC recognized institution,NET (NUST Entry Test) / GAT (where applicable),320000.0,"May 31, 2026",https://nust.edu.pk/admissions/masters/dates-to-remember/
NUST,Islamabad,School Of Social Sciences & Humanities,MS,Mass Communication,2 Years,16 years of education in a relevant discipline from an HEC recognized institution,NET (NUST Entry Test) / GAT (where applicable),320000.0,"May 31, 2026",https://nust.edu.pk/admissions/masters/dates-to-remember/
NUST,Islamabad,School Of Social Sciences & Humanities,MS,Development Studies,2 Years,16 years of education in a relevant discipline from an HEC recognized institution,NET (NUST Entry Test) / GAT (where applicable),320000.0,"May 31, 2026",https://nust.edu.pk/admissions/masters/dates-to-remember/
NUST,Islamabad,School Of Social Sciences & Humanities,MS,Governance & Public Policy,2 Years,16 years of education in a relevant discipline from an HEC recognized institution,NET (NUST Entry Test) / GAT (where applicable),320000.0,"May 31, 2026",https://nust.edu.pk/admissions/masters/dates-to-remember/
NUST,Islamabad,Atta-Ur-Rahman School Of Applied Bio Sciences,MS,Healthcare Biotechnology,2 Years,16 years of education in a relevant discipline from an HEC recognized institution,NET (NUST Entry Test) / GAT (where applicable),320000.0,"May 31, 2026",https://nust.edu.pk/admissions/masters/dates-to-remember/
NUST,Islamabad,Atta-Ur-Rahman School Of Applied Bio Sciences,MS,Industrial Biotechnology,2 Years,16 years of education in a relevant discipline from an HEC recognized institution,NET (NUST Entry Test) / GAT (where applicable),320000.0,"May 31, 2026",https://nust.edu.pk/admissions/masters/dates-to-remember/
NUST,Islamabad,Atta-Ur-Rahman School Of Applied Bio Sciences,MS,Plant Biotechnology,2 Years,16 years of education in a relevant discipline from an HEC recognized institution,NET (NUST Entry Test) / GAT (where applicable),320000.0,"May 31, 2026",https://nust.edu.pk/admissions/masters/dates-to-remember/
NUST,Islamabad,Atta-Ur-Rahman School Of Applied Bio Sciences,MS,Molecular Medicine,2 Years,16 years of education in a relevant discipline from an HEC recognized institution,NET (NUST Entry Test) / GAT (where applicable),320000.0,"May 31, 2026",https://nust.edu.pk/admissions/masters/dates-to-remember/
NUST,Islamabad,School Of Natural Sciences,MS,Mathematics,2 Years,16 years of education in a relevant discipline from an HEC recognized institution,NET (NUST Entry Test) / GAT (where applicable),300000.0,"May 31, 2026",https://nust.edu.pk/admissions/masters/dates-to-remember/
NUST,Islamabad,School Of Natural Sciences,MS,Physics,2 Years,16 years of education in a relevant discipline from an HEC recognized institution,NET (NUST Entry Test) / GAT (where applicable),300000.0,"May 31, 2026",https://nust.edu.pk/admissions/masters/dates-to-remember/
NUST,Islamabad,School Of Natural Sciences,MS,Chemistry,2 Years,16 years of education in a relevant discipline from an HEC recognized institution,NET (NUST Entry Test) / GAT (where applicable),300000.0,"May 31, 2026",https://nust.edu.pk/admissions/masters/dates-to-remember/
NUST,Islamabad,School Of Interdisciplinary Engineering & Sciences,MS,Computational Science And Engineering,2 Years,16 years of education in a relevant discipline from an HEC recognized institution,NET (NUST Entry Test) / GAT (where applicable),350000.0,"May 31, 2026",https://nust.edu.pk/admissions/masters/dates-to-remember/
NUST,Islamabad,School Of Interdisciplinary Engineering & Sciences,MS,Bioin,2 Years,16 years of education in a relevant discipline from an HEC recognized institution,NET (NUST Entry Test) / GAT (where applicable),320000.0,"May 31, 2026",https://nust.edu.pk/admissions/masters/dates-to-remember/
NUST,Islamabad,School Of Interdisciplinary Engineering & Sciences,MS,Systems Engineering,2 Years,16 years of education in a relevant discipline from an HEC recognized institution,NET (NUST Entry Test) / GAT (where applicable),350000.0,"May 31, 2026",https://nust.edu.pk/admissions/masters/dates-to-remember/
NUST,Islamabad,School Of Interdisciplinary Engineering & Sciences,MS,Artificial Intelligence,2 Years,16 years of education in a relevant discipline from an HEC recognized institution,NET (NUST Entry Test) / GAT (where applicable),320000.0,"May 31, 2026",https://nust.edu.pk/admissions/masters/dates-to-remember/
NUST,Islamabad,School Of Civil & Environmental Engineering,PhD,Urban & Regional Planning,3–5 Years,MS/MPhil (18 years of education) in a relevant discipline from an HEC recognized institution,NET (PhD) / GAT (Subject) / Interview,380000.0,"June 30, 2026",https://nust.edu.pk/admissions/phd/phd-admission-dates-to-remember/
NUST,Islamabad,School Of Civil & Environmental Engineering,PhD,Construction Engineering And Management,3–5 Years,MS/MPhil (18 years of education) in a relevant discipline from an HEC recognized institution,NET (PhD) / GAT (Subject) / Interview,400000.0,"June 30, 2026",https://nust.edu.pk/admissions/phd/phd-admission-dates-to-remember/
NUST,Islamabad,School Of Civil & Environmental Engineering,PhD,Software Engineering,3–5 Years,MS/MPhil (18 years of education) in a relevant discipline from an HEC recognized institution,NET (PhD) / GAT (Subject) / Interview,380000.0,"June 30, 2026",https://nust.edu.pk/admissions/phd/phd-admission-dates-to-remember/
NUST,Islamabad,School Of Civil & Environmental Engineering,PhD,Environmental Engineering,3–5 Years,MS/MPhil (18 years of education) in a relevant discipline from an HEC recognized institution,NET (PhD) / GAT (Subject) / Interview,400000.0,"June 30, 2026",https://nust.edu.pk/admissions/phd/phd-admission-dates-to-remember/
NUST,Islamabad,School Of Civil & Environmental Engineering,PhD,Environmental Science,3–5 Years,MS/MPhil (18 years of education) in a relevant discipline from an HEC recognized institution,NET (PhD) / GAT (Subject) / Interview,380000.0,"June 30, 2026",https://nust.edu.pk/admissions/phd/phd-admission-dates-to-remember/
NUST,Islamabad,School Of Civil & Environmental Engineering,PhD,Structural Engineering,3–5 Years,MS/MPhil (18 years of education) in a relevant discipline from an HEC recognized institution,NET (PhD) / GAT (Subject) / Interview,400000.0,"June 30, 2026",https://nust.edu.pk/admissions/phd/phd-admission-dates-to-remember/
NUST,Islamabad,School Of Civil & Environmental Engineering,PhD,Geotechnical Engineering,3–5 Years,MS/MPhil (18 years of education) in a relevant discipline from an HEC recognized institution,NET (PhD) / GAT (Subject) / Interview,400000.0,"June 30, 2026",https://nust.edu.pk/admissions/phd/phd-admission-dates-to-remember/
NUST,Islamabad,School Of Civil & Environmental Engineering,PhD,Transportation Engineering,3–5 Years,MS/MPhil (18 years of education) in a relevant discipline from an HEC recognized institution,NET (PhD) / GAT (Subject) / Interview,400000.0,"June 30, 2026",https://nust.edu.pk/admissions/phd/phd-admission-dates-to-remember/
NUST,Islamabad,School Of Civil & Environmental Engineering,PhD,Water Resources And Hydropower Engineering,3–5 Years,MS/MPhil (18 years of education) in a relevant discipline from an HEC recognized institution,NET (PhD) / GAT (Subject) / Interview,400000.0,"June 30, 2026",https://nust.edu.pk/admissions/phd/phd-admission-dates-to-remember/
NUST,Islamabad,School Of Chemical & Materials Engineering,PhD,Materials And Surface Engineering,3–5 Years,MS/MPhil (18 years of education) in a relevant discipline from an HEC recognized institution,NET (PhD) / GAT (Subject) / Interview,400000.0,"June 30, 2026",https://nust.edu.pk/admissions/phd/phd-admission-dates-to-remember/
NUST,Islamabad,School Of Chemical & Materials Engineering,PhD,Chemical Engineering,3–5 Years,MS/MPhil (18 years of education) in a relevant discipline from an HEC recognized institution,NET (PhD) / GAT (Subject) / Interview,400000.0,"June 30, 2026",https://nust.edu.pk/admissions/phd/phd-admission-dates-to-remember/
NUST,Islamabad,School Of Chemical & Materials Engineering,PhD,Nanoscience & Engineering,3–5 Years,MS/MPhil (18 years of education) in a relevant discipline from an HEC recognized institution,NET (PhD) / GAT (Subject) / Interview,400000.0,"June 30, 2026",https://nust.edu.pk/admissions/phd/phd-admission-dates-to-remember/
NUST,Islamabad,School Of Electrical Engineering & Computer Science,PhD,,3–5 Years,MS/MPhil (18 years of education) in a relevant discipline from an HEC recognized institution,NET (PhD) / GAT (Subject) / Interview,380000.0,"June 30, 2026",https://nust.edu.pk/admissions/phd/phd-admission-dates-to-remember/
NUST,Islamabad,School Of Electrical Engineering & Computer Science,PhD,Electrical Engineering,3–5 Years,MS/MPhil (18 years of education) in a relevant discipline from an HEC recognized institution,NET (PhD) / GAT (Subject) / Interview,400000.0,"June 30, 2026",https://nust.edu.pk/admissions/phd/phd-admission-dates-to-remember/
NUST,Islamabad,School Of Electrical Engineering & Computer Science,PhD,Computer Science,3–5 Years,MS/MPhil (18 years of education) in a relevant discipline from an HEC recognized institution,NET (PhD) / GAT (Subject) / Interview,400000.0,"June 30, 2026",https://nust.edu.pk/admissions/phd/phd-admission-dates-to-remember/
NUST,Islamabad,School Of Electrical Engineering & Computer Science,PhD,Artificial Intelligence,3–5 Years,MS/MPhil (18 years of education) in a relevant discipline from an HEC recognized institution,NET (PhD) / GAT (Subject) / Interview,400000.0,"June 30, 2026",https://nust.edu.pk/admissions/phd/phd-admission-dates-to-remember/
NUST,Islamabad,School Of Electrical Engineering & Computer Science,PhD,Artificial Intelligence,3–5 Years,MS/MPhil (18 years of education) in a relevant discipline from an HEC recognized institution,NET (PhD) / GAT (Subject) / Interview,380000.0,"June 30, 2026",https://nust.edu.pk/admissions/phd/phd-admission-dates-to-remember/
NUST,Islamabad,School Of Mechanical & Manufacturing Engineering,PhD,Design And Manufacturing Engineering,3–5 Years,MS/MPhil (18 years of education) in a relevant discipline from an HEC recognized institution,NET (PhD) / GAT (Subject) / Interview,400000.0,"June 30, 2026",https://nust.edu.pk/admissions/phd/phd-admission-dates-to-remember/
NUST,Islamabad,School Of Mechanical & Manufacturing Engineering,PhD,Computer Science,3–5 Years,MS/MPhil (18 years of education) in a relevant discipline from an HEC recognized institution,NET (PhD) / GAT (Subject) / Interview,400000.0,"June 30, 2026",https://nust.edu.pk/admissions/phd/phd-admission-dates-to-remember/
NUST,Islamabad,School Of Mechanical & Manufacturing Engineering,PhD,Mechanical Engineering,3–5 Years,MS/MPhil (18 years of education) in a relevant discipline from an HEC recognized institution,NET (PhD) / GAT (Subject) / Interview,400000.0,"June 30, 2026",https://nust.edu.pk/admissions/phd/phd-admission-dates-to-remember/
NUST,Islamabad,School Of Mechanical & Manufacturing Engineering,PhD,Biomedical Engineering,3–5 Years,MS/MPhil (18 years of education) in a relevant discipline from an HEC recognized institution,NET (PhD) / GAT (Subject) / Interview,400000.0,"June 30, 2026",https://nust.edu.pk/admissions/phd/phd-admission-dates-to-remember/
NUST,Islamabad,School Of Mechanical & Manufacturing Engineering,PhD,Biomedical Sciences,3–5 Years,MS/MPhil (18 years of education) in a relevant discipline from an HEC recognized institution,NET (PhD) / GAT (Subject) / Interview,380000.0,"June 30, 2026",https://nust.edu.pk/admissions/phd/phd-admission-dates-to-remember/
NUST,Islamabad,Us-Pakistan Center For Advanced Studies In Energy,PhD,Energy Systems Engineering,3–5 Years,MS/MPhil (18 years of education) in a relevant discipline from an HEC recognized institution,NET (PhD) / GAT (Subject) / Interview,400000.0,"June 30, 2026",https://nust.edu.pk/admissions/phd/phd-admission-dates-to-remember/
NUST,Islamabad,Us-Pakistan Center For Advanced Studies In Energy,PhD,Thermal Energy Engineering,3–5 Years,MS/MPhil (18 years of education) in a relevant discipline from an HEC recognized institution,NET (PhD) / GAT (Subject) / Interview,400000.0,"June 30, 2026",https://nust.edu.pk/admissions/phd/phd-admission-dates-to-remember/
NUST,Islamabad,Us-Pakistan Center For Advanced Studies In Energy,PhD,Electrical Engineering,3–5 Years,MS/MPhil (18 years of education) in a relevant discipline from an HEC recognized institution,NET (PhD) / GAT (Subject) / Interview,400000.0,"June 30, 2026",https://nust.edu.pk/admissions/phd/phd-admission-dates-to-remember/
NUST,Islamabad,"Nust Balochistan Campus, Quetta",PhD,Computer Science,3–5 Years,MS/MPhil (18 years of education) in a relevant discipline from an HEC recognized institution,NET (PhD) / GAT (Subject) / Interview,400000.0,"June 30, 2026",https://nust.edu.pk/admissions/phd/phd-admission-dates-to-remember/
NUST,Islamabad,"Nust Balochistan Campus, Quetta",PhD,Mining Engineering,3–5 Years,MS/MPhil (18 years of education) in a relevant discipline from an HEC recognized institution,NET (PhD) / GAT (Subject) / Interview,400000.0,"June 30, 2026",https://nust.edu.pk/admissions/phd/phd-admission-dates-to-remember/
NUST,Islamabad,"Nust Balochistan Campus, Quetta",PhD,Civil Engineering,3–5 Years,MS/MPhil (18 years of education) in a relevant discipline from an HEC recognized institution,NET (PhD) / GAT (Subject) / Interview,400000.0,"June 30, 2026",https://nust.edu.pk/admissions/phd/phd-admission-dates-to-remember/
NUST,Islamabad,College Of Aeronautical Engineering,PhD,Electrical Engineering,3–5 Years,MS/MPhil (18 years of education) in a relevant discipline from an HEC recognized institution,NET (PhD) / GAT (Subject) / Interview,400000.0,"June 30, 2026",https://nust.edu.pk/admissions/phd/phd-admission-dates-to-remember/
NUST,Islamabad,College Of Aeronautical Engineering,PhD,Mechanical Engineering,3–5 Years,MS/MPhil (18 years of education) in a relevant discipline from an HEC recognized institution,NET (PhD) / GAT (Subject) / Interview,400000.0,"June 30, 2026",https://nust.edu.pk/admissions/phd/phd-admission-dates-to-remember/
NUST,Islamabad,College Of Aeronautical Engineering,PhD,Aerospace Engineering,3–5 Years,MS/MPhil (18 years of education) in a relevant discipline from an HEC recognized institution,NET (PhD) / GAT (Subject) / Interview,400000.0,"June 30, 2026",https://nust.edu.pk/admissions/phd/phd-admission-dates-to-remember/
NUST,Islamabad,College Of Aeronautical Engineering,PhD,Computer Science,3–5 Years,MS/MPhil (18 years of education) in a relevant discipline from an HEC recognized institution,NET (PhD) / GAT (Subject) / Interview,400000.0,"June 30, 2026",https://nust.edu.pk/admissions/phd/phd-admission-dates-to-remember/
NUST,Islamabad,College Of Electrical & Mechanical Engineering,PhD,Electrical Engineering,3–5 Years,MS/MPhil (18 years of education) in a relevant discipline from an HEC recognized institution,NET (PhD) / GAT (Subject) / Interview,400000.0,"June 30, 2026",https://nust.edu.pk/admissions/phd/phd-admission-dates-to-remember/
NUST,Islamabad,College Of Electrical & Mechanical Engineering,PhD,Mechanical Engineering,3–5 Years,MS/MPhil (18 years of education) in a relevant discipline from an HEC recognized institution,NET (PhD) / GAT (Subject) / Interview,400000.0,"June 30, 2026",https://nust.edu.pk/admissions/phd/phd-admission-dates-to-remember/
NUST,Islamabad,College Of Electrical & Mechanical Engineering,PhD,Computer Engineering,3–5 Years,MS/MPhil (18 years of education) in a relevant discipline from an HEC recognized institution,NET (PhD) / GAT (Subject) / Interview,400000.0,"June 30, 2026",https://nust.edu.pk/admissions/phd/phd-admission-dates-to-remember/
NUST,Islamabad,College Of Electrical & Mechanical Engineering,PhD,Computer Science,3–5 Years,MS/MPhil (18 years of education) in a relevant discipline from an HEC recognized institution,NET (PhD) / GAT (Subject) / Interview,400000.0,"June 30, 2026",https://nust.edu.pk/admissions/phd/phd-admission-dates-to-remember/
NUST,Islamabad,College Of Electrical & Mechanical Engineering,PhD,Engineering Management,3–5 Years,MS/MPhil (18 years of education) in a relevant discipline from an HEC recognized institution,NET (PhD) / GAT (Subject) / Interview,400000.0,"June 30, 2026",https://nust.edu.pk/admissions/phd/phd-admission-dates-to-remember/
NUST,Islamabad,College Of Electrical & Mechanical Engineering,PhD,Software Engineering,3–5 Years,MS/MPhil (18 years of education) in a relevant discipline from an HEC recognized institution,NET (PhD) / GAT (Subject) / Interview,400000.0,"June 30, 2026",https://nust.edu.pk/admissions/phd/phd-admission-dates-to-remember/
NUST,Islamabad,College Of Electrical & Mechanical Engineering,PhD,Computer Science,3–5 Years,MS/MPhil (18 years of education) in a relevant discipline from an HEC recognized institution,NET (PhD) / GAT (Subject) / Interview,350000.0,"June 30, 2026",https://nust.edu.pk/admissions/phd/phd-admission-dates-to-remember/
NUST,Islamabad,Military College Of Engineering,PhD,Construction Engineering And Management,3–5 Years,MS/MPhil (18 years of education) in a relevant discipline from an HEC recognized institution,NET (PhD) / GAT (Subject) / Interview,400000.0,"June 30, 2026",https://nust.edu.pk/admissions/phd/phd-admission-dates-to-remember/
NUST,Islamabad,Military College Of Engineering,PhD,Structural Engineering,3–5 Years,MS/MPhil (18 years of education) in a relevant discipline from an HEC recognized institution,NET (PhD) / GAT (Subject) / Interview,400000.0,"June 30, 2026",https://nust.edu.pk/admissions/phd/phd-admission-dates-to-remember/
NUST,Islamabad,Military College Of Engineering,PhD,Water Resources Engineering & Management,3–5 Years,MS/MPhil (18 years of education) in a relevant discipline from an HEC recognized institution,NET (PhD) / GAT (Subject) / Interview,400000.0,"June 30, 2026",https://nust.edu.pk/admissions/phd/phd-admission-dates-to-remember/
NUST,Islamabad,Military College Of Engineering,PhD,Mathematics,3–5 Years,MS/MPhil (18 years of education) in a relevant discipline from an HEC recognized institution,NET (PhD) / GAT (Subject) / Interview,350000.0,"June 30, 2026",https://nust.edu.pk/admissions/phd/phd-admission-dates-to-remember/
NUST,Islamabad,Military College Of Engineering,PhD,Geotechnical Engineering,3–5 Years,MS/MPhil (18 years of education) in a relevant discipline from an HEC recognized institution,NET (PhD) / GAT (Subject) / Interview,400000.0,"June 30, 2026",https://nust.edu.pk/admissions/phd/phd-admission-dates-to-remember/
NUST,Islamabad,Military College Of Engineering,PhD,Transportation Engineering,3–5 Years,MS/MPhil (18 years of education) in a relevant discipline from an HEC recognized institution,NET (PhD) / GAT (Subject) / Interview,400000.0,"June 30, 2026",https://nust.edu.pk/admissions/phd/phd-admission-dates-to-remember/
NUST,Islamabad,Military College Of Engineering,PhD,Mining Engineering,3–5 Years,MS/MPhil (18 years of education) in a relevant discipline from an HEC recognized institution,NET (PhD) / GAT (Subject) / Interview,400000.0,"June 30, 2026",https://nust.edu.pk/admissions/phd/phd-admission-dates-to-remember/
NUST,Islamabad,Military College Of Signals,PhD,Electrical Engineering,3–5 Years,MS/MPhil (18 years of education) in a relevant discipline from an HEC recognized institution,NET (PhD) / GAT (Subject) / Interview,400000.0,"June 30, 2026",https://nust.edu.pk/admissions/phd/phd-admission-dates-to-remember/
NUST,Islamabad,Military College Of Signals,PhD,,3–5 Years,MS/MPhil (18 years of education) in a relevant discipline from an HEC recognized institution,NET (PhD) / GAT (Subject) / Interview,380000.0,"June 30, 2026",https://nust.edu.pk/admissions/phd/phd-admission-dates-to-remember/
NUST,Islamabad,Military College Of Signals,PhD,Computer Science,3–5 Years,MS/MPhil (18 years of education) in a relevant discipline from an HEC recognized institution,NET (PhD) / GAT (Subject) / Interview,400000.0,"June 30, 2026",https://nust.edu.pk/admissions/phd/phd-admission-dates-to-remember/
NUST,Islamabad,Military College Of Signals,PhD,Software Engineering,3–5 Years,MS/MPhil (18 years of education) in a relevant discipline from an HEC recognized institution,NET (PhD) / GAT (Subject) / Interview,400000.0,"June 30, 2026",https://nust.edu.pk/admissions/phd/phd-admission-dates-to-remember/
NUST,Islamabad,Pakistan Navy Engineering College,PhD,Electrical Engineering,3–5 Years,MS/MPhil (18 years of education) in a relevant discipline from an HEC recognized institution,NET (PhD) / GAT (Subject) / Interview,400000.0,"June 30, 2026",https://nust.edu.pk/admissions/phd/phd-admission-dates-to-remember/
NUST,Islamabad,Pakistan Navy Engineering College,PhD,Mechanical Engineering,3–5 Years,MS/MPhil (18 years of education) in a relevant discipline from an HEC recognized institution,NET (PhD) / GAT (Subject) / Interview,400000.0,"June 30, 2026",https://nust.edu.pk/admissions/phd/phd-admission-dates-to-remember/
NUST,Islamabad,Pakistan Navy Engineering College,PhD,Manufacturing Engineering & Management,3–5 Years,MS/MPhil (18 years of education) in a relevant discipline from an HEC recognized institution,NET (PhD) / GAT (Subject) / Interview,400000.0,"June 30, 2026",https://nust.edu.pk/admissions/phd/phd-admission-dates-to-remember/
NUST,Islamabad,National Institute Of Transportation,PhD,Structural Engineering,3–5 Years,MS/MPhil (18 years of education) in a relevant discipline from an HEC recognized institution,NET (PhD) / GAT (Subject) / Interview,400000.0,"June 30, 2026",https://nust.edu.pk/admissions/phd/phd-admission-dates-to-remember/
NUST,Islamabad,National Institute Of Transportation,PhD,Geotechnical Engineering,3–5 Years,MS/MPhil (18 years of education) in a relevant discipline from an HEC recognized institution,NET (PhD) / GAT (Subject) / Interview,400000.0,"June 30, 2026",https://nust.edu.pk/admissions/phd/phd-admission-dates-to-remember/
NUST,Islamabad,National Institute Of Transportation,PhD,Transportation Engineering,3–5 Years,MS/MPhil (18 years of education) in a relevant discipline from an HEC recognized institution,NET (PhD) / GAT (Subject) / Interview,400000.0,"June 30, 2026",https://nust.edu.pk/admissions/phd/phd-admission-dates-to-remember/
NUST,Islamabad,Institute Of Environmental Sciences & Engineering,PhD,Environmental Engineering,3–5 Years,MS/MPhil (18 years of education) in a relevant discipline from an HEC recognized institution,NET (PhD) / GAT (Subject) / Interview,400000.0,"June 30, 2026",https://nust.edu.pk/admissions/phd/phd-admission-dates-to-remember/
NUST,Islamabad,Institute Of Environmental Sciences & Engineering,PhD,Environmental Science,3–5 Years,MS/MPhil (18 years of education) in a relevant discipline from an HEC recognized institution,NET (PhD) / GAT (Subject) / Interview,380000.0,"June 30, 2026",https://nust.edu.pk/admissions/phd/phd-admission-dates-to-remember/
NUST,Islamabad,Nust Institute Of Civil Engineering,PhD,Urban & Regional Planning,3–5 Years,MS/MPhil (18 years of education) in a relevant discipline from an HEC recognized institution,NET (PhD) / GAT (Subject) / Interview,380000.0,"June 30, 2026",https://nust.edu.pk/admissions/phd/phd-admission-dates-to-remember/
NUST,Islamabad,Nust Institute Of Civil Engineering,PhD,Construction Engineering And Management,3–5 Years,MS/MPhil (18 years of education) in a relevant discipline from an HEC recognized institution,NET (PhD) / GAT (Subject) / Interview,400000.0,"June 30, 2026",https://nust.edu.pk/admissions/phd/phd-admission-dates-to-remember/
NUST,Islamabad,Nust Institute Of Civil Engineering,PhD,Structural Engineering,3–5 Years,MS/MPhil (18 years of education) in a relevant discipline from an HEC recognized institution,NET (PhD) / GAT (Subject) / Interview,400000.0,"June 30, 2026",https://nust.edu.pk/admissions/phd/phd-admission-dates-to-remember/
NUST,Islamabad,Nust Institute Of Civil Engineering,PhD,Geotechnical Engineering,3–5 Years,MS/MPhil (18 years of education) in a relevant discipline from an HEC recognized institution,NET (PhD) / GAT (Subject) / Interview,400000.0,"June 30, 2026",https://nust.edu.pk/admissions/phd/phd-admission-dates-to-remember/
NUST,Islamabad,Nust Institute Of Civil Engineering,PhD,Transportation Engineering,3–5 Years,MS/MPhil (18 years of education) in a relevant discipline from an HEC recognized institution,NET (PhD) / GAT (Subject) / Interview,400000.0,"June 30, 2026",https://nust.edu.pk/admissions/phd/phd-admission-dates-to-remember/
NUST,Islamabad,Nust Institute Of Civil Engineering,PhD,Water Resources And Hydropower Engineering,3–5 Years,MS/MPhil (18 years of education) in a relevant discipline from an HEC recognized institution,NET (PhD) / GAT (Subject) / Interview,400000.0,"June 30, 2026",https://nust.edu.pk/admissions/phd/phd-admission-dates-to-remember/
NUST,Islamabad,Institute Of Geographical Information Systems,PhD,Software Engineering,3–5 Years,MS/MPhil (18 years of education) in a relevant discipline from an HEC recognized institution,NET (PhD) / GAT (Subject) / Interview,380000.0,"June 30, 2026",https://nust.edu.pk/admissions/phd/phd-admission-dates-to-remember/
NUST,Islamabad,Nust Business School,PhD,Business Administration,3–5 Years,MS/MPhil (18 years of education) in a relevant discipline from an HEC recognized institution,NET (PhD) / GAT (Subject) / Interview,450000.0,"June 30, 2026",https://nust.edu.pk/admissions/phd/phd-admission-dates-to-remember/
NUST,Islamabad,Centre For International Peace & Stability,PhD,Peace & Conflict Studies,3–5 Years,MS/MPhil (18 years of education) in a relevant discipline from an HEC recognized institution,NET (PhD) / GAT (Subject) / Interview,380000.0,"June 30, 2026",https://nust.edu.pk/admissions/phd/phd-admission-dates-to-remember/
NUST,Islamabad,Centre For International Peace & Stability,PhD,International Relations,3–5 Years,MS/MPhil (18 years of education) in a relevant discipline from an HEC recognized institution,NET (PhD) / GAT (Subject) / Interview,380000.0,"June 30, 2026",https://nust.edu.pk/admissions/phd/phd-admission-dates-to-remember/
NUST,Islamabad,Nust Institute Of Peace & Conflict Studies,PhD,Peace & Conflict Studies,3–5 Years,MS/MPhil (18 years of education) in a relevant discipline from an HEC recognized institution,NET (PhD) / GAT (Subject) / Interview,380000.0,"June 30, 2026",https://nust.edu.pk/admissions/phd/phd-admission-dates-to-remember/
NUST,Islamabad,School Of Social Sciences & Humanities,PhD,Psychology,3–5 Years,MS/MPhil (18 years of education) in a relevant discipline from an HEC recognized institution,NET (PhD) / GAT (Subject) / Interview,380000.0,"June 30, 2026",https://nust.edu.pk/admissions/phd/phd-admission-dates-to-remember/
NUST,Islamabad,School Of Social Sciences & Humanities,PhD,Economics,3–5 Years,MS/MPhil (18 years of education) in a relevant discipline from an HEC recognized institution,NET (PhD) / GAT (Subject) / Interview,450000.0,"June 30, 2026",https://nust.edu.pk/admissions/phd/phd-admission-dates-to-remember/
NUST,Islamabad,School Of Social Sciences & Humanities,PhD,Development Studies,3–5 Years,MS/MPhil (18 years of education) in a relevant discipline from an HEC recognized institution,NET (PhD) / GAT (Subject) / Interview,380000.0,"June 30, 2026",https://nust.edu.pk/admissions/phd/phd-admission-dates-to-remember/
NUST,Islamabad,Atta-Ur-Rahman School Of Applied Bio Sciences,PhD,Applied Biosciences,3–5 Years,MS/MPhil (18 years of education) in a relevant discipline from an HEC recognized institution,NET (PhD) / GAT (Subject) / Interview,350000.0,"June 30, 2026",https://nust.edu.pk/admissions/phd/phd-admission-dates-to-remember/
NUST,Islamabad,School Of Natural Sciences,PhD,Mathematics,3–5 Years,MS/MPhil (18 years of education) in a relevant discipline from an HEC recognized institution,NET (PhD) / GAT (Subject) / Interview,350000.0,"June 30, 2026",https://nust.edu.pk/admissions/phd/phd-admission-dates-to-remember/
NUST,Islamabad,School Of Natural Sciences,PhD,Physics,3–5 Years,MS/MPhil (18 years of education) in a relevant discipline from an HEC recognized institution,NET (PhD) / GAT (Subject) / Interview,350000.0,"June 30, 2026",https://nust.edu.pk/admissions/phd/phd-admission-dates-to-remember/
NUST,Islamabad,School Of Natural Sciences,PhD,Chemistry,3–5 Years,MS/MPhil (18 years of education) in a relevant discipline from an HEC recognized institution,NET (PhD) / GAT (Subject) / Interview,350000.0,"June 30, 2026",https://nust.edu.pk/admissions/phd/phd-admission-dates-to-remember/
NUST,Islamabad,School Of Natural Sciences,PhD,Computer Science,3–5 Years,MS/MPhil (18 years of education) in a relevant discipline from an HEC recognized institution,NET (PhD) / GAT (Subject) / Interview,380000.0,"June 30, 2026",https://nust.edu.pk/admissions/phd/phd-admission-dates-to-remember/
NUST,Islamabad,School Of Interdisciplinary Engineering & Sciences,PhD,Computational Science And Engineering,3–5 Years,MS/MPhil (18 years of education) in a relevant discipline from an HEC recognized institution,NET (PhD) / GAT (Subject) / Interview,400000.0,"June 30, 2026",https://nust.edu.pk/admissions/phd/phd-admission-dates-to-remember/
NUST,Islamabad,School Of Interdisciplinary Engineering & Sciences,PhD,Bioin,3–5 Years,MS/MPhil (18 years of education) in a relevant discipline from an HEC recognized institution,NET (PhD) / GAT (Subject) / Interview,380000.0,"June 30, 2026",https://nust.edu.pk/admissions/phd/phd-admission-dates-to-remember/
NUST,Islamabad,School Of Interdisciplinary Engineering & Sciences,PhD,Artificial Intelligence,3–5 Years,MS/MPhil (18 years of education) in a relevant discipline from an HEC recognized institution,NET (PhD) / GAT (Subject) / Interview,380000.0,"June 30, 2026",https://nust.edu.pk/admissions/phd/phd-admission-dates-to-remember/
University of the Punjab,Lahore,BS,BS,B.Sc. . Agriculture Agronomy Morning,4 Years,FSc / FA / ICS / A-Levels or equivalent,PU Entry Test,45000.0,15 August 2026,https://pu.edu.pk/program/index/Graduate
University of the Punjab,Lahore,BS,BS,B.Sc. . Agriculture Entomology Morning,4 Years,FSc / FA / ICS / A-Levels or equivalent,PU Entry Test,45000.0,15 August 2026,https://pu.edu.pk/program/index/Graduate
University of the Punjab,Lahore,BS,BS,B.Sc. . Agriculture Horticulture Morning,4 Years,FSc / FA / ICS / A-Levels or equivalent,PU Entry Test,45000.0,15 August 2026,https://pu.edu.pk/program/index/Graduate
University of the Punjab,Lahore,BS,BS,B.Sc. . Agriculture Plant Pathology Morning,4 Years,FSc / FA / ICS / A-Levels or equivalent,PU Entry Test,45000.0,15 August 2026,https://pu.edu.pk/program/index/Graduate
University of the Punjab,Lahore,BS,BS,Software Engineering,4 Years,FSc / FA / ICS / A-Levels or equivalent,PU Entry Test,85000.0,15 August 2026,https://pu.edu.pk/program/index/Graduate
University of the Punjab,Lahore,BS,BS,Business Administration,4 Years,FSc / FA / ICS / A-Levels or equivalent,PU Entry Test,45000.0,15 August 2026,https://pu.edu.pk/program/index/Graduate
University of the Punjab,Lahore,BS,BS,Business Administration,4 Years,FSc / FA / ICS / A-Levels or equivalent,PU Entry Test,45000.0,15 August 2026,https://pu.edu.pk/program/index/Graduate
University of the Punjab,Lahore,BS,BS,Business Administration,4 Years,FSc / FA / ICS / A-Levels or equivalent,PU Entry Test,45000.0,15 August 2026,https://pu.edu.pk/program/index/Graduate
University of the Punjab,Lahore,BS,BS,Business Administration,4 Years,FSc / FA / ICS / A-Levels or equivalent,PU Entry Test,45000.0,15 August 2026,https://pu.edu.pk/program/index/Graduate
University of the Punjab,Lahore,BS,BS,Business Administration,4 Years,FSc / FA / ICS / A-Levels or equivalent,PU Entry Test,45000.0,15 August 2026,https://pu.edu.pk/program/index/Graduate
University of the Punjab,Lahore,BS,BS,,4 Years,FSc / FA / ICS / A-Levels or equivalent,PU Entry Test,45000.0,15 August 2026,https://pu.edu.pk/program/index/Graduate
University of the Punjab,Lahore,BS,BS,Information Technology,4 Years,FSc / FA / ICS / A-Levels or equivalent,PU Entry Test,45000.0,15 August 2026,https://pu.edu.pk/program/index/Graduate
University of the Punjab,Lahore,BS,BS,Archaeology,4 Years,FSc / FA / ICS / A-Levels or equivalent,PU Entry Test,45000.0,15 August 2026,https://pu.edu.pk/program/index/Graduate
University of the Punjab,Lahore,BS,BS,Chemistry,4 Years,FSc / FA / ICS / A-Levels or equivalent,PU Entry Test,45000.0,15 August 2026,https://pu.edu.pk/program/index/Graduate
University of the Punjab,Lahore,BS,BS,Biotechnology Regular,4 Years,FSc / FA / ICS / A-Levels or equivalent,PU Entry Test,45000.0,15 August 2026,https://pu.edu.pk/program/index/Graduate
University of the Punjab,Lahore,BS,BS,Botany,4 Years,FSc / FA / ICS / A-Levels or equivalent,PU Entry Test,45000.0,15 August 2026,https://pu.edu.pk/program/index/Graduate
University of the Punjab,Lahore,BS,BS,Botany After Ad,4 Years,FSc / FA / ICS / A-Levels or equivalent,PU Entry Test,45000.0,15 August 2026,https://pu.edu.pk/program/index/Graduate
University of the Punjab,Lahore,BS,BS,Computer Science,4 Years,FSc / FA / ICS / A-Levels or equivalent,PU Entry Test,45000.0,15 August 2026,https://pu.edu.pk/program/index/Graduate
University of the Punjab,Lahore,BS,BS,Business Education,4 Years,FSc / FA / ICS / A-Levels or equivalent,PU Entry Test,45000.0,15 August 2026,https://pu.edu.pk/program/index/Graduate
University of the Punjab,Lahore,BS,BS,Chemistry,4 Years,FSc / FA / ICS / A-Levels or equivalent,PU Entry Test,45000.0,15 August 2026,https://pu.edu.pk/program/index/Graduate
University of the Punjab,Lahore,BS,BS,Information Technology,4 Years,FSc / FA / ICS / A-Levels or equivalent,PU Entry Test,45000.0,15 August 2026,https://pu.edu.pk/program/index/Graduate
University of the Punjab,Lahore,BS,BS,Software Engineering,4 Years,FSc / FA / ICS / A-Levels or equivalent,PU Entry Test,85000.0,15 August 2026,https://pu.edu.pk/program/index/Graduate
University of the Punjab,Lahore,BS,BS,Software Engineering,4 Years,FSc / FA / ICS / A-Levels or equivalent,PU Entry Test,85000.0,15 August 2026,https://pu.edu.pk/program/index/Graduate
University of the Punjab,Lahore,BS,BS,Computer Science,4 Years,FSc / FA / ICS / A-Levels or equivalent,PU Entry Test,85000.0,15 August 2026,https://pu.edu.pk/program/index/Graduate
University of the Punjab,Lahore,BS,BS,Computer Science,4 Years,FSc / FA / ICS / A-Levels or equivalent,PU Entry Test,45000.0,15 August 2026,https://pu.edu.pk/program/index/Graduate
University of the Punjab,Lahore,BS,BS,Computer Science,4 Years,FSc / FA / ICS / A-Levels or equivalent,PU Entry Test,85000.0,15 August 2026,https://pu.edu.pk/program/index/Graduate
University of the Punjab,Lahore,BS,BS,Computer Science,4 Years,FSc / FA / ICS / A-Levels or equivalent,PU Entry Test,45000.0,15 August 2026,https://pu.edu.pk/program/index/Graduate
University of the Punjab,Lahore,BS,BS,Software Engineering,4 Years,FSc / FA / ICS / A-Levels or equivalent,PU Entry Test,85000.0,15 August 2026,https://pu.edu.pk/program/index/Graduate
University of the Punjab,Lahore,BS,BS,Software Engineering,4 Years,FSc / FA / ICS / A-Levels or equivalent,PU Entry Test,85000.0,15 August 2026,https://pu.edu.pk/program/index/Graduate
University of the Punjab,Lahore,BS,BS,Environmental Sciences,4 Years,FSc / FA / ICS / A-Levels or equivalent,PU Entry Test,45000.0,15 August 2026,https://pu.edu.pk/program/index/Graduate
University of the Punjab,Lahore,BS,BS,French Department History & Pakistan Studies Name History Morning Pakistan Studies,4 Years,FSc / FA / ICS / A-Levels or equivalent,PU Entry Test,45000.0,15 August 2026,https://pu.edu.pk/program/index/Graduate
University of the Punjab,Lahore,BS,BS,Software Engineering,4 Years,FSc / FA / ICS / A-Levels or equivalent,PU Entry Test,45000.0,15 August 2026,https://pu.edu.pk/program/index/Graduate
University of the Punjab,Lahore,BS,BS,Information Technology,4 Years,FSc / FA / ICS / A-Levels or equivalent,PU Entry Test,45000.0,15 August 2026,https://pu.edu.pk/program/index/Graduate
University of the Punjab,Lahore,BS,BS,,4 Years,FSc / FA / ICS / A-Levels or equivalent,PU Entry Test,45000.0,15 August 2026,https://pu.edu.pk/program/index/Graduate
University of the Punjab,Lahore,BS,BS,Hydrology And Water Resources Management,4 Years,FSc / FA / ICS / A-Levels or equivalent,PU Entry Test,45000.0,15 August 2026,https://pu.edu.pk/program/index/Graduate
University of the Punjab,Lahore,BS,BS,Information Management,4 Years,FSc / FA / ICS / A-Levels or equivalent,PU Entry Test,45000.0,15 August 2026,https://pu.edu.pk/program/index/Graduate
University of the Punjab,Lahore,BS,BS,Computer Science,4 Years,FSc / FA / ICS / A-Levels or equivalent,PU Entry Test,85000.0,15 August 2026,https://pu.edu.pk/program/index/Graduate
University of the Punjab,Lahore,BS,BS,International Relations,4 Years,FSc / FA / ICS / A-Levels or equivalent,PU Entry Test,45000.0,15 August 2026,https://pu.edu.pk/program/index/Graduate
University of the Punjab,Lahore,BS,BS,Computer Science,4 Years,FSc / FA / ICS / A-Levels or equivalent,PU Entry Test,45000.0,15 August 2026,https://pu.edu.pk/program/index/Graduate
University of the Punjab,Lahore,BS,BS,Islamic Studies Quran & Uloom Ul Quran M Islamic Studies Study World Religions M & S,4 Years,FSc / FA / ICS / A-Levels or equivalent,PU Entry Test,45000.0,15 August 2026,https://pu.edu.pk/program/index/Graduate
University of the Punjab,Lahore,BS,BS,Software Engineering,4 Years,FSc / FA / ICS / A-Levels or equivalent,PU Entry Test,85000.0,15 August 2026,https://pu.edu.pk/program/index/Graduate
University of the Punjab,Lahore,BS,BS,Mathematics,4 Years,FSc / FA / ICS / A-Levels or equivalent,PU Entry Test,45000.0,15 August 2026,https://pu.edu.pk/program/index/Graduate
University of the Punjab,Lahore,BS,BS,Management,4 Years,FSc / FA / ICS / A-Levels or equivalent,PU Entry Test,45000.0,15 August 2026,https://pu.edu.pk/program/index/Graduate
University of the Punjab,Lahore,BS,BS,Management Morning Management Replica,4 Years,FSc / FA / ICS / A-Levels or equivalent,PU Entry Test,45000.0,15 August 2026,https://pu.edu.pk/program/index/Graduate
University of the Punjab,Lahore,BS,BS,Computer Science,4 Years,FSc / FA / ICS / A-Levels or equivalent,PU Entry Test,45000.0,15 August 2026,https://pu.edu.pk/program/index/Graduate
University of the Punjab,Lahore,BS,BS,Computer Science,4 Years,FSc / FA / ICS / A-Levels or equivalent,PU Entry Test,85000.0,15 August 2026,https://pu.edu.pk/program/index/Graduate
University of the Punjab,Lahore,BS,BS,Computer Science,4 Years,FSc / FA / ICS / A-Levels or equivalent,PU Entry Test,85000.0,15 August 2026,https://pu.edu.pk/program/index/Graduate
University of the Punjab,Lahore,BS,BS,Media & Development Communication Morning,4 Years,FSc / FA / ICS / A-Levels or equivalent,PU Entry Test,45000.0,15 August 2026,https://pu.edu.pk/program/index/Graduate
University of the Punjab,Lahore,BS,BS,Media And Development Communication Replica,4 Years,FSc / FA / ICS / A-Levels or equivalent,PU Entry Test,45000.0,15 August 2026,https://pu.edu.pk/program/index/Graduate
University of the Punjab,Lahore,BS,BS,Computer Science,4 Years,FSc / FA / ICS / A-Levels or equivalent,PU Entry Test,45000.0,15 August 2026,https://pu.edu.pk/program/index/Graduate
University of the Punjab,Lahore,BS,BS,Persian,4 Years,FSc / FA / ICS / A-Levels or equivalent,PU Entry Test,45000.0,15 August 2026,https://pu.edu.pk/program/index/Graduate
University of the Punjab,Lahore,BS,BS,Philosophy,4 Years,FSc / FA / ICS / A-Levels or equivalent,PU Entry Test,45000.0,15 August 2026,https://pu.edu.pk/program/index/Graduate
University of the Punjab,Lahore,BS,BS,Physical Education,4 Years,FSc / FA / ICS / A-Levels or equivalent,PU Entry Test,45000.0,15 August 2026,https://pu.edu.pk/program/index/Graduate
University of the Punjab,Lahore,BS,BS,Physics,4 Years,FSc / FA / ICS / A-Levels or equivalent,PU Entry Test,45000.0,"December 17, 2025",https://pu.edu.pk/program/index/Graduate
University of the Punjab,Lahore,BS,BS,Information Technology,4 Years,FSc / FA / ICS / A-Levels or equivalent,PU Entry Test,45000.0,15 August 2026,https://pu.edu.pk/program/index/Graduate
University of the Punjab,Lahore,BS,BS,Social Entrepreneurship Regular,4 Years,FSc / FA / ICS / A-Levels or equivalent,PU Entry Test,45000.0,15 August 2026,https://pu.edu.pk/program/index/Graduate
University of the Punjab,Lahore,BS,BS,Software Engineering,4 Years,FSc / FA / ICS / A-Levels or equivalent,PU Entry Test,85000.0,15 August 2026,https://pu.edu.pk/program/index/Graduate
University of the Punjab,Lahore,BS,BS,Software Engineering,4 Years,FSc / FA / ICS / A-Levels or equivalent,PU Entry Test,85000.0,15 August 2026,https://pu.edu.pk/program/index/Graduate
University of the Punjab,Lahore,BS,BS,Space Science Morning,4 Years,FSc / FA / ICS / A-Levels or equivalent,PU Entry Test,45000.0,15 August 2026,https://pu.edu.pk/program/index/Graduate
University of the Punjab,Lahore,BS,BS,Technology Education,4 Years,FSc / FA / ICS / A-Levels or equivalent,PU Entry Test,45000.0,15 August 2026,https://pu.edu.pk/program/index/Graduate
University of the Punjab,Lahore,BS,BS,Information Technology,4 Years,FSc / FA / ICS / A-Levels or equivalent,PU Entry Test,45000.0,15 August 2026,https://pu.edu.pk/program/index/Graduate
University of the Punjab,Lahore,BS,BS,Ll.B,4 Years,FSc / FA / ICS / A-Levels or equivalent,PU Entry Test,45000.0,15 August 2026,https://pu.edu.pk/program/index/Graduate
University of the Punjab,Lahore,BS,BS,Software Engineering,4 Years,FSc / FA / ICS / A-Levels or equivalent,PU Entry Test,45000.0,15 August 2026,https://pu.edu.pk/program/index/Graduate
University of the Punjab,Lahore,BS,BS,Software Engineering,4 Years,FSc / FA / ICS / A-Levels or equivalent,PU Entry Test,45000.0,15 August 2026,https://pu.edu.pk/program/index/Graduate
University of the Punjab,Lahore,MS,MS,,2 Years,Relevant BS (16 years education),GAT (General) or Departmental Test,60000.0,15 August 2026,https://pu.edu.pk/program/index/masters
University of the Punjab,Lahore,MS,MS,Information Technology,2 Years,Relevant BS (16 years education),GAT (General) or Departmental Test,60000.0,15 August 2026,https://pu.edu.pk/program/index/masters
University of the Punjab,Lahore,MS,MS,Business Education,2 Years,Relevant BS (16 years education),GAT (General) or Departmental Test,60000.0,15 August 2026,https://pu.edu.pk/program/index/masters
University of the Punjab,Lahore,MS,MS,Computer Science,2 Years,Relevant BS (16 years education),GAT (General) or Departmental Test,60000.0,15 August 2026,https://pu.edu.pk/program/index/masters
University of the Punjab,Lahore,MS,MS,Software Engineering,2 Years,Relevant BS (16 years education),GAT (General) or Departmental Test,60000.0,15 August 2026,https://pu.edu.pk/program/index/masters
University of the Punjab,Lahore,MS,MS,History,2 Years,Relevant BS (16 years education),GAT (General) or Departmental Test,60000.0,15 August 2026,https://pu.edu.pk/program/index/masters
University of the Punjab,Lahore,MS,MS,Elementary Education,2 Years,Relevant BS (16 years education),GAT (General) or Departmental Test,60000.0,15 August 2026,https://pu.edu.pk/program/index/masters
University of the Punjab,Lahore,MS,MS,Hydrology And Water Resources Management,2 Years,Relevant BS (16 years education),GAT (General) or Departmental Test,60000.0,15 August 2026,https://pu.edu.pk/program/index/masters
University of the Punjab,Lahore,MS,MS,Software Engineering,2 Years,Relevant BS (16 years education),GAT (General) or Departmental Test,85000.0,15 August 2026,https://pu.edu.pk/program/index/masters
University of the Punjab,Lahore,MS,MS,Islamic Studies Replacement M,2 Years,Relevant BS (16 years education),GAT (General) or Departmental Test,60000.0,15 August 2026,https://pu.edu.pk/program/index/masters
University of the Punjab,Lahore,MS,MS,Journalism Studies Morning,2 Years,Relevant BS (16 years education),GAT (General) or Departmental Test,60000.0,15 August 2026,https://pu.edu.pk/program/index/masters
University of the Punjab,Lahore,MS,MS,Computer Science,2 Years,Relevant BS (16 years education),GAT (General) or Departmental Test,60000.0,15 August 2026,https://pu.edu.pk/program/index/masters
University of the Punjab,Lahore,MS,MS,Pakistan Studies,2 Years,Relevant BS (16 years education),GAT (General) or Departmental Test,60000.0,15 August 2026,https://pu.edu.pk/program/index/masters
University of the Punjab,Lahore,MS,MS,Persian,2 Years,Relevant BS (16 years education),GAT (General) or Departmental Test,60000.0,15 August 2026,https://pu.edu.pk/program/index/masters
University of the Punjab,Lahore,MS,MS,Physical Education,2 Years,Relevant BS (16 years education),GAT (General) or Departmental Test,60000.0,15 August 2026,https://pu.edu.pk/program/index/masters
University of the Punjab,Lahore,MS,MS,Physics,2 Years,Relevant BS (16 years education),GAT (General) or Departmental Test,60000.0,"December 17, 2025",https://pu.edu.pk/program/index/masters
University of the Punjab,Lahore,MS,MS,Information Technology,2 Years,Relevant BS (16 years education),GAT (General) or Departmental Test,60000.0,15 August 2026,https://pu.edu.pk/program/index/masters
University of the Punjab,Lahore,MS,MS,Sociology,2 Years,Relevant BS (16 years education),GAT (General) or Departmental Test,60000.0,31 August 2025,https://pu.edu.pk/program/index/masters
University of the Punjab,Lahore,MS,MS,Computer Science,2 Years,Relevant BS (16 years education),GAT (General) or Departmental Test,60000.0,15 August 2026,https://pu.edu.pk/program/index/masters
University of the Punjab,Lahore,MS,MS,Technology Education,2 Years,Relevant BS (16 years education),GAT (General) or Departmental Test,60000.0,15 August 2026,https://pu.edu.pk/program/index/masters
University of the Punjab,Lahore,MS,MS,Information Technology,2 Years,Relevant BS (16 years education),GAT (General) or Departmental Test,60000.0,15 August 2026,https://pu.edu.pk/program/index/masters
University of the Punjab,Lahore,MS,MS,Urdu,2 Years,Relevant BS (16 years education),GAT (General) or Departmental Test,60000.0,15 August 2026,https://pu.edu.pk/program/index/masters
University of the Punjab,Lahore,MS,MS,Zoology,2 Years,Relevant BS (16 years education),GAT (General) or Departmental Test,60000.0,September 2025 (Fall Intake),https://pu.edu.pk/program/index/masters
University of the Punjab,Lahore,MS,MS,M.Sc. Engg,2 Years,Relevant BS (16 years education),GAT (General) or Departmental Test,60000.0,15 August 2026,https://pu.edu.pk/program/index/masters
University of the Punjab,Lahore,MS,MS,M.Sc.,2 Years,Relevant BS (16 years education),GAT (General) or Departmental Test,60000.0,15 August 2026,https://pu.edu.pk/program/index/masters
University of the Punjab,Lahore,MS,MS,M.Sc. Agriculture Soil Science Morning B,2 Years,Relevant BS (16 years education),GAT (General) or Departmental Test,60000.0,15 August 2026,https://pu.edu.pk/program/index/masters
University of the Punjab,Lahore,MS,MS,Information Technology,2 Years,Relevant BS (16 years education),GAT (General) or Departmental Test,60000.0,15 August 2026,https://pu.edu.pk/program/index/masters
University of the Punjab,Lahore,MS,MS,M.Sc. Coal Technology Faculty Geosciences Centre For Geographical Information System,2 Years,Relevant BS (16 years education),GAT (General) or Departmental Test,60000.0,15 August 2026,https://pu.edu.pk/program/index/masters
University of the Punjab,Lahore,MS,MS,M.Sc. Geography Morning M,2 Years,Relevant BS (16 years education),GAT (General) or Departmental Test,60000.0,15 August 2026,https://pu.edu.pk/program/index/masters
University of the Punjab,Lahore,MS,MS,Information Technology,2 Years,Relevant BS (16 years education),GAT (General) or Departmental Test,60000.0,15 August 2026,https://pu.edu.pk/program/index/masters
University of the Punjab,Lahore,MS,MS,Computer Science,2 Years,Relevant BS (16 years education),GAT (General) or Departmental Test,60000.0,15 August 2026,https://pu.edu.pk/program/index/masters
University of the Punjab,Lahore,MS,MS,Software Engineering,2 Years,Relevant BS (16 years education),GAT (General) or Departmental Test,85000.0,15 August 2026,https://pu.edu.pk/program/index/masters
University of the Punjab,Lahore,MS,MS,Chemistry,2 Years,Relevant BS (16 years education),GAT (General) or Departmental Test,60000.0,15 August 2026,https://pu.edu.pk/program/index/masters
University of the Punjab,Lahore,MS,MS,Environmental Sciences Morning,2 Years,Relevant BS (16 years education),GAT (General) or Departmental Test,60000.0,15 August 2026,https://pu.edu.pk/program/index/masters
University of the Punjab,Lahore,MS,MS,Health Administration,2 Years,Relevant BS (16 years education),GAT (General) or Departmental Test,60000.0,15 August 2026,https://pu.edu.pk/program/index/masters
University of the Punjab,Lahore,MS,MS,Human Resource Management,2 Years,Relevant BS (16 years education),GAT (General) or Departmental Test,60000.0,15 August 2026,https://pu.edu.pk/program/index/masters
University of the Punjab,Lahore,MS,MS,Software Engineering,2 Years,Relevant BS (16 years education),GAT (General) or Departmental Test,85000.0,15 August 2026,https://pu.edu.pk/program/index/masters
University of the Punjab,Lahore,MS,MS,Software Engineering,2 Years,Relevant BS (16 years education),GAT (General) or Departmental Test,85000.0,15 August 2026,https://pu.edu.pk/program/index/masters
University of the Punjab,Lahore,MS,MS,Software Engineering,2 Years,Relevant BS (16 years education),GAT (General) or Departmental Test,85000.0,15 August 2026,https://pu.edu.pk/program/index/masters
University of the Punjab,Lahore,MS,MS,Software Engineering,2 Years,Relevant BS (16 years education),GAT (General) or Departmental Test,60000.0,15 August 2026,https://pu.edu.pk/program/index/masters
University of the Punjab,Lahore,MS,MS,Software Engineering,2 Years,Relevant BS (16 years education),GAT (General) or Departmental Test,60000.0,15 August 2026,https://pu.edu.pk/program/index/masters
University of the Punjab,Lahore,PhD,PhD,Information Technology,3–5 Years,Relevant MS / MPhil,GAT (Subject) + Interview,75000.0,15 August 2026,https://pu.edu.pk/program/index/Ph.%20D
University of the Punjab,Lahore,PhD,PhD,Computer Science,3–5 Years,Relevant MS / MPhil,GAT (Subject) + Interview,75000.0,15 August 2026,https://pu.edu.pk/program/index/Ph.%20D
University of the Punjab,Lahore,PhD,PhD,Biology,3–5 Years,Relevant MS / MPhil,GAT (Subject) + Interview,75000.0,15 August 2026,https://pu.edu.pk/program/index/Ph.%20D
University of the Punjab,Lahore,PhD,PhD,Biology,3–5 Years,Relevant MS / MPhil,GAT (Subject) + Interview,75000.0,15 August 2026,https://pu.edu.pk/program/index/Ph.%20D
University of the Punjab,Lahore,PhD,PhD,Ph.D Applied Hydrology Ph,3–5 Years,Relevant MS / MPhil,GAT (Subject) + Interview,75000.0,15 August 2026,https://pu.edu.pk/program/index/Ph.%20D
University of the Punjab,Lahore,PhD,PhD,Information Technology,3–5 Years,Relevant MS / MPhil,GAT (Subject) + Interview,75000.0,15 August 2026,https://pu.edu.pk/program/index/Ph.%20D
University of the Punjab,Lahore,PhD,PhD,Information Technology,3–5 Years,Relevant MS / MPhil,GAT (Subject) + Interview,75000.0,15 August 2026,https://pu.edu.pk/program/index/Ph.%20D
University of the Punjab,Lahore,PhD,PhD,Ph.D Biotechnology School Biological Sciences Name Ph,3–5 Years,Relevant MS / MPhil,GAT (Subject) + Interview,75000.0,15 August 2026,https://pu.edu.pk/program/index/Ph.%20D
University of the Punjab,Lahore,PhD,PhD,Computer Science,3–5 Years,Relevant MS / MPhil,GAT (Subject) + Interview,75000.0,15 August 2026,https://pu.edu.pk/program/index/Ph.%20D
University of the Punjab,Lahore,PhD,PhD,Information Technology,3–5 Years,Relevant MS / MPhil,GAT (Subject) + Interview,75000.0,15 August 2026,https://pu.edu.pk/program/index/Ph.%20D
University of the Punjab,Lahore,PhD,PhD,Ph.D Gender Studies Morning,3–5 Years,Relevant MS / MPhil,GAT (Subject) + Interview,75000.0,15 August 2026,https://pu.edu.pk/program/index/Ph.%20D
University of the Punjab,Lahore,PhD,PhD,Computer Science,3–5 Years,Relevant MS / MPhil,GAT (Subject) + Interview,75000.0,15 August 2026,https://pu.edu.pk/program/index/Ph.%20D
University of the Punjab,Lahore,PhD,PhD,Ph.D Islamic Studies Regular Sheikh Zayed Islamic Centre Name Ph,3–5 Years,Relevant MS / MPhil,GAT (Subject) + Interview,75000.0,15 August 2026,https://pu.edu.pk/program/index/Ph.%20D
University of the Punjab,Lahore,PhD,PhD,Ph.D Kashmiryat Department Persian Name Ph,3–5 Years,Relevant MS / MPhil,GAT (Subject) + Interview,75000.0,15 August 2026,https://pu.edu.pk/program/index/Ph.%20D
University of the Punjab,Lahore,PhD,PhD,Computer Science,3–5 Years,Relevant MS / MPhil,GAT (Subject) + Interview,75000.0,15 August 2026,https://pu.edu.pk/program/index/Ph.%20D
University of the Punjab,Lahore,PhD,PhD,Information Technology,3–5 Years,Relevant MS / MPhil,GAT (Subject) + Interview,75000.0,15 August 2026,https://pu.edu.pk/program/index/Ph.%20D
University of the Punjab,Lahore,PhD,PhD,Information Technology,3–5 Years,Relevant MS / MPhil,GAT (Subject) + Interview,75000.0,15 August 2026,https://pu.edu.pk/program/index/Ph.%20D
University of the Punjab,Lahore,PhD,PhD,Chemistry,3–5 Years,Relevant MS / MPhil,GAT (Subject) + Interview,75000.0,15 August 2026,https://pu.edu.pk/program/index/Ph.%20D
University of the Punjab,Lahore,PhD,PhD,Information Technology,3–5 Years,Relevant MS / MPhil,GAT (Subject) + Interview,75000.0,15 August 2026,https://pu.edu.pk/program/index/Ph.%20D
University of the Punjab,Lahore,PhD,PhD,Information Technology,3–5 Years,Relevant MS / MPhil,GAT (Subject) + Interview,75000.0,15 August 2026,https://pu.edu.pk/program/index/Ph.%20D
University of the Punjab,Lahore,PhD,PhD,Software Engineering,3–5 Years,Relevant MS / MPhil,GAT (Subject) + Interview,75000.0,15 August 2026,https://pu.edu.pk/program/index/Ph.%20D
University of the Punjab,Lahore,PhD,PhD,Information Technology,3–5 Years,Relevant MS / MPhil,GAT (Subject) + Interview,75000.0,15 August 2026,https://pu.edu.pk/program/index/Ph.%20D
University of the Punjab,Lahore,PhD,PhD,Biology,3–5 Years,Relevant MS / MPhil,GAT (Subject) + Interview,75000.0,15 August 2026,https://pu.edu.pk/program/index/Ph.%20D
University of the Punjab,Lahore,PhD,PhD,Computer Science,3–5 Years,Relevant MS / MPhil,GAT (Subject) + Interview,75000.0,15 August 2026,https://pu.edu.pk/program/index/Ph.%20D
University of the Punjab,Lahore,PhD,PhD,Psychology,3–5 Years,Relevant MS / MPhil,GAT (Subject) + Interview,75000.0,15 August 2026,https://pu.edu.pk/program/index/Ph.%20D
University of the Punjab,Lahore,PhD,PhD,Ph.D History Department Philosophy Name Ph,3–5 Years,Relevant MS / MPhil,GAT (Subject) + Interview,75000.0,15 August 2026,https://pu.edu.pk/program/index/Ph.%20D
University of the Punjab,Lahore,PhD,PhD,Ph.D Information Management Sub Department Under School Communication Studies,3–5 Years,Relevant MS / MPhil,GAT (Subject) + Interview,75000.0,15 August 2026,https://pu.edu.pk/program/index/Ph.%20D
University of the Punjab,Lahore,PhD,PhD,Information Technology,3–5 Years,Relevant MS / MPhil,GAT (Subject) + Interview,75000.0,15 August 2026,https://pu.edu.pk/program/index/Ph.%20D
University of the Punjab,Lahore,PhD,PhD,Computer Science,3–5 Years,Relevant MS / MPhil,GAT (Subject) + Interview,75000.0,15 August 2026,https://pu.edu.pk/program/index/Ph.%20D
University of the Punjab,Lahore,PhD,PhD,Ph.D. Agriculture Department Plant Pathology Name Ph,3–5 Years,Relevant MS / MPhil,GAT (Subject) + Interview,75000.0,15 August 2026,https://pu.edu.pk/program/index/Ph.%20D
University of the Punjab,Lahore,PhD,PhD,Information Technology,3–5 Years,Relevant MS / MPhil,GAT (Subject) + Interview,75000.0,15 August 2026,https://pu.edu.pk/program/index/Ph.%20D
University of the Punjab,Lahore,PhD,PhD,Computer Science,3–5 Years,Relevant MS / MPhil,GAT (Subject) + Interview,75000.0,15 August 2026,https://pu.edu.pk/program/index/Ph.%20D
University of the Punjab,Lahore,PhD,PhD,Ph.D. Commerce,3–5 Years,Relevant MS / MPhil,GAT (Subject) + Interview,75000.0,15 August 2026,https://pu.edu.pk/program/index/Ph.%20D
University of the Punjab,Lahore,PhD,PhD,Computer Science,3–5 Years,Relevant MS / MPhil,GAT (Subject) + Interview,75000.0,15 August 2026,https://pu.edu.pk/program/index/Ph.%20D
University of the Punjab,Lahore,PhD,PhD,Computer Science,3–5 Years,Relevant MS / MPhil,GAT (Subject) + Interview,75000.0,15 August 2026,https://pu.edu.pk/program/index/Ph.%20D
University of the Punjab,Lahore,PhD,PhD,Chemistry,3–5 Years,Relevant MS / MPhil,GAT (Subject) + Interview,75000.0,15 August 2026,https://pu.edu.pk/program/index/Ph.%20D
University of the Punjab,Lahore,PhD,PhD,Ph.D. Biological Sciences Faculty Oriental Learning Department Arabic Name Ph,3–5 Years,Relevant MS / MPhil,GAT (Subject) + Interview,75000.0,15 August 2026,https://pu.edu.pk/program/index/Ph.%20D
University of the Punjab,Lahore,PhD,PhD,Artificial Intelligence,3–5 Years,Relevant MS / MPhil,GAT (Subject) + Interview,75000.0,15 August 2026,https://pu.edu.pk/program/index/Ph.%20D
University of the Punjab,Lahore,PhD,PhD,Software Engineering,3–5 Years,Relevant MS / MPhil,GAT (Subject) + Interview,75000.0,15 August 2026,https://pu.edu.pk/program/index/Ph.%20D
University of the Punjab,Lahore,PhD,PhD,Ph.D. Environmental Sciences Ph,3–5 Years,Relevant MS / MPhil,GAT (Subject) + Interview,75000.0,15 August 2026,https://pu.edu.pk/program/index/Ph.%20D
University of the Punjab,Lahore,PhD,PhD,Information Technology,3–5 Years,Relevant MS / MPhil,GAT (Subject) + Interview,75000.0,15 August 2026,https://pu.edu.pk/program/index/Ph.%20D
University of the Punjab,Lahore,PhD,PhD,Information Technology,3–5 Years,Relevant MS / MPhil,GAT (Subject) + Interview,75000.0,15 August 2026,https://pu.edu.pk/program/index/Ph.%20D
University of the Punjab,Lahore,PhD,PhD,Software Engineering,3–5 Years,Relevant MS / MPhil,GAT (Subject) + Interview,85000.0,15 August 2026,https://pu.edu.pk/program/index/Ph.%20D
University of the Punjab,Lahore,PhD,PhD,Ph.D. International Relations Ph,3–5 Years,Relevant MS / MPhil,GAT (Subject) + Interview,75000.0,15 August 2026,https://pu.edu.pk/program/index/Ph.%20D
University of the Punjab,Lahore,PhD,PhD,Ph.D. Media & Communication Studies Sub Department Under School Communication Studies,3–5 Years,Relevant MS / MPhil,GAT (Subject) + Interview,75000.0,15 August 2026,https://pu.edu.pk/program/index/Ph.%20D
University of the Punjab,Lahore,PhD,PhD,Computer Science,3–5 Years,Relevant MS / MPhil,GAT (Subject) + Interview,75000.0,15 August 2026,https://pu.edu.pk/program/index/Ph.%20D
University of the Punjab,Lahore,PhD,PhD,Psychology,3–5 Years,Relevant MS / MPhil,GAT (Subject) + Interview,75000.0,15 August 2026,https://pu.edu.pk/program/index/Ph.%20D
University of the Punjab,Lahore,PhD,PhD,Chemistry,3–5 Years,Relevant MS / MPhil,GAT (Subject) + Interview,75000.0,15 August 2026,https://pu.edu.pk/program/index/Ph.%20D
University of the Punjab,Lahore,PhD,PhD,Computer Science,3–5 Years,Relevant MS / MPhil,GAT (Subject) + Interview,75000.0,15 August 2026,https://pu.edu.pk/program/index/Ph.%20D
University of the Punjab,Lahore,PhD,PhD,Ph.D. Pharmacy Pharmacognosy Gujranwala Campus Faculty Commerce Khanspur Campus Jhelum Campus Pothohar Campus Note,3–5 Years,Relevant MS / MPhil,GAT (Subject) + Interview,75000.0,15 August 2026,https://pu.edu.pk/program/index/Ph.%20D
University of the Punjab,Lahore,PhD,PhD,Ph.D. Pharmacy Pharmacology Ph,3–5 Years,Relevant MS / MPhil,GAT (Subject) + Interview,75000.0,15 August 2026,https://pu.edu.pk/program/index/Ph.%20D
University of the Punjab,Lahore,PhD,PhD,Software Engineering,3–5 Years,Relevant MS / MPhil,GAT (Subject) + Interview,85000.0,15 August 2026,https://pu.edu.pk/program/index/Ph.%20D
University of the Punjab,Lahore,PhD,PhD,Artificial Intelligence,3–5 Years,Relevant MS / MPhil,GAT (Subject) + Interview,75000.0,15 August 2026,https://pu.edu.pk/program/index/Ph.%20D
University of the Punjab,Lahore,PhD,PhD,Software Engineering,3–5 Years,Relevant MS / MPhil,GAT (Subject) + Interview,75000.0,15 August 2026,https://pu.edu.pk/program/index/Ph.%20D
University of the Punjab,Lahore,PhD,PhD,Software Engineering,3–5 Years,Relevant MS / MPhil,GAT (Subject) + Interview,85000.0,15 August 2026,https://pu.edu.pk/program/index/Ph.%20D
University of the Punjab,Lahore,PhD,PhD,Information Technology,3–5 Years,Relevant MS / MPhil,GAT (Subject) + Interview,75000.0,15 August 2026,https://pu.edu.pk/program/index/Ph.%20D
University of the Punjab,Lahore,PhD,PhD,Ph.D. Sociology Morning,3–5 Years,Relevant MS / MPhil,GAT (Subject) + Interview,75000.0,15 August 2026,https://pu.edu.pk/program/index/Ph.%20D
University of the Punjab,Lahore,PhD,PhD,Computer Science,3–5 Years,Relevant MS / MPhil,GAT (Subject) + Interview,75000.0,15 August 2026,https://pu.edu.pk/program/index/Ph.%20D
University of the Punjab,Lahore,PhD,PhD,Information Technology,3–5 Years,Relevant MS / MPhil,GAT (Subject) + Interview,75000.0,15 August 2026,https://pu.edu.pk/program/index/Ph.%20D
University of the Punjab,Lahore,PhD,PhD,Computer Science,3–5 Years,Relevant MS / MPhil,GAT (Subject) + Interview,75000.0,15 August 2026,https://pu.edu.pk/program/index/Ph.%20D
University of the Punjab,Lahore,PhD,PhD,Ph.D. Zoology Regular Ph,3–5 Years,Relevant MS / MPhil,GAT (Subject) + Interview,75000.0,15 August 2026,https://pu.edu.pk/program/index/Ph.%20D
University of the Punjab,Lahore,PhD,PhD,Information Technology,3–5 Years,Relevant MS / MPhil,GAT (Subject) + Interview,75000.0,15 August 2026,https://pu.edu.pk/program/index/Ph.%20D
University of the Punjab,Lahore,PhD,PhD,Information Technology,3–5 Years,Relevant MS / MPhil,GAT (Subject) + Interview,75000.0,15 August 2026,https://pu.edu.pk/program/index/Ph.%20D
University of the Punjab,Lahore,PhD,PhD,Ph.D. South Asian Studies Department History & Pakistan Studies Name Ph,3–5 Years,Relevant MS / MPhil,GAT (Subject) + Interview,75000.0,15 August 2026,https://pu.edu.pk/program/index/Ph.%20D
University of the Punjab,Lahore,PhD,PhD,Data Science,3–5 Years,Relevant MS / MPhil,GAT (Subject) + Interview,75000.0,15 August 2026,https://pu.edu.pk/program/index/Ph.%20D
University of the Punjab,Lahore,PhD,PhD,Chemistry,3–5 Years,Relevant MS / MPhil,GAT (Subject) + Interview,75000.0,15 August 2026,https://pu.edu.pk/program/index/Ph.%20D
University of the Punjab,Lahore,PhD,PhD,Artificial Intelligence,3–5 Years,Relevant MS / MPhil,GAT (Subject) + Interview,75000.0,15 August 2026,https://pu.edu.pk/program/index/Ph.%20D
University of the Punjab,Lahore,PhD,PhD,Information Technology,3–5 Years,Relevant MS / MPhil,GAT (Subject) + Interview,75000.0,15 August 2026,https://pu.edu.pk/program/index/Ph.%20D
University of the Punjab,Lahore,PhD,PhD,Philosophy Department Sports Sciences & Physical Education Name Ph,3–5 Years,Relevant MS / MPhil,GAT (Subject) + Interview,75000.0,15 August 2026,https://pu.edu.pk/program/index/Ph.%20D
University of the Punjab,Lahore,PhD,PhD,Computer Science,3–5 Years,Relevant MS / MPhil,GAT (Subject) + Interview,75000.0,15 August 2026,https://pu.edu.pk/program/index/Ph.%20D
University of the Punjab,Lahore,PhD,PhD,Information Technology,3–5 Years,Relevant MS / MPhil,GAT (Subject) + Interview,75000.0,15 August 2026,https://pu.edu.pk/program/index/Ph.%20D
University of the Punjab,Lahore,PhD,PhD,Computer Science,3–5 Years,Relevant MS / MPhil,GAT (Subject) + Interview,75000.0,15 August 2026,https://pu.edu.pk/program/index/Ph.%20D
University of the Punjab,Lahore,PhD,PhD,Special Education Regular Faculty Electrical,3–5 Years,Relevant MS / MPhil,GAT (Subject) + Interview,75000.0,15 August 2026,https://pu.edu.pk/program/index/Ph.%20D
University of the Punjab,Lahore,PhD,PhD,Artificial Intelligence,3–5 Years,Relevant MS / MPhil,GAT (Subject) + Interview,75000.0,15 August 2026,https://pu.edu.pk/program/index/Ph.%20D
Quaid-e-Azam University,Islamabad,FACULTY OF HEALTH SCIENCES,BS,"Medicine, Surgery Mbbs",5 Years,"FSc (Pre-Medical) with minimum 50% marks, QAU Entry Test or relevant regulatory body test",QAU Entry Test / NTS,1300000.0,31 July 2026,https://qaui-edu.com/bachelors-undergraduate/
Quaid-e-Azam University,Islamabad,FACULTY OF HEALTH SCIENCES,BS,Dental Surgery Bds,4 Years,"FSc (Pre-Medical) with minimum 50% marks, QAU Entry Test or relevant regulatory body test",QAU Entry Test / NTS,1000000.0,31 July 2026,https://qaui-edu.com/bachelors-undergraduate/
Quaid-e-Azam University,Islamabad,FACULTY OF HEALTH SCIENCES,BS,Physical Therapy,5 Years,"FSc / ICS / I.Com / A-Levels (equivalence required), minimum 45% marks, QAU Entry Test or NTS",QAU Entry Test / NTS,150000.0,31 July 2026,https://qaui-edu.com/bachelors-undergraduate/
Quaid-e-Azam University,Islamabad,FACULTY OF HEALTH SCIENCES,BS,Occupational Therapy,4 Years,"FSc / ICS / I.Com / A-Levels (equivalence required), minimum 45% marks, QAU Entry Test or NTS",QAU Entry Test / NTS,100000.0,31 July 2026,https://qaui-edu.com/bachelors-undergraduate/
Quaid-e-Azam University,Islamabad,FACULTY OF HEALTH SCIENCES,BS,Audiology & Speech Language Therapy,4 Years,"FSc / ICS / I.Com / A-Levels (equivalence required), minimum 45% marks, QAU Entry Test or NTS",QAU Entry Test / NTS,100000.0,31 July 2026,https://qaui-edu.com/bachelors-undergraduate/
Quaid-e-Azam University,Islamabad,FACULTY OF HEALTH SCIENCES,BS,Podiatric Medicine,4 Years,"FSc / ICS / I.Com / A-Levels (equivalence required), minimum 45% marks, QAU Entry Test or NTS",QAU Entry Test / NTS,100000.0,31 July 2026,https://qaui-edu.com/bachelors-undergraduate/
Quaid-e-Azam University,Islamabad,FACULTY OF HEALTH SCIENCES,BS,Medical Technology 04 Years,4 Years,"FSc / ICS / I.Com / A-Levels (equivalence required), minimum 45% marks, QAU Entry Test or NTS",QAU Entry Test / NTS,100000.0,31 July 2026,https://qaui-edu.com/bachelors-undergraduate/
Quaid-e-Azam University,Islamabad,"FACULTY OF LAW, POLITICS & GOVERNANCE",BS,Laws Ll.B.,5 Years,"FSc / ICS / I.Com / A-Levels (equivalence required), minimum 45% marks, QAU Entry Test or NTS",QAU Entry Test / NTS,100000.0,31 July 2026,https://qaui-edu.com/bachelors-undergraduate/
Quaid-e-Azam University,Islamabad,FACULTY OF PHARMACY,BS,Pharmacy Pharm.D,5 Years,"FSc (Pre-Medical) with minimum 50% marks, QAU Entry Test or relevant regulatory body test",QAU Entry Test / NTS,170000.0,31 July 2026,https://qaui-edu.com/bachelors-undergraduate/
Quaid-e-Azam University,Islamabad,FACULTY OF LIBERAL ARTS & HUMAN SCIENCES,BS,Communication And Media Sciences,4 Years,"FSc / ICS / I.Com / A-Levels (equivalence required), minimum 45% marks, QAU Entry Test or NTS",QAU Entry Test / NTS,90000.0,31 July 2026,https://qaui-edu.com/bachelors-undergraduate/
Quaid-e-Azam University,Islamabad,FACULTY OF LIBERAL ARTS & HUMAN SCIENCES,BS,Information Technology,4 Years,"FSc / ICS / I.Com / A-Levels (equivalence required), minimum 45% marks, QAU Entry Test or NTS",QAU Entry Test / NTS,90000.0,31 July 2026,https://qaui-edu.com/bachelors-undergraduate/
Quaid-e-Azam University,Islamabad,FACULTY OF LIBERAL ARTS & HUMAN SCIENCES,BS,English,4 Years,"FSc / ICS / I.Com / A-Levels (equivalence required), minimum 45% marks, QAU Entry Test or NTS",QAU Entry Test / NTS,90000.0,31 July 2026,https://qaui-edu.com/bachelors-undergraduate/
Quaid-e-Azam University,Islamabad,FACULTY OF LIBERAL ARTS & HUMAN SCIENCES,BS,Psychology,4 Years,"FSc / ICS / I.Com / A-Levels (equivalence required), minimum 45% marks, QAU Entry Test or NTS",QAU Entry Test / NTS,90000.0,31 July 2026,https://qaui-edu.com/bachelors-undergraduate/
Quaid-e-Azam University,Islamabad,"FACULTY OF ENGINEERING , SCIENCE, TECHNOLOGY & MANAGEMENT",BS,Computer Science,4 Years,"FSc / ICS / I.Com / A-Levels (equivalence required), minimum 45% marks, QAU Entry Test or NTS",QAU Entry Test / NTS,100000.0,31 July 2026,https://qaui-edu.com/bachelors-undergraduate/
Quaid-e-Azam University,Islamabad,"FACULTY OF ENGINEERING , SCIENCE, TECHNOLOGY & MANAGEMENT",BS,Information Technology,4 Years,"FSc / ICS / I.Com / A-Levels (equivalence required), minimum 45% marks, QAU Entry Test or NTS",QAU Entry Test / NTS,180000.0,31 July 2026,https://qaui-edu.com/bachelors-undergraduate/
Quaid-e-Azam University,Islamabad,"FACULTY OF ENGINEERING , SCIENCE, TECHNOLOGY & MANAGEMENT",BS,Biomedical Engineering Technology,4 Years,"FSc / ICS / I.Com / A-Levels (equivalence required), minimum 45% marks, QAU Entry Test or NTS",QAU Entry Test / NTS,130000.0,31 July 2026,https://qaui-edu.com/bachelors-undergraduate/
Quaid-e-Azam University,Islamabad,"FACULTY OF ENGINEERING , SCIENCE, TECHNOLOGY & MANAGEMENT",BS,Mechanical Engineering,4 Years,"FSc / ICS / I.Com / A-Levels (equivalence required), minimum 45% marks, QAU Entry Test or NTS",QAU Entry Test / NTS,130000.0,31 July 2026,https://qaui-edu.com/bachelors-undergraduate/
Quaid-e-Azam University,Islamabad,"FACULTY OF ENGINEERING , SCIENCE, TECHNOLOGY & MANAGEMENT",BS,Software Engineering,4 Years,"FSc / ICS / I.Com / A-Levels (equivalence required), minimum 45% marks, QAU Entry Test or NTS",QAU Entry Test / NTS,130000.0,31 July 2026,https://qaui-edu.com/bachelors-undergraduate/
Quaid-e-Azam University,Islamabad,"FACULTY OF ENGINEERING , SCIENCE, TECHNOLOGY & MANAGEMENT",BS,Data Science,4 Years,"FSc / ICS / I.Com / A-Levels (equivalence required), minimum 45% marks, QAU Entry Test or NTS",QAU Entry Test / NTS,130000.0,31 July 2026,https://qaui-edu.com/bachelors-undergraduate/
Quaid-e-Azam University,Islamabad,"FACULTY OF ENGINEERING , SCIENCE, TECHNOLOGY & MANAGEMENT",BS,Electrical Technology,4 Years,"FSc / ICS / I.Com / A-Levels (equivalence required), minimum 45% marks, QAU Entry Test or NTS",QAU Entry Test / NTS,130000.0,31 July 2026,https://qaui-edu.com/bachelors-undergraduate/
Quaid-e-Azam University,Islamabad,"FACULTY OF ENGINEERING , SCIENCE, TECHNOLOGY & MANAGEMENT",BS,Civil Engineering,4 Years,"FSc / ICS / I.Com / A-Levels (equivalence required), minimum 45% marks, QAU Entry Test or NTS",QAU Entry Test / NTS,130000.0,31 July 2026,https://qaui-edu.com/bachelors-undergraduate/
Quaid-e-Azam University,Islamabad,"FACULTY OF ENGINEERING , SCIENCE, TECHNOLOGY & MANAGEMENT",BS,Food Science And Technology,4 Years,"FSc / ICS / I.Com / A-Levels (equivalence required), minimum 45% marks, QAU Entry Test or NTS",QAU Entry Test / NTS,100000.0,31 July 2026,https://qaui-edu.com/bachelors-undergraduate/
Quaid-e-Azam University,Islamabad,"FACULTY OF ENGINEERING , SCIENCE, TECHNOLOGY & MANAGEMENT",BS,Biotechnology,4 Years,"FSc / ICS / I.Com / A-Levels (equivalence required), minimum 45% marks, QAU Entry Test or NTS",QAU Entry Test / NTS,130000.0,31 July 2026,https://qaui-edu.com/bachelors-undergraduate/
Quaid-e-Azam University,Islamabad,"FACULTY OF ENGINEERING , SCIENCE, TECHNOLOGY & MANAGEMENT",BS,Business Administration,4 Years,"FSc / ICS / I.Com / A-Levels (equivalence required), minimum 45% marks, QAU Entry Test or NTS",QAU Entry Test / NTS,110000.0,31 July 2026,https://qaui-edu.com/bachelors-undergraduate/
Quaid-e-Azam University,Islamabad,FACULTY OF NURSING & MIDWIFERY,BS,Science Nursing,4 Years,"FSc (Pre-Medical) with minimum 50% marks, QAU Entry Test or relevant regulatory body test",QAU Entry Test / NTS,100000.0,31 July 2026,https://qaui-edu.com/bachelors-undergraduate/
Quaid-e-Azam University,Islamabad,FACULTY OF EASTERN MEDICINE,BS,Eastern Medicine And Surgery,4 Years,"FSc / ICS / I.Com / A-Levels (equivalence required), minimum 45% marks, QAU Entry Test or NTS",QAU Entry Test / NTS,100000.0,31 July 2026,https://qaui-edu.com/bachelors-undergraduate/
Quaid-e-Azam University,Islamabad,FACULTY OF EASTERN MEDICINE,BS,Computer Science,4 Years,"FSc / ICS / I.Com / A-Levels (equivalence required), minimum 45% marks, QAU Entry Test or NTS",QAU Entry Test / NTS,100000.0,31 July 2026,https://qaui-edu.com/bachelors-undergraduate/
Quaid-e-Azam University,Islamabad,FACULTY OF VETERINARY & ANIMAL SCIENCES,BS,Veterinary Medicine,5 Years,"FSc (Pre-Medical) with minimum 50% marks, QAU Entry Test or relevant regulatory body test",QAU Entry Test / NTS,160000.0,31 July 2026,https://qaui-edu.com/bachelors-undergraduate/
Quaid-e-Azam University,Islamabad,FACULTY OF HEALTH SCIENCES,MS,Science Speech Language Pathology Slp,2 Years,"BS (16 years education) in relevant field, minimum CGPA 2.5/4.0, QAU Entry Test or NTS/GAT",QAU Entry Test / GAT,140000.0,31 July 2026,https://qaui-edu.com/masters-graduate-postgraduate-programmes/
Quaid-e-Azam University,Islamabad,FACULTY OF HEALTH SCIENCES,MS,Healthcare Management,2 Years,"BS (16 years education) in relevant field, minimum CGPA 2.5/4.0, QAU Entry Test or NTS/GAT",QAU Entry Test / GAT,130000.0,31 July 2026,https://qaui-edu.com/masters-graduate-postgraduate-programmes/
Quaid-e-Azam University,Islamabad,FACULTY OF HEALTH SCIENCES,PhD,Chemistry,3–5 Years,"MS / MPhil in relevant field, minimum CGPA 3.0/4.0, QAU Entry Test or GAT Subject",QAU Entry Test / GAT,180000.0,31 July 2026,https://qaui-edu.com/masters-graduate-postgraduate-programmes/
Quaid-e-Azam University,Islamabad,FACULTY OF HEALTH SCIENCES,PhD,Physical Therapy,3–5 Years,"MS / MPhil in relevant field, minimum CGPA 3.0/4.0, QAU Entry Test or GAT Subject",QAU Entry Test / GAT,180000.0,31 July 2026,https://qaui-edu.com/masters-graduate-postgraduate-programmes/
Quaid-e-Azam University,Islamabad,"FACULTY OF ENGINEERING, SCIENCE, TECHNOLOGY & MANAGEMENT",PhD,Electrical Engineering,3–5 Years,"MS / MPhil in relevant field, minimum CGPA 3.0/4.0, QAU Entry Test or GAT Subject",QAU Entry Test / GAT,180000.0,"June 30, 2026",https://qaui-edu.com/masters-graduate-postgraduate-programmes/
Quaid-e-Azam University,Islamabad,"FACULTY OF ENGINEERING, SCIENCE, TECHNOLOGY & MANAGEMENT",MS,Electrical Engineering,2 Years,"BS (16 years education) in relevant field, minimum CGPA 2.5/4.0, QAU Entry Test or NTS/GAT",QAU Entry Test / GAT,150000.0,"May 31, 2026",https://qaui-edu.com/masters-graduate-postgraduate-programmes/
Quaid-e-Azam University,Islamabad,"FACULTY OF ENGINEERING, SCIENCE, TECHNOLOGY & MANAGEMENT",MS,Mechanical Engineering,2 Years,"BS (16 years education) in relevant field, minimum CGPA 2.5/4.0, QAU Entry Test or NTS/GAT",QAU Entry Test / GAT,150000.0,"May 31, 2026",https://qaui-edu.com/masters-graduate-postgraduate-programmes/
Quaid-e-Azam University,Islamabad,"FACULTY OF ENGINEERING, SCIENCE, TECHNOLOGY & MANAGEMENT",MS,Biomedical Engineering,2 Years,"BS (16 years education) in relevant field, minimum CGPA 2.5/4.0, QAU Entry Test or NTS/GAT",QAU Entry Test / GAT,170000.0,"May 31, 2026",https://qaui-edu.com/masters-graduate-postgraduate-programmes/
Quaid-e-Azam University,Islamabad,FACULTY OF NURSING & MIDWIFERY,MS,Science Nursing,2 Years,"BS (16 years education) in relevant field, minimum CGPA 2.5/4.0, QAU Entry Test or NTS/GAT",QAU Entry Test / GAT,170000.0,31 July 2026,https://qaui-edu.com/masters-graduate-postgraduate-programmes/
Quaid-e-Azam University,Islamabad,FACULTY OF NURSING & MIDWIFERY,MS,Psychology,2 Years,"BS (16 years education) in relevant field, minimum CGPA 2.5/4.0, QAU Entry Test or NTS/GAT",QAU Entry Test / GAT,140000.0,31 July 2026,https://qaui-edu.com/masters-graduate-postgraduate-programmes/
Quaid-e-Azam University,Islamabad,FACULTY OF PHARMACY,PhD,Pharmacy Practice,3–5 Years,"MS / MPhil in relevant field, minimum CGPA 3.0/4.0, QAU Entry Test or GAT Subject",QAU Entry Test / GAT,180000.0,31 July 2026,https://qaui-edu.com/masters-graduate-postgraduate-programmes/
Quaid-e-Azam University,Islamabad,FACULTY OF PHARMACY,PhD,Computer Science,3–5 Years,"MS / MPhil in relevant field, minimum CGPA 3.0/4.0, QAU Entry Test or GAT Subject",QAU Entry Test / GAT,180000.0,31 July 2026,https://qaui-edu.com/masters-graduate-postgraduate-programmes/
Quaid-e-Azam University,Islamabad,FACULTY OF PHARMACY,PhD,Pharmacology,3–5 Years,"MS / MPhil in relevant field, minimum CGPA 3.0/4.0, QAU Entry Test or GAT Subject",QAU Entry Test / GAT,180000.0,31 July 2026,https://qaui-edu.com/masters-graduate-postgraduate-programmes/
Riphah International University,Islamabad,"Riphah School of Computing & Innovation (RSCI), Riphah Institute of Informatics (RII)",BS,Software Engineering,4 Years (8 Semesters) / 136 Credit Hours,FSc (Pre-Engineering / Pre-Medical / ICS) or equivalent with minimum 50% marks.,,150000.0,Spring Campaign (Nov – Feb),https://riphah.edu.pk/programs/
Riphah International University,Islamabad,"Riphah Institute of Informatics (RII), Riphah School of Computing & Innovation (RSCI)",BS,Computer Science,4 Years (8 Semesters) / 136 Credit Hours,FSc (Pre-Engineering / Pre-Medical / ICS) or equivalent with minimum 50% marks.,,150000.0,Spring Campaign (Nov – Feb),https://riphah.edu.pk/programs/
Riphah International University,Islamabad,"Riphah Institute of Informatics (RII), Riphah School of Computing & Innovation (RSCI)",BS,Software Engineering,4 Years (8 Semesters) / 136 Credit Hours,FSc (Pre-Engineering / Pre-Medical / ICS) or equivalent with minimum 50% marks.,,150000.0,Spring Campaign (Nov – Feb),https://riphah.edu.pk/programs/
Riphah International University,Islamabad,"Riphah Institute of Informatics (RII), Riphah School of Computing & Innovation (RSCI)",BS,Data Science,4 Years (8 Semesters) / 136 Credit Hours,FSc (Pre-Engineering / Pre-Medical / ICS) or equivalent with minimum 50% marks.,,150000.0,Spring Campaign (Nov – Feb),https://riphah.edu.pk/programs/
Riphah International University,Islamabad,"Riphah Institute of Informatics (RII), Riphah School of Computing & Innovation (RSCI)",BS,Artificial Intelligence,4 Years (8 Semesters) / 136 Credit Hours,FSc (Pre-Engineering / Pre-Medical / ICS) or equivalent with minimum 50% marks.,,150000.0,Spring Campaign (Nov – Feb),https://riphah.edu.pk/programs/
Riphah International University,Islamabad,Riphah Institute of Informatics (RII),BS,Computer Arts Bca,4 Years (8 Semesters) / 130 Credit Hours,FSc (Pre-Engineering / Pre-Medical / ICS) or equivalent with minimum 50% marks.,,150000.0,Spring Campaign (Nov – Feb),https://riphah.edu.pk/programs/
Riphah International University,Islamabad,"Islamic International Engineering College (IIEC), Riphah College of Science and Technology (RCST)",BS,Electrical Engineering,4 Years / 136 Credit Hours,FSc (Pre-Engineering / Pre-Medical / ICS) or equivalent with minimum 50% marks.,,150000.0,Spring Campaign (Nov – Feb),https://riphah.edu.pk/programs/
Riphah International University,Islamabad,"Islamic International Engineering College (IIEC), Riphah College of Science and Technology (RCST)",BS,B.Sc Biomedical Engineering B.Scbme,8 Semesters / 138 Credit Hours,FSc (Pre-Engineering / Pre-Medical / ICS) or equivalent with minimum 50% marks.,,180000.0,Spring Campaign (Nov – Feb),https://riphah.edu.pk/programs/
Riphah International University,Islamabad,"Islamic International Engineering College (IIEC), Riphah College of Science and Technology (RCST)",BS,Computer Science,4 Years / 137 Credit Hours,FSc (Pre-Engineering / Pre-Medical / ICS) or equivalent with minimum 50% marks.,,150000.0,Spring Campaign (Nov – Feb),https://riphah.edu.pk/programs/
Riphah International University,Islamabad,"Islamic International Engineering College (IIEC), Riphah College of Science and Technology (RCST)",BS,Computer Science,4 Years / 136 Credit Hours,FSc (Pre-Engineering / Pre-Medical / ICS) or equivalent with minimum 50% marks.,,120000.0,Spring Campaign (Nov – Feb),https://riphah.edu.pk/programs/
Riphah International University,Islamabad,Islamic International Engineering College (IIEC),BS,B.S Biomedical Sciences,8 Semesters / 138 Credit Hours,FSc (Pre-Engineering / Pre-Medical / ICS) or equivalent with minimum 50% marks.,,180000.0,Spring Campaign (Nov – Feb),https://riphah.edu.pk/programs/
Riphah International University,Islamabad,Riphah College of Rehabilitation and Allied Health Sciences (RCRAHS),BS,Physical Therapy Dpt,5 Years (10 Semesters) / 193 Credit Hours,FSc (Pre-Engineering / Pre-Medical / ICS) or equivalent with minimum 50% marks.,,200000.0,Spring Campaign (Nov – Feb),https://riphah.edu.pk/programs/
Riphah International University,Islamabad,"Department of English Linguistics and Literature (DELL), Department of Social Sciences (DSS)",BS,English,4 years (8 semesters) / 137 Credit Hours,FSc (Pre-Engineering / Pre-Medical / ICS) or equivalent with minimum 50% marks.,,120000.0,Spring Campaign (Nov – Feb),https://riphah.edu.pk/programs/
Riphah International University,Islamabad,Riphah Institute of Public Policy (RIPP),BS,Public Administration Pa,4 Years (8 Semesters) / 130 Credit Hours,FSc (Pre-Engineering / Pre-Medical / ICS) or equivalent with minimum 50% marks.,,120000.0,Spring Campaign (Nov – Feb),https://riphah.edu.pk/programs/
Riphah International University,Islamabad,Riphah Institute of Public Policy (RIPP),BS,International Relations Ir,4 Years (8 Semesters) / 130 Credit Hours,FSc (Pre-Engineering / Pre-Medical / ICS) or equivalent with minimum 50% marks.,,120000.0,Spring Campaign (Nov – Feb),https://riphah.edu.pk/programs/
Riphah International University,Islamabad,Riphah Institute of Media Sciences (RIMS),BS,Game Design & Production Gd&P,4 Years (8 Semesters) / 138 Credit Hours,FSc (Pre-Engineering / Pre-Medical / ICS) or equivalent with minimum 50% marks.,,130000.0,Spring Campaign (Nov – Feb),https://riphah.edu.pk/programs/
Riphah International University,Islamabad,Riphah Institute of Media Sciences (RIMS),BS,Information Technology,4 Years (8 Semesters) / 136 Credit Hours,FSc (Pre-Engineering / Pre-Medical / ICS) or equivalent with minimum 50% marks.,,130000.0,Spring Campaign (Nov – Feb),https://riphah.edu.pk/programs/
Riphah International University,Islamabad,Riphah Institute of Hospitality & Culinary Arts (RIHCA),BS,Information Technology,04 Years (8 Semesters) / 132 Credit Hours,FSc (Pre-Engineering / Pre-Medical / ICS) or equivalent with minimum 50% marks.,,120000.0,Spring Campaign (Nov – Feb),https://riphah.edu.pk/programs/
Riphah International University,Islamabad,Islamic International Dental College (IIDC),BS,Dental Surgery Bds,4 years,FSc (Pre-Engineering / Pre-Medical / ICS) or equivalent with minimum 50% marks.,,200000.0,Spring Campaign (Nov – Feb),https://riphah.edu.pk/programs/
Riphah International University,Islamabad,"Department of Psychology (DP), Riphah Institute of Clinical and Professional Psychology (RICPP)",BS,Psychology,4 years (8 semesters) / 130 Credit Hours,FSc (Pre-Engineering / Pre-Medical / ICS) or equivalent with minimum 50% marks.,,120000.0,Spring Campaign (Nov – Feb),https://riphah.edu.pk/programs/
Riphah International University,Islamabad,Riphah Institute of Public Policy (RIPP),BS,International Relations Bridging Irafter 14 Years,2.5 (5 Semesters) / 67 Credit Hours,FSc (Pre-Engineering / Pre-Medical / ICS) or equivalent with minimum 50% marks.,,120000.0,Spring Campaign (Nov – Feb),https://riphah.edu.pk/programs/
Riphah International University,Islamabad,Riphah College of Rehabilitation and Allied Health Sciences (RCRAHS),BS,Speech Language Pathology Slp,4 years / 135 Credit Hours,FSc (Pre-Engineering / Pre-Medical / ICS) or equivalent with minimum 50% marks.,,120000.0,Spring Campaign (Nov – Feb),https://riphah.edu.pk/programs/
Riphah International University,Islamabad,Riphah College of Rehabilitation and Allied Health Sciences (RCRAHS),BS,Optometry And Orthoptic O&O,4 years / 133 Credit Hours,FSc (Pre-Engineering / Pre-Medical / ICS) or equivalent with minimum 50% marks.,,180000.0,Spring Campaign (Nov – Feb),https://riphah.edu.pk/programs/
Riphah International University,Islamabad,Riphah College of Rehabilitation and Allied Health Sciences (RCRAHS),BS,Medical Lab Technology Mlt,4 years / 144 Credit Hours,FSc (Pre-Engineering / Pre-Medical / ICS) or equivalent with minimum 50% marks.,,180000.0,Spring Campaign (Nov – Feb),https://riphah.edu.pk/programs/
Riphah International University,Islamabad,Riphah College of Rehabilitation and Allied Health Sciences (RCRAHS),BS,Information Technology,4 years / 133 Credit Hours,FSc (Pre-Engineering / Pre-Medical / ICS) or equivalent with minimum 50% marks.,,180000.0,Spring Campaign (Nov – Feb),https://riphah.edu.pk/programs/
Riphah International University,Islamabad,BS,BS,Computer Science,4 Years,FSc (Pre-Engineering / Pre-Medical / ICS) or equivalent with minimum 50% marks.,,180000.0,Spring Campaign (Nov – Feb),https://riphah.edu.pk/programs/
Riphah International University,Islamabad,BS,BS,Public Administration Bridging Pa After 14 Years,4 Years,FSc (Pre-Engineering / Pre-Medical / ICS) or equivalent with minimum 50% marks.,,120000.0,Spring Campaign (Nov – Feb),https://riphah.edu.pk/programs/
Riphah International University,Islamabad,BS,BS,Psychology,4 Years,FSc (Pre-Engineering / Pre-Medical / ICS) or equivalent with minimum 50% marks.,,120000.0,Spring Campaign (Nov – Feb),https://riphah.edu.pk/programs/
Riphah International University,Islamabad,BS,BS,Pharmacy Pharmd,4 Years,FSc (Pre-Engineering / Pre-Medical / ICS) or equivalent with minimum 50% marks.,,200000.0,Spring Campaign (Nov – Feb),https://riphah.edu.pk/programs/
Riphah International University,Islamabad,BS,BS,Information Technology,4 Years,FSc (Pre-Engineering / Pre-Medical / ICS) or equivalent with minimum 50% marks.,,150000.0,Spring Campaign (Nov – Feb),https://riphah.edu.pk/programs/
Riphah International University,Islamabad,BS,BS,Electrical Engineering,4 Years,FSc (Pre-Engineering / Pre-Medical / ICS) or equivalent with minimum 50% marks.,,150000.0,Spring Campaign (Nov – Feb),https://riphah.edu.pk/programs/
Riphah International University,Islamabad,BS,BS,Bachelors Science Biomedicine Biomedicine,4 Years,FSc (Pre-Engineering / Pre-Medical / ICS) or equivalent with minimum 50% marks.,,120000.0,Spring Campaign (Nov – Feb),https://riphah.edu.pk/programs/
Riphah International University,Islamabad,BS,BS,Bachelors Science Cosmetic Sciences Cosmetic Sciences,4 Years,FSc (Pre-Engineering / Pre-Medical / ICS) or equivalent with minimum 50% marks.,,120000.0,Spring Campaign (Nov – Feb),https://riphah.edu.pk/programs/
Riphah International University,Islamabad,BS,BS,Computer Science,4 Years,FSc (Pre-Engineering / Pre-Medical / ICS) or equivalent with minimum 50% marks.,,120000.0,Spring Campaign (Nov – Feb),https://riphah.edu.pk/programs/
Riphah International University,Islamabad,Riphah Institute of Informatics (RII),MS,Software Engineering,2 Years / 34 Credit Hours,16 years of education in relevant discipline with minimum CGPA 2.5/4.0 or 60% marks.,,160000.0,Spring Campaign (Nov – Feb),https://riphah.edu.pk/programs/
Riphah International University,Islamabad,"Riphah Institute of Informatics (RII), Riphah School of Computing & Innovation (RSCI)",MS,Computer Science,2 Years / 34 Credit Hours,16 years of education in relevant discipline with minimum CGPA 2.5/4.0 or 60% marks.,,160000.0,Spring Campaign (Nov – Feb),https://riphah.edu.pk/programs/
Riphah International University,Islamabad,"Riphah School of Computing & Innovation (RSCI), Riphah Institute of Systems Engineering (RISE)",MS,Data Science,2 Years / 34 Credit Hours,16 years of education in relevant discipline with minimum CGPA 2.5/4.0 or 60% marks.,,160000.0,Spring Campaign (Nov – Feb),https://riphah.edu.pk/programs/
Riphah International University,Islamabad,Riphah Institute of Systems Engineering (RISE),MS,Software Engineering,2 Years / 34 Credit Hours,16 years of education in relevant discipline with minimum CGPA 2.5/4.0 or 60% marks.,,140000.0,Spring Campaign (Nov – Feb),https://riphah.edu.pk/programs/
Riphah International University,Islamabad,"Islamic International Engineering College (IIEC), Riphah College of Science and Technology (RCST)",MS,Electrical Engineering,2 Year / 32 Credit Hours,16 years of education in relevant discipline with minimum CGPA 2.5/4.0 or 60% marks.,,160000.0,Spring Campaign (Nov – Feb),https://riphah.edu.pk/programs/
Riphah International University,Islamabad,"Islamic International Engineering College (IIEC), Riphah College of Science and Technology (RCST)",MS,Biomedical Engineering Bme,1.5-4 years / 32 Credit Hours,16 years of education in relevant discipline with minimum CGPA 2.5/4.0 or 60% marks.,,160000.0,Spring Campaign (Nov – Feb),https://riphah.edu.pk/programs/
Riphah International University,Islamabad,"Department of Basic Sciences (DBS), Riphah Institute of Computing and Applied Sciences (RICAS)",MS,Computer Science,2 Years / 32 Credit Hours,16 years of education in relevant discipline with minimum CGPA 2.5/4.0 or 60% marks.,,140000.0,Spring Campaign (Nov – Feb),https://riphah.edu.pk/programs/
Riphah International University,Islamabad,Riphah School of Leadership (RSL),MS,Accounting,1.5 Years / 36 Credit Hours,16 years of education in relevant discipline with minimum CGPA 2.5/4.0 or 60% marks.,,150000.0,Spring Campaign (Nov – Feb),https://riphah.edu.pk/programs/
Riphah International University,Islamabad,Riphah School of Leadership (RSL),MS,Healthcare Management Mshcm,1.5 Years / 36 Credit Hours,16 years of education in relevant discipline with minimum CGPA 2.5/4.0 or 60% marks.,,150000.0,Spring Campaign (Nov – Feb),https://riphah.edu.pk/programs/
Riphah International University,Islamabad,"Riphah School of Leadership (RSL), Riphah School of Business and Management (RSBM)",MS,Management Science Msms,1.5 Years / 30 Credit Hours,16 years of education in relevant discipline with minimum CGPA 2.5/4.0 or 60% marks.,,150000.0,Spring Campaign (Nov – Feb),https://riphah.edu.pk/programs/
Riphah International University,Islamabad,"Riphah School of Leadership (RSL), Riphah School of Business and Management (RSBM)",MS,Project Management Mspm,1.5 Years / 36 Credit Hours,16 years of education in relevant discipline with minimum CGPA 2.5/4.0 or 60% marks.,,150000.0,Spring Campaign (Nov – Feb),https://riphah.edu.pk/programs/
Riphah International University,Islamabad,"Department of Basic Sciences (DBS), Riphah College of Science and Technology (RCST)",MS,Computer Science,2 Years / 32 Credit Hours,16 years of education in relevant discipline with minimum CGPA 2.5/4.0 or 60% marks.,,140000.0,Spring Campaign (Nov – Feb),https://riphah.edu.pk/programs/
Riphah International University,Islamabad,"Riphah School of Leadership (RSL), Riphah School of Business and Management (RSBM)",MS,Business Administration,02 Years / 60 Credit Hours,16 years of education in relevant discipline with minimum CGPA 2.5/4.0 or 60% marks.,,150000.0,Spring Campaign (Nov – Feb),https://riphah.edu.pk/programs/
Riphah International University,Islamabad,Department of Islamic Studies (DIS),MS,Philosophy Islamic Studies M.Phil Islamic Studies,2 Years / 32 Credit Hours,16 years of education in relevant discipline with minimum CGPA 2.5/4.0 or 60% marks.,,140000.0,Spring Campaign (Nov – Feb),https://riphah.edu.pk/programs/
Riphah International University,Islamabad,Riphah Institute of Public Policy (RIPP),MS,M.Phil Public Policy Pp,1.5 Years / 32 Credit Hours,16 years of education in relevant discipline with minimum CGPA 2.5/4.0 or 60% marks.,,140000.0,Spring Campaign (Nov – Feb),https://riphah.edu.pk/programs/
Riphah International University,Islamabad,Riphah Institute of Media Sciences (RIMS),MS,Media And Communication Studies,2 Years / 34 Credit Hours,16 years of education in relevant discipline with minimum CGPA 2.5/4.0 or 60% marks.,,140000.0,Spring Campaign (Nov – Feb),https://riphah.edu.pk/programs/
Riphah International University,Islamabad,Islamic International Dental College (IIDC),MS,Computer Science,4 years / 93 Credit Hours,16 years of education in relevant discipline with minimum CGPA 2.5/4.0 or 60% marks.,,140000.0,Spring Campaign (Nov – Feb),https://riphah.edu.pk/programs/
Riphah International University,Islamabad,Islamic International Dental College (IIDC),MS,Dental Surgery Operative Dentistry Mds,4 years / 96 Credit Hours,16 years of education in relevant discipline with minimum CGPA 2.5/4.0 or 60% marks.,,140000.0,Spring Campaign (Nov – Feb),https://riphah.edu.pk/programs/
Riphah International University,Islamabad,Islamic International Dental College (IIDC),MS,Philosophy Dental Materials M. Phil,2 years / 32 Credit Hours,16 years of education in relevant discipline with minimum CGPA 2.5/4.0 or 60% marks.,,140000.0,Spring Campaign (Nov – Feb),https://riphah.edu.pk/programs/
Riphah International University,Islamabad,"Department of Psychology (DP), Riphah Institute of Clinical and Professional Psychology (RICPP)",MS,Psychology,2 years (4 semesters) / 36 Credit Hours,16 years of education in relevant discipline with minimum CGPA 2.5/4.0 or 60% marks.,,180000.0,Spring Campaign (Nov – Feb),https://riphah.edu.pk/programs/
Riphah International University,Islamabad,Islamic International Dental College (IIDC),MS,Fellowship Fcpsii,4 years,16 years of education in relevant discipline with minimum CGPA 2.5/4.0 or 60% marks.,,140000.0,Spring Campaign (Nov – Feb),https://riphah.edu.pk/programs/
Riphah International University,Islamabad,Riphah College of Rehabilitation and Allied Health Sciences (RCRAHS),MS,Science Physical Therapy Sports Physical Therapy Mspt Spt,2 years / 38 Credit Hours,16 years of education in relevant discipline with minimum CGPA 2.5/4.0 or 60% marks.,,140000.0,Spring Campaign (Nov – Feb),https://riphah.edu.pk/programs/
Riphah International University,Islamabad,Riphah Institute of Public Policy (RIPP),MS,International Relations Ir,1.5 Years / 32 Credit Hours,16 years of education in relevant discipline with minimum CGPA 2.5/4.0 or 60% marks.,,140000.0,Spring Campaign (Nov – Feb),https://riphah.edu.pk/programs/
Riphah International University,Islamabad,Riphah College of Rehabilitation and Allied Health Sciences (RCRAHS),MS,Speech Language Pathology / Therapy Slp/T,2 years (4 Semester) / 70 Credit Hours,16 years of education in relevant discipline with minimum CGPA 2.5/4.0 or 60% marks.,,140000.0,Spring Campaign (Nov – Feb),https://riphah.edu.pk/programs/
Riphah International University,Islamabad,Riphah College of Rehabilitation and Allied Health Sciences (RCRAHS),MS,Science Physical Therapy Neuro Muscular Physical Therapy Mspt Nmpt,2 Year / 38 Credit Hours,16 years of education in relevant discipline with minimum CGPA 2.5/4.0 or 60% marks.,,140000.0,Spring Campaign (Nov – Feb),https://riphah.edu.pk/programs/
Riphah International University,Islamabad,"Riphah Institute of Informatics (RII), Riphah Institute of Systems Engineering (RISE), Riphah School of Computing & Innovation (RSCI)",PhD,Computing,3 Years / 52 Credit Hours,"18 years of education (MS/MPhil) in relevant discipline with minimum CGPA 3.0/4.0, research proposal, and interview.",,180000.0,Spring Campaign (Nov – Feb),https://riphah.edu.pk/programs/
Riphah International University,Islamabad,Islamic International Engineering College (IIEC),PhD,Electrical Engineering,3-8 Years / 20 Credit Hours,"18 years of education (MS/MPhil) in relevant discipline with minimum CGPA 3.0/4.0, research proposal, and interview.",,180000.0,Spring Campaign (Nov – Feb),https://riphah.edu.pk/programs/
Riphah International University,Islamabad,Islamic International Engineering College (IIEC),PhD,Biomedical Engineering Bme,3-8 Years / 20 Credit Hours,"18 years of education (MS/MPhil) in relevant discipline with minimum CGPA 3.0/4.0, research proposal, and interview.",,180000.0,Spring Campaign (Nov – Feb),https://riphah.edu.pk/programs/
Riphah International University,Islamabad,"Department of Basic Sciences (DBS), Riphah Institute of Computing and Applied Sciences (RICAS)",PhD,Mathematics,Atleast 3 Years / 50 Credit Hours,"18 years of education (MS/MPhil) in relevant discipline with minimum CGPA 3.0/4.0, research proposal, and interview.",,180000.0,Spring Campaign (Nov – Feb),https://riphah.edu.pk/programs/
Riphah International University,Islamabad,"Department of Basic Sciences (DBS), Riphah College of Science and Technology (RCST)",PhD,Computer Science,3 Years / 50 Credit Hours,"18 years of education (MS/MPhil) in relevant discipline with minimum CGPA 3.0/4.0, research proposal, and interview.",,180000.0,Spring Campaign (Nov – Feb),https://riphah.edu.pk/programs/
Riphah International University,Islamabad,Department of Islamic Studies (DIS),PhD,Islamic Studies,3-8 Years / 50 Credit Hours,"18 years of education (MS/MPhil) in relevant discipline with minimum CGPA 3.0/4.0, research proposal, and interview.",,180000.0,Spring Campaign (Nov – Feb),https://riphah.edu.pk/programs/
Riphah International University,Islamabad,Riphah Institute of Media Sciences (RIMS),PhD,Ph.D. Creative Arts & Communication,3-8 Years / 50 Credit Hours,"18 years of education (MS/MPhil) in relevant discipline with minimum CGPA 3.0/4.0, research proposal, and interview.",,180000.0,Spring Campaign (Nov – Feb),https://riphah.edu.pk/programs/
Riphah International University,Islamabad,Department of English Linguistics and Literature (DELL),PhD,Computer Science,3-8 Years / 50 Credit Hours,"18 years of education (MS/MPhil) in relevant discipline with minimum CGPA 3.0/4.0, research proposal, and interview.",,180000.0,Spring Campaign (Nov – Feb),https://riphah.edu.pk/programs/
Riphah International University,Islamabad,Riphah College of Rehabilitation and Allied Health Sciences (RCRAHS),PhD,Information Technology,3-6 Years / 48 Credit Hours,"18 years of education (MS/MPhil) in relevant discipline with minimum CGPA 3.0/4.0, research proposal, and interview.",,180000.0,Spring Campaign (Nov – Feb),https://riphah.edu.pk/programs/
Riphah International University,Islamabad,Riphah Institute of Pharmaceutical Sciences (RIPS),PhD,Philosophy Pharmacy Pharmacy,3-6 Years / 48 Credit Hours,"18 years of education (MS/MPhil) in relevant discipline with minimum CGPA 3.0/4.0, research proposal, and interview.",,180000.0,Spring Campaign (Nov – Feb),https://riphah.edu.pk/programs/
Riphah International University,Islamabad,Riphah Institute of Pharmaceutical Sciences (RIPS),PhD,Computer Science,3-6 Years / 48 Credit Hours,"18 years of education (MS/MPhil) in relevant discipline with minimum CGPA 3.0/4.0, research proposal, and interview.",,180000.0,Spring Campaign (Nov – Feb),https://riphah.edu.pk/programs/
Riphah International University,Islamabad,Riphah Institute of Pharmaceutical Sciences (RIPS),PhD,Philosophy Pharmacology Pharmacology,3-6 Years / 48 Credit Hours,"18 years of education (MS/MPhil) in relevant discipline with minimum CGPA 3.0/4.0, research proposal, and interview.",,180000.0,Spring Campaign (Nov – Feb),https://riphah.edu.pk/programs/
Riphah International University,Islamabad,Riphah Institute of Pharmaceutical Sciences (RIPS),PhD,Chemistry,3-6 Years / 48 Credit Hours,"18 years of education (MS/MPhil) in relevant discipline with minimum CGPA 3.0/4.0, research proposal, and interview.",,180000.0,Spring Campaign (Nov – Feb),https://riphah.edu.pk/programs/
Riphah International University,Islamabad,Riphah Institute of Pharmaceutical Sciences (RIPS),PhD,Philosophy Pharmacognosy Pharmacogosy,3-6 Years / 48 Credit Hours,"18 years of education (MS/MPhil) in relevant discipline with minimum CGPA 3.0/4.0, research proposal, and interview.",,180000.0,Spring Campaign (Nov – Feb),https://riphah.edu.pk/programs/
Shaheed Zulfikar Ali Bhutto Institute of Science & Technology (SZABIST),Karachi,SZABIST Karachi,MS,Accounting,4 Years,Intermediate / A-Levels (relevant discipline),SZABIST Admission Test,120000.0,"August 31, 2026",https://szabist.edu.pk/bs-accounting-and-finance/
Shaheed Zulfikar Ali Bhutto Institute of Science & Technology (SZABIST),Karachi,SZABIST Karachi,MS,Entrepreneurship,4 Years,Intermediate / A-Levels (relevant discipline),SZABIST Admission Test,120000.0,"August 31, 2026",https://szabist.edu.pk/bs-entrepreneurship/
Shaheed Zulfikar Ali Bhutto Institute of Science & Technology (SZABIST),Karachi,SZABIST Karachi,MS,Computer Science,4 Years,Intermediate / A-Levels (relevant discipline),SZABIST Admission Test,120000.0,"August 31, 2026",https://szabist.edu.pk/bachelor-of-science-in-business-analytics-bsba/
Shaheed Zulfikar Ali Bhutto Institute of Science & Technology (SZABIST),Karachi,SZABIST Karachi,MS,Computer Science,4 Years,Intermediate / A-Levels (relevant discipline),SZABIST Admission Test,120000.0,"August 31, 2026",https://szabist.edu.pk/bs-computer-science/
Shaheed Zulfikar Ali Bhutto Institute of Science & Technology (SZABIST),Karachi,SZABIST Karachi,MS,Software Engineering,4 Years,Intermediate / A-Levels (relevant discipline),SZABIST Admission Test,120000.0,"August 31, 2026",https://szabist.edu.pk/bs-software-engineering/
Shaheed Zulfikar Ali Bhutto Institute of Science & Technology (SZABIST),Karachi,SZABIST Karachi,MS,Artificial Intelligence,4 Years,Intermediate / A-Levels (relevant discipline),SZABIST Admission Test,120000.0,"August 31, 2026",https://szabist.edu.pk/bs-artificial-intelligence/
Shaheed Zulfikar Ali Bhutto Institute of Science & Technology (SZABIST),Karachi,SZABIST Karachi,MS,Be Mechatronic Engineering,4 Years,Intermediate / A-Levels (relevant discipline),SZABIST Admission Test,120000.0,"August 31, 2026",https://szabist.edu.pk/details-semester-outlines-for-be-mechatronic/
Shaheed Zulfikar Ali Bhutto Institute of Science & Technology (SZABIST),Karachi,SZABIST Karachi,MS,Artificial Intelligence,4 Years,Intermediate / A-Levels (relevant discipline),SZABIST Admission Test,120000.0,"August 31, 2026",https://szabist.edu.pk/details-semester-outlines-for-systems-artificial-intelligence/
Shaheed Zulfikar Ali Bhutto Institute of Science & Technology (SZABIST),Karachi,SZABIST Karachi,MS,Social Sciences,4 Years,Intermediate / A-Levels (relevant discipline),SZABIST Admission Test,120000.0,"August 31, 2026",https://szabist.edu.pk/bs-social-sciences/
Shaheed Zulfikar Ali Bhutto Institute of Science & Technology (SZABIST),Karachi,SZABIST Karachi,MS,Psychology,4 Years,Intermediate / A-Levels (relevant discipline),SZABIST Admission Test,120000.0,"August 31, 2026",https://szabist.edu.pk/bs-psychology/
Shaheed Zulfikar Ali Bhutto Institute of Science & Technology (SZABIST),Karachi,SZABIST Karachi,MS,English,4 Years,Intermediate / A-Levels (relevant discipline),SZABIST Admission Test,120000.0,"August 31, 2026",https://szabist.edu.pk/bs-english/
Shaheed Zulfikar Ali Bhutto Institute of Science & Technology (SZABIST),Karachi,SZABIST Karachi,MS,Psychology,4 Years,Intermediate / A-Levels (relevant discipline),SZABIST Admission Test,120000.0,"August 31, 2026",https://szabist.edu.pk/bs-educational-psychology/
Shaheed Zulfikar Ali Bhutto Institute of Science & Technology (SZABIST),Karachi,SZABIST Karachi,MS,Biosciences,4 Years,Intermediate / A-Levels (relevant discipline),SZABIST Admission Test,120000.0,"August 31, 2026",https://szabist.edu.pk/bs-biosciences/
Shaheed Zulfikar Ali Bhutto Institute of Science & Technology (SZABIST),Karachi,SZABIST Karachi,MS,Biotechnology,4 Years,Intermediate / A-Levels (relevant discipline),SZABIST Admission Test,120000.0,"August 31, 2026",https://szabist.edu.pk/bs-biotechnology/
Shaheed Zulfikar Ali Bhutto Institute of Science & Technology (SZABIST),Karachi,SZABIST Karachi,MS,Public Health,4 Years,Intermediate / A-Levels (relevant discipline),SZABIST Admission Test,120000.0,"August 31, 2026",https://szabist.edu.pk/bs-public-health/
Shaheed Zulfikar Ali Bhutto Institute of Science & Technology (SZABIST),Karachi,SZABIST Karachi,MS,Computer Science,4 Years,Intermediate / A-Levels (relevant discipline),SZABIST Admission Test,120000.0,"August 31, 2026",https://szabist.edu.pk/bachelor-of-science-in-nutrition-and-dietetic/
Shaheed Zulfikar Ali Bhutto Institute of Science & Technology (SZABIST),Karachi,SZABIST Karachi,MS,Food Science And Technology,4 Years,Intermediate / A-Levels (relevant discipline),SZABIST Admission Test,120000.0,"August 31, 2026",https://szabist.edu.pk/bachelor-of-science-in-food-science-and-technology-bs-fst/
Shaheed Zulfikar Ali Bhutto Institute of Science & Technology (SZABIST),Karachi,SZABIST Karachi,MS,Biology,4 Years,Intermediate / A-Levels (relevant discipline),SZABIST Admission Test,120000.0,"August 31, 2026",https://szabist.edu.pk/bs-computational-biology-program/
Shaheed Zulfikar Ali Bhutto Institute of Science & Technology (SZABIST),Karachi,SZABIST Karachi,MS,Project Management,2 Years,BS / BE (relevant discipline),GAT (General) / SZABIST Test,150000.0,"September 30, 2026",https://szabist.edu.pk/ms-project-management/
Shaheed Zulfikar Ali Bhutto Institute of Science & Technology (SZABIST),Karachi,SZABIST Karachi,MS,Management Sciences,2 Years,BS / BE (relevant discipline),GAT (General) / SZABIST Test,150000.0,"September 30, 2026",https://szabist.edu.pk/ms-management-sciences/
Shaheed Zulfikar Ali Bhutto Institute of Science & Technology (SZABIST),Karachi,SZABIST Karachi,MS,Computer Science,2 Years,BS / BE (relevant discipline),GAT (General) / SZABIST Test,150000.0,"September 30, 2026",https://szabist.edu.pk/ms-in-finance-economics/
Shaheed Zulfikar Ali Bhutto Institute of Science & Technology (SZABIST),Karachi,SZABIST Karachi,MS,Computer Science,2 Years,BS / BE (relevant discipline),GAT (General) / SZABIST Test,150000.0,"September 30, 2026",https://szabist.edu.pk/ms-computer-science/
Shaheed Zulfikar Ali Bhutto Institute of Science & Technology (SZABIST),Karachi,SZABIST Karachi,MS,Software Engineering,2 Years,BS / BE (relevant discipline),GAT (General) / SZABIST Test,150000.0,"September 30, 2026",https://szabist.edu.pk/ms-cyber-security/
Shaheed Zulfikar Ali Bhutto Institute of Science & Technology (SZABIST),Karachi,SZABIST Karachi,MS,Data Science,2 Years,BS / BE (relevant discipline),GAT (General) / SZABIST Test,150000.0,"September 30, 2026",https://szabist.edu.pk/ms-data-science/
Shaheed Zulfikar Ali Bhutto Institute of Science & Technology (SZABIST),Karachi,SZABIST Karachi,MS,Social Sciences,2 Years,BS / BE (relevant discipline),GAT (General) / SZABIST Test,150000.0,"September 30, 2026",https://szabist.edu.pk/ms-social-sciences/
Shaheed Zulfikar Ali Bhutto Institute of Science & Technology (SZABIST),Karachi,SZABIST Karachi,MS,Economics,2 Years,BS / BE (relevant discipline),GAT (General) / SZABIST Test,150000.0,"September 30, 2026",https://szabist.edu.pk/ms-economics/
Shaheed Zulfikar Ali Bhutto Institute of Science & Technology (SZABIST),Karachi,SZABIST Karachi,MS,Psychology,2 Years,BS / BE (relevant discipline),GAT (General) / SZABIST Test,150000.0,"September 30, 2026",https://szabist.edu.pk/ms-psychology/
Shaheed Zulfikar Ali Bhutto Institute of Science & Technology (SZABIST),Karachi,SZABIST Karachi,MS,Sociology,2 Years,BS / BE (relevant discipline),GAT (General) / SZABIST Test,150000.0,"September 30, 2026",https://szabist.edu.pk/ms-sociology/
Shaheed Zulfikar Ali Bhutto Institute of Science & Technology (SZABIST),Karachi,SZABIST Karachi,MS,Educational Leadership And Management,2 Years,BS / BE (relevant discipline),GAT (General) / SZABIST Test,150000.0,"September 30, 2026",https://szabist.edu.pk/ms-educational-leadership-and-management/
Shaheed Zulfikar Ali Bhutto Institute of Science & Technology (SZABIST),Karachi,SZABIST Karachi,MS,Biosciences,2 Years,BS / BE (relevant discipline),GAT (General) / SZABIST Test,150000.0,"September 30, 2026",https://szabist.edu.pk/ms-biosciences/
Shaheed Zulfikar Ali Bhutto Institute of Science & Technology (SZABIST),Karachi,SZABIST Karachi,MS,Public Health,2 Years,BS / BE (relevant discipline),GAT (General) / SZABIST Test,150000.0,"September 30, 2026",https://szabist.edu.pk/ms-public-health/
Shaheed Zulfikar Ali Bhutto Institute of Science & Technology (SZABIST),Karachi,SZABIST Karachi,MS,Biotechnology,2 Years,BS / BE (relevant discipline),GAT (General) / SZABIST Test,150000.0,"September 30, 2026",https://szabist.edu.pk/ms-biotechnology/
University of Central Punjab,Lahore,BS,BS,Computer Science,4 Years,At least 50% marks in F.Sc (Pre-Engineering / Pre-Medical) / ICS / A-Levels with Mathematics or equivalent,UCP Admission Test,258100.0,September 2025 (Fall Intake),https://ucp.edu.pk/faculty-of-information-technology-and-computer-science/programmes/undergraduate/bs-cs-2/
University of Central Punjab,Lahore,BS,BS,Software Engineering,4 Years,At least 50% marks in F.Sc (Pre-Engineering / Pre-Medical) / ICS / A-Levels with Mathematics or equivalent,UCP Admission Test,258100.0,September 2025 (Fall Intake),https://ucp.edu.pk/faculty-of-information-technology-and-computer-science/programmes/undergraduate/bs-software-engineering/
University of Central Punjab,Lahore,BS,BS,Business Administration,4 Years,At least 50% marks in F.Sc (Pre-Engineering / Pre-Medical) / ICS / A-Levels with Mathematics or equivalent,UCP Admission Test,258100.0,September 2025 (Fall Intake),https://ucp.edu.pk/faculty-of-management-sciences/ucp-business-school/programmes/undergraduate/bba/
University of Central Punjab,Lahore,BS,BS,Accounting,4 Years,At least 50% marks in F.Sc (Pre-Engineering / Pre-Medical) / ICS / A-Levels with Mathematics or equivalent,UCP Admission Test,258100.0,September 2025 (Fall Intake),https://ucp.edu.pk/faculty-of-management-sciences/ucp-business-school/programmes/undergraduate/bs-accounting-finance/
University of Central Punjab,Lahore,BS,BS,International Relations,4 Years,At least 50% marks in F.Sc (Pre-Engineering / Pre-Medical) / ICS / A-Levels with Mathematics or equivalent,UCP Admission Test,258100.0,September 2025 (Fall Intake),https://ucp.edu.pk/faculty-of-humanities-and-social-sciences/department-of-politics-and-international-relations/programmes/undergraduate/bs-international-relations/
University of Central Punjab,Lahore,BS,BS,Psychology,4 Years,At least 50% marks in F.Sc (Pre-Engineering / Pre-Medical) / ICS / A-Levels with Mathematics or equivalent,UCP Admission Test,258100.0,September 2025 (Fall Intake),https://ucp.edu.pk/faculty-of-humanities-and-social-sciences/department-of-psychology/programmes/undergraduate/bs-psychology/
University of Central Punjab,Lahore,BS,BS,Information Technology,4 Years,At least 50% marks in F.Sc (Pre-Engineering / Pre-Medical) / ICS / A-Levels with Mathematics or equivalent,UCP Admission Test,258100.0,September 2025 (Fall Intake),https://ucp.edu.pk/faculty-of-languages-literature/programmes/undergraduate/bs-english-language-and-literature/
University of Central Punjab,Lahore,BS,BS,Economics,4 Years,At least 50% marks in F.Sc (Pre-Engineering / Pre-Medical) / ICS / A-Levels with Mathematics or equivalent,UCP Admission Test,258100.0,September 2025 (Fall Intake),https://ucp.edu.pk/faculty-of-humanities-and-social-sciences/department-of-economics/programmes/undergraduate/bs-economics-2/
University of Central Punjab,Lahore,BS,BS,Pharmacy,5 Years,At least 50% marks in F.Sc (Pre-Engineering / Pre-Medical) / ICS / A-Levels with Mathematics or equivalent,UCP Admission Test,258100.0,September 2025 (Fall Intake),https://ucp.edu.pk/faculty-of-pharmacy/programmes/undergraduate/pharm-d/
University of Central Punjab,Lahore,BS,BS,Chemistry,4 Years,At least 50% marks in F.Sc (Pre-Engineering / Pre-Medical) / ICS / A-Levels with Mathematics or equivalent,UCP Admission Test,258100.0,September 2025 (Fall Intake),https://ucp.edu.pk/faculty-of-science-technology/programmes/undergraduate/bs-biochemistry/
University of Central Punjab,Lahore,BS,BS,Biology,4 Years,At least 50% marks in F.Sc (Pre-Engineering / Pre-Medical) / ICS / A-Levels with Mathematics or equivalent,UCP Admission Test,258100.0,September 2025 (Fall Intake),https://ucp.edu.pk/faculty-of-science-technology/programmes/undergraduate/bs-microbiology/
University of Central Punjab,Lahore,BS,BS,Biotechnology,4 Years,At least 50% marks in F.Sc (Pre-Engineering / Pre-Medical) / ICS / A-Levels with Mathematics or equivalent,UCP Admission Test,258100.0,September 2025 (Fall Intake),https://ucp.edu.pk/faculty-of-science-technology/programmes/undergraduate/bs-biotechnology/
University of Central Punjab,Lahore,BS,BS,Food Science And Technology,4 Years,At least 50% marks in F.Sc (Pre-Engineering / Pre-Medical) / ICS / A-Levels with Mathematics or equivalent,UCP Admission Test,258100.0,September 2025 (Fall Intake),https://ucp.edu.pk/faculty-of-science-technology/programmes/undergraduate/bs-food-science-technology/
University of Central Punjab,Lahore,BS,BS,Physics,4 Years,At least 50% marks in F.Sc (Pre-Engineering / Pre-Medical) / ICS / A-Levels with Mathematics or equivalent,UCP Admission Test,258100.0,September 2025 (Fall Intake),https://ucp.edu.pk/faculty-of-sciences/programmes/undergraduate/bs-physics/
University of Central Punjab,Lahore,BS,BS,Chemistry,4 Years,At least 50% marks in F.Sc (Pre-Engineering / Pre-Medical) / ICS / A-Levels with Mathematics or equivalent,UCP Admission Test,258100.0,September 2025 (Fall Intake),https://ucp.edu.pk/faculty-of-sciences/programmes/undergraduate/bs-chemistry/
University of Central Punjab,Lahore,BS,BS,Mathematics,4 Years,At least 50% marks in F.Sc (Pre-Engineering / Pre-Medical) / ICS / A-Levels with Mathematics or equivalent,UCP Admission Test,258100.0,September 2025 (Fall Intake),https://ucp.edu.pk/faculty-of-sciences/programmes/undergraduate/bs-mathematics/
University of Central Punjab,Lahore,BS,BS,Zoology,4 Years,At least 50% marks in F.Sc (Pre-Engineering / Pre-Medical) / ICS / A-Levels with Mathematics or equivalent,UCP Admission Test,258100.0,September 2025 (Fall Intake),https://ucp.edu.pk/faculty-of-sciences/programmes/undergraduate/bs-zoology/
University of Central Punjab,Lahore,BS,BS,Media And Communication Studies,4 Years,At least 50% marks in F.Sc (Pre-Engineering / Pre-Medical) / ICS / A-Levels with Mathematics or equivalent,UCP Admission Test,258100.0,September 2025 (Fall Intake),https://ucp.edu.pk/faculty-of-media-and-mass-communication/programmes/undergraduate/bs-honors/
University of Central Punjab,Lahore,BS,BS,Data Science,4 Years,At least 50% marks in F.Sc (Pre-Engineering / Pre-Medical) / ICS / A-Levels with Mathematics or equivalent,UCP Admission Test,258100.0,September 2025 (Fall Intake),https://ucp.edu.pk/faculty-of-information-technology-and-computer-science/programmes/undergraduate/bs-data-science/
University of Central Punjab,Lahore,BS,BS,Computer Science,4 Years,At least 50% marks in F.Sc (Pre-Engineering / Pre-Medical) / ICS / A-Levels with Mathematics or equivalent,UCP Admission Test,258100.0,September 2025 (Fall Intake),https://ucp.edu.pk/faculty-of-management-sciences/bs-business-analytics/
University of Central Punjab,Lahore,BS,BS,Real Estate Management,4 Years,At least 50% marks in F.Sc (Pre-Engineering / Pre-Medical) / ICS / A-Levels with Mathematics or equivalent,UCP Admission Test,258100.0,September 2025 (Fall Intake),https://ucp.edu.pk/faculty-of-management-sciences/ucp-business-school/programmes/undergraduate/bs-real-estate-management/
University of Central Punjab,Lahore,BS,BS,Medical Laboratory Technology,4 Years,At least 50% marks in F.Sc (Pre-Engineering / Pre-Medical) / ICS / A-Levels with Mathematics or equivalent,UCP Admission Test,258100.0,September 2025 (Fall Intake),https://ucp.edu.pk/faculty-of-science-technology/programmes/undergraduate/bs-medical-laboratory-technology/
University of Central Punjab,Lahore,BS,BS,Artificial Intelligence,4 Years,At least 50% marks in F.Sc (Pre-Engineering / Pre-Medical) / ICS / A-Levels with Mathematics or equivalent,UCP Admission Test,258100.0,September 2025 (Fall Intake),https://ucp.edu.pk/faculty-of-information-technology-and-computer-science/programmes/undergraduate/bs-artificial-intelligence-2/
University of Central Punjab,Lahore,BS,BS,Information Technology,4 Years,At least 50% marks in F.Sc (Pre-Engineering / Pre-Medical) / ICS / A-Levels with Mathematics or equivalent,UCP Admission Test,258100.0,September 2025 (Fall Intake),https://ucp.edu.pk/faculty-of-humanities-and-social-sciences/department-of-economics/programmes/undergraduate/bs-political-science/
University of Central Punjab,Lahore,BS,BS,Information Technology,4 Years,At least 50% marks in F.Sc (Pre-Engineering / Pre-Medical) / ICS / A-Levels with Mathematics or equivalent,UCP Admission Test,258100.0,September 2025 (Fall Intake),https://ucp.edu.pk/faculty-of-media-and-mass-communication/programmes/undergraduate/bs-film-tv-digital-media/
University of Central Punjab,Lahore,BS,BS,Information Technology,4 Years,At least 50% marks in F.Sc (Pre-Engineering / Pre-Medical) / ICS / A-Levels with Mathematics or equivalent,UCP Admission Test,258100.0,September 2025 (Fall Intake),https://ucp.edu.pk/faculty-of-management-sciences/ucp-business-school/programmes/undergraduate/bs-audit-and-taxation/
University of Central Punjab,Lahore,BS,BS,Computer Science,4 Years,At least 50% marks in F.Sc (Pre-Engineering / Pre-Medical) / ICS / A-Levels with Mathematics or equivalent,UCP Admission Test,258100.0,September 2025 (Fall Intake),https://ucp.edu.pk/faculty-of-science-technology/programmes/undergraduate/bs-human-nutrition-dietetics/
University of Central Punjab,Lahore,BS,BS,Computer Science,4 Years,At least 50% marks in F.Sc (Pre-Engineering / Pre-Medical) / ICS / A-Levels with Mathematics or equivalent,UCP Admission Test,258100.0,September 2025 (Fall Intake),https://ucp.edu.pk/faculty-of-engineering/programmes-2/undergraduate/bs-robotics-intelligent-systems/
University of Central Punjab,Lahore,BS,BS,Accounting,4 Years,At least 50% marks in F.Sc (Pre-Engineering / Pre-Medical) / ICS / A-Levels with Mathematics or equivalent,UCP Admission Test,258100.0,September 2025 (Fall Intake),https://ucp.edu.pk/adp/bs-accounting-finance-post-adp/
University of Central Punjab,Lahore,BS,BS,Computer Science,4 Years,At least 50% marks in F.Sc (Pre-Engineering / Pre-Medical) / ICS / A-Levels with Mathematics or equivalent,UCP Admission Test,258100.0,September 2025 (Fall Intake),https://ucp.edu.pk/faculty-of-information-technology-and-computer-science/programmes/postgraduate/bs-computer-science-post-adp-2/
University of Central Punjab,Lahore,BS,BS,Chemistry,4 Years,At least 50% marks in F.Sc (Pre-Engineering / Pre-Medical) / ICS / A-Levels with Mathematics or equivalent,UCP Admission Test,258100.0,September 2025 (Fall Intake),https://ucp.edu.pk/postgraduate/bs-chemistry-post-ads/
University of Central Punjab,Lahore,BS,BS,Computer Science,4 Years,At least 50% marks in F.Sc (Pre-Engineering / Pre-Medical) / ICS / A-Levels with Mathematics or equivalent,UCP Admission Test,258100.0,September 2025 (Fall Intake),https://ucp.edu.pk/postgraduate/bs-mathematics-post-ads/
University of Central Punjab,Lahore,BS,BS,Software Engineering,4 Years,At least 50% marks in F.Sc (Pre-Engineering / Pre-Medical) / ICS / A-Levels with Mathematics or equivalent,UCP Admission Test,258100.0,September 2025 (Fall Intake),https://ucp.edu.pk/faculty-of-information-technology-and-computer-science/programmes/undergraduate/bs-cyber-security-2/
University of Central Punjab,Lahore,BS,BS,Computer Science,4 Years,At least 50% marks in F.Sc (Pre-Engineering / Pre-Medical) / ICS / A-Levels with Mathematics or equivalent,UCP Admission Test,258100.0,September 2025 (Fall Intake),https://ucp.edu.pk/faculty-of-humanities-and-social-sciences/department-of-economics/bs-economics-with-data-science/
University of Central Punjab,Lahore,BS,BS,Fintech Financial Technology,4 Years,At least 50% marks in F.Sc (Pre-Engineering / Pre-Medical) / ICS / A-Levels with Mathematics or equivalent,UCP Admission Test,258100.0,September 2025 (Fall Intake),https://ucp.edu.pk/faculty-of-management-sciences/ucp-business-school/programmes/undergraduate/bs-fintech-financial-technology/
University of Central Punjab,Lahore,BS,BS,Information Technology,4 Years,At least 50% marks in F.Sc (Pre-Engineering / Pre-Medical) / ICS / A-Levels with Mathematics or equivalent,UCP Admission Test,258100.0,September 2025 (Fall Intake),https://ucp.edu.pk/faculty-of-management-sciences/ucp-business-school/programmes/undergraduate/bs-digital-marketing-bsdm/
University of Central Punjab,Lahore,MS,MS,Offered Programs,2 Years,"16 years education in relevant discipline, minimum CGPA 2.5",GAT / UCP Admission Test and Interview,220000.0,September 2025 (Fall Intake),https://ucp.edu.pk/admissions/offered-programs-fall-2025/
University of Central Punjab,Lahore,MS,MS,International Programs,2 Years,"16 years education in relevant discipline, minimum CGPA 2.5",GAT / UCP Admission Test and Interview,220000.0,September 2025 (Fall Intake),https://ucp.edu.pk/university-of-leicester/international-degree-program-application-form/
University of Central Punjab,Lahore,MS,MS,Mbabusiness Graduates,2 Years,"Bachelor’s degree, interview required",UCP Admission Test and Interview,220000.0,September 2025 (Fall Intake),https://ucp.edu.pk/faculty-of-management-sciences/ucp-business-school/programmes/postgraduate/mba/
University of Central Punjab,Lahore,MS,MS,Mbanon Business Graduates,2 Years,"Bachelor’s degree, interview required",UCP Admission Test and Interview,220000.0,September 2025 (Fall Intake),https://ucp.edu.pk/faculty-of-management-sciences/school-of-accounting-and-finance/programmes/postgraduate/mba-non-business-graduates/
University of Central Punjab,Lahore,MS,MS,Executive Mba,2 Years,"Bachelor’s degree, interview required",UCP Admission Test and Interview,220000.0,September 2025 (Fall Intake),https://ucp.edu.pk/faculty-of-management-sciences/school-of-accounting-and-finance/programmes/postgraduate/emba/
University of Central Punjab,Lahore,MS,MS,Business Administration,2 Years,"16 years education in relevant discipline, minimum CGPA 2.5",GAT / UCP Admission Test and Interview,220000.0,September 2025 (Fall Intake),https://ucp.edu.pk/faculty-of-management-sciences/ucp-business-school/programmes/postgraduate/ms-business-administration/
University of Central Punjab,Lahore,MS,MS,Accounting,2 Years,"16 years education in relevant discipline, minimum CGPA 2.5",GAT / UCP Admission Test and Interview,220000.0,September 2025 (Fall Intake),https://ucp.edu.pk/faculty-of-management-sciences/ucp-business-school/programmes/postgraduate/ms-accounting-finance/
University of Central Punjab,Lahore,PhD,PhD,Business Administration,3–5 Years,"MS / MPhil degree in relevant field, minimum CGPA 3.0",GAT / Subject Test and Interview,75000.0,September 2025 (Fall Intake),https://ucp.edu.pk/faculty-of-management-sciences/ucp-business-school/programmes/doctoral/phd-business-administration/
University of Central Punjab,Lahore,PhD,PhD,Accounting,3–5 Years,"MS / MPhil degree in relevant field, minimum CGPA 3.0",GAT / Subject Test and Interview,75000.0,September 2025 (Fall Intake),https://ucp.edu.pk/faculty-of-management-sciences/school-of-accounting-and-finance/programmes/doctoral/phd-accounting-finance/
University of Central Punjab,Lahore,MS,MS,Computer Science,2 Years,"16 years education in relevant discipline, minimum CGPA 2.5",GAT / UCP Admission Test and Interview,220000.0,September 2025 (Fall Intake),https://ucp.edu.pk/faculty-of-information-technology-and-computer-science/programmes/postgraduate/mscs/
University of Central Punjab,Lahore,MS,MS,Software Engineering,2 Years,"16 years education in relevant discipline, minimum CGPA 2.5",GAT / UCP Admission Test and Interview,220000.0,September 2025 (Fall Intake),https://ucp.edu.pk/faculty-of-information-technology-and-computer-science/programmes/postgraduate/ms-software-engineering/
University of Central Punjab,Lahore,MS,MS,Data Science,2 Years,"16 years education in relevant discipline, minimum CGPA 2.5",GAT / UCP Admission Test and Interview,220000.0,September 2025 (Fall Intake),https://ucp.edu.pk/faculty-of-information-technology-and-computer-science/programmes/postgraduate/ms-data-science-2/
University of Central Punjab,Lahore,PhD,PhD,Computer Science,3–5 Years,"MS / MPhil degree in relevant field, minimum CGPA 3.0",GAT / Subject Test and Interview,75000.0,September 2025 (Fall Intake),https://ucp.edu.pk/faculty-of-information-technology-and-computer-science/programmes/doctoral/phd-computer-science/
University of Central Punjab,Lahore,MS,MS,Civil Engineering,2 Years,"16 years education in relevant discipline, minimum CGPA 2.5",GAT / UCP Admission Test and Interview,220000.0,September 2025 (Fall Intake),https://ucp.edu.pk/faculty-of-engineering/department-civil-engineering/programmes/postgraduate/ms-civil-engineering/
University of Central Punjab,Lahore,PhD,PhD,Electrical Engineering,3–5 Years,"MS / MPhil degree in relevant field, minimum CGPA 3.0",GAT / Subject Test and Interview,75000.0,September 2025 (Fall Intake),https://ucp.edu.pk/faculty-of-engineering/programmes-2/doctoral/ph-d-electrical-engineering/
University of Central Punjab,Lahore,PhD,PhD,Mechanical Engineering,3–5 Years,"MS / MPhil degree in relevant field, minimum CGPA 3.0",GAT / Subject Test and Interview,75000.0,September 2025 (Fall Intake),https://ucp.edu.pk/faculty-of-engineering/department-civil-engineering/programmes/postgraduate/phd-mechanical-engineering/
University of Central Punjab,Lahore,PhD,PhD,Civil Engineering,3–5 Years,"MS / MPhil degree in relevant field, minimum CGPA 3.0",GAT / Subject Test and Interview,75000.0,September 2025 (Fall Intake),https://ucp.edu.pk/faculty-of-engineering/department-civil-engineering/programmes/postgraduate/phd-civil-engineering/
University of Central Punjab,Lahore,MS,MS,Psychology,2 Years,"16 years education in relevant discipline, minimum CGPA 2.5",GAT / UCP Admission Test and Interview,220000.0,September 2025 (Fall Intake),https://ucp.edu.pk/faculty-of-humanities-and-social-sciences/department-of-psychology/programmes/postgraduate/ms-psychology/
University of Central Punjab,Lahore,MS,MS,Computer Science,2 Years,"16 years education in relevant discipline, minimum CGPA 2.5",GAT / UCP Admission Test and Interview,220000.0,September 2025 (Fall Intake),https://ucp.edu.pk/faculty-of-humanities-and-social-sciences/department-of-economics/programmes/postgraduate/msm-phil-economics/
University of Central Punjab,Lahore,PhD,PhD,Psychology,3–5 Years,"MS / MPhil degree in relevant field, minimum CGPA 3.0",GAT / Subject Test and Interview,75000.0,September 2025 (Fall Intake),https://ucp.edu.pk/faculty-of-humanities-and-social-sciences/department-of-psychology/programmes/doctoral/phd-psychology/
University of Central Punjab,Lahore,MS,MS,Information Technology,2 Years,"16 years education in relevant discipline, minimum CGPA 2.5",GAT / UCP Admission Test and Interview,220000.0,September 2025 (Fall Intake),https://ucp.edu.pk/faculty-of-languages-literature/programmes/postgraduate/m-phil-ms-english-literature/
University of Central Punjab,Lahore,MS,MS,Computer Science,2 Years,"16 years education in relevant discipline, minimum CGPA 2.5",GAT / UCP Admission Test and Interview,220000.0,September 2025 (Fall Intake),https://ucp.edu.pk/faculty-of-languages-literature/programmes/postgraduate/m-phil-ms-applied-linguistics/
University of Central Punjab,Lahore,PhD,PhD,Computer Science,3–5 Years,"MS / MPhil degree in relevant field, minimum CGPA 3.0",GAT / Subject Test and Interview,75000.0,September 2025 (Fall Intake),https://ucp.edu.pk/faculty-of-languages-literature/programmes/postgraduate/phd-linguistics/
University of Central Punjab,Lahore,MS,MS,Biology,2 Years,"16 years education in relevant discipline, minimum CGPA 2.5",GAT / UCP Admission Test and Interview,220000.0,September 2025 (Fall Intake),https://ucp.edu.pk/faculty-of-science-technology/programmes/postgraduate/ms-microbiology/
University of Central Punjab,Lahore,MS,MS,Chemistry,2 Years,"16 years education in relevant discipline, minimum CGPA 2.5",GAT / UCP Admission Test and Interview,220000.0,September 2025 (Fall Intake),https://ucp.edu.pk/faculty-of-science-technology/programmes/postgraduate/ms-biochemistry/
University of Central Punjab,Lahore,MS,MS,Biotechnology,2 Years,"16 years education in relevant discipline, minimum CGPA 2.5",GAT / UCP Admission Test and Interview,220000.0,September 2025 (Fall Intake),https://ucp.edu.pk/faculty-of-science-technology/programmes/postgraduate/m-sc-biotechnology/
University of Central Punjab,Lahore,MS,MS,Food Technology,2 Years,"16 years education in relevant discipline, minimum CGPA 2.5",GAT / UCP Admission Test and Interview,220000.0,September 2025 (Fall Intake),https://ucp.edu.pk/faculty-of-science-technology/programmes/postgraduate/ms-food-technology/
University of Central Punjab,Lahore,MS,MS,Mathematics,2 Years,"16 years education in relevant discipline, minimum CGPA 2.5",GAT / UCP Admission Test and Interview,220000.0,September 2025 (Fall Intake),https://ucp.edu.pk/faculty-of-science-technology/programmes/postgraduate/ms-mathematics/
University of Central Punjab,Lahore,PhD,PhD,Biology,3–5 Years,"MS / MPhil degree in relevant field, minimum CGPA 3.0",GAT / Subject Test and Interview,75000.0,September 2025 (Fall Intake),https://ucp.edu.pk/faculty-of-science-technology/programmes/doctoral/phd-microbiology/
University of Central Punjab,Lahore,PhD,PhD,Biotechnology,3–5 Years,"MS / MPhil degree in relevant field, minimum CGPA 3.0",GAT / Subject Test and Interview,75000.0,September 2025 (Fall Intake),https://ucp.edu.pk/faculty-of-science-technology/programmes/doctoral/phd-biotechnology/
University of Central Punjab,Lahore,PhD,PhD,Chemistry,3–5 Years,"MS / MPhil degree in relevant field, minimum CGPA 3.0",GAT / Subject Test and Interview,75000.0,September 2025 (Fall Intake),https://ucp.edu.pk/faculty-of-science-technology/programmes/doctoral/phd-biochemistry/
University of Central Punjab,Lahore,PhD,PhD,Food Technology,3–5 Years,"MS / MPhil degree in relevant field, minimum CGPA 3.0",GAT / Subject Test and Interview,75000.0,September 2025 (Fall Intake),https://ucp.edu.pk/faculty-of-science-technology/programmes/doctoral/phd-food-technology/
University of Central Punjab,Lahore,PhD,PhD,Mathematics,3–5 Years,"MS / MPhil degree in relevant field, minimum CGPA 3.0",GAT / Subject Test and Interview,75000.0,September 2025 (Fall Intake),https://ucp.edu.pk/faculty-of-sciences/programmes/postgraduate/phd-mathematic/
University of Central Punjab,Lahore,PhD,PhD,Pharmacy Pharmacology,3–5 Years,"MS / MPhil degree in relevant field, minimum CGPA 3.0",GAT / Subject Test and Interview,75000.0,September 2025 (Fall Intake),https://ucp.edu.pk/faculty-of-pharmacy/programmes/postgraduate/phd-pharmacy-pharmacology/
University of Central Punjab,Lahore,PhD,PhD,Chemistry,3–5 Years,"MS / MPhil degree in relevant field, minimum CGPA 3.0",GAT / Subject Test and Interview,75000.0,September 2025 (Fall Intake),https://ucp.edu.pk/faculty-of-pharmacy/programmes/postgraduate/phd-pharmacy-pharmaceutical-chemistry/
University of Central Punjab,Lahore,PhD,PhD,Computer Science,3–5 Years,"MS / MPhil degree in relevant field, minimum CGPA 3.0",GAT / Subject Test and Interview,75000.0,September 2025 (Fall Intake),https://ucp.edu.pk/faculty-of-pharmacy/programmes/postgraduate/phd-pharmacy-pharmaceutics/
University of Central Punjab,Lahore,MS,MS,Information Technology,2 Years,"16 years education in relevant discipline, minimum CGPA 2.5",GAT / UCP Admission Test and Interview,220000.0,September 2025 (Fall Intake),https://ucp.edu.pk/faculty-of-media-and-mass-communication/programmes/postgraduate/ms-film-digital-media/
University of Central Punjab,Lahore,MS,MS,Advertising And Public Relations,2 Years,"16 years education in relevant discipline, minimum CGPA 2.5",GAT / UCP Admission Test and Interview,220000.0,September 2025 (Fall Intake),https://ucp.edu.pk/faculty-of-media-and-mass-communication/programmes/postgraduate/ms-advertising-and-public-relations/
University of Central Punjab,Lahore,PhD,PhD,Media And Communication,3–5 Years,"MS / MPhil degree in relevant field, minimum CGPA 3.0",GAT / Subject Test and Interview,75000.0,September 2025 (Fall Intake),https://ucp.edu.pk/faculty-of-media-and-mass-communication/programmes/doctoral/phd-media-and-communication/
University of Central Punjab,Lahore,PhD,PhD,Chemistry,3–5 Years,"MS / MPhil degree in relevant field, minimum CGPA 3.0",GAT / Subject Test and Interview,75000.0,September 2025 (Fall Intake),https://ucp.edu.pk/faculty-of-science-technology/programmes/doctoral/phd-chemistry/
University of Central Punjab,Lahore,MS,MS,Psychology,2 Years,"16 years education in relevant discipline, minimum CGPA 2.5",GAT / UCP Admission Test and Interview,220000.0,September 2025 (Fall Intake),https://ucp.edu.pk/faculty-of-humanities-and-social-sciences/department-of-economics/programmes/postgraduate/ms-organizational-psychology/
University of Central Punjab,Lahore,MS,MS,M.Sc. Smart Grids Energy Systems,2 Years,"16 years education in relevant discipline, minimum CGPA 2.5",GAT / UCP Admission Test and Interview,220000.0,September 2025 (Fall Intake),https://ucp.edu.pk/faculty-of-engineering/programmes-2/postgraduate/m-sc-smart-grids-energy-systems/
University of Central Punjab,Lahore,MS,MS,Information Technology,2 Years,"16 years education in relevant discipline, minimum CGPA 2.5",GAT / UCP Admission Test and Interview,220000.0,September 2025 (Fall Intake),https://ucp.edu.pk/faculty-of-science-technology/programmes/postgraduate/ms-food-safety-quality-management/
University of Central Punjab,Lahore,MS,MS,Artificial Intelligence,2 Years,"16 years education in relevant discipline, minimum CGPA 2.5",GAT / UCP Admission Test and Interview,220000.0,September 2025 (Fall Intake),https://ucp.edu.pk/faculty-of-science-technology/programmes/postgraduate/ms-climate-change-sustainable-development/
University of Central Punjab,Lahore,MS,MS,Computer Science,2 Years,"16 years education in relevant discipline, minimum CGPA 2.5",GAT / UCP Admission Test and Interview,220000.0,September 2025 (Fall Intake),https://ucp.edu.pk/faculty-of-science-technology/programmes/postgraduate/ms-human-nutrition-dietetics/
University of Management and Technology,Lahore,BS,BS,Business Administration,4 years,HSSC / A-Levels or equivalent qualification,UMT Entry Test / SAT / NTS (as per policy),2090000.0,31 August 2025,https://admissions.umt.edu.pk/prog/BBA.aspx
University of Management and Technology,Lahore,BS,BS,Business Administration,2 years,As per UMT admission policy,UMT Entry Test / SAT / NTS (as per policy),1201581.0,31 August 2025,https://admissions.umt.edu.pk/prog/BBA - Post ADP.aspx
University of Management and Technology,Lahore,BBIS,,Business And Information Systems,4 years,HSSC / A-Levels or equivalent qualification,UMT Entry Test / SAT / NTS (as per policy),1790000.0,31 August 2025,https://admissions.umt.edu.pk/prog/BBIS.aspx
University of Management and Technology,Lahore,BBIS - POST ADP,,Business And Information Systems Post Adp,2 years,As per UMT admission policy,UMT Entry Test / SAT / NTS (as per policy),1050467.0,31 August 2025,https://admissions.umt.edu.pk/prog/BBIS - Post ADP.aspx
University of Management and Technology,Lahore,BS,BS,Accounting,4 Years,HSSC / A-Levels or equivalent qualification,UMT Entry Test / SAT / NTS (as per policy),1690000.0,31 August 2025,https://admissions.umt.edu.pk/prog/BSAF.aspx
University of Management and Technology,Lahore,BS,BS,Accounting,2 years,As per UMT admission policy,UMT Entry Test / SAT / NTS (as per policy),974862.0,31 August 2025,https://admissions.umt.edu.pk/prog/BSAF - Post ADP.aspx
University of Management and Technology,Lahore,BS,BS,Artificial Intelligence,4 Years,HSSC / A-Levels or equivalent qualification,UMT Entry Test / SAT / NTS (as per policy),1990000.0,31 August 2025,https://admissions.umt.edu.pk/prog/BSBAI.aspx
University of Management and Technology,Lahore,BS,BS,Economics,4 Years,HSSC / A-Levels or equivalent qualification,UMT Entry Test / SAT / NTS (as per policy),1390000.0,31 August 2025,https://admissions.umt.edu.pk/prog/BS Eco.aspx
University of Management and Technology,Lahore,BS,BS,Computer Science,2 years,As per UMT admission policy,UMT Entry Test / SAT / NTS (as per policy),780848.0,31 August 2025,https://admissions.umt.edu.pk/prog/BS ECO - Post ADP.aspx
University of Management and Technology,Lahore,BS,BS,Computer Science,4 years,HSSC / A-Levels or equivalent qualification,UMT Entry Test / SAT / NTS (as per policy),1390000.0,31 August 2025,https://admissions.umt.edu.pk/prog/BS EDS.aspx
University of Management and Technology,Lahore,BS,BS,Computer Science,4 years,HSSC / A-Levels or equivalent qualification,UMT Entry Test / SAT / NTS (as per policy),1390000.0,31 August 2025,https://admissions.umt.edu.pk/prog/BS EF.aspx
University of Management and Technology,Lahore,BS,BS,Computer Science,4 years,HSSC / A-Levels or equivalent qualification,UMT Entry Test / SAT / NTS (as per policy),1390000.0,31 August 2025,https://admissions.umt.edu.pk/prog/BS EPP.aspx
University of Management and Technology,Lahore,BS,BS,Fintech And Cryptocurrency,4 Years,HSSC / A-Levels or equivalent qualification,UMT Entry Test / SAT / NTS (as per policy),1690000.0,31 August 2025,https://admissions.umt.edu.pk/prog/BSFC.aspx
University of Management and Technology,Lahore,BS,BS,Management And Technology,4 Years,HSSC / A-Levels or equivalent qualification,UMT Entry Test / SAT / NTS (as per policy),1390000.0,31 August 2025,https://admissions.umt.edu.pk/prog/BSMT.aspx
University of Management and Technology,Lahore,BS,BS,Artificial Intelligence,4 Years,HSSC / A-Levels or equivalent qualification,UMT Entry Test / SAT / NTS (as per policy),1390000.0,31 August 2025,https://admissions.umt.edu.pk/prog/BSOSCM.aspx
University of Management and Technology,Lahore,BS,BS,Artificial Intelligence,2 years,As per UMT admission policy,UMT Entry Test / SAT / NTS (as per policy),830604.0,31 August 2025,https://admissions.umt.edu.pk/prog/BS OSCM - Post ADP.aspx
University of Management and Technology,Lahore,MS,MS,Executive Mba Weekend,2 Years,16 years education from HEC recognized institution,UMT Entry Test / SAT / NTS (as per policy),890000.0,31 August 2025,https://admissions.umt.edu.pk/prog/EMBA.aspx
University of Management and Technology,Lahore,MS,MS,,2 Years,16 years education from HEC recognized institution,UMT Entry Test / SAT / NTS (as per policy),990000.0,31 August 2025,https://admissions.umt.edu.pk/prog/MBA (2 Years).aspx
University of Management and Technology,Lahore,MS,MS,Mba 1.5 Years,1.5 Years,16 years education from HEC recognized institution,UMT Entry Test / SAT / NTS (as per policy),790000.0,31 August 2025,https://admissions.umt.edu.pk/prog/MBA (1.5 Years).aspx
University of Management and Technology,Lahore,MS,MS,Computer Science,2 Years,16 years education from HEC recognized institution,UMT Entry Test / SAT / NTS (as per policy),790000.0,31 August 2025,https://admissions.umt.edu.pk/prog/MS BA.aspx
University of Management and Technology,Lahore,MS,MS,Economics,2 Years,16 years education from HEC recognized institution,UMT Entry Test / SAT / NTS (as per policy),790000.0,31 August 2025,https://admissions.umt.edu.pk/prog/MS Eco.aspx
University of Management and Technology,Lahore,MS,MS,Finance,2 Years,16 years education from HEC recognized institution,UMT Entry Test / SAT / NTS (as per policy),790000.0,31 August 2025,https://admissions.umt.edu.pk/prog/MS Fin.aspx
University of Management and Technology,Lahore,MS,MS,Higher Education Leadership And Management,2 years,16 years education from HEC recognized institution,UMT Entry Test / SAT / NTS (as per policy),490000.0,31 August 2025,https://admissions.umt.edu.pk/prog/MS HELM.aspx
University of Management and Technology,Lahore,MS,MS,Management,2 Years,16 years education from HEC recognized institution,UMT Entry Test / SAT / NTS (as per policy),790000.0,31 August 2025,https://admissions.umt.edu.pk/prog/MSMGT.aspx
University of Management and Technology,Lahore,MS,MS,Marketing Weekend,2 Years,16 years education from HEC recognized institution,UMT Entry Test / SAT / NTS (as per policy),790000.0,31 August 2025,https://admissions.umt.edu.pk/prog/MSMKT.aspx
University of Management and Technology,Lahore,MS,MS,Strategic Human Resource Management Weekend,2 Years,16 years education from HEC recognized institution,UMT Entry Test / SAT / NTS (as per policy),790000.0,31 August 2025,https://admissions.umt.edu.pk/prog/MS-SHRM.aspx
University of Management and Technology,Lahore,MS,MS,Artificial Intelligence,2 Years,16 years education from HEC recognized institution,UMT Entry Test / SAT / NTS (as per policy),790000.0,31 August 2025,https://admissions.umt.edu.pk/prog/MSSCM.aspx
University of Management and Technology,Lahore,ND GLM,,Nanodegree Global Leadership Management,8 Months,As per UMT admission policy,UMT Entry Test / SAT / NTS (as per policy),299000.0,31 August 2025,https://admissions.umt.edu.pk/prog/ND GLM.aspx
University of Management and Technology,Lahore,PhD,PhD,Economics,3 Years,MS / MPhil degree with research background,UMT Entry Test / SAT / NTS (as per policy),790000.0,31 August 2025,https://admissions.umt.edu.pk/prog/PhD Eco.aspx
University of Management and Technology,Lahore,PhD,PhD,Management,3 Years,MS / MPhil degree with research background,UMT Entry Test / SAT / NTS (as per policy),990000.0,31 August 2025,https://admissions.umt.edu.pk/prog/PhDManagement.aspx
University of Management and Technology,Lahore,PhD,PhD,Computer Science,3 Years,MS / MPhil degree with research background,UMT Entry Test / SAT / NTS (as per policy),790000.0,31 August 2025,https://admissions.umt.edu.pk/prog/PhD Stats.aspx
University of Management and Technology,Lahore,ADP AMET,,Artificial Intelligence,2 years,As per UMT admission policy,UMT Entry Test / SAT / NTS (as per policy),490000.0,31 August 2025,https://admissions.umt.edu.pk/prog/ADP AMET.aspx
University of Management and Technology,Lahore,ADP AB,,Adp Aviation Business,2 years,As per UMT admission policy,UMT Entry Test / SAT / NTS (as per policy),490000.0,31 August 2025,https://admissions.umt.edu.pk/prog/ADP AB.aspx
University of Management and Technology,Lahore,ADP FO,,Adp Flight Operations,2 years,As per UMT admission policy,UMT Entry Test / SAT / NTS (as per policy),490000.0,31 August 2025,https://admissions.umt.edu.pk/prog/ADP FO.aspx
University of Management and Technology,Lahore,BS,BS,Artificial Intelligence,4 Years,HSSC / A-Levels or equivalent qualification,UMT Entry Test / SAT / NTS (as per policy),1390000.0,31 August 2025,https://admissions.umt.edu.pk/prog/BScAMET.aspx
University of Management and Technology,Lahore,BS,BS,Aviation Management,4 Years,HSSC / A-Levels or equivalent qualification,UMT Entry Test / SAT / NTS (as per policy),1590000.0,31 August 2025,https://admissions.umt.edu.pk/prog/BS-AM.aspx
University of Management and Technology,Lahore,BS,BS,Aviation Management Postadp//Ba,2 Years,As per UMT admission policy,UMT Entry Test / SAT / NTS (as per policy),490000.0,31 August 2025,https://admissions.umt.edu.pk/prog/BSAM - Post ADP.aspx
University of Management and Technology,Lahore,BS,BS,Aviation Professional Pilot App,4 Years,HSSC / A-Levels or equivalent qualification,UMT Entry Test / SAT / NTS (as per policy),1590000.0,31 August 2025,https://admissions.umt.edu.pk/prog/BS-APP.aspx
University of Management and Technology,Lahore,PGDAS,,Pgd Aviation Safety,1 years,As per UMT admission policy,UMT Entry Test / SAT / NTS (as per policy),349000.0,31 August 2025,https://admissions.umt.edu.pk/prog/PGDAS.aspx
University of Management and Technology,Lahore,BS,BS,Information Technology,4 Years,HSSC / A-Levels or equivalent qualification,UMT Entry Test / SAT / NTS (as per policy),1490000.0,31 August 2025,https://admissions.umt.edu.pk/prog/BS GHCA.aspx
University of Management and Technology,Lahore,BS,BS,Information Technology,4 Years,HSSC / A-Levels or equivalent qualification,UMT Entry Test / SAT / NTS (as per policy),1200000.0,31 August 2025,https://admissions.umt.edu.pk/prog/BS(HTM).aspx
University of Management and Technology,Lahore,PGD IHM,,Information Technology,2 Years,As per UMT admission policy,UMT Entry Test / SAT / NTS (as per policy),400000.0,31 August 2025,https://admissions.umt.edu.pk/prog/PGD IHTM.aspx
University of Management and Technology,Lahore,MS,MS,Finance,2 Years,16 years education from HEC recognized institution,UMT Entry Test / SAT / NTS (as per policy),690000.0,31 August 2025,https://admissions.umt.edu.pk/prog/MS IBF.aspx
University of Management and Technology,Lahore,PhD,PhD,Finance,3 Years,MS / MPhil degree with research background,UMT Entry Test / SAT / NTS (as per policy),790000.0,31 August 2025,https://admissions.umt.edu.pk/prog/PhD-IBF.aspx
University of Management and Technology,Lahore,BARCH,,Information Technology,5 Years,HSSC / A-Levels or equivalent qualification,UMT Entry Test / SAT / NTS (as per policy),2090000.0,31 August 2025,https://admissions.umt.edu.pk/prog/BArch.aspx
University of Management and Technology,Lahore,BS,BS,Information Technology,4 Years,HSSC / A-Levels or equivalent qualification,UMT Entry Test / SAT / NTS (as per policy),1290000.0,31 August 2025,https://admissions.umt.edu.pk/prog/BSCRP.aspx
University of Management and Technology,Lahore,BS,BS,Design,4 years,HSSC / A-Levels or equivalent qualification,UMT Entry Test / SAT / NTS (as per policy),890000.0,31 August 2025,https://admissions.umt.edu.pk/prog/BS D.aspx
University of Management and Technology,Lahore,BS,BS,Software Engineering,4 Years,HSSC / A-Levels or equivalent qualification,UMT Entry Test / SAT / NTS (as per policy),990000.0,31 August 2025,https://admissions.umt.edu.pk/prog/BS RSGIS.aspx
University of Management and Technology,Lahore,BS,BS,Information Technology,4 years,HSSC / A-Levels or equivalent qualification,UMT Entry Test / SAT / NTS (as per policy),890000.0,31 August 2025,https://admissions.umt.edu.pk/prog/BS IA.aspx
University of Management and Technology,Lahore,MS,MS,Information Technology,2 Years,16 years education from HEC recognized institution,UMT Entry Test / SAT / NTS (as per policy),490000.0,31 August 2025,https://admissions.umt.edu.pk/prog/MS Arc(E).aspx
University of Management and Technology,Lahore,MS,MS,Information Technology,2 Years,16 years education from HEC recognized institution,UMT Entry Test / SAT / NTS (as per policy),490000.0,31 August 2025,https://admissions.umt.edu.pk/prog/MS City and Regional Planning.aspx
University of Management and Technology,Lahore,BS,BS,B.Com Post Adp/Ba//B.Com,2 Years,As per UMT admission policy,UMT Entry Test / SAT / NTS (as per policy),398668.0,31 August 2025,https://admissions.umt.edu.pk/prog/Bcom-PostADP.aspx
University of Management and Technology,Lahore,BCOM(H),,Bcom H,4 Years,HSSC / A-Levels or equivalent qualification,UMT Entry Test / SAT / NTS (as per policy),790000.0,31 August 2025,https://admissions.umt.edu.pk/prog/Bcom(H).aspx
University of Management and Technology,Lahore,BS,BS,Accounting,4 Years,HSSC / A-Levels or equivalent qualification,UMT Entry Test / SAT / NTS (as per policy),890000.0,31 August 2025,https://admissions.umt.edu.pk/prog/BS-Act.aspx
University of Management and Technology,Lahore,BS,BS,Accounting,2 Years,As per UMT admission policy,UMT Entry Test / SAT / NTS (as per policy),456247.0,31 August 2025,https://admissions.umt.edu.pk/prog/BS-Acc-Post-ADP/BA/BSc.aspx
University of Management and Technology,Lahore,BS,BS,Accounting,4 years,HSSC / A-Levels or equivalent qualification,UMT Entry Test / SAT / NTS (as per policy),890000.0,31 August 2025,https://admissions.umt.edu.pk/prog/BS BMA.aspx
University of Management and Technology,Lahore,BS,BS,Accounting,2 Years,As per UMT admission policy,UMT Entry Test / SAT / NTS (as per policy),483075.0,31 August 2025,https://admissions.umt.edu.pk/prog/BS-BMA-Post-ADP/BA/Bsc.aspx
University of Management and Technology,Lahore,BS,BS,Computer Science,4 years,HSSC / A-Levels or equivalent qualification,UMT Entry Test / SAT / NTS (as per policy),790000.0,31 August 2025,https://admissions.umt.edu.pk/prog/BSDAA.aspx
University of Management and Technology,Lahore,BS,BS,Ecommerce,4 Years,HSSC / A-Levels or equivalent qualification,UMT Entry Test / SAT / NTS (as per policy),890000.0,31 August 2025,https://admissions.umt.edu.pk/prog/BS E-commerce.aspx
University of Management and Technology,Lahore,BS,BS,Information Technology,2 years,As per UMT admission policy,UMT Entry Test / SAT / NTS (as per policy),490000.0,31 August 2025,https://admissions.umt.edu.pk/prog/BS Ecom-Post ADP.aspx
University of Management and Technology,Lahore,MS,MS,Accounting,2 Years,16 years education from HEC recognized institution,UMT Entry Test / SAT / NTS (as per policy),590000.0,31 August 2025,https://admissions.umt.edu.pk/prog/MS-Act.aspx
University of Management and Technology,Lahore,BS,BS,Fashion Design,4 Years,HSSC / A-Levels or equivalent qualification,UMT Entry Test / SAT / NTS (as per policy),1290000.0,31 August 2025,https://admissions.umt.edu.pk/prog/BFD.aspx
University of Management and Technology,Lahore,BS,BS,Fine Arts,4 years,HSSC / A-Levels or equivalent qualification,UMT Entry Test / SAT / NTS (as per policy),1290000.0,31 August 2025,https://admissions.umt.edu.pk/prog/BS FA.aspx
University of Management and Technology,Lahore,BS,BS,Interior Design,4 Years,HSSC / A-Levels or equivalent qualification,UMT Entry Test / SAT / NTS (as per policy),1290000.0,31 August 2025,https://admissions.umt.edu.pk/prog/BS ID.aspx
University of Management and Technology,Lahore,BS,BS,Textile Design,4 Years,HSSC / A-Levels or equivalent qualification,UMT Entry Test / SAT / NTS (as per policy),1290000.0,31 August 2025,https://admissions.umt.edu.pk/prog/BS TD.aspx
University of Management and Technology,Lahore,BS,BS,Textiles & Clothing,4 years,HSSC / A-Levels or equivalent qualification,UMT Entry Test / SAT / NTS (as per policy),1290000.0,31 August 2025,https://admissions.umt.edu.pk/prog/BS-Ted.aspx
University of Management and Technology,Lahore,BS,BS,Visual Communication Design,4 Years,HSSC / A-Levels or equivalent qualification,UMT Entry Test / SAT / NTS (as per policy),1290000.0,31 August 2025,https://admissions.umt.edu.pk/prog/BS VCD.aspx
University of Management and Technology,Lahore,MS,MS,Textiles,2 Years,16 years education from HEC recognized institution,UMT Entry Test / SAT / NTS (as per policy),590000.0,31 August 2025,https://admissions.umt.edu.pk/prog/MS ATC.aspx
University of Management and Technology,Lahore,PhD,PhD,Textiles,3 Years,MS / MPhil degree with research background,UMT Entry Test / SAT / NTS (as per policy),690000.0,31 August 2025,https://admissions.umt.edu.pk/prog/PhDTextile.aspx
University of Management and Technology,Lahore,BS,BS,Biomedical Engineering Technology,4 Years,HSSC / A-Levels or equivalent qualification,UMT Entry Test / SAT / NTS (as per policy),1290000.0,31 August 2025,https://admissions.umt.edu.pk/prog/BS BET.aspx
University of Management and Technology,Lahore,BS,BS,Civil Engineering,4 Years,HSSC / A-Levels or equivalent qualification,UMT Entry Test / SAT / NTS (as per policy),2090000.0,31 August 2025,https://admissions.umt.edu.pk/prog/BS-CE.aspx
University of Management and Technology,Lahore,BS,BS,Computer Engineering Technology,4 Years,HSSC / A-Levels or equivalent qualification,UMT Entry Test / SAT / NTS (as per policy),890000.0,31 August 2025,https://admissions.umt.edu.pk/prog/BS CET.aspx
University of Management and Technology,Lahore,MS,MS,Computer Systems,4 years,HSSC / A-Levels or equivalent qualification,UMT Entry Test / SAT / NTS (as per policy),1290000.0,31 August 2025,https://admissions.umt.edu.pk/prog/BS ComS.aspx
University of Management and Technology,Lahore,BS,BS,Construction Management,4 years,HSSC / A-Levels or equivalent qualification,UMT Entry Test / SAT / NTS (as per policy),990000.0,31 August 2025,https://admissions.umt.edu.pk/prog/BS CM.aspx
University of Management and Technology,Lahore,BS,BS,Electrical Engineering,4 Years,HSSC / A-Levels or equivalent qualification,UMT Entry Test / SAT / NTS (as per policy),1890000.0,31 August 2025,https://admissions.umt.edu.pk/prog/BSEE.aspx
University of Management and Technology,Lahore,BS,BS,Information Engineering Technology,4 years,HSSC / A-Levels or equivalent qualification,UMT Entry Test / SAT / NTS (as per policy),890000.0,31 August 2025,https://admissions.umt.edu.pk/prog/BS ISET.aspx
University of Management and Technology,Lahore,BS,BS,Mechanical Engineering,4 Years,HSSC / A-Levels or equivalent qualification,UMT Entry Test / SAT / NTS (as per policy),2090000.0,31 August 2025,https://admissions.umt.edu.pk/prog/BSME.aspx
University of Management and Technology,Lahore,BS,BS,Computer Science,4 Years,HSSC / A-Levels or equivalent qualification,UMT Entry Test / SAT / NTS (as per policy),1290000.0,31 August 2025,https://admissions.umt.edu.pk/prog/BSRIS.aspx
University of Management and Technology,Lahore,BS,BS,Computer Engineering,4 years,HSSC / A-Levels or equivalent qualification,UMT Entry Test / SAT / NTS (as per policy),1390000.0,31 August 2025,https://admissions.umt.edu.pk/prog/BS CCE.aspx
University of Management and Technology,Lahore,MS,MS,Civil Engineering,2 Years,16 years education from HEC recognized institution,UMT Entry Test / SAT / NTS (as per policy),590000.0,31 August 2025,https://admissions.umt.edu.pk/prog/MSCE.aspx
University of Management and Technology,Lahore,MS,MS,Electrical Engineering,2 Years,16 years education from HEC recognized institution,UMT Entry Test / SAT / NTS (as per policy),590000.0,31 August 2025,https://admissions.umt.edu.pk/prog/MS-EE.aspx
University of Management and Technology,Lahore,MS,MS,Engineering Management,2 Years,16 years education from HEC recognized institution,UMT Entry Test / SAT / NTS (as per policy),590000.0,31 August 2025,https://admissions.umt.edu.pk/prog/MS-EM.aspx
University of Management and Technology,Lahore,MS,MS,Mechanical Engineering,2 Years,16 years education from HEC recognized institution,UMT Entry Test / SAT / NTS (as per policy),590000.0,31 August 2025,https://admissions.umt.edu.pk/prog/MS-ME.aspx
University of Management and Technology,Lahore,MS,MS,Computer Science,2 Years,16 years education from HEC recognized institution,UMT Entry Test / SAT / NTS (as per policy),590000.0,31 August 2025,https://admissions.umt.edu.pk/prog/MS RIS.aspx
University of Management and Technology,Lahore,PhD,PhD,Civil Engineering,3 Years,MS / MPhil degree with research background,UMT Entry Test / SAT / NTS (as per policy),890000.0,31 August 2025,https://admissions.umt.edu.pk/prog/PhD CE.aspx
University of Management and Technology,Lahore,PhD,PhD,Electrical Engineering,3 Years,MS / MPhil degree with research background,UMT Entry Test / SAT / NTS (as per policy),890000.0,31 August 2025,https://admissions.umt.edu.pk/prog/PhDEE.aspx
University of Management and Technology,Lahore,PhD,PhD,Mechanical Engineering,3 Years,MS / MPhil degree with research background,UMT Entry Test / SAT / NTS (as per policy),890000.0,31 August 2025,https://admissions.umt.edu.pk/prog/PhD ME.aspx
University of Management and Technology,Lahore,ADP AS,,Adp Agricultural Sciences,2 years,As per UMT admission policy,UMT Entry Test / SAT / NTS (as per policy),290000.0,31 August 2025,https://admissions.umt.edu.pk/prog/ADP AS.aspx
University of Management and Technology,Lahore,ADP HS,,Adp Horticultural Sciences,2 years,As per UMT admission policy,UMT Entry Test / SAT / NTS (as per policy),290000.0,31 August 2025,https://admissions.umt.edu.pk/prog/ADP HS.aspx
University of Management and Technology,Lahore,ADP FST,,Associate Food Science And Technology,2 years,As per UMT admission policy,UMT Entry Test / SAT / NTS (as per policy),490000.0,31 August 2025,https://admissions.umt.edu.pk/prog/ADP-FST.aspx
University of Management and Technology,Lahore,BS,BS,Agricultural Sciences,4 years,HSSC / A-Levels or equivalent qualification,UMT Entry Test / SAT / NTS (as per policy),690000.0,31 August 2025,https://admissions.umt.edu.pk/prog/BS AS.aspx
University of Management and Technology,Lahore,BS,BS,Information Technology,4 Years,HSSC / A-Levels or equivalent qualification,UMT Entry Test / SAT / NTS (as per policy),690000.0,31 August 2025,https://admissions.umt.edu.pk/prog/BS-FSM.aspx
University of Management and Technology,Lahore,BS,BS,Food Science And Technology,4 Years,HSSC / A-Levels or equivalent qualification,UMT Entry Test / SAT / NTS (as per policy),990000.0,31 August 2025,https://admissions.umt.edu.pk/prog/BS FST.aspx
University of Management and Technology,Lahore,BS,BS,Food Science And Technology Post Adp/,2 years,As per UMT admission policy,UMT Entry Test / SAT / NTS (as per policy),583863.0,31 August 2025,https://admissions.umt.edu.pk/prog/BS FT - Post.aspx
University of Management and Technology,Lahore,BS,BS,Horticultural Sciences,4 years,HSSC / A-Levels or equivalent qualification,UMT Entry Test / SAT / NTS (as per policy),550000.0,31 August 2025,https://admissions.umt.edu.pk/prog/BS HS.aspx
University of Management and Technology,Lahore,BS,BS,Computer Science,4 Years,HSSC / A-Levels or equivalent qualification,UMT Entry Test / SAT / NTS (as per policy),1390000.0,31 August 2025,https://admissions.umt.edu.pk/prog/BS-HND.aspx
University of Management and Technology,Lahore,BS,BS,Information Technology,4 years,HSSC / A-Levels or equivalent qualification,UMT Entry Test / SAT / NTS (as per policy),900000.0,31 August 2025,https://admissions.umt.edu.pk/prog/BS PHN.aspx
University of Management and Technology,Lahore,MS,MS,Advanced Food System,2 Years,16 years education from HEC recognized institution,UMT Entry Test / SAT / NTS (as per policy),490000.0,31 August 2025,https://admissions.umt.edu.pk/prog/MS AFD.aspx
University of Management and Technology,Lahore,MS,MS,Computer Science,2 Years,16 years education from HEC recognized institution,UMT Entry Test / SAT / NTS (as per policy),590000.0,31 August 2025,https://admissions.umt.edu.pk/prog/MS DP.aspx
University of Management and Technology,Lahore,MS,MS,Information Technology,2 Years,16 years education from HEC recognized institution,UMT Entry Test / SAT / NTS (as per policy),590000.0,31 August 2025,https://admissions.umt.edu.pk/prog/MS-FQM.aspx
University of Management and Technology,Lahore,MS,MS,Food Technology,2 years,16 years education from HEC recognized institution,UMT Entry Test / SAT / NTS (as per policy),590000.0,31 August 2025,https://admissions.umt.edu.pk/prog/MS-FT.aspx
University of Management and Technology,Lahore,MS,MS,Computer Science,2 Years,16 years education from HEC recognized institution,UMT Entry Test / SAT / NTS (as per policy),590000.0,31 August 2025,https://admissions.umt.edu.pk/prog/MSHND.aspx
University of Management and Technology,Lahore,PhD,PhD,Food Technology,3 Years,MS / MPhil degree with research background,UMT Entry Test / SAT / NTS (as per policy),790000.0,31 August 2025,https://admissions.umt.edu.pk/prog/PhD-FT.aspx
University of Management and Technology,Lahore,PhD,PhD,Computer Science,3 years,MS / MPhil degree with research background,UMT Entry Test / SAT / NTS (as per policy),790000.0,31 August 2025,https://admissions.umt.edu.pk/prog/PhD HND.aspx
University of Management and Technology,Lahore,ADP PA,,Associate Public Administration,2 years,As per UMT admission policy,UMT Entry Test / SAT / NTS (as per policy),490000.0,31 August 2025,https://admissions.umt.edu.pk/prog/ADP - PA.aspx
University of Management and Technology,Lahore,BS,BS,Information Technology,4 years,HSSC / A-Levels or equivalent qualification,UMT Entry Test / SAT / NTS (as per policy),990000.0,31 August 2025,https://admissions.umt.edu.pk/prog/BS DG.aspx
University of Management and Technology,Lahore,BS,BS,Public Administration,4 Years,HSSC / A-Levels or equivalent qualification,UMT Entry Test / SAT / NTS (as per policy),990000.0,31 August 2025,https://admissions.umt.edu.pk/prog/BS-Public-administration.aspx
University of Management and Technology,Lahore,BS,BS,Public Administration Post Adp//Ba,2 years,As per UMT admission policy,UMT Entry Test / SAT / NTS (as per policy),497715.0,31 August 2025,https://admissions.umt.edu.pk/prog/BSPA-PostADP.aspx
University of Management and Technology,Lahore,BS,BS,Software Engineering,4 years,HSSC / A-Levels or equivalent qualification,UMT Entry Test / SAT / NTS (as per policy),990000.0,31 August 2025,https://admissions.umt.edu.pk/prog/BS-PA-CSS.aspx
University of Management and Technology,Lahore,BS,BS,Public Policy And Management,4 years,HSSC / A-Levels or equivalent qualification,UMT Entry Test / SAT / NTS (as per policy),990000.0,31 August 2025,https://admissions.umt.edu.pk/prog/BS PPM.aspx
University of Management and Technology,Lahore,MS,MS,Public Policy,2 Years,16 years education from HEC recognized institution,UMT Entry Test / SAT / NTS (as per policy),490000.0,31 August 2025,https://admissions.umt.edu.pk/prog/MS-PP.aspx
University of Management and Technology,Lahore,MS,MS,Public Policy And Technology,2 Years,16 years education from HEC recognized institution,UMT Entry Test / SAT / NTS (as per policy),490000.0,31 August 2025,https://admissions.umt.edu.pk/prog/MS-PPT.aspx
University of Management and Technology,Lahore,MS,MS,Public Policy For Regular Govt Employees,2 Years,16 years education from HEC recognized institution,UMT Entry Test / SAT / NTS (as per policy),390000.0,31 August 2025,https://admissions.umt.edu.pk/prog/MS-PP-GE.aspx
University of Management and Technology,Lahore,ADP MLS,,Adp Medical Laboratory Sciences,2 years,As per UMT admission policy,UMT Entry Test / SAT / NTS (as per policy),390000.0,31 August 2025,https://admissions.umt.edu.pk/prog/ADP MLS.aspx
University of Management and Technology,Lahore,ADP RIT,,Adp Radiography And Imaging Technology,2 years,As per UMT admission policy,UMT Entry Test / SAT / NTS (as per policy),390000.0,31 August 2025,https://admissions.umt.edu.pk/prog/ADP RIT.aspx
University of Management and Technology,Lahore,ADP UT,,Adp Ultrasound Technology,2 years,As per UMT admission policy,UMT Entry Test / SAT / NTS (as per policy),390000.0,31 August 2025,https://admissions.umt.edu.pk/prog/ADP UT.aspx
University of Management and Technology,Lahore,BS,BS,Aesthetic And Skin Care Technology,4 years,HSSC / A-Levels or equivalent qualification,UMT Entry Test / SAT / NTS (as per policy),790000.0,31 August 2025,https://admissions.umt.edu.pk/prog/BS AST.aspx
University of Management and Technology,Lahore,BS,BS,Anesthesia Technology,4 Years,HSSC / A-Levels or equivalent qualification,UMT Entry Test / SAT / NTS (as per policy),790000.0,31 August 2025,https://admissions.umt.edu.pk/prog/BS AT.aspx
University of Management and Technology,Lahore,BS,BS,Dental Hygiene,4 Years,HSSC / A-Levels or equivalent qualification,UMT Entry Test / SAT / NTS (as per policy),790000.0,31 August 2025,https://admissions.umt.edu.pk/prog/BS DH.aspx
University of Management and Technology,Lahore,BS,BS,Dental Technology,4 Years,HSSC / A-Levels or equivalent qualification,UMT Entry Test / SAT / NTS (as per policy),790000.0,31 August 2025,https://admissions.umt.edu.pk/prog/BS DT.aspx
University of Management and Technology,Lahore,BS,BS,Computer Science,4 years,HSSC / A-Levels or equivalent qualification,UMT Entry Test / SAT / NTS (as per policy),1290000.0,31 August 2025,https://admissions.umt.edu.pk/prog/BS NS.aspx
University of Management and Technology,Lahore,BS,BS,Medical Imaging And Ultrasonography,4 years,HSSC / A-Levels or equivalent qualification,UMT Entry Test / SAT / NTS (as per policy),1390000.0,31 August 2025,https://admissions.umt.edu.pk/prog/BS-MIUSG.aspx
University of Management and Technology,Lahore,BS,BS,Medical Laboratory Technology,4 Years,HSSC / A-Levels or equivalent qualification,UMT Entry Test / SAT / NTS (as per policy),1090000.0,31 August 2025,https://admissions.umt.edu.pk/prog/BS-MLS.aspx
University of Management and Technology,Lahore,BS,BS,Operation Theatre Technology,4 Years,HSSC / A-Levels or equivalent qualification,UMT Entry Test / SAT / NTS (as per policy),790000.0,31 August 2025,https://admissions.umt.edu.pk/prog/BS OTT.aspx
University of Management and Technology,Lahore,BS,BS,Optometry And Vision Sciences,4 years,HSSC / A-Levels or equivalent qualification,UMT Entry Test / SAT / NTS (as per policy),1190000.0,31 August 2025,https://admissions.umt.edu.pk/prog/BS OVS.aspx
University of Management and Technology,Lahore,BS,BS,Speech Language Pathology,4 years,HSSC / A-Levels or equivalent qualification,UMT Entry Test / SAT / NTS (as per policy),790000.0,31 August 2025,https://admissions.umt.edu.pk/prog/BS SLP.aspx
University of Management and Technology,Lahore,DPT,,Physical Therapy,5 years,HSSC / A-Levels or equivalent qualification,UMT Entry Test / SAT / NTS (as per policy),1890000.0,31 August 2025,https://admissions.umt.edu.pk/prog/DPT.aspx
University of Management and Technology,Lahore,MS,MS,Medical Laboratory Sciences Mls,2 years,16 years education from HEC recognized institution,UMT Entry Test / SAT / NTS (as per policy),490000.0,31 August 2025,https://admissions.umt.edu.pk/prog/MS MLS.aspx
University of Management and Technology,Lahore,MS,MS,Information Technology,2 years,16 years education from HEC recognized institution,UMT Entry Test / SAT / NTS (as per policy),490000.0,31 August 2025,https://admissions.umt.edu.pk/prog/MS NS.aspx
University of Management and Technology,Lahore,MS,MS,Physical Therapy,2 years,16 years education from HEC recognized institution,UMT Entry Test / SAT / NTS (as per policy),490000.0,31 August 2025,https://admissions.umt.edu.pk/prog/MS PT.aspx
University of Management and Technology,Lahore,PGD,,Computer Science,1 Year,As per UMT admission policy,UMT Entry Test / SAT / NTS (as per policy),120000.0,31 August 2025,https://admissions.umt.edu.pk/prog/PGD DT.aspx
University of Management and Technology,Lahore,SNC,,Information Technology,6 weeks,As per UMT admission policy,UMT Entry Test / SAT / NTS (as per policy),40000.0,31 August 2025,https://admissions.umt.edu.pk/prog/SNC.aspx
University of Management and Technology,Lahore,BS,BS,Llb,4 Years,HSSC / A-Levels or equivalent qualification,UMT Entry Test / SAT / NTS (as per policy),2650000.0,31 August 2025,https://admissions.umt.edu.pk/prog/LL.B..aspx
University of Management and Technology,Lahore,LLM,,Llm Commercial Law,2 Years,16 years education from HEC recognized institution,UMT Entry Test / SAT / NTS (as per policy),890000.0,31 August 2025,https://admissions.umt.edu.pk/prog/LLMCL.aspx
University of Management and Technology,Lahore,BS,BS,Computer Science,4 Years,HSSC / A-Levels or equivalent qualification,UMT Entry Test / SAT / NTS (as per policy),1190000.0,31 August 2025,https://admissions.umt.edu.pk/prog/BS CL.aspx
University of Management and Technology,Lahore,BS,BS,English,4 Years,HSSC / A-Levels or equivalent qualification,UMT Entry Test / SAT / NTS (as per policy),1090000.0,31 August 2025,https://admissions.umt.edu.pk/prog/BSEL.aspx
University of Management and Technology,Lahore,BS,BS,English,2 years,As per UMT admission policy,UMT Entry Test / SAT / NTS (as per policy),536794.0,31 August 2025,https://admissions.umt.edu.pk/prog/BS EL -Post ADP.aspx
University of Management and Technology,Lahore,BS,BS,Liberal Arts,4 Years,HSSC / A-Levels or equivalent qualification,UMT Entry Test / SAT / NTS (as per policy),1090000.0,31 August 2025,https://admissions.umt.edu.pk/prog/BSLA.aspx
University of Management and Technology,Lahore,MS,MS,Computer Science,2 Years,16 years education from HEC recognized institution,UMT Entry Test / SAT / NTS (as per policy),590000.0,31 August 2025,https://admissions.umt.edu.pk/prog/MPhil(AL).aspx
University of Management and Technology,Lahore,MS,MS,Information Technology,2-YEAR,16 years education from HEC recognized institution,UMT Entry Test / SAT / NTS (as per policy),790000.0,31 August 2025,https://admissions.umt.edu.pk/prog/MPhilEL.aspx
University of Management and Technology,Lahore,PGD,,Information Technology,1 Year,As per UMT admission policy,UMT Entry Test / SAT / NTS (as per policy),345000.0,31 August 2025,https://admissions.umt.edu.pk/prog/PGD CW.aspx
University of Management and Technology,Lahore,PhD,PhD,Computer Science,3 Years,MS / MPhil degree with research background,UMT Entry Test / SAT / NTS (as per policy),690000.0,31 August 2025,https://admissions.umt.edu.pk/prog/PhD-ELL.aspx
University of Management and Technology,Lahore,BS,BS,Information Technology,4 Years,HSSC / A-Levels or equivalent qualification,UMT Entry Test / SAT / NTS (as per policy),1390000.0,31 August 2025,https://admissions.umt.edu.pk/prog/BS-DTIM.aspx
University of Management and Technology,Lahore,BS,BS,Media And Communication,4 Years,HSSC / A-Levels or equivalent qualification,UMT Entry Test / SAT / NTS (as per policy),1390000.0,31 August 2025,https://admissions.umt.edu.pk/prog/BS-MC.aspx
University of Management and Technology,Lahore,BS,BS,Media And Communication Post Adp/Ba//B.Com,2 Years,As per UMT admission policy,UMT Entry Test / SAT / NTS (as per policy),786327.0,31 August 2025,https://admissions.umt.edu.pk/prog/BS MC-POSTADP.aspx
University of Management and Technology,Lahore,BS,BS,Media Management And Technology,4 years,HSSC / A-Levels or equivalent qualification,UMT Entry Test / SAT / NTS (as per policy),1090000.0,31 August 2025,https://admissions.umt.edu.pk/prog/BS MMT.aspx
University of Management and Technology,Lahore,MS,MS,Media And Communication,2 Years,16 years education from HEC recognized institution,UMT Entry Test / SAT / NTS (as per policy),590000.0,31 August 2025,https://admissions.umt.edu.pk/prog/MSMC.aspx
University of Management and Technology,Lahore,D-PHARM,,Pharmacy,5 Years,HSSC / A-Levels or equivalent qualification,UMT Entry Test / SAT / NTS (as per policy),2690000.0,31 August 2025,https://admissions.umt.edu.pk/prog/Pharma-D.aspx
University of Management and Technology,Lahore,MS,MS,Mphill Pharmacology,2 years,16 years education from HEC recognized institution,UMT Entry Test / SAT / NTS (as per policy),590000.0,31 August 2025,https://admissions.umt.edu.pk/prog/MPhil.Pharma.aspx
University of Management and Technology,Lahore,BPS,,Professional Studies,4 Years,HSSC / A-Levels or equivalent qualification,UMT Entry Test / SAT / NTS (as per policy),1090000.0,31 August 2025,https://admissions.umt.edu.pk/prog/BS(PS).aspx
University of Management and Technology,Lahore,BS,BS,Professional Studies Bps Post Adp//Ba,2 years,As per UMT admission policy,UMT Entry Test / SAT / NTS (as per policy),616494.0,31 August 2025,https://admissions.umt.edu.pk/prog/BPS-POSTADP.aspx
University of Management and Technology,Lahore,BS,BS,Sports Management,4 Years,HSSC / A-Levels or equivalent qualification,UMT Entry Test / SAT / NTS (as per policy),990000.0,31 August 2025,https://admissions.umt.edu.pk/prog/BS(SM).aspx
University of Management and Technology,Lahore,MS,MS,Project Management Evening,1.5 Years,16 years education from HEC recognized institution,UMT Entry Test / SAT / NTS (as per policy),590000.0,31 August 2025,https://admissions.umt.edu.pk/prog/MS-PM.aspx
University of Management and Technology,Lahore,MS,MS,Project Management Weekend,1.5 Years,16 years education from HEC recognized institution,UMT Entry Test / SAT / NTS (as per policy),690000.0,31 August 2025,https://admissions.umt.edu.pk/prog/MS-PM(W).aspx
University of Management and Technology,Lahore,BS,BS,Psychology,4 Years,HSSC / A-Levels or equivalent qualification,UMT Entry Test / SAT / NTS (as per policy),1190000.0,31 August 2025,https://admissions.umt.edu.pk/prog/BS Psy.aspx
University of Management and Technology,Lahore,BS,BS,Psychology,2 years,As per UMT admission policy,UMT Entry Test / SAT / NTS (as per policy),653440.0,31 August 2025,https://admissions.umt.edu.pk/prog/BS-Psy-Post-ADP.aspx
University of Management and Technology,Lahore,MS,MS,Psychology,2 Years,16 years education from HEC recognized institution,UMT Entry Test / SAT / NTS (as per policy),590000.0,31 August 2025,https://admissions.umt.edu.pk/prog/MPhilPsychology.aspx
University of Management and Technology,Lahore,MS,MS,Psychology,2 Years,16 years education from HEC recognized institution,UMT Entry Test / SAT / NTS (as per policy),1090000.0,31 August 2025,https://admissions.umt.edu.pk/prog/MS CPsy.aspx
University of Management and Technology,Lahore,MS,MS,Software Engineering,2 Years,16 years education from HEC recognized institution,UMT Entry Test / SAT / NTS (as per policy),690000.0,31 August 2025,https://admissions.umt.edu.pk/prog/MS-CP.aspx
University of Management and Technology,Lahore,MS,MS,Psychology,2 years,16 years education from HEC recognized institution,UMT Entry Test / SAT / NTS (as per policy),490000.0,31 August 2025,https://admissions.umt.edu.pk/prog/MS IOP.aspx
University of Management and Technology,Lahore,PhD,PhD,Psychology,3 Years,MS / MPhil degree with research background,UMT Entry Test / SAT / NTS (as per policy),1090000.0,31 August 2025,https://admissions.umt.edu.pk/prog/PhD-CP.aspx
University of Management and Technology,Lahore,PhD,PhD,Psychology,3 Years,MS / MPhil degree with research background,UMT Entry Test / SAT / NTS (as per policy),690000.0,31 August 2025,https://admissions.umt.edu.pk/prog/PhD Psy.aspx
University of Management and Technology,Lahore,BS,BS,Chemistry,4 Years,HSSC / A-Levels or equivalent qualification,UMT Entry Test / SAT / NTS (as per policy),1090000.0,31 August 2025,https://admissions.umt.edu.pk/prog/BS-BC.aspx
University of Management and Technology,Lahore,BS,BS,Chemistry,2 years,As per UMT admission policy,UMT Entry Test / SAT / NTS (as per policy),624672.0,31 August 2025,https://admissions.umt.edu.pk/prog/BS BC-Post.aspx
University of Management and Technology,Lahore,BS,BS,Biotechnology,4 Years,HSSC / A-Levels or equivalent qualification,UMT Entry Test / SAT / NTS (as per policy),1090000.0,31 August 2025,https://admissions.umt.edu.pk/prog/BS-BT.aspx
University of Management and Technology,Lahore,BS,BS,Biotechnology Post Adp/,2 years,As per UMT admission policy,UMT Entry Test / SAT / NTS (as per policy),642235.0,31 August 2025,https://admissions.umt.edu.pk/prog/BS BT- Post.aspx
University of Management and Technology,Lahore,BS,BS,Chemistry,4 Years,HSSC / A-Levels or equivalent qualification,UMT Entry Test / SAT / NTS (as per policy),1090000.0,31 August 2025,https://admissions.umt.edu.pk/prog/BS-Chem.aspx
University of Management and Technology,Lahore,BS,BS,Chemistry,2 years,As per UMT admission policy,UMT Entry Test / SAT / NTS (as per policy),604607.0,31 August 2025,https://admissions.umt.edu.pk/prog/BS Chem-Post.aspx
University of Management and Technology,Lahore,BS,BS,Computer Science,4 Years,HSSC / A-Levels or equivalent qualification,UMT Entry Test / SAT / NTS (as per policy),1090000.0,31 August 2025,https://admissions.umt.edu.pk/prog/BS-Maths.aspx
University of Management and Technology,Lahore,BS,BS,Computer Science,2 years,As per UMT admission policy,UMT Entry Test / SAT / NTS (as per policy),612455.0,31 August 2025,https://admissions.umt.edu.pk/prog/BS MAth - Post.aspx
University of Management and Technology,Lahore,BS,BS,Biology,4 years,HSSC / A-Levels or equivalent qualification,UMT Entry Test / SAT / NTS (as per policy),1090000.0,31 August 2025,https://admissions.umt.edu.pk/prog/BS-MB.aspx
University of Management and Technology,Lahore,BS,BS,Biology,2 years,As per UMT admission policy,UMT Entry Test / SAT / NTS (as per policy),620073.0,31 August 2025,https://admissions.umt.edu.pk/prog/BS MB - Post.aspx
University of Management and Technology,Lahore,BS,BS,Computer Science,4 Years,HSSC / A-Levels or equivalent qualification,UMT Entry Test / SAT / NTS (as per policy),1090000.0,31 August 2025,https://admissions.umt.edu.pk/prog/BS-Physics.aspx
University of Management and Technology,Lahore,BS,BS,Computer Science,2 years,As per UMT admission policy,UMT Entry Test / SAT / NTS (as per policy),651087.0,31 August 2025,https://admissions.umt.edu.pk/prog/BS Phy-Post.aspx
University of Management and Technology,Lahore,MS,MS,Chemistry,2 Years,16 years education from HEC recognized institution,UMT Entry Test / SAT / NTS (as per policy),690000.0,31 August 2025,https://admissions.umt.edu.pk/prog/MSBio.aspx
University of Management and Technology,Lahore,MS,MS,Biotechnology Regular/Weekend,2 Years,16 years education from HEC recognized institution,UMT Entry Test / SAT / NTS (as per policy),690000.0,31 August 2025,https://admissions.umt.edu.pk/prog/MSBioT.aspx
University of Management and Technology,Lahore,MS,MS,Chemistry,2 Years,16 years education from HEC recognized institution,UMT Entry Test / SAT / NTS (as per policy),590000.0,31 August 2025,https://admissions.umt.edu.pk/prog/MSChem.aspx
University of Management and Technology,Lahore,MS,MS,Computer Science,2 Years,16 years education from HEC recognized institution,UMT Entry Test / SAT / NTS (as per policy),490000.0,31 August 2025,https://admissions.umt.edu.pk/prog/MSMAths.aspx
University of Management and Technology,Lahore,MS,MS,Computer Science,2 Years,16 years education from HEC recognized institution,UMT Entry Test / SAT / NTS (as per policy),490000.0,31 August 2025,https://admissions.umt.edu.pk/prog/MSPhy.aspx
University of Management and Technology,Lahore,PhD,PhD,Biosciences,3 Years,MS / MPhil degree with research background,UMT Entry Test / SAT / NTS (as per policy),690000.0,31 August 2025,https://admissions.umt.edu.pk/prog/Phd Biosciences.aspx
University of Management and Technology,Lahore,PhD,PhD,Chemistry,3 Years,MS / MPhil degree with research background,UMT Entry Test / SAT / NTS (as per policy),790000.0,31 August 2025,https://admissions.umt.edu.pk/prog/PhDChem.aspx
University of Management and Technology,Lahore,PhD,PhD,Mathematics,3 Years,MS / MPhil degree with research background,UMT Entry Test / SAT / NTS (as per policy),690000.0,31 August 2025,https://admissions.umt.edu.pk/prog/PhDMAths.aspx
University of Management and Technology,Lahore,PhD,PhD,Physics,3 Years,MS / MPhil degree with research background,UMT Entry Test / SAT / NTS (as per policy),790000.0,31 August 2025,https://admissions.umt.edu.pk/prog/PhDPhy.aspx
University of Management and Technology,Lahore,BS,BS,Education,4 Years,HSSC / A-Levels or equivalent qualification,UMT Entry Test / SAT / NTS (as per policy),790000.0,31 August 2025,https://admissions.umt.edu.pk/prog/BS-Edu.aspx
University of Management and Technology,Lahore,BS,BS,Gender Studies Post /Ba,2 Years,As per UMT admission policy,UMT Entry Test / SAT / NTS (as per policy),381026.0,31 August 2025,https://admissions.umt.edu.pk/prog/BSGS-POSTADP.aspx
University of Management and Technology,Lahore,BS,BS,Honors Special Needs Education,4 Years,HSSC / A-Levels or equivalent qualification,UMT Entry Test / SAT / NTS (as per policy),790000.0,31 August 2025,https://admissions.umt.edu.pk/prog/BSSNE.aspx
University of Management and Technology,Lahore,BS,BS,International Relations,4 Years,HSSC / A-Levels or equivalent qualification,UMT Entry Test / SAT / NTS (as per policy),990000.0,31 August 2025,https://admissions.umt.edu.pk/prog/BSIR.aspx
University of Management and Technology,Lahore,BS,BS,Information Technology,4 Years,HSSC / A-Levels or equivalent qualification,UMT Entry Test / SAT / NTS (as per policy),990000.0,31 August 2025,https://admissions.umt.edu.pk/prog/BSPOL.aspx
University of Management and Technology,Lahore,BS,BS,Sociology,4 Years,HSSC / A-Levels or equivalent qualification,UMT Entry Test / SAT / NTS (as per policy),790000.0,31 August 2025,https://admissions.umt.edu.pk/prog/BSSocio.aspx
University of Management and Technology,Lahore,BS,BS,Sociology Post /Ba,2 years,As per UMT admission policy,UMT Entry Test / SAT / NTS (as per policy),566842.0,31 August 2025,https://admissions.umt.edu.pk/prog/BSSOC-POSTADP.aspx
University of Management and Technology,Lahore,BS,BS,Special Need Education Post Adp//Ba,2 years,As per UMT admission policy,UMT Entry Test / SAT / NTS (as per policy),480120.0,31 August 2025,https://admissions.umt.edu.pk/prog/BSNE-POSTADP.aspx
University of Management and Technology,Lahore,MS,MS,Education Regular/Weekend,2 Years,16 years education from HEC recognized institution,UMT Entry Test / SAT / NTS (as per policy),490000.0,31 August 2025,https://admissions.umt.edu.pk/prog/MPhil-Edu.aspx
University of Management and Technology,Lahore,MS,MS,Educational Leadership And Management . Elm Weekend,2 years,16 years education from HEC recognized institution,UMT Entry Test / SAT / NTS (as per policy),590000.0,31 August 2025,https://admissions.umt.edu.pk/prog/MphilELM.aspx
University of Management and Technology,Lahore,MS,MS,Gender Studies,2 Years,16 years education from HEC recognized institution,UMT Entry Test / SAT / NTS (as per policy),490000.0,31 August 2025,https://admissions.umt.edu.pk/prog/MPhil-GS.aspx
University of Management and Technology,Lahore,MS,MS,International Relation Weekend,2 Years,16 years education from HEC recognized institution,UMT Entry Test / SAT / NTS (as per policy),490000.0,31 August 2025,https://admissions.umt.edu.pk/prog/M.Phil-IR.aspx
University of Management and Technology,Lahore,MS,MS,Software Engineering,2 Years,16 years education from HEC recognized institution,UMT Entry Test / SAT / NTS (as per policy),590000.0,31 August 2025,https://admissions.umt.edu.pk/prog/M.Phil-IS.aspx
University of Management and Technology,Lahore,MS,MS,Islamic Thought And Civilization Weekend,2 years,16 years education from HEC recognized institution,UMT Entry Test / SAT / NTS (as per policy),590000.0,31 August 2025,https://admissions.umt.edu.pk/prog/MS-ITC.aspx
University of Management and Technology,Lahore,MS,MS,Information Technology,2 Years,16 years education from HEC recognized institution,UMT Entry Test / SAT / NTS (as per policy),490000.0,31 August 2025,https://admissions.umt.edu.pk/prog/MS-POL.aspx
University of Management and Technology,Lahore,MS,MS,Sociology Weekend,2 Years,16 years education from HEC recognized institution,UMT Entry Test / SAT / NTS (as per policy),490000.0,31 August 2025,https://admissions.umt.edu.pk/prog/MPhilSociology2years.aspx
University of Management and Technology,Lahore,MS,MS,Special Education Weekend,2 Years,16 years education from HEC recognized institution,UMT Entry Test / SAT / NTS (as per policy),490000.0,31 August 2025,https://admissions.umt.edu.pk/prog/MPhil-SEDU.aspx
University of Management and Technology,Lahore,MS,MS,Software Engineering,2 Years,16 years education from HEC recognized institution,UMT Entry Test / SAT / NTS (as per policy),390000.0,31 August 2025,https://admissions.umt.edu.pk/prog/MS- Security and Strategic Studies.aspx
University of Management and Technology,Lahore,PhD,PhD,International Relations,3 Years,MS / MPhil degree with research background,UMT Entry Test / SAT / NTS (as per policy),690000.0,31 August 2025,https://admissions.umt.edu.pk/prog/PhD-IR.aspx
University of Management and Technology,Lahore,PhD,PhD,Islamic Thought And Civilization,3 Years,MS / MPhil degree with research background,UMT Entry Test / SAT / NTS (as per policy),940000.0,31 August 2025,https://admissions.umt.edu.pk/prog/PhD ITC.aspx
University of Management and Technology,Lahore,PhD,PhD,Sociology,3 Years,MS / MPhil degree with research background,UMT Entry Test / SAT / NTS (as per policy),690000.0,31 August 2025,https://admissions.umt.edu.pk/prog/PhD Sociology.aspx
University of Management and Technology,Lahore,BS,BS,Artificial Intelligence,4 years,HSSC / A-Levels or equivalent qualification,UMT Entry Test / SAT / NTS (as per policy),1890000.0,31 August 2025,https://admissions.umt.edu.pk/prog/BS AI.aspx
University of Management and Technology,Lahore,BS,BS,Artificial Intelligence,4 Years,HSSC / A-Levels or equivalent qualification,UMT Entry Test / SAT / NTS (as per policy),1690000.0,31 August 2025,https://admissions.umt.edu.pk/prog/BSBCT.aspx
University of Management and Technology,Lahore,BS,BS,Computer Science,4 years,HSSC / A-Levels or equivalent qualification,UMT Entry Test / SAT / NTS (as per policy),2090000.0,31 August 2025,https://admissions.umt.edu.pk/prog/BSCS.aspx
University of Management and Technology,Lahore,BS,BS,Computer Science,2 years,As per UMT admission policy,UMT Entry Test / SAT / NTS (as per policy),1191303.0,31 August 2025,https://admissions.umt.edu.pk/prog/BS CS- Post ADP.aspx
University of Management and Technology,Lahore,BS,BS,Software Engineering,4 Years,HSSC / A-Levels or equivalent qualification,UMT Entry Test / SAT / NTS (as per policy),1690000.0,31 August 2025,https://admissions.umt.edu.pk/prog/BS Cyber security.aspx
University of Management and Technology,Lahore,BS,BS,Data Science,4 Years,HSSC / A-Levels or equivalent qualification,UMT Entry Test / SAT / NTS (as per policy),1690000.0,31 August 2025,https://admissions.umt.edu.pk/prog/BS-DS.aspx
University of Management and Technology,Lahore,BS,BS,Gaming And Immersive Media,4 Years,HSSC / A-Levels or equivalent qualification,UMT Entry Test / SAT / NTS (as per policy),1690000.0,31 August 2025,https://admissions.umt.edu.pk/prog/BSGIM.aspx
University of Management and Technology,Lahore,BS,BS,Information Technology,4 years,HSSC / A-Levels or equivalent qualification,UMT Entry Test / SAT / NTS (as per policy),1690000.0,31 August 2025,https://admissions.umt.edu.pk/prog/BSIT.aspx
University of Management and Technology,Lahore,BS,BS,Software Engineering,4 years,HSSC / A-Levels or equivalent qualification,UMT Entry Test / SAT / NTS (as per policy),1990000.0,31 August 2025,https://admissions.umt.edu.pk/prog/Bbse.aspx
University of Management and Technology,Lahore,MS,MS,Artificial Intelligence,2 Years,16 years education from HEC recognized institution,UMT Entry Test / SAT / NTS (as per policy),690000.0,31 August 2025,https://admissions.umt.edu.pk/prog/MS AI.aspx
University of Management and Technology,Lahore,MS,MS,Computer Science,2 Years,16 years education from HEC recognized institution,UMT Entry Test / SAT / NTS (as per policy),690000.0,31 August 2025,https://admissions.umt.edu.pk/prog/MSCS.aspx
University of Management and Technology,Lahore,MS,MS,Data Science,2 Years,16 years education from HEC recognized institution,UMT Entry Test / SAT / NTS (as per policy),690000.0,31 August 2025,https://admissions.umt.edu.pk/prog/MS-DS.aspx
University of Management and Technology,Lahore,MS,MS,Software Engineering,2 years,16 years education from HEC recognized institution,UMT Entry Test / SAT / NTS (as per policy),690000.0,31 August 2025,https://admissions.umt.edu.pk/prog/MS-IS.aspx
University of Management and Technology,Lahore,MS,MS,Information Technology,2 Years,16 years education from HEC recognized institution,UMT Entry Test / SAT / NTS (as per policy),690000.0,31 August 2025,https://admissions.umt.edu.pk/prog/MS-IT.aspx
University of Management and Technology,Lahore,MS,MS,Software Engineering,2 Years,16 years education from HEC recognized institution,UMT Entry Test / SAT / NTS (as per policy),690000.0,31 August 2025,https://admissions.umt.edu.pk/prog/MSSE.aspx
University of Management and Technology,Lahore,MS,MS,Software Project Management Weekend,2 Years,16 years education from HEC recognized institution,UMT Entry Test / SAT / NTS (as per policy),590000.0,31 August 2025,https://admissions.umt.edu.pk/prog/MS SPM.aspx
University of Management and Technology,Lahore,PhD,PhD,Computer Science,3 Years,MS / MPhil degree with research background,UMT Entry Test / SAT / NTS (as per policy),990000.0,31 August 2025,https://admissions.umt.edu.pk/prog/PhD-CS.aspx
University of Management and Technology,Lahore,ADP AF,,Accounting,2 years,As per UMT admission policy,UMT Entry Test / SAT / NTS (as per policy),525000.0,31 August 2025,https://admissions.umt.edu.pk/prog/ADP-AF.aspx
University of Management and Technology,Lahore,ADP AI,,Artificial Intelligence,2 Years,As per UMT admission policy,UMT Entry Test / SAT / NTS (as per policy),590000.0,31 August 2025,https://admissions.umt.edu.pk/prog/ADP-AI.aspx
University of Management and Technology,Lahore,ADP BAC,,Business Administration,2 Years,As per UMT admission policy,UMT Entry Test / SAT / NTS (as per policy),525000.0,31 August 2025,https://admissions.umt.edu.pk/prog/ADP-BAC.aspx
University of Management and Technology,Lahore,ADP CS,,Computer Science,2 years,As per UMT admission policy,UMT Entry Test / SAT / NTS (as per policy),690000.0,31 August 2025,https://admissions.umt.edu.pk/prog/ADP-CS.aspx
University of Management and Technology,Lahore,ADP DM,,Information Technology,2 Years,As per UMT admission policy,UMT Entry Test / SAT / NTS (as per policy),525000.0,31 August 2025,https://admissions.umt.edu.pk/prog/ADP DM.aspx
University of Management and Technology,Lahore,ADP FD,,Associate Fashion Design,2 Years,As per UMT admission policy,UMT Entry Test / SAT / NTS (as per policy),525000.0,31 August 2025,https://admissions.umt.edu.pk/prog/ADP-FD.aspx
University of Management and Technology,Lahore,ADP GD,,Associate Graphic Design,2 Years,As per UMT admission policy,UMT Entry Test / SAT / NTS (as per policy),525000.0,31 August 2025,https://admissions.umt.edu.pk/prog/ADP-GD.aspx
University of Management and Technology,Lahore,ADP ITM,,Information Technology,2 years,As per UMT admission policy,UMT Entry Test / SAT / NTS (as per policy),525000.0,31 August 2025,https://admissions.umt.edu.pk/prog/ADP-IT.aspx
University of Management and Technology,Lahore,ADP MC,,Associate Media & Communication Studies,2-Years,As per UMT admission policy,UMT Entry Test / SAT / NTS (as per policy),525000.0,31 August 2025,https://admissions.umt.edu.pk/prog/ADP-MCS.aspx
University of Management and Technology,Lahore,ADP PSY,,Psychology,2 years,As per UMT admission policy,UMT Entry Test / SAT / NTS (as per policy),525000.0,31 August 2025,https://admissions.umt.edu.pk/prog/ADP-Psy.aspx
University of Management and Technology,Lahore,ADP SE,,Software Engineering,2 Years,As per UMT admission policy,UMT Entry Test / SAT / NTS (as per policy),590000.0,31 August 2025,https://admissions.umt.edu.pk/prog/ADP SE.aspx
University of Karachi,Karachi,Department of Education,PhD,Department Education,3–5 Years,18 years education (MS/MPhil) with minimum 3.0 CGPA.,HEC GAT (Subject) + Interview,35000.0,30 August 2026,https://www.uok.edu.pk/faculties/
University of Karachi,Karachi,Department of Special Education,PhD,Department Special Education,3–5 Years,18 years education (MS/MPhil) with minimum 3.0 CGPA.,HEC GAT (Subject) + Interview,35000.0,30 August 2026,https://www.uok.edu.pk/faculties/
University of Karachi,Karachi,Department of Teacher Education,PhD,Department Teacher Education,3–5 Years,18 years education (MS/MPhil) with minimum 3.0 CGPA.,HEC GAT (Subject) + Interview,35000.0,30 August 2026,https://www.uok.edu.pk/faculties/
University of Karachi,Karachi,Education,PhD,Education,3–5 Years,18 years education (MS/MPhil) with minimum 3.0 CGPA.,HEC GAT (Subject) + Interview,35000.0,30 August 2026,https://www.uok.edu.pk/faculties/
University of Karachi,Karachi,Special Education,PhD,Special Education,3–5 Years,18 years education (MS/MPhil) with minimum 3.0 CGPA.,HEC GAT (Subject) + Interview,35000.0,30 August 2026,https://www.uok.edu.pk/faculties/
University of Karachi,Karachi,Teacher Education,PhD,Teacher Education,3–5 Years,18 years education (MS/MPhil) with minimum 3.0 CGPA.,HEC GAT (Subject) + Interview,35000.0,30 August 2026,https://www.uok.edu.pk/faculties/
University of Karachi,Karachi,Chemical Engineering(Accredited with PEC),PhD,Information Technology,3–5 Years,18 years education (MS/MPhil) with minimum 3.0 CGPA.,HEC GAT (Subject) + Interview,35000.0,30 August 2026,https://www.uok.edu.pk/faculties/
University of Karachi,Karachi,Islam Learning,PhD,Islam Learning,3–5 Years,18 years education (MS/MPhil) with minimum 3.0 CGPA.,HEC GAT (Subject) + Interview,35000.0,30 August 2026,https://www.uok.edu.pk/faculties/
University of Karachi,Karachi,Quran Wa Sunnah,PhD,Quran Wa Sunnah,3–5 Years,18 years education (MS/MPhil) with minimum 3.0 CGPA.,HEC GAT (Subject) + Interview,35000.0,30 August 2026,https://www.uok.edu.pk/faculties/
University of Karachi,Karachi,Usool-ud-Din,PhD,Usooluddin,3–5 Years,18 years education (MS/MPhil) with minimum 3.0 CGPA.,HEC GAT (Subject) + Interview,35000.0,30 August 2026,https://www.uok.edu.pk/faculties/
University of Karachi,Karachi,School of Law,PhD,School Law,3–5 Years,18 years education (MS/MPhil) with minimum 3.0 CGPA.,HEC GAT (Subject) + Interview,35000.0,30 August 2026,https://www.uok.edu.pk/faculties/
University of Karachi,Karachi,Pharmaceutical Chemistry,PhD,Chemistry,3–5 Years,18 years education (MS/MPhil) with minimum 3.0 CGPA.,HEC GAT (Subject) + Interview,35000.0,30 August 2026,https://www.uok.edu.pk/faculties/
University of Karachi,Karachi,Pharmaceutics,PhD,Computer Science,3–5 Years,18 years education (MS/MPhil) with minimum 3.0 CGPA.,HEC GAT (Subject) + Interview,35000.0,30 August 2026,https://www.uok.edu.pk/faculties/
University of Karachi,Karachi,Pharmacology,PhD,Pharmacology,3–5 Years,18 years education (MS/MPhil) with minimum 3.0 CGPA.,HEC GAT (Subject) + Interview,35000.0,30 August 2026,https://www.uok.edu.pk/faculties/
University of Karachi,Karachi,Pharmacognosy,PhD,Pharmacognosy,3–5 Years,18 years education (MS/MPhil) with minimum 3.0 CGPA.,HEC GAT (Subject) + Interview,35000.0,30 August 2026,https://www.uok.edu.pk/faculties/
University of Karachi,Karachi,Pharmacy Practice,PhD,Pharmacy Practice,3–5 Years,18 years education (MS/MPhil) with minimum 3.0 CGPA.,HEC GAT (Subject) + Interview,35000.0,30 August 2026,https://www.uok.edu.pk/faculties/
University of Karachi,Karachi,Social Sciences Website,PhD,Information Technology,3–5 Years,18 years education (MS/MPhil) with minimum 3.0 CGPA.,HEC GAT (Subject) + Interview,35000.0,30 August 2026,https://www.uok.edu.pk/faculties/
University of Karachi,Karachi,Arabic,PhD,Arabic,3–5 Years,18 years education (MS/MPhil) with minimum 3.0 CGPA.,HEC GAT (Subject) + Interview,35000.0,30 August 2026,https://www.uok.edu.pk/faculties/
University of Karachi,Karachi,Bengali,PhD,Bengali,3–5 Years,18 years education (MS/MPhil) with minimum 3.0 CGPA.,HEC GAT (Subject) + Interview,35000.0,30 August 2026,https://www.uok.edu.pk/faculties/
University of Karachi,Karachi,Criminology,PhD,Criminology,3–5 Years,18 years education (MS/MPhil) with minimum 3.0 CGPA.,HEC GAT (Subject) + Interview,35000.0,30 August 2026,https://www.uok.edu.pk/faculties/
University of Karachi,Karachi,Economics,PhD,Economics,3–5 Years,18 years education (MS/MPhil) with minimum 3.0 CGPA.,HEC GAT (Subject) + Interview,35000.0,30 August 2026,https://www.uok.edu.pk/faculties/
University of Karachi,Karachi,English,PhD,English,3–5 Years,18 years education (MS/MPhil) with minimum 3.0 CGPA.,HEC GAT (Subject) + Interview,35000.0,30 August 2026,https://www.uok.edu.pk/faculties/
University of Karachi,Karachi,History,PhD,History,3–5 Years,18 years education (MS/MPhil) with minimum 3.0 CGPA.,HEC GAT (Subject) + Interview,35000.0,30 August 2026,https://www.uok.edu.pk/faculties/
University of Karachi,Karachi,International Relations,PhD,International Relations,3–5 Years,18 years education (MS/MPhil) with minimum 3.0 CGPA.,HEC GAT (Subject) + Interview,35000.0,30 August 2026,https://www.uok.edu.pk/faculties/
University of Karachi,Karachi,Islamic History,PhD,Islamic History,3–5 Years,18 years education (MS/MPhil) with minimum 3.0 CGPA.,HEC GAT (Subject) + Interview,35000.0,30 August 2026,https://www.uok.edu.pk/faculties/
University of Karachi,Karachi,Library & Information Science,PhD,Library & Information Science,3–5 Years,18 years education (MS/MPhil) with minimum 3.0 CGPA.,HEC GAT (Subject) + Interview,35000.0,30 August 2026,https://www.uok.edu.pk/faculties/
University of Karachi,Karachi,Mass Communication,PhD,Mass Communication,3–5 Years,18 years education (MS/MPhil) with minimum 3.0 CGPA.,HEC GAT (Subject) + Interview,35000.0,30 August 2026,https://www.uok.edu.pk/faculties/
University of Karachi,Karachi,Persian,PhD,Persian,3–5 Years,18 years education (MS/MPhil) with minimum 3.0 CGPA.,HEC GAT (Subject) + Interview,35000.0,30 August 2026,https://www.uok.edu.pk/faculties/
University of Karachi,Karachi,Philosophy,PhD,Philosophy,3–5 Years,18 years education (MS/MPhil) with minimum 3.0 CGPA.,HEC GAT (Subject) + Interview,35000.0,30 August 2026,https://www.uok.edu.pk/faculties/
University of Karachi,Karachi,Political Science,PhD,Information Technology,3–5 Years,18 years education (MS/MPhil) with minimum 3.0 CGPA.,HEC GAT (Subject) + Interview,35000.0,30 August 2026,https://www.uok.edu.pk/faculties/
University of Karachi,Karachi,Psychology,PhD,Psychology,3–5 Years,18 years education (MS/MPhil) with minimum 3.0 CGPA.,HEC GAT (Subject) + Interview,35000.0,30 August 2026,https://www.uok.edu.pk/faculties/
University of Karachi,Karachi,Sindhi,PhD,Sindhi,3–5 Years,18 years education (MS/MPhil) with minimum 3.0 CGPA.,HEC GAT (Subject) + Interview,35000.0,30 August 2026,https://www.uok.edu.pk/faculties/
University of Karachi,Karachi,Social Work,PhD,Social Work,3–5 Years,18 years education (MS/MPhil) with minimum 3.0 CGPA.,HEC GAT (Subject) + Interview,35000.0,30 August 2026,https://www.uok.edu.pk/faculties/
University of Karachi,Karachi,Sociology,PhD,Sociology,3–5 Years,18 years education (MS/MPhil) with minimum 3.0 CGPA.,HEC GAT (Subject) + Interview,35000.0,30 August 2026,https://www.uok.edu.pk/faculties/
University of Karachi,Karachi,Urdu,PhD,Urdu,3–5 Years,18 years education (MS/MPhil) with minimum 3.0 CGPA.,HEC GAT (Subject) + Interview,35000.0,30 August 2026,https://www.uok.edu.pk/faculties/
University of Karachi,Karachi,Visual Studies,PhD,Visual Studies,3–5 Years,18 years education (MS/MPhil) with minimum 3.0 CGPA.,HEC GAT (Subject) + Interview,35000.0,30 August 2026,https://www.uok.edu.pk/faculties/
University of Karachi,Karachi,Research Facility Centre,PhD,Software Engineering,3–5 Years,18 years education (MS/MPhil) with minimum 3.0 CGPA.,HEC GAT (Subject) + Interview,35000.0,30 August 2026,https://www.uok.edu.pk/faculties/
Ziauddin University,Karachi,Ziauddin Medical College,MS,Mbbs,5 Years,Intermediate / A-Levels (relevant discipline),Ziauddin University Admission Test,120000.0,"September 30, 2026",https://zu.edu.pk/faculty-of-health-sciences/ziauddin-medical-college/bachelor-of-medicine-bachelor-of-surgery-mbbs/
Ziauddin University,Karachi,College of Dentistry,MS,Dental Surgery Bds,5 Years,Intermediate / A-Levels (relevant discipline),Ziauddin University Admission Test,120000.0,"September 30, 2026",https://zu.edu.pk/faculty-of-health-sciences/college-of-dentistry/bachelors-of-dental-surgery/
Ziauddin University,Karachi,College of Public Health (Sukkur),MS,Public Health Bsph,4 Years,Intermediate / A-Levels (relevant discipline),Ziauddin University Admission Test,120000.0,"September 30, 2026",https://zu.edu.pk/faculty-of-health-sciences/college-of-public-health-sukkur/bachelors-in-public-health-bsph/
Ziauddin University,Karachi,College of Molecular Medicine,MS,Molecular Medicine,4 Years,Intermediate / A-Levels (relevant discipline),Ziauddin University Admission Test,120000.0,"September 30, 2026",https://zu.edu.pk/faculty-of-health-sciences/college-of-molecular-medicine/bs-molecular-medicine/
Ziauddin University,Karachi,College of Physical Therapy (Karachi),MS,Physical Therapy Dpt,5 Years,Intermediate / A-Levels (relevant discipline),Ziauddin University Admission Test,120000.0,"September 30, 2026",https://zu.edu.pk/faculty-of-allied-health-sciences/college-of-physical-therapy-karachi/doctor-of-physical-therapy-karachi/
Ziauddin University,Karachi,College of Occupational Therapy (Karachi),MS,Occupational Therapy Dot,5 Years,Intermediate / A-Levels (relevant discipline),Ziauddin University Admission Test,120000.0,"September 30, 2026",https://zu.edu.pk/faculty-of-allied-health-sciences/college-of-occupational-therapy-karachi/doctor-of-occupational-therapy-karachi/
Ziauddin University,Karachi,College of Occupational Therapy (Karachi),MS,Accelerated Occupational Therapy,3 Years,Intermediate / A-Levels (relevant discipline),Ziauddin University Admission Test,120000.0,"September 30, 2026",https://zu.edu.pk/faculty-of-allied-health-sciences/college-of-occupational-therapy-karachi/accelerated-doctor-of-occupational-therapy/
Ziauddin University,Karachi,College of Speech Language & Hearing Sciences,MS,Accelerated Audiology & Speech Language Therapy Aaslt,1.5 Years,Intermediate / A-Levels (relevant discipline),Ziauddin University Admission Test,120000.0,"September 30, 2026",https://zu.edu.pk/faculty-of-allied-health-sciences/college-of-speech-language-hearing-sciences/bs-accelerated-audiology-and-speech-language-therapy-aaslt-1-5-year/
Ziauddin University,Karachi,College of Clinical Psychology (Karachi),MS,Psychology,4 Years,Intermediate / A-Levels (relevant discipline),Ziauddin University Admission Test,120000.0,"September 30, 2026",https://zu.edu.pk/faculty-of-allied-health-sciences/college-of-clinical-psychology-karachi-campus/bs-in-psychology-clinical-psychology/
Ziauddin University,Karachi,College of Clinical Psychology (Sukkur),MS,Psychology,4 Years,Intermediate / A-Levels (relevant discipline),Ziauddin University Admission Test,120000.0,"September 30, 2026",https://zu.edu.pk/faculty-of-allied-health-sciences/college-of-clinical-psychology-sukkur-campus/bs-in-psychology-clinical-psychology/
Ziauddin University,Karachi,College of Speech Language & Hearing Sciences,MS,Audiology & Speech Language Therapy,4 Years,Intermediate / A-Levels (relevant discipline),Ziauddin University Admission Test,120000.0,"September 30, 2026",https://zu.edu.pk/faculty-of-allied-health-sciences/college-of-speech-language-hearing-sciences/bs-audiology-speech-language-therapy/
Ziauddin University,Karachi,College of Podiatric Medicine,MS,Podiatric Medicine Dpm,5 Years,Intermediate / A-Levels (relevant discipline),Ziauddin University Admission Test,120000.0,"September 30, 2026",https://zu.edu.pk/faculty-of-allied-health-sciences/college-of-podiatric-medicine/doctor-of-podiatric-medicine/
Ziauddin University,Karachi,College of Medical Technology (Karachi),MS,Medical Technology,4 Years,Intermediate / A-Levels (relevant discipline),Ziauddin University Admission Test,120000.0,"September 30, 2026",https://zu.edu.pk/faculty-of-allied-health-sciences/college-of-medical-technology-karachi/b-s-medical-technology-04-years-programme/
Ziauddin University,Karachi,College of Human Nutrition & Dietetics,MS,Computer Science,4 Years,Intermediate / A-Levels (relevant discipline),Ziauddin University Admission Test,120000.0,"September 30, 2026",https://zu.edu.pk/faculty-of-allied-health-sciences/college-of-human-nutrition-dietetics/bs-human-nutrition-and-dietetics/
Ziauddin University,Karachi,College of Media Sciences,MS,Communication & Media Sciences,4 Years,Intermediate / A-Levels (relevant discipline),Ziauddin University Admission Test,120000.0,"September 30, 2026",https://zu.edu.pk/faculty-of-liberal-arts-human-sciences/college-of-media-sciences/bs-in-communication-and-media-sciences/
Ziauddin University,Karachi,College of Media Sciences,MS,Information Technology,4 Years,Intermediate / A-Levels (relevant discipline),Ziauddin University Admission Test,120000.0,"September 30, 2026",https://zu.edu.pk/faculty-of-liberal-arts-human-sciences/college-of-media-sciences/bs-digital-media-marketing/
Ziauddin University,Karachi,"College of Languages, Literature & Culture",MS,English,4 Years,Intermediate / A-Levels (relevant discipline),Ziauddin University Admission Test,120000.0,"September 30, 2026",https://zu.edu.pk/faculty-of-liberal-arts-human-sciences/college-of-languages-literature-culture/bs-english/
Ziauddin University,Karachi,College of Education,MS,Psychology,4 Years,Intermediate / A-Levels (relevant discipline),Ziauddin University Admission Test,120000.0,"September 30, 2026",https://zu.edu.pk/faculty-of-liberal-arts-human-sciences/college-of-education/bs-education-psychology/
Ziauddin University,Karachi,"College of Languages, Literature & Culture",MS,Social Change & Development,4 Years,Intermediate / A-Levels (relevant discipline),Ziauddin University Admission Test,120000.0,"September 30, 2026",https://zu.edu.pk/faculty-of-liberal-arts-human-sciences/college-of-languages-literature-culture/bs-in-social-change-development/
Ziauddin University,Karachi,"Faculty of Law, Politics & Governance",MS,Laws Llb,5 Years,Intermediate / A-Levels (relevant discipline),Ziauddin University Admission Test,120000.0,"September 30, 2026",https://zu.edu.pk/faculty-of-law-politics-governance/bachelor-of-laws/
Ziauddin University,Karachi,Department of Biomedical Engineering,MS,Be Biomedical Engineering,4 Years,Intermediate / A-Levels (relevant discipline),Ziauddin University Admission Test,120000.0,"September 30, 2026",https://zu.edu.pk/faculty-of-engineering-science-technology-management/college-of-engineering-technology/department-of-biomedical-engineering/be-biomedical-engineering/
Ziauddin University,Karachi,Department of Electrical Engineering,MS,Electrical Engineering,4 Years,Intermediate / A-Levels (relevant discipline),Ziauddin University Admission Test,120000.0,"September 30, 2026",https://zu.edu.pk/faculty-of-engineering-science-technology-management/college-of-engineering-technology/department-of-electrical-engineering/be-electrical-engineering/
Ziauddin University,Karachi,Department of Computer Science,MS,Computer Science,4 Years,Intermediate / A-Levels (relevant discipline),Ziauddin University Admission Test,120000.0,"September 30, 2026",https://zu.edu.pk/faculty-of-engineering-science-technology-management/college-of-computing-and-software-engineering/department-of-computer-science/bs-computer-science/
Ziauddin University,Karachi,Department of Software Engineering,MS,Software Engineering,4 Years,Intermediate / A-Levels (relevant discipline),Ziauddin University Admission Test,120000.0,"September 30, 2026",https://zu.edu.pk/faculty-of-engineering-science-technology-management/college-of-computing-and-software-engineering/department-of-software-engineering/bs-software-engineering/
Ziauddin University,Karachi,Department of Business Administration,MS,Business Administration,4 Years,Intermediate / A-Levels (relevant discipline),Ziauddin University Admission Test,120000.0,"September 30, 2026",https://zu.edu.pk/faculty-of-engineering-science-technology-management/college-of-management-sciences/department-of-business-administration/bachelor-of-business-administration-bba/
Ziauddin University,Karachi,College of Medical Technology (Karachi),MS,Medical Technology,3–5 Years,Relevant MS / MPhil / MBBS / BS degree,GAT (General/Subject) + Interview,150000.0,"October 31, 2026",https://zu.edu.pk/faculty-of-allied-health-sciences/college-of-medical-technology-karachi/phd-in-medical-technology/
Ziauddin University,Karachi,Ziauddin Medical College,MS,Anatomy,2 Years,Relevant MS / MPhil / MBBS / BS degree,GAT (General/Subject) + Interview,150000.0,"October 31, 2026",https://zu.edu.pk/faculty-of-health-sciences/ziauddin-medical-college/m-phil-basic-health-sciences/mphil-anatomy/
Ziauddin University,Karachi,Ziauddin Medical College,MS,Chemistry,2 Years,Relevant MS / MPhil / MBBS / BS degree,GAT (General/Subject) + Interview,150000.0,"October 31, 2026",https://zu.edu.pk/faculty-of-health-sciences/ziauddin-medical-college/m-phil-basic-health-sciences/m-phil-biochemistry/
Ziauddin University,Karachi,Ziauddin Medical College,MS,Physiology,2 Years,Relevant MS / MPhil / MBBS / BS degree,GAT (General/Subject) + Interview,150000.0,"October 31, 2026",https://zu.edu.pk/faculty-of-health-sciences/ziauddin-medical-college/m-phil-basic-health-sciences/m-phil-physiology/
Ziauddin University,Karachi,Ziauddin Medical College,MS,Pharmacology,2 Years,Relevant MS / MPhil / MBBS / BS degree,GAT (General/Subject) + Interview,150000.0,"October 31, 2026",https://zu.edu.pk/faculty-of-health-sciences/ziauddin-medical-college/m-phil-basic-health-sciences/mphil-pharmacology/
Ziauddin University,Karachi,Ziauddin Medical College,MS,Molecular Medicine,2 Years,Relevant MS / MPhil / MBBS / BS degree,GAT (General/Subject) + Interview,150000.0,"October 31, 2026",https://zu.edu.pk/faculty-of-health-sciences/ziauddin-medical-college/m-phil-basic-health-sciences/m-phil-in-molecular-medicine/
Ziauddin University,Karachi,Ziauddin Medical College,MS,Forensic Medicine & Toxicology,2 Years,Relevant MS / MPhil / MBBS / BS degree,GAT (General/Subject) + Interview,150000.0,"October 31, 2026",https://zu.edu.pk/faculty-of-health-sciences/ziauddin-medical-college/m-phil-basic-health-sciences/m-phil-forensic-medicine-toxicology/
Ziauddin University,Karachi,College of Dentistry,MS,Basic Dental Sciences,2 Years,Relevant MS / MPhil / MBBS / BS degree,GAT (General/Subject) + Interview,150000.0,"October 31, 2026",https://zu.edu.pk/faculty-of-health-sciences/college-of-dentistry/m-phil-basic-dental-sciences/
Ziauddin University,Karachi,Ziauddin Medical College,MS,Anatomy Health Sciences,3–5 Years,Relevant MS / MPhil / MBBS / BS degree,GAT (General/Subject) + Interview,150000.0,"October 31, 2026",https://zu.edu.pk/faculty-of-health-sciences/ziauddin-medical-college/ph-d-in-health-sciences/phd-in-anatomy-in-health-sciences/
Ziauddin University,Karachi,Ziauddin Medical College,MS,Chemistry,3–5 Years,Relevant MS / MPhil / MBBS / BS degree,GAT (General/Subject) + Interview,150000.0,"October 31, 2026",https://zu.edu.pk/faculty-of-health-sciences/ziauddin-medical-college/ph-d-in-health-sciences/ph-d-in-biochemistry-in-health-sciences/
Ziauddin University,Karachi,Ziauddin Medical College,MS,Physiology Health Sciences,3–5 Years,Relevant MS / MPhil / MBBS / BS degree,GAT (General/Subject) + Interview,150000.0,"October 31, 2026",https://zu.edu.pk/faculty-of-health-sciences/ziauddin-medical-college/ph-d-in-health-sciences/ph-d-in-physiology-in-health-sciences/
Ziauddin University,Karachi,Ziauddin Medical College,MS,Pharmacology Health Sciences,3–5 Years,Relevant MS / MPhil / MBBS / BS degree,GAT (General/Subject) + Interview,150000.0,"October 31, 2026",https://zu.edu.pk/faculty-of-health-sciences/ziauddin-medical-college/ph-d-in-health-sciences/ph-d-in-pharmacology-in-health-sciences-copy/
Ziauddin University,Karachi,College of Molecular Medicine,MS,Molecular Medicine,3–5 Years,Relevant MS / MPhil / MBBS / BS degree,GAT (General/Subject) + Interview,150000.0,"October 31, 2026",https://zu.edu.pk/faculty-of-health-sciences/college-of-molecular-medicine/phd-molecular-medicine/
Ziauddin University,Karachi,Department of Civil Engineering,MS,Civil Engineering,3–5 Years,Relevant MS / MPhil / MBBS / BS degree,GAT (General/Subject) + Interview,150000.0,"October 31, 2026",https://zu.edu.pk/faculty-of-engineering-science-technology-management/college-of-engineering-technology/department-of-civil-engineering/phd-civil-engineering/
Ziauddin University,Karachi,Department of Management Sciences,MS,Management Sciences,3–5 Years,Relevant MS / MPhil / MBBS / BS degree,GAT (General/Subject) + Interview,150000.0,"October 31, 2026",https://zu.edu.pk/faculty-of-engineering-science-technology-management/college-of-management-sciences/department-of-management-sciences/ph-d-management-sciences/
Ziauddin University,Karachi,College of Education,MS,Education,2 Years,Relevant MS / MPhil / MBBS / BS degree,GAT (General/Subject) + Interview,150000.0,"October 31, 2026",https://zu.edu.pk/faculty-of-liberal-arts-human-sciences/college-of-education/m-phil-education/
Ziauddin University,Karachi,Department of Biomedical Engineering,MS,Biomedical Engineering,2 Years,Relevant MS / MPhil / MBBS / BS degree,GAT (General/Subject) + Interview,150000.0,"October 31, 2026",https://zu.edu.pk/faculty-of-engineering-science-technology-management/college-of-engineering-technology/department-of-biomedical-engineering/ms-biomedical-engineering/
Ziauddin University,Karachi,Department of Electrical Engineering,MS,Electrical Engineering,2 Years,Relevant MS / MPhil / MBBS / BS degree,GAT (General/Subject) + Interview,150000.0,"October 31, 2026",https://zu.edu.pk/faculty-of-engineering-science-technology-management/college-of-engineering-technology/department-of-electrical-engineering/ms-electrical-engineering/
Ziauddin University,Karachi,Department of Civil Engineering,MS,Civil Engineering,2 Years,Relevant MS / MPhil / MBBS / BS degree,GAT (General/Subject) + Interview,150000.0,"October 31, 2026",https://zu.edu.pk/faculty-of-engineering-science-technology-management/college-of-engineering-technology/department-of-civil-engineering/ms-civil-engineering/
Ziauddin University,Karachi,Department of Business Administration,MS,Business Administration,2 Years,Relevant MS / MPhil / MBBS / BS degree,GAT (General/Subject) + Interview,150000.0,"October 31, 2026",https://zu.edu.pk/faculty-of-engineering-science-technology-management/college-of-management-sciences/department-of-business-administration/master-of-business-administration-mba/
Ziauddin University,Karachi,Department of Management Sciences,MS,Management Sciences,2 Years,Relevant MS / MPhil / MBBS / BS degree,GAT (General/Subject) + Interview,150000.0,"October 31, 2026",https://zu.edu.pk/faculty-of-engineering-science-technology-management/college-of-management-sciences/department-of-management-sciences/ms-management-sciences/
Ziauddin University,Karachi,Department of Computer Science,MS,Computer Science,2 Years,Relevant MS / MPhil / MBBS / BS degree,GAT (General/Subject) + Interview,150000.0,"October 31, 2026",https://zu.edu.pk/faculty-of-engineering-science-technology-management/college-of-computing-and-software-engineering/department-of-computer-science/ms-computer-science/
Ziauddin University,Karachi,Department of Biomedical Engineering,MS,Biotechnology,2 Years,Relevant MS / MPhil / MBBS / BS degree,GAT (General/Subject) + Interview,150000.0,"October 31, 2026",https://zu.edu.pk/faculty-of-engineering-science-technology-management/college-of-engineering-technology/department-of-biomedical-engineering/mphil-biotechnology/
Ziauddin University,Karachi,Department of Biomedical Engineering,MS,Food Science & Technology,2 Years,Relevant MS / MPhil / MBBS / BS degree,GAT (General/Subject) + Interview,150000.0,"October 31, 2026",https://zu.edu.pk/faculty-of-engineering-science-technology-management/college-of-engineering-technology/department-of-biomedical-engineering/m-phil-in-food-science-and-technology/
Ziauddin University,Karachi,Department of Electrical Engineering,MS,Electrical Engineering,3–5 Years,Relevant MS / MPhil / MBBS / BS degree,GAT (General/Subject) + Interview,150000.0,"October 31, 2026",https://zu.edu.pk/faculty-of-engineering-science-technology-management/college-of-engineering-technology/department-of-electrical-engineering/ph-d-electrical-engineering/
Ziauddin University,Karachi,Faculty of Nursing & Midwifery,MS,Nursing,2 Years,Relevant MS / MPhil / MBBS / BS degree,GAT (General/Subject) + Interview,150000.0,"October 31, 2026",https://zu.edu.pk/faculty-of-nursing-midwifery/master-of-science-in-nursing-2-years/
Ziauddin University,Karachi,Faculty of Nursing & Midwifery,MS,Nursing,3 Years,Relevant MS / MPhil / MBBS / BS degree,GAT (General/Subject) + Interview,150000.0,"October 31, 2026",https://zu.edu.pk/faculty-of-nursing-midwifery/doctor-of-philosophy-in-nursing-ph-d-3-years/
Ziauddin University,Karachi,College of Pharmacy (Karachi),MS,Pharmacy,3–5 Years,Relevant MS / MPhil / MBBS / BS degree,GAT (General/Subject) + Interview,150000.0,"October 31, 2026",https://zu.edu.pk/faculty-of-pharmacy-and-pharmaceutical-sciences/college-of-pharmacy-karachi/doctor-of-philosophy-ph-d/
Ziauddin University,Karachi,College of Pharmacy (Karachi),MS,Pharmacy,2 Years,Relevant MS / MPhil / MBBS / BS degree,GAT (General/Subject) + Interview,150000.0,"October 31, 2026",https://zu.edu.pk/faculty-of-pharmacy-and-pharmaceutical-sciences/college-of-pharmacy-karachi/master-of-philosophy-mphil/
Beaconhouse National University,Lahore,Mariam Dawood School of Visual Arts & Design,BS,Fine Arts Visual Arts Mdsvad Bnu,4 Years,Minimum 50% marks in HSSC / A-Levels / Equivalent. FA / FSc / ICS / ICom / A-Levels accepted. Architecture requires NATA. Media & Design programs require portfolio and interview.,Portfolio + Interview + Admission Test,300000.0,15 August (Fall Intake),https://www.bnu.edu.pk/program/bachelor-of-fine-arts-in-visual-arts
Beaconhouse National University,Lahore,Mariam Dawood School of Visual Arts & Design,BS,"Design Textile, Fashion & Accessories Design Specialization: Textile & Fibre Mdsvad Bnu",4 Years,Minimum 50% marks in HSSC / A-Levels / Equivalent. FA / FSc / ICS / ICom / A-Levels accepted. Architecture requires NATA. Media & Design programs require portfolio and interview.,Portfolio + Interview + Admission Test,300000.0,15 August (Fall Intake),https://www.bnu.edu.pk/program/bachelor-of-design-in-textile-fashion-accessories-design-specialization-textile-fibre
Beaconhouse National University,Lahore,Mariam Dawood School of Visual Arts & Design,BS,"Design Textile, Fashion & Accessories Design Specialization: Jewellery & Accessories Mdsvad Bnu",4 Years,Minimum 50% marks in HSSC / A-Levels / Equivalent. FA / FSc / ICS / ICom / A-Levels accepted. Architecture requires NATA. Media & Design programs require portfolio and interview.,Portfolio + Interview + Admission Test,300000.0,15 August (Fall Intake),https://www.bnu.edu.pk/program/bachelor-of-design-in-textile-fashion-accessories-design-specialization-jewellery-accessories-
Beaconhouse National University,Lahore,Mariam Dawood School of Visual Arts & Design,BS,"Design Textile, Fashion & Accessories Design Specialization: Fashion Mdsvad Bnu",4 Years,Minimum 50% marks in HSSC / A-Levels / Equivalent. FA / FSc / ICS / ICom / A-Levels accepted. Architecture requires NATA. Media & Design programs require portfolio and interview.,Portfolio + Interview + Admission Test,300000.0,15 August (Fall Intake),https://www.bnu.edu.pk/program/bachelor-of-design-in-textile-fashion-accessories-design-specialization-fashion
Beaconhouse National University,Lahore,Mariam Dawood School of Visual Arts & Design,BS,Design Visual Communication Design Mdsvad Bnu,4 Years,Minimum 50% marks in HSSC / A-Levels / Equivalent. FA / FSc / ICS / ICom / A-Levels accepted. Architecture requires NATA. Media & Design programs require portfolio and interview.,Portfolio + Interview + Admission Test,300000.0,15 August (Fall Intake),https://www.bnu.edu.pk/program/bachelor-of-design-in-visual-communication-design
Beaconhouse National University,Lahore,Mariam Dawood School of Visual Arts & Design,BS,Arts Interdisciplinary Expanded Design & Art Mdsvad Bnu,4 Years,Minimum 50% marks in HSSC / A-Levels / Equivalent. FA / FSc / ICS / ICom / A-Levels accepted. Architecture requires NATA. Media & Design programs require portfolio and interview.,Portfolio + Interview + Admission Test,300000.0,15 August (Fall Intake),https://www.bnu.edu.pk/program/bachelor-of-arts-hons-interdisciplinary-expanded-design-art
Beaconhouse National University,Lahore,Razia Hassan School of Architecture,BS,Information Technology,5 Years,Minimum 50% marks in HSSC / A-Levels / Equivalent. FA / FSc / ICS / ICom / A-Levels accepted. Architecture requires NATA. Media & Design programs require portfolio and interview.,NATA + Interview,350000.0,15 August (Fall Intake),https://www.bnu.edu.pk/program/bachelor-of-architecture-barch
Beaconhouse National University,Lahore,Razia Hassan School of Architecture,BS,Interior Design Bid Rhsa Bnu,4 Years,Minimum 50% marks in HSSC / A-Levels / Equivalent. FA / FSc / ICS / ICom / A-Levels accepted. Architecture requires NATA. Media & Design programs require portfolio and interview.,Portfolio + Interview + Admission Test,300000.0,15 August (Fall Intake),https://www.bnu.edu.pk/program/bachelor-in-interior-design
Beaconhouse National University,Lahore,School of Liberal Arts & Social Sciences,BS,Liberal Arts & Social Sciences Slass Bnu,4 Years,Minimum 50% marks in HSSC / A-Levels / Equivalent. FA / FSc / ICS / ICom / A-Levels accepted. Architecture requires NATA. Media & Design programs require portfolio and interview.,BNU Admission Test + Interview,170000.0,15 August (Fall Intake),https://www.bnu.edu.pk/program/bs-in-liberal-arts-social-sciences
Beaconhouse National University,Lahore,Beaconhouse National University,BS,Information Technology,4 Years,Minimum 50% marks in HSSC / A-Levels / Equivalent. FA / FSc / ICS / ICom / A-Levels accepted. Architecture requires NATA. Media & Design programs require portfolio and interview.,BNU Admission Test + Interview,170000.0,15 August (Fall Intake),https://www.bnu.edu.pk/program/bs-in-political-science
Beaconhouse National University,Lahore,School of Media & Communication,BS,"Theatre, Film & Tv Smc Bnu",4 Years,Minimum 50% marks in HSSC / A-Levels / Equivalent. FA / FSc / ICS / ICom / A-Levels accepted. Architecture requires NATA. Media & Design programs require portfolio and interview.,Portfolio + Interview + Admission Test,250000.0,15 August (Fall Intake),https://www.bnu.edu.pk/program/bs-in-theatre-film-tv
Beaconhouse National University,Lahore,School of Media & Communication,BS,Journalism & Media Studies Smc Bnu,4 Years,Minimum 50% marks in HSSC / A-Levels / Equivalent. FA / FSc / ICS / ICom / A-Levels accepted. Architecture requires NATA. Media & Design programs require portfolio and interview.,Portfolio + Interview + Admission Test,250000.0,15 August (Fall Intake),https://www.bnu.edu.pk/program/bs-journalism-and-media-studies
Beaconhouse National University,Lahore,School of Media & Communication,BS,Communication And Immersive Media Smc Bnu,4 Years,Minimum 50% marks in HSSC / A-Levels / Equivalent. FA / FSc / ICS / ICom / A-Levels accepted. Architecture requires NATA. Media & Design programs require portfolio and interview.,Portfolio + Interview + Admission Test,250000.0,15 August (Fall Intake),https://www.bnu.edu.pk/program/bs-communication-and-immersive-media
Beaconhouse National University,Lahore,School of Computer & Information Technology,BS,Computer Science,4 Years,Minimum 50% marks in HSSC / A-Levels / Equivalent. FA / FSc / ICS / ICom / A-Levels accepted. Architecture requires NATA. Media & Design programs require portfolio and interview.,BNU Admission Test + Interview,200000.0,15 August (Fall Intake),https://www.bnu.edu.pk/program/bs-computer-science
Beaconhouse National University,Lahore,School of Computer & Information Technology,BS,Information Technology,4 Years,Minimum 50% marks in HSSC / A-Levels / Equivalent. FA / FSc / ICS / ICom / A-Levels accepted. Architecture requires NATA. Media & Design programs require portfolio and interview.,BNU Admission Test + Interview,200000.0,15 August (Fall Intake),https://www.bnu.edu.pk/program/bs-management-business-computing
Beaconhouse National University,Lahore,School of Computer & Information Technology,BS,Software Engineering,4 Years,Minimum 50% marks in HSSC / A-Levels / Equivalent. FA / FSc / ICS / ICom / A-Levels accepted. Architecture requires NATA. Media & Design programs require portfolio and interview.,BNU Admission Test + Interview,200000.0,15 August (Fall Intake),https://www.bnu.edu.pk/program/bs-software-engineering
Beaconhouse National University,Lahore,School of Computer & Information Technology,BS,Artificial Intelligence,4 Years,Minimum 50% marks in HSSC / A-Levels / Equivalent. FA / FSc / ICS / ICom / A-Levels accepted. Architecture requires NATA. Media & Design programs require portfolio and interview.,BNU Admission Test + Interview,200000.0,15 August (Fall Intake),https://www.bnu.edu.pk/program/bs-artificial-intelligence
Beaconhouse National University,Lahore,School of Management Sciences,BS,Business Administration,4 Years,Minimum 50% marks in HSSC / A-Levels / Equivalent. FA / FSc / ICS / ICom / A-Levels accepted. Architecture requires NATA. Media & Design programs require portfolio and interview.,BNU Admission Test + Interview,190000.0,15 August (Fall Intake),https://www.bnu.edu.pk/program/bba-hons
Beaconhouse National University,Lahore,School of Management Sciences,BS,Computer Science,4 Years,Minimum 50% marks in HSSC / A-Levels / Equivalent. FA / FSc / ICS / ICom / A-Levels accepted. Architecture requires NATA. Media & Design programs require portfolio and interview.,BNU Admission Test + Interview,190000.0,15 August (Fall Intake),https://www.bnu.edu.pk/program/bs-business-intelligence-and-analytics
Beaconhouse National University,Lahore,School of Management Sciences,BS,Information Technology,4 Years,Minimum 50% marks in HSSC / A-Levels / Equivalent. FA / FSc / ICS / ICom / A-Levels accepted. Architecture requires NATA. Media & Design programs require portfolio and interview.,BNU Admission Test + Interview,190000.0,15 August (Fall Intake),https://www.bnu.edu.pk/program/bs-hospitality-management
Beaconhouse National University,Lahore,School of Management Sciences,BS,Computer Science,4 Years,Minimum 50% marks in HSSC / A-Levels / Equivalent. FA / FSc / ICS / ICom / A-Levels accepted. Architecture requires NATA. Media & Design programs require portfolio and interview.,BNU Admission Test + Interview,190000.0,15 August (Fall Intake),https://www.bnu.edu.pk/program/bs-economics
Beaconhouse National University,Lahore,School of Management Sciences,BS,Computer Science,4 Years,Minimum 50% marks in HSSC / A-Levels / Equivalent. FA / FSc / ICS / ICom / A-Levels accepted. Architecture requires NATA. Media & Design programs require portfolio and interview.,BNU Admission Test + Interview,190000.0,15 August (Fall Intake),https://www.bnu.edu.pk/program/bs-economics-and-finance
Beaconhouse National University,Lahore,School of Management Sciences,BS,Computer Science,4 Years,Minimum 50% marks in HSSC / A-Levels / Equivalent. FA / FSc / ICS / ICom / A-Levels accepted. Architecture requires NATA. Media & Design programs require portfolio and interview.,BNU Admission Test + Interview,190000.0,15 August (Fall Intake),https://www.bnu.edu.pk/program/bs-economics-with-data-science
Beaconhouse National University,Lahore,Institute of Psychology,BS,Psychology,4 Years,Minimum 50% marks in HSSC / A-Levels / Equivalent. FA / FSc / ICS / ICom / A-Levels accepted. Architecture requires NATA. Media & Design programs require portfolio and interview.,BNU Admission Test + Interview,180000.0,15 August (Fall Intake),https://www.bnu.edu.pk/program/bs-in-applied-psychology
Beaconhouse National University,Lahore,School of Media & Communication,MS,Film & Tv Smc Bnu,2 Years,Minimum 16 years of education (BS / Bachelors) in relevant field with minimum 2.0 CGPA or equivalent. Entry test and interview required.,BNU Graduate Admission Test + Interview,280000.0,15 August (Fall Intake),https://www.bnu.edu.pk/program/ms-film-tv
Beaconhouse National University,Lahore,School of Media & Communication,MS,Public Relations & Advertising Smc Bnu,2 Years,Minimum 16 years of education (BS / Bachelors) in relevant field with minimum 2.0 CGPA or equivalent. Entry test and interview required.,BNU Graduate Admission Test + Interview,260000.0,15 August (Fall Intake),https://www.bnu.edu.pk/program/ms-public-relations-and-advertising
Beaconhouse National University,Lahore,Institute of Psychology,MS,Software Engineering,2 Years,Minimum 16 years of education (BS / Bachelors) in relevant field with minimum 2.0 CGPA or equivalent. Entry test and interview required.,BNU Graduate Admission Test + Interview,250000.0,15 August (Fall Intake),https://www.bnu.edu.pk/program/ms-clinical-and-counseling-psychology
Beaconhouse National University,Lahore,Mariam Dawood School of Visual Arts & Design,BS,Fine Arts Visual Arts Mdsvad Bnu,4 Years,Minimum 50% marks in HSSC / A-Levels / Equivalent. FA / FSc / ICS / ICom / A-Levels accepted. Architecture requires NATA. Media & Design programs require portfolio and interview.,Portfolio + Interview + Admission Test,300000.0,15 August (Fall Intake),https://www.bnu.edu.pk/program/bachelor-of-fine-arts-in-visual-arts
Beaconhouse National University,Lahore,Mariam Dawood School of Visual Arts & Design,BS,"Design Textile, Fashion & Accessories Design Specialization: Textile & Fibre Mdsvad Bnu",4 Years,Minimum 50% marks in HSSC / A-Levels / Equivalent. FA / FSc / ICS / ICom / A-Levels accepted. Architecture requires NATA. Media & Design programs require portfolio and interview.,Portfolio + Interview + Admission Test,300000.0,15 August (Fall Intake),https://www.bnu.edu.pk/program/bachelor-of-design-in-textile-fashion-accessories-design-specialization-textile-fibre
Beaconhouse National University,Lahore,Mariam Dawood School of Visual Arts & Design,BS,"Design Textile, Fashion & Accessories Design Specialization: Jewellery & Accessories Mdsvad Bnu",4 Years,Minimum 50% marks in HSSC / A-Levels / Equivalent. FA / FSc / ICS / ICom / A-Levels accepted. Architecture requires NATA. Media & Design programs require portfolio and interview.,Portfolio + Interview + Admission Test,300000.0,15 August (Fall Intake),https://www.bnu.edu.pk/program/bachelor-of-design-in-textile-fashion-accessories-design-specialization-jewellery-accessories-
Beaconhouse National University,Lahore,Mariam Dawood School of Visual Arts & Design,BS,"Design Textile, Fashion & Accessories Design Specialization: Fashion Mdsvad Bnu",4 Years,Minimum 50% marks in HSSC / A-Levels / Equivalent. FA / FSc / ICS / ICom / A-Levels accepted. Architecture requires NATA. Media & Design programs require portfolio and interview.,Portfolio + Interview + Admission Test,300000.0,15 August (Fall Intake),https://www.bnu.edu.pk/program/bachelor-of-design-in-textile-fashion-accessories-design-specialization-fashion
Beaconhouse National University,Lahore,Mariam Dawood School of Visual Arts & Design,BS,Design Visual Communication Design Mdsvad Bnu,4 Years,Minimum 50% marks in HSSC / A-Levels / Equivalent. FA / FSc / ICS / ICom / A-Levels accepted. Architecture requires NATA. Media & Design programs require portfolio and interview.,Portfolio + Interview + Admission Test,300000.0,15 August (Fall Intake),https://www.bnu.edu.pk/program/bachelor-of-design-in-visual-communication-design
Beaconhouse National University,Lahore,Mariam Dawood School of Visual Arts & Design,BS,Arts Interdisciplinary Expanded Design & Art Mdsvad Bnu,4 Years,Minimum 50% marks in HSSC / A-Levels / Equivalent. FA / FSc / ICS / ICom / A-Levels accepted. Architecture requires NATA. Media & Design programs require portfolio and interview.,Portfolio + Interview + Admission Test,300000.0,15 August (Fall Intake),https://www.bnu.edu.pk/program/bachelor-of-arts-hons-interdisciplinary-expanded-design-art
Beaconhouse National University,Lahore,Razia Hassan School of Architecture,BS,Information Technology,5 Years,Minimum 50% marks in HSSC / A-Levels / Equivalent. FA / FSc / ICS / ICom / A-Levels accepted. Architecture requires NATA. Media & Design programs require portfolio and interview.,NATA + Interview,350000.0,15 August (Fall Intake),https://www.bnu.edu.pk/program/bachelor-of-architecture-barch
Beaconhouse National University,Lahore,Razia Hassan School of Architecture,BS,Interior Design Bid Rhsa Bnu,4 Years,Minimum 50% marks in HSSC / A-Levels / Equivalent. FA / FSc / ICS / ICom / A-Levels accepted. Architecture requires NATA. Media & Design programs require portfolio and interview.,Portfolio + Interview + Admission Test,300000.0,15 August (Fall Intake),https://www.bnu.edu.pk/program/bachelor-in-interior-design
Beaconhouse National University,Lahore,School of Liberal Arts & Social Sciences,BS,Liberal Arts & Social Sciences Slass Bnu,4 Years,Minimum 50% marks in HSSC / A-Levels / Equivalent. FA / FSc / ICS / ICom / A-Levels accepted. Architecture requires NATA. Media & Design programs require portfolio and interview.,BNU Admission Test + Interview,170000.0,15 August (Fall Intake),https://www.bnu.edu.pk/program/bs-in-liberal-arts-social-sciences
Beaconhouse National University,Lahore,Beaconhouse National University,BS,Information Technology,4 Years,Minimum 50% marks in HSSC / A-Levels / Equivalent. FA / FSc / ICS / ICom / A-Levels accepted. Architecture requires NATA. Media & Design programs require portfolio and interview.,BNU Admission Test + Interview,170000.0,15 August (Fall Intake),https://www.bnu.edu.pk/program/bs-in-political-science
Beaconhouse National University,Lahore,School of Media & Communication,BS,"Theatre, Film & Tv Smc Bnu",4 Years,Minimum 50% marks in HSSC / A-Levels / Equivalent. FA / FSc / ICS / ICom / A-Levels accepted. Architecture requires NATA. Media & Design programs require portfolio and interview.,Portfolio + Interview + Admission Test,250000.0,15 August (Fall Intake),https://www.bnu.edu.pk/program/bs-in-theatre-film-tv
Beaconhouse National University,Lahore,School of Media & Communication,BS,Journalism & Media Studies Smc Bnu,4 Years,Minimum 50% marks in HSSC / A-Levels / Equivalent. FA / FSc / ICS / ICom / A-Levels accepted. Architecture requires NATA. Media & Design programs require portfolio and interview.,Portfolio + Interview + Admission Test,250000.0,15 August (Fall Intake),https://www.bnu.edu.pk/program/bs-journalism-and-media-studies
Beaconhouse National University,Lahore,School of Media & Communication,BS,Communication And Immersive Media Smc Bnu,4 Years,Minimum 50% marks in HSSC / A-Levels / Equivalent. FA / FSc / ICS / ICom / A-Levels accepted. Architecture requires NATA. Media & Design programs require portfolio and interview.,Portfolio + Interview + Admission Test,250000.0,15 August (Fall Intake),https://www.bnu.edu.pk/program/bs-communication-and-immersive-media
Beaconhouse National University,Lahore,School of Computer & Information Technology,BS,Computer Science,4 Years,Minimum 50% marks in HSSC / A-Levels / Equivalent. FA / FSc / ICS / ICom / A-Levels accepted. Architecture requires NATA. Media & Design programs require portfolio and interview.,BNU Admission Test + Interview,200000.0,15 August (Fall Intake),https://www.bnu.edu.pk/program/bs-computer-science
Beaconhouse National University,Lahore,School of Computer & Information Technology,BS,Information Technology,4 Years,Minimum 50% marks in HSSC / A-Levels / Equivalent. FA / FSc / ICS / ICom / A-Levels accepted. Architecture requires NATA. Media & Design programs require portfolio and interview.,BNU Admission Test + Interview,200000.0,15 August (Fall Intake),https://www.bnu.edu.pk/program/bs-management-business-computing
Beaconhouse National University,Lahore,School of Computer & Information Technology,BS,Software Engineering,4 Years,Minimum 50% marks in HSSC / A-Levels / Equivalent. FA / FSc / ICS / ICom / A-Levels accepted. Architecture requires NATA. Media & Design programs require portfolio and interview.,BNU Admission Test + Interview,200000.0,15 August (Fall Intake),https://www.bnu.edu.pk/program/bs-software-engineering
Beaconhouse National University,Lahore,School of Computer & Information Technology,BS,Artificial Intelligence,4 Years,Minimum 50% marks in HSSC / A-Levels / Equivalent. FA / FSc / ICS / ICom / A-Levels accepted. Architecture requires NATA. Media & Design programs require portfolio and interview.,BNU Admission Test + Interview,200000.0,15 August (Fall Intake),https://www.bnu.edu.pk/program/bs-artificial-intelligence
Beaconhouse National University,Lahore,School of Management Sciences,BS,Business Administration,4 Years,Minimum 50% marks in HSSC / A-Levels / Equivalent. FA / FSc / ICS / ICom / A-Levels accepted. Architecture requires NATA. Media & Design programs require portfolio and interview.,BNU Admission Test + Interview,190000.0,15 August (Fall Intake),https://www.bnu.edu.pk/program/bba-hons
Beaconhouse National University,Lahore,School of Management Sciences,BS,Computer Science,4 Years,Minimum 50% marks in HSSC / A-Levels / Equivalent. FA / FSc / ICS / ICom / A-Levels accepted. Architecture requires NATA. Media & Design programs require portfolio and interview.,BNU Admission Test + Interview,190000.0,15 August (Fall Intake),https://www.bnu.edu.pk/program/bs-business-intelligence-and-analytics
Beaconhouse National University,Lahore,School of Management Sciences,BS,Information Technology,4 Years,Minimum 50% marks in HSSC / A-Levels / Equivalent. FA / FSc / ICS / ICom / A-Levels accepted. Architecture requires NATA. Media & Design programs require portfolio and interview.,BNU Admission Test + Interview,190000.0,15 August (Fall Intake),https://www.bnu.edu.pk/program/bs-hospitality-management
Beaconhouse National University,Lahore,School of Management Sciences,BS,Computer Science,4 Years,Minimum 50% marks in HSSC / A-Levels / Equivalent. FA / FSc / ICS / ICom / A-Levels accepted. Architecture requires NATA. Media & Design programs require portfolio and interview.,BNU Admission Test + Interview,190000.0,15 August (Fall Intake),https://www.bnu.edu.pk/program/bs-economics
Beaconhouse National University,Lahore,School of Management Sciences,BS,Computer Science,4 Years,Minimum 50% marks in HSSC / A-Levels / Equivalent. FA / FSc / ICS / ICom / A-Levels accepted. Architecture requires NATA. Media & Design programs require portfolio and interview.,BNU Admission Test + Interview,190000.0,15 August (Fall Intake),https://www.bnu.edu.pk/program/bs-economics-and-finance
Beaconhouse National University,Lahore,School of Management Sciences,BS,Computer Science,4 Years,Minimum 50% marks in HSSC / A-Levels / Equivalent. FA / FSc / ICS / ICom / A-Levels accepted. Architecture requires NATA. Media & Design programs require portfolio and interview.,BNU Admission Test + Interview,190000.0,15 August (Fall Intake),https://www.bnu.edu.pk/program/bs-economics-with-data-science
Beaconhouse National University,Lahore,Institute of Psychology,BS,Psychology,4 Years,Minimum 50% marks in HSSC / A-Levels / Equivalent. FA / FSc / ICS / ICom / A-Levels accepted. Architecture requires NATA. Media & Design programs require portfolio and interview.,BNU Admission Test + Interview,180000.0,15 August (Fall Intake),https://www.bnu.edu.pk/program/bs-in-applied-psychology
Beaconhouse National University,Lahore,School of Media & Communication,MS,Film & Tv Smc Bnu,2 Years,Minimum 16 years of education (BS / Bachelors) in relevant field with minimum 2.0 CGPA or equivalent. Entry test and interview required.,BNU Graduate Admission Test + Interview,280000.0,15 August (Fall Intake),https://www.bnu.edu.pk/program/ms-film-tv
Beaconhouse National University,Lahore,School of Media & Communication,MS,Public Relations & Advertising Smc Bnu,2 Years,Minimum 16 years of education (BS / Bachelors) in relevant field with minimum 2.0 CGPA or equivalent. Entry test and interview required.,BNU Graduate Admission Test + Interview,260000.0,15 August (Fall Intake),https://www.bnu.edu.pk/program/ms-public-relations-and-advertising
Beaconhouse National University,Lahore,Institute of Psychology,MS,Software Engineering,2 Years,Minimum 16 years of education (BS / Bachelors) in relevant field with minimum 2.0 CGPA or equivalent. Entry test and interview required.,BNU Graduate Admission Test + Interview,250000.0,15 August (Fall Intake),https://www.bnu.edu.pk/program/ms-clinical-and-counseling-psychology
Sir Syed CASE Institute of Technology,Islamabad,Department of Computer Science,BS,Computer Science,4 Years,Minimum 50% marks in HSSC with Math or equivalent; remedial math courses if non-math background.,Admission Test (SS-CASE-IT / HAT / Equivalent),184000.0,13 January 2026,https://case.edu.pk/undergraduate-programs/bs-computer-science/
Sir Syed CASE Institute of Technology,Islamabad,Department of Computer Science,,Computer Science,2 Years,Minimum 50% marks in HSSC or equivalent.,Admission Test (SS-CASE-IT / HAT / Equivalent),150000.0,13 January 2026,https://case.edu.pk/undergraduate-programs/ad-computer-science/
Sir Syed CASE Institute of Technology,Islamabad,Department of Cyber Security,BS,Software Engineering,4 Years,Minimum 50% marks in HSSC with Math or equivalent.,Admission Test (SS-CASE-IT / HAT / Equivalent),184000.0,13 January 2026,https://case.edu.pk/undergraduate-programs/bs-cyber-security/
Sir Syed CASE Institute of Technology,Islamabad,Department of Artificial Intelligence,BS,Artificial Intelligence,4 Years,Minimum 50% marks in HSSC with Math or equivalent.,Admission Test (SS-CASE-IT / HAT / Equivalent),184000.0,13 January 2026,https://case.edu.pk/undergraduate-programs/bs-artificial-intelligence/
Sir Syed CASE Institute of Technology,Islamabad,Department of Artificial Intelligence and Data Science,BS,Data Science,4 Years,Minimum 50% marks in HSSC with Math or equivalent.,Admission Test (SS-CASE-IT / HAT / Equivalent),184000.0,13 January 2026,https://case.edu.pk/undergraduate-programs/bs-data-science/
Sir Syed CASE Institute of Technology,Islamabad,Department of Software Engineering,BS,Software Engineering,4 Years,Minimum 50% marks in HSSC with Math or equivalent.,Admission Test (SS-CASE-IT / HAT / Equivalent),184000.0,13 January 2026,https://case.edu.pk/undergraduate-programs/bs-software-engineering/
Sir Syed CASE Institute of Technology,Islamabad,Department of Business and Finance,BS,Business Administration,4 Years,Minimum 50% marks in HSSC or equivalent.,Admission Test (SS-CASE-IT / HAT / Equivalent),180000.0,13 January 2026,https://case.edu.pk/undergraduate-programs/bs-business-administration/
Sir Syed CASE Institute of Technology,Islamabad,Department of Business and Finance,BS,Accounting,4 Years,Minimum 50% marks in HSSC or equivalent.,Admission Test (SS-CASE-IT / HAT / Equivalent),180000.0,13 January 2026,https://case.edu.pk/undergraduate-programs/bs-accounting-finance/
Sir Syed CASE Institute of Technology,Islamabad,Department of Business and Finance,,Business Administration,2 Years,Minimum 50% marks in HSSC or equivalent.,Admission Test (SS-CASE-IT / HAT / Equivalent),150000.0,13 January 2026,https://case.edu.pk/undergraduate-programs/ad-business-administration/
Sir Syed CASE Institute of Technology,Islamabad,Department of Allied Health Sciences,BS,Medical Imaging Technology,4 Years,Minimum 50% marks in HSSC or equivalent.,Admission Test (SS-CASE-IT / HAT / Equivalent),190000.0,13 January 2026,https://case.edu.pk/undergraduate-programs/bs-medical-imaging-technology/
Sir Syed CASE Institute of Technology,Islamabad,Department of Allied Health Sciences,BS,Medical Laboratory Technology,4 Years,Minimum 50% marks in HSSC or equivalent.,Admission Test (SS-CASE-IT / HAT / Equivalent),190000.0,13 January 2026,https://case.edu.pk/undergraduate-programs/bs-medical-laboratory-technology/
Sir Syed CASE Institute of Technology,Islamabad,Department of Allied Health Sciences,,Physical Therapy,5 Years,Minimum 50% marks in HSSC or equivalent.,Admission Test (SS-CASE-IT / HAT / Equivalent),300000.0,13 January 2026,https://case.edu.pk/undergraduate-programs/doctor-of-physical-therapy-2/
Sir Syed CASE Institute of Technology,Islamabad,Department of Computer Science,MS,Computer Science,2 Years,16 years relevant education with 2.0 CGPA or 50% marks; test required.,Admission Test (SS-CASE-IT / HAT / Equivalent),260000.0,13 January 2026,https://case.edu.pk/graduate-programs/ms-computer-science/
Sir Syed CASE Institute of Technology,Islamabad,Department of Electrical Engineering,MS,Electrical Engineering,2 Years,16 years relevant education with 2.0 CGPA or 50% marks; test required.,Admission Test (SS-CASE-IT / HAT / Equivalent),260000.0,13 January 2026,https://case.edu.pk/graduate-programs/ms-electrical-engineering/
Sir Syed CASE Institute of Technology,Islamabad,Department of Engineering Management,MS,Engineering Management,2 Years,16 years relevant education with 2.0 CGPA or 50% marks; test required.,Admission Test (SS-CASE-IT / HAT / Equivalent),260000.0,13 January 2026,https://case.edu.pk/graduate-programs/ms-engineering-management/
Sir Syed CASE Institute of Technology,Islamabad,Department of Engineering Management,MS,Project Management,2 Years,16 years relevant education with 2.0 CGPA or 50% marks; test required.,Admission Test (SS-CASE-IT / HAT / Equivalent),260000.0,13 January 2026,https://case.edu.pk/graduate-programs/ms-project-management/
Sir Syed CASE Institute of Technology,Islamabad,Department of Sciences and Humanities,MS,Mathematics,2 Years,16 years relevant education with 2.0 CGPA or 50% marks; test required.,Admission Test (SS-CASE-IT / HAT / Equivalent),260000.0,13 January 2026,https://case.edu.pk/graduate-programs/ms-mathematics/
Sir Syed CASE Institute of Technology,Islamabad,Department of Business and Finance,MS,Management,2 Years,16 years relevant education with 2.0 CGPA or 50% marks; test required.,Admission Test (SS-CASE-IT / HAT / Equivalent),260000.0,13 January 2026,https://case.edu.pk/graduate-programs/m-s-m/
Sir Syed CASE Institute of Technology,Islamabad,Department of Electrical Engineering,PhD,Electrical Engineering,3–5 Years,"MS/MPhil (18 years), CGPA ≥3.0 or 60%, test ≥60%, supervisor consent.",Admission Test (SS-CASE-IT / HAT / Equivalent),320000.0,13 January 2026,https://case.edu.pk/graduate-programs/phd-programs/
Sir Syed CASE Institute of Technology,Islamabad,Department of Engineering Management,PhD,Engineering Management,3–5 Years,"MS/MPhil (18 years), CGPA ≥3.0 or 60%, test ≥60%, supervisor consent.",Admission Test (SS-CASE-IT / HAT / Equivalent),320000.0,13 January 2026,https://case.edu.pk/graduate-programs/phd-programs/
Forman Christian College (Chartered University),Lahore,Faculty of Natural Sciences,BS,Studies Biotechnology,4 Years,Minimum 50% marks in HSSC / A-Levels / Equivalent.,FCCU Admission Test + Interview,570000.0,August (Fall Intake),https://www.fccollege.edu.pk/academics/
Forman Christian College (Chartered University),Lahore,School of Management,BS,Accounting,4 Years,Minimum 50% marks in HSSC / A-Levels / Equivalent.,FCCU Admission Test + Interview,570000.0,August (Fall Intake),https://www.fccollege.edu.pk/academics/
Forman Christian College (Chartered University),Lahore,School of Management,BS,Studies Business Human Resource Management,4 Years,Minimum 50% marks in HSSC / A-Levels / Equivalent.,FCCU Admission Test + Interview,570000.0,August (Fall Intake),https://www.fccollege.edu.pk/academics/
Forman Christian College (Chartered University),Lahore,School of Management,BS,Studies Business Marketing And Sales Management,4 Years,Minimum 50% marks in HSSC / A-Levels / Equivalent.,FCCU Admission Test + Interview,570000.0,August (Fall Intake),https://www.fccollege.edu.pk/academics/
Forman Christian College (Chartered University),Lahore,School of Management,BS,Studies Business Operations Management,4 Years,Minimum 50% marks in HSSC / A-Levels / Equivalent.,FCCU Admission Test + Interview,570000.0,August (Fall Intake),https://www.fccollege.edu.pk/academics/
Forman Christian College (Chartered University),Lahore,School of Computer Science,BS,Computer Science,4 Years,Minimum 50% marks in HSSC / A-Levels / Equivalent.,FCCU Admission Test + Interview,570000.0,August (Fall Intake),https://www.fccollege.edu.pk/academics/
Forman Christian College (Chartered University),Lahore,Faculty of Natural Sciences,BS,Studies Biological Sciences,4 Years,Minimum 50% marks in HSSC / A-Levels / Equivalent.,FCCU Admission Test + Interview,570000.0,August (Fall Intake),https://www.fccollege.edu.pk/academics/
Forman Christian College (Chartered University),Lahore,Faculty of Natural Sciences,BS,Chemistry,4 Years,Minimum 50% marks in HSSC / A-Levels / Equivalent.,FCCU Admission Test + Interview,570000.0,August (Fall Intake),https://www.fccollege.edu.pk/academics/
Forman Christian College (Chartered University),Lahore,Faculty of Natural Sciences,BS,Chemistry,4 Years,Minimum 50% marks in HSSC / A-Levels / Equivalent.,FCCU Admission Test + Interview,570000.0,August (Fall Intake),https://www.fccollege.edu.pk/academics/
Forman Christian College (Chartered University),Lahore,Faculty of Natural Sciences,BS,Chemistry,4 Years,Minimum 50% marks in HSSC / A-Levels / Equivalent.,FCCU Admission Test + Interview,570000.0,August (Fall Intake),https://www.fccollege.edu.pk/academics/
Forman Christian College (Chartered University),Lahore,Faculty of Social Sciences,BS,Computer Science,4 Years,Minimum 50% marks in HSSC / A-Levels / Equivalent.,FCCU Admission Test + Interview,570000.0,August (Fall Intake),https://www.fccollege.edu.pk/academics/
Forman Christian College (Chartered University),Lahore,Faculty of Social Sciences,BS,Studies Education,4 Years,Minimum 50% marks in HSSC / A-Levels / Equivalent.,FCCU Admission Test + Interview,570000.0,August (Fall Intake),https://www.fccollege.edu.pk/academics/
Forman Christian College (Chartered University),Lahore,Faculty of Humanities,BS,English,4 Years,Minimum 50% marks in HSSC / A-Levels / Equivalent.,FCCU Admission Test + Interview,570000.0,August (Fall Intake),https://www.fccollege.edu.pk/academics/
Forman Christian College (Chartered University),Lahore,Faculty of Humanities,BS,Computer Science,4 Years,Minimum 50% marks in HSSC / A-Levels / Equivalent.,FCCU Admission Test + Interview,570000.0,August (Fall Intake),https://www.fccollege.edu.pk/academics/
Forman Christian College (Chartered University),Lahore,Faculty of Natural Sciences,BS,Studies Environmental Sciences,4 Years,Minimum 50% marks in HSSC / A-Levels / Equivalent.,FCCU Admission Test + Interview,570000.0,August (Fall Intake),https://www.fccollege.edu.pk/academics/
Forman Christian College (Chartered University),Lahore,Faculty of Social Sciences,BS,Studies Geography: Human Geography,4 Years,Minimum 50% marks in HSSC / A-Levels / Equivalent.,FCCU Admission Test + Interview,570000.0,August (Fall Intake),https://www.fccollege.edu.pk/academics/
Forman Christian College (Chartered University),Lahore,Faculty of Social Sciences,BS,Studies Geography: Physical Geography,4 Years,Minimum 50% marks in HSSC / A-Levels / Equivalent.,FCCU Admission Test + Interview,570000.0,August (Fall Intake),https://www.fccollege.edu.pk/academics/
Forman Christian College (Chartered University),Lahore,Faculty of Social Sciences,BS,Studies History,4 Years,Minimum 50% marks in HSSC / A-Levels / Equivalent.,FCCU Admission Test + Interview,570000.0,August (Fall Intake),https://www.fccollege.edu.pk/academics/
Forman Christian College (Chartered University),Lahore,Faculty of Social Sciences,BS,Studies Mass Communication Advertising And Pr,4 Years,Minimum 50% marks in HSSC / A-Levels / Equivalent.,FCCU Admission Test + Interview,570000.0,August (Fall Intake),https://www.fccollege.edu.pk/academics/
Forman Christian College (Chartered University),Lahore,Faculty of Social Sciences,BS,Studies Mass Communication Print And Electronic Media,4 Years,Minimum 50% marks in HSSC / A-Levels / Equivalent.,FCCU Admission Test + Interview,570000.0,August (Fall Intake),https://www.fccollege.edu.pk/academics/
Forman Christian College (Chartered University),Lahore,Faculty of Natural Sciences,BS,Computer Science,4 Years,Minimum 50% marks in HSSC / A-Levels / Equivalent.,FCCU Admission Test + Interview,570000.0,August (Fall Intake),https://www.fccollege.edu.pk/academics/
Forman Christian College (Chartered University),Lahore,Faculty of Natural Sciences,BS,Biology,4 Years,Minimum 50% marks in HSSC / A-Levels / Equivalent.,FCCU Admission Test + Interview,570000.0,August (Fall Intake),https://www.fccollege.edu.pk/academics/
Forman Christian College (Chartered University),Lahore,Faculty of Humanities,BS,Studies Philosophy,4 Years,Minimum 50% marks in HSSC / A-Levels / Equivalent.,FCCU Admission Test + Interview,570000.0,August (Fall Intake),https://www.fccollege.edu.pk/academics/
Forman Christian College (Chartered University),Lahore,Faculty of Natural Sciences,BS,Computer Science,4 Years,Minimum 50% marks in HSSC / A-Levels / Equivalent.,FCCU Admission Test + Interview,570000.0,August (Fall Intake),https://www.fccollege.edu.pk/academics/
Forman Christian College (Chartered University),Lahore,Faculty of Social Sciences,BS,Computer Science,4 Years,Minimum 50% marks in HSSC / A-Levels / Equivalent.,FCCU Admission Test + Interview,570000.0,August (Fall Intake),https://www.fccollege.edu.pk/academics/
Forman Christian College (Chartered University),Lahore,Faculty of Social Sciences,BS,Information Technology,4 Years,Minimum 50% marks in HSSC / A-Levels / Equivalent.,FCCU Admission Test + Interview,570000.0,August (Fall Intake),https://www.fccollege.edu.pk/academics/
Forman Christian College (Chartered University),Lahore,Faculty of Social Sciences,BS,Computer Science,4 Years,Minimum 50% marks in HSSC / A-Levels / Equivalent.,FCCU Admission Test + Interview,570000.0,August (Fall Intake),https://www.fccollege.edu.pk/academics/
Forman Christian College (Chartered University),Lahore,Faculty of Social Sciences,BS,Information Technology,4 Years,Minimum 50% marks in HSSC / A-Levels / Equivalent.,FCCU Admission Test + Interview,570000.0,August (Fall Intake),https://www.fccollege.edu.pk/academics/
Forman Christian College (Chartered University),Lahore,Faculty of Social Sciences,BS,Psychology,4 Years,Minimum 50% marks in HSSC / A-Levels / Equivalent.,FCCU Admission Test + Interview,570000.0,August (Fall Intake),https://www.fccollege.edu.pk/academics/
Forman Christian College (Chartered University),Lahore,Faculty of Social Sciences,BS,Psychology,4 Years,Minimum 50% marks in HSSC / A-Levels / Equivalent.,FCCU Admission Test + Interview,570000.0,August (Fall Intake),https://www.fccollege.edu.pk/academics/
Forman Christian College (Chartered University),Lahore,Faculty of Humanities,BS,Studies Religious Studies: Islamic Studies,4 Years,Minimum 50% marks in HSSC / A-Levels / Equivalent.,FCCU Admission Test + Interview,570000.0,August (Fall Intake),https://www.fccollege.edu.pk/academics/
Forman Christian College (Chartered University),Lahore,Faculty of Humanities,BS,Studies Religious Studies: Christian Studies,4 Years,Minimum 50% marks in HSSC / A-Levels / Equivalent.,FCCU Admission Test + Interview,570000.0,August (Fall Intake),https://www.fccollege.edu.pk/academics/
Forman Christian College (Chartered University),Lahore,Faculty of Social Sciences,BS,Studies Sociology,4 Years,Minimum 50% marks in HSSC / A-Levels / Equivalent.,FCCU Admission Test + Interview,570000.0,August (Fall Intake),https://www.fccollege.edu.pk/academics/
Forman Christian College (Chartered University),Lahore,Faculty of Natural Sciences,BS,Computer Science,4 Years,Minimum 50% marks in HSSC / A-Levels / Equivalent.,FCCU Admission Test + Interview,570000.0,August (Fall Intake),https://www.fccollege.edu.pk/academics/
Forman Christian College (Chartered University),Lahore,Faculty of Humanities,BS,Studies Urdu,4 Years,Minimum 50% marks in HSSC / A-Levels / Equivalent.,FCCU Admission Test + Interview,570000.0,August (Fall Intake),https://www.fccollege.edu.pk/academics/
Forman Christian College (Chartered University),Lahore,School of Management,MS,Mba,2 Years,Minimum 16 years of education in relevant field with minimum 2.0 CGPA.,FCCU Admission Test + Interview,750000.0,August (Fall Intake),https://www.fccollege.edu.pk/academics/
Forman Christian College (Chartered University),Lahore,Faculty of Social Sciences,MS,Psychology,2 Years,Minimum 16 years of education in relevant field with minimum 2.0 CGPA.,FCCU Admission Test + Interview,355000.0,August (Fall Intake),https://www.fccollege.edu.pk/academics/
Forman Christian College (Chartered University),Lahore,School of Computer Science,MS,Computer Science,2 Years,Minimum 16 years of education in relevant field with minimum 2.0 CGPA.,FCCU Admission Test + Interview,355000.0,August (Fall Intake),https://www.fccollege.edu.pk/academics/
Forman Christian College (Chartered University),Lahore,School of Computer Science,MS,Data Science,2 Years,Minimum 16 years of education in relevant field with minimum 2.0 CGPA.,FCCU Admission Test + Interview,355000.0,August (Fall Intake),https://www.fccollege.edu.pk/academics/
Forman Christian College (Chartered University),Lahore,School of Computer Science,MS,Software Engineering,2 Years,Minimum 16 years of education in relevant field with minimum 2.0 CGPA.,FCCU Admission Test + Interview,355000.0,August (Fall Intake),https://www.fccollege.edu.pk/academics/
Forman Christian College (Chartered University),Lahore,Faculty of Social Sciences,MS,Executive Ma Public Policy Evening,2 Years,Minimum 16 years of education in relevant field with minimum 2.0 CGPA.,FCCU Admission Test + Interview,355000.0,August (Fall Intake),https://www.fccollege.edu.pk/academics/
Forman Christian College (Chartered University),Lahore,Faculty of Social Sciences,MS,Computer Science,2 Years,Minimum 16 years of education in relevant field with minimum 2.0 CGPA.,FCCU Admission Test + Interview,300000.0,August (Fall Intake),https://www.fccollege.edu.pk/academics/
Forman Christian College (Chartered University),Lahore,Faculty of Humanities,MS,Biblical Studies,2 Years,Minimum 16 years of education in relevant field with minimum 2.0 CGPA.,FCCU Admission Test + Interview,300000.0,August (Fall Intake),https://www.fccollege.edu.pk/academics/
Forman Christian College (Chartered University),Lahore,Faculty of Natural Sciences,MS,Biotechnology,2 Years,Minimum 16 years of education in relevant field with minimum 2.0 CGPA.,FCCU Admission Test + Interview,300000.0,August (Fall Intake),https://www.fccollege.edu.pk/academics/
Forman Christian College (Chartered University),Lahore,Faculty of Natural Sciences,MS,Chemistry,2 Years,Minimum 16 years of education in relevant field with minimum 2.0 CGPA.,FCCU Admission Test + Interview,300000.0,August (Fall Intake),https://www.fccollege.edu.pk/academics/
Forman Christian College (Chartered University),Lahore,Faculty of Social Sciences,MS,Education Evening,2 Years,Minimum 16 years of education in relevant field with minimum 2.0 CGPA.,FCCU Admission Test + Interview,300000.0,August (Fall Intake),https://www.fccollege.edu.pk/academics/
Forman Christian College (Chartered University),Lahore,Faculty of Humanities,MS,English,2 Years,Minimum 16 years of education in relevant field with minimum 2.0 CGPA.,FCCU Admission Test + Interview,300000.0,August (Fall Intake),https://www.fccollege.edu.pk/academics/
Forman Christian College (Chartered University),Lahore,Faculty of Natural Sciences,MS,Environmental Sciences Evening,2 Years,Minimum 16 years of education in relevant field with minimum 2.0 CGPA.,FCCU Admission Test + Interview,300000.0,August (Fall Intake),https://www.fccollege.edu.pk/academics/
Forman Christian College (Chartered University),Lahore,Faculty of Natural Sciences,MS,Information Technology,2 Years,Minimum 16 years of education in relevant field with minimum 2.0 CGPA.,FCCU Admission Test + Interview,300000.0,August (Fall Intake),https://www.fccollege.edu.pk/academics/
Forman Christian College (Chartered University),Lahore,Faculty of Social Sciences,MS,Mass Communication Evening,2 Years,Minimum 16 years of education in relevant field with minimum 2.0 CGPA.,FCCU Admission Test + Interview,300000.0,August (Fall Intake),https://www.fccollege.edu.pk/academics/
Forman Christian College (Chartered University),Lahore,Faculty of Natural Sciences,MS,Computer Science,2 Years,Minimum 16 years of education in relevant field with minimum 2.0 CGPA.,FCCU Admission Test + Interview,300000.0,August (Fall Intake),https://www.fccollege.edu.pk/academics/
Forman Christian College (Chartered University),Lahore,Faculty of Social Sciences,MS,Information Technology,2 Years,Minimum 16 years of education in relevant field with minimum 2.0 CGPA.,FCCU Admission Test + Interview,300000.0,August (Fall Intake),https://www.fccollege.edu.pk/academics/
Forman Christian College (Chartered University),Lahore,Faculty of Natural Sciences,MS,Physics,2 Years,Minimum 16 years of education in relevant field with minimum 2.0 CGPA.,FCCU Admission Test + Interview,300000.0,August (Fall Intake),https://www.fccollege.edu.pk/academics/
Forman Christian College (Chartered University),Lahore,Faculty of Social Sciences,MS,Public Policy,2 Years,Minimum 16 years of education in relevant field with minimum 2.0 CGPA.,FCCU Admission Test + Interview,300000.0,August (Fall Intake),https://www.fccollege.edu.pk/academics/
Forman Christian College (Chartered University),Lahore,Faculty of Social Sciences,MS,Sociology Evening,2 Years,Minimum 16 years of education in relevant field with minimum 2.0 CGPA.,FCCU Admission Test + Interview,300000.0,August (Fall Intake),https://www.fccollege.edu.pk/academics/
Forman Christian College (Chartered University),Lahore,Faculty of Natural Sciences,MS,Computer Science,2 Years,Minimum 16 years of education in relevant field with minimum 2.0 CGPA.,FCCU Admission Test + Interview,300000.0,August (Fall Intake),https://www.fccollege.edu.pk/academics/
Forman Christian College (Chartered University),Lahore,Faculty of Humanities,MS,Urdu Evening,2 Years,Minimum 16 years of education in relevant field with minimum 2.0 CGPA.,FCCU Admission Test + Interview,300000.0,August (Fall Intake),https://www.fccollege.edu.pk/academics/
Forman Christian College (Chartered University),Lahore,Faculty of Social Sciences,PhD,Computer Science,3-5 Years,Minimum 18 years of education (MS/MPhil) in relevant field.,FCCU Admission Test + Interview,385000.0,August (Fall Intake),https://www.fccollege.edu.pk/academics/
Forman Christian College (Chartered University),Lahore,Faculty of Natural Sciences,PhD,Biotechnology,3-5 Years,Minimum 18 years of education (MS/MPhil) in relevant field.,FCCU Admission Test + Interview,385000.0,August (Fall Intake),https://www.fccollege.edu.pk/academics/
Forman Christian College (Chartered University),Lahore,Faculty of Natural Sciences,PhD,Chemistry,3-5 Years,Minimum 18 years of education (MS/MPhil) in relevant field.,FCCU Admission Test + Interview,385000.0,August (Fall Intake),https://www.fccollege.edu.pk/academics/
Forman Christian College (Chartered University),Lahore,Faculty of Natural Sciences,PhD,Physics,3-5 Years,Minimum 18 years of education (MS/MPhil) in relevant field.,FCCU Admission Test + Interview,385000.0,August (Fall Intake),https://www.fccollege.edu.pk/academics/
Forman Christian College (Chartered University),Lahore,Faculty of Social Sciences,PhD,Public Policy,3-5 Years,Minimum 18 years of education (MS/MPhil) in relevant field.,FCCU Admission Test + Interview,385000.0,August (Fall Intake),https://www.fccollege.edu.pk/academics/
Foundation University Islamabad,Islamabad,School of Management Sciences,BS,Business Administration,4 Years,FSc / A-Level or equivalent with minimum required percentage.,University Entry Test / Interview (as applicable),250000.0,31 July 2026,https://www.fui.edu.pk/
Foundation University Islamabad,Islamabad,School of Management Sciences,BS,Accounting,4 Years,FSc / A-Level or equivalent with minimum required percentage.,University Entry Test / Interview (as applicable),250000.0,31 July 2026,https://www.fui.edu.pk/
Foundation University Islamabad,Islamabad,School of Management Sciences,BS,Economics,4 Years,FSc / A-Level or equivalent with minimum required percentage.,University Entry Test / Interview (as applicable),250000.0,31 July 2026,https://www.fui.edu.pk/
Foundation University Islamabad,Islamabad,School of Science & Technology,BS,Computer Science,4 Years,FSc / A-Level or equivalent with minimum required percentage.,University Entry Test / Interview (as applicable),250000.0,31 July 2026,https://www.fui.edu.pk/
Foundation University Islamabad,Islamabad,School of Science & Technology,BS,Software Engineering,4 Years,FSc / A-Level or equivalent with minimum required percentage.,University Entry Test / Interview (as applicable),250000.0,31 July 2026,https://www.fui.edu.pk/
Foundation University Islamabad,Islamabad,School of Science & Technology,BS,Information Technology,4 Years,FSc / A-Level or equivalent with minimum required percentage.,University Entry Test / Interview (as applicable),250000.0,31 July 2026,https://www.fui.edu.pk/
Foundation University Islamabad,Islamabad,School of Science & Technology,BS,Artificial Intelligence,4 Years,FSc / A-Level or equivalent with minimum required percentage.,University Entry Test / Interview (as applicable),250000.0,31 July 2026,https://www.fui.edu.pk/
Foundation University Islamabad,Islamabad,School of Science & Technology,BS,Data Science,4 Years,FSc / A-Level or equivalent with minimum required percentage.,University Entry Test / Interview (as applicable),250000.0,31 July 2026,https://www.fui.edu.pk/
Foundation University Islamabad,Islamabad,School of Engineering,BS,Electrical Engineering,4 Years,FSc / A-Level or equivalent with minimum required percentage.,University Entry Test / Interview (as applicable),250000.0,31 July 2026,https://www.fui.edu.pk/
Foundation University Islamabad,Islamabad,School of Engineering,BS,Civil Engineering,4 Years,FSc / A-Level or equivalent with minimum required percentage.,University Entry Test / Interview (as applicable),250000.0,31 July 2026,https://www.fui.edu.pk/
Foundation University Islamabad,Islamabad,School of Arts & Social Sciences,BS,English,4 Years,FSc / A-Level or equivalent with minimum required percentage.,University Entry Test / Interview (as applicable),250000.0,31 July 2026,https://www.fui.edu.pk/
Foundation University Islamabad,Islamabad,School of Arts & Social Sciences,BS,Psychology,4 Years,FSc / A-Level or equivalent with minimum required percentage.,University Entry Test / Interview (as applicable),250000.0,31 July 2026,https://www.fui.edu.pk/
Foundation University Islamabad,Islamabad,School of Arts & Social Sciences,BS,Media & Communication Studies,4 Years,FSc / A-Level or equivalent with minimum required percentage.,University Entry Test / Interview (as applicable),250000.0,31 July 2026,https://www.fui.edu.pk/
Foundation University Islamabad,Islamabad,School of Health Sciences,BS,Nursing,4 Years,FSc / A-Level or equivalent with minimum required percentage.,University Entry Test / Interview (as applicable),250000.0,31 July 2026,https://www.fui.edu.pk/
Foundation University Islamabad,Islamabad,School of Health Sciences,BS,Medical Laboratory Technology,4 Years,FSc / A-Level or equivalent with minimum required percentage.,University Entry Test / Interview (as applicable),250000.0,31 July 2026,https://www.fui.edu.pk/
Foundation University Islamabad,Islamabad,Foundation University Medical College,BS,Mbbs,5 Years,FSc / A-Level or equivalent with minimum required percentage.,University Entry Test / Interview (as applicable),1200000.0,31 July 2026,https://www.fui.edu.pk/
Foundation University Islamabad,Islamabad,Foundation University College of Dentistry,BS,Bds,4 Years,FSc / A-Level or equivalent with minimum required percentage.,University Entry Test / Interview (as applicable),1200000.0,31 July 2026,https://www.fui.edu.pk/
Foundation University Islamabad,Islamabad,School of Management Sciences,MS,Management Sciences,2 Years,16 years relevant education with required CGPA.,University Entry Test / Interview (as applicable),300000.0,31 July 2026,https://www.fui.edu.pk/
Foundation University Islamabad,Islamabad,School of Management Sciences,MS,Accounting,2 Years,16 years relevant education with required CGPA.,University Entry Test / Interview (as applicable),300000.0,31 July 2026,https://www.fui.edu.pk/
Foundation University Islamabad,Islamabad,School of Science & Technology,MS,Computer Science,2 Years,16 years relevant education with required CGPA.,University Entry Test / Interview (as applicable),300000.0,31 July 2026,https://www.fui.edu.pk/
Foundation University Islamabad,Islamabad,School of Science & Technology,MS,Software Engineering,2 Years,16 years relevant education with required CGPA.,University Entry Test / Interview (as applicable),300000.0,31 July 2026,https://www.fui.edu.pk/
Foundation University Islamabad,Islamabad,School of Engineering,MS,Electrical Engineering,2 Years,16 years relevant education with required CGPA.,University Entry Test / Interview (as applicable),300000.0,31 July 2026,https://www.fui.edu.pk/
Foundation University Islamabad,Islamabad,School of Engineering,MS,Civil Engineering,2 Years,16 years relevant education with required CGPA.,University Entry Test / Interview (as applicable),300000.0,31 July 2026,https://www.fui.edu.pk/
Foundation University Islamabad,Islamabad,School of Arts & Social Sciences,MS,English,2 Years,16 years relevant education with required CGPA.,University Entry Test / Interview (as applicable),300000.0,31 July 2026,https://www.fui.edu.pk/
Foundation University Islamabad,Islamabad,School of Arts & Social Sciences,MS,Psychology,2 Years,16 years relevant education with required CGPA.,University Entry Test / Interview (as applicable),300000.0,31 July 2026,https://www.fui.edu.pk/
Foundation University Islamabad,Islamabad,School of Health Sciences,MS,Nursing,2 Years,16 years relevant education with required CGPA.,University Entry Test / Interview (as applicable),300000.0,31 July 2026,https://www.fui.edu.pk/
Foundation University Islamabad,Islamabad,School of Health Sciences,MS,Medical Laboratory Sciences,2 Years,16 years relevant education with required CGPA.,University Entry Test / Interview (as applicable),300000.0,31 July 2026,https://www.fui.edu.pk/
Foundation University Islamabad,Islamabad,School of Management Sciences,MS,Management Sciences,2 Years,MS/Equivalent degree with required CGPA.,University Entry Test / Interview (as applicable),300000.0,31 July 2026,https://www.fui.edu.pk/
Foundation University Islamabad,Islamabad,School of Science & Technology,MS,Computer Science,2 Years,MS/Equivalent degree with required CGPA.,University Entry Test / Interview (as applicable),300000.0,31 July 2026,https://www.fui.edu.pk/
Foundation University Islamabad,Islamabad,School of Arts & Social Sciences,MS,English,2 Years,MS/Equivalent degree with required CGPA.,University Entry Test / Interview (as applicable),300000.0,31 July 2026,https://www.fui.edu.pk/
Foundation University Islamabad,Islamabad,School of Arts & Social Sciences,MS,Psychology,2 Years,MS/Equivalent degree with required CGPA.,University Entry Test / Interview (as applicable),300000.0,31 July 2026,https://www.fui.edu.pk/
Foundation University Islamabad,Islamabad,School of Health Sciences,MS,Nursing,2 Years,MS/Equivalent degree with required CGPA.,University Entry Test / Interview (as applicable),300000.0,31 July 2026,https://www.fui.edu.pk/
Foundation University Islamabad,Islamabad,School of Management Sciences,PhD,Management Sciences,3–5 Years,MPhil/MS in relevant field with required CGPA.,University Entry Test / Interview (as applicable),350000.0,31 July 2026,https://www.fui.edu.pk/
Foundation University Islamabad,Islamabad,School of Science & Technology,PhD,Computer Science,3–5 Years,MPhil/MS in relevant field with required CGPA.,University Entry Test / Interview (as applicable),350000.0,31 July 2026,https://www.fui.edu.pk/
Foundation University Islamabad,Islamabad,School of Engineering,PhD,Electrical Engineering,3–5 Years,MPhil/MS in relevant field with required CGPA.,University Entry Test / Interview (as applicable),350000.0,31 July 2026,https://www.fui.edu.pk/
Foundation University Islamabad,Islamabad,School of Arts & Social Sciences,PhD,English,3–5 Years,MPhil/MS in relevant field with required CGPA.,University Entry Test / Interview (as applicable),350000.0,31 July 2026,https://www.fui.edu.pk/
Foundation University Islamabad,Islamabad,School of Arts & Social Sciences,PhD,Psychology,3–5 Years,MPhil/MS in relevant field with required CGPA.,University Entry Test / Interview (as applicable),350000.0,31 July 2026,https://www.fui.edu.pk/
Jinnah Sindh Medical University,Karachi,Faculty of Medicine,BS,Medicine & Surgery,5 Years,Minimum 60% F.Sc (Pre-Medical) + MDCAT,MDCAT (for MBBS/BDS) / University Entry Test,70000.0,15 January 2026,https://www.jsmu.edu.pk/
Jinnah Sindh Medical University,Karachi,Faculty of Dentistry,,Dental Surgery,4 Years,Minimum 60% F.Sc (Pre-Medical) + MDCAT,MDCAT (for MBBS/BDS) / University Entry Test,60000.0,15 January 2026,https://www.jsmu.edu.pk/
Jinnah Sindh Medical University,Karachi,Faculty of Pharmacy,,Pharmacy,5 Years,Minimum 60% F.Sc (Pre-Medical),MDCAT (for MBBS/BDS) / University Entry Test,40000.0,15 January 2026,https://www.jsmu.edu.pk/
Jinnah Sindh Medical University,Karachi,Faculty of Physical Therapy,,Physical Therapy,5 Years,Minimum 60% F.Sc (Pre-Medical),MDCAT (for MBBS/BDS) / University Entry Test,35000.0,15 January 2026,https://www.jsmu.edu.pk/
Jinnah Sindh Medical University,Karachi,Faculty of Allied Health Sciences,BS,Medical Laboratory Technology,4 Years,Minimum 50% F.Sc (Pre-Medical),MDCAT (for MBBS/BDS) / University Entry Test,30000.0,15 January 2026,https://www.jsmu.edu.pk/
Jinnah Sindh Medical University,Karachi,Faculty of Allied Health Sciences,BS,Medical Imaging Technology,4 Years,Minimum 50% F.Sc (Pre-Medical),MDCAT (for MBBS/BDS) / University Entry Test,30000.0,15 January 2026,https://www.jsmu.edu.pk/
Jinnah Sindh Medical University,Karachi,Faculty of Allied Health Sciences,BS,Operation Theatre Technology,4 Years,Minimum 50% F.Sc (Pre-Medical),MDCAT (for MBBS/BDS) / University Entry Test,30000.0,15 January 2026,https://www.jsmu.edu.pk/
Jinnah Sindh Medical University,Karachi,Faculty of Allied Health Sciences,BS,Anesthesia Technology,4 Years,Minimum 50% F.Sc (Pre-Medical),MDCAT (for MBBS/BDS) / University Entry Test,30000.0,15 January 2026,https://www.jsmu.edu.pk/
Jinnah Sindh Medical University,Karachi,Faculty of Allied Health Sciences,BS,Respiratory Therapy,4 Years,Minimum 50% F.Sc (Pre-Medical),MDCAT (for MBBS/BDS) / University Entry Test,30000.0,15 January 2026,https://www.jsmu.edu.pk/
Jinnah Sindh Medical University,Karachi,Faculty of Allied Health Sciences,BS,Cardiac Perfusion Technology,4 Years,Minimum 50% F.Sc (Pre-Medical),MDCAT (for MBBS/BDS) / University Entry Test,30000.0,15 January 2026,https://www.jsmu.edu.pk/
Jinnah Sindh Medical University,Karachi,Faculty of Allied Health Sciences,BS,Dialysis Technology,4 Years,Minimum 50% F.Sc (Pre-Medical),MDCAT (for MBBS/BDS) / University Entry Test,30000.0,15 January 2026,https://www.jsmu.edu.pk/
Jinnah Sindh Medical University,Karachi,Faculty of Allied Health Sciences,BS,Dental Technology,4 Years,Minimum 50% F.Sc (Pre-Medical),MDCAT (for MBBS/BDS) / University Entry Test,30000.0,15 January 2026,https://www.jsmu.edu.pk/
Jinnah Sindh Medical University,Karachi,Faculty of Allied Health Sciences,BS,Nuclear Medicine Technology,4 Years,Minimum 50% F.Sc (Pre-Medical),MDCAT (for MBBS/BDS) / University Entry Test,30000.0,15 January 2026,https://www.jsmu.edu.pk/
Jinnah Sindh Medical University,Karachi,Faculty of Public Health,BS,Public Health,4 Years,Minimum 50% F.Sc (Pre-Medical),MDCAT (for MBBS/BDS) / University Entry Test,30000.0,15 January 2026,https://www.jsmu.edu.pk/
Jinnah Sindh Medical University,Karachi,Faculty of Public Health,BS,Computer Science,4 Years,Minimum 50% F.Sc (Pre-Medical),MDCAT (for MBBS/BDS) / University Entry Test,30000.0,15 January 2026,https://www.jsmu.edu.pk/
Jinnah Sindh Medical University,Karachi,Faculty of Public Health,BS,Computer Science,4 Years,Minimum 50% F.Sc (Pre-Medical),MDCAT (for MBBS/BDS) / University Entry Test,30000.0,15 January 2026,https://www.jsmu.edu.pk/
Jinnah Sindh Medical University,Karachi,Faculty of Nursing,BS,Nursing Generic,4 Years,Minimum 50% F.Sc (Pre-Medical),MDCAT (for MBBS/BDS) / University Entry Test,30000.0,15 January 2026,https://www.jsmu.edu.pk/
Jinnah Sindh Medical University,Karachi,Faculty of Nursing,BS,Post Rn Nursing,2 Years,Registered Nurse + Diploma in Nursing,MDCAT (for MBBS/BDS) / University Entry Test,30000.0,15 January 2026,https://www.jsmu.edu.pk/
Jinnah Sindh Medical University,Karachi,Faculty of Basic Medical Sciences,MS,Chemistry,2 Years,16 years relevant education with minimum 2.5 CGPA,Entry Test + Interview,55000.0,15 January 2026,https://www.jsmu.edu.pk/
Jinnah Sindh Medical University,Karachi,Faculty of Basic Medical Sciences,MS,Physiology,2 Years,16 years relevant education with minimum 2.5 CGPA,Entry Test + Interview,55000.0,15 January 2026,https://www.jsmu.edu.pk/
Jinnah Sindh Medical University,Karachi,Faculty of Basic Medical Sciences,MS,Anatomy,2 Years,16 years relevant education with minimum 2.5 CGPA,Entry Test + Interview,55000.0,15 January 2026,https://www.jsmu.edu.pk/
Jinnah Sindh Medical University,Karachi,Faculty of Basic Medical Sciences,MS,Pharmacology,2 Years,16 years relevant education with minimum 2.5 CGPA,Entry Test + Interview,55000.0,15 January 2026,https://www.jsmu.edu.pk/
Jinnah Sindh Medical University,Karachi,Faculty of Basic Medical Sciences,MS,Biology,2 Years,16 years relevant education with minimum 2.5 CGPA,Entry Test + Interview,55000.0,15 January 2026,https://www.jsmu.edu.pk/
Jinnah Sindh Medical University,Karachi,Faculty of Medicine,MS,Clinical Pathology,2 Years,16 years relevant education with minimum 2.5 CGPA,Entry Test + Interview,55000.0,15 January 2026,https://www.jsmu.edu.pk/
Jinnah Sindh Medical University,Karachi,Faculty of Medicine,MS,Hematology,2 Years,16 years relevant education with minimum 2.5 CGPA,Entry Test + Interview,55000.0,15 January 2026,https://www.jsmu.edu.pk/
Jinnah Sindh Medical University,Karachi,Faculty of Medicine,MS,Chemical Pathology,2 Years,16 years relevant education with minimum 2.5 CGPA,Entry Test + Interview,55000.0,15 January 2026,https://www.jsmu.edu.pk/
Jinnah Sindh Medical University,Karachi,Faculty of Public Health,MS,Science Public Health Msph,2 Years,16 years relevant education with minimum 2.5 CGPA,Entry Test + Interview,55000.0,15 January 2026,https://www.jsmu.edu.pk/
Jinnah Sindh Medical University,Karachi,Faculty of Public Health,MS,Public Health,2 Years,16 years relevant education with minimum 2.5 CGPA,Entry Test + Interview,55000.0,15 January 2026,https://www.jsmu.edu.pk/
Jinnah Sindh Medical University,Karachi,Faculty of Pharmacy,MS,Computer Science,2 Years,16 years relevant education with minimum 2.5 CGPA,Entry Test + Interview,55000.0,15 January 2026,https://www.jsmu.edu.pk/
Jinnah Sindh Medical University,Karachi,Faculty of Pharmacy,MS,Pharmacology,2 Years,16 years relevant education with minimum 2.5 CGPA,Entry Test + Interview,55000.0,15 January 2026,https://www.jsmu.edu.pk/
Jinnah Sindh Medical University,Karachi,Faculty of Nursing,MS,Nursing,2 Years,16 years relevant education with minimum 2.5 CGPA,Entry Test + Interview,55000.0,15 January 2026,https://www.jsmu.edu.pk/
Jinnah Sindh Medical University,Karachi,Faculty of Basic Medical Sciences,PhD,Chemistry,3-5 Years,MS/MPhil with minimum 3.0 CGPA + GRE + Interview,HEC GRE + Interview,70000.0,15 January 2026,https://www.jsmu.edu.pk/
Jinnah Sindh Medical University,Karachi,Faculty of Basic Medical Sciences,PhD,Physiology,3-5 Years,MS/MPhil with minimum 3.0 CGPA + GRE + Interview,HEC GRE + Interview,70000.0,15 January 2026,https://www.jsmu.edu.pk/
Jinnah Sindh Medical University,Karachi,Faculty of Basic Medical Sciences,PhD,Pharmacology,3-5 Years,MS/MPhil with minimum 3.0 CGPA + GRE + Interview,HEC GRE + Interview,70000.0,15 January 2026,https://www.jsmu.edu.pk/
Jinnah Sindh Medical University,Karachi,Faculty of Public Health,PhD,Public Health,3-5 Years,MS/MPhil with minimum 3.0 CGPA + GRE + Interview,HEC GRE + Interview,70000.0,15 January 2026,https://www.jsmu.edu.pk/
Jinnah Sindh Medical University,Karachi,Faculty of Dentistry,PhD,Dental Sciences,3-5 Years,MS/MPhil with minimum 3.0 CGPA + GRE + Interview,HEC GRE + Interview,70000.0,15 January 2026,https://www.jsmu.edu.pk/
Jinnah Sindh Medical University,Karachi,Faculty of Medicine,PhD,Clinical Sciences,3-5 Years,MS/MPhil with minimum 3.0 CGPA + GRE + Interview,HEC GRE + Interview,70000.0,15 January 2026,https://www.jsmu.edu.pk/
Millennium Institute of Technology & Entrepreneurship,Karachi,Faculty of Business & Management Science,,Business Administration,4 Years,Minimum 50% marks in Intermediate or equivalent.,MITE Entry Test + Interview,207000.0,15 January 2026,https://mite.edu.pk/bachelor-of-business-administration-bbahons
Millennium Institute of Technology & Entrepreneurship,Karachi,Faculty of Business & Management Science,BS,Accounting,4 Years,Minimum 50% marks in Intermediate or equivalent.,MITE Entry Test + Interview,207000.0,15 January 2026,https://mite.edu.pk/bs-accounting-finance/
Millennium Institute of Technology & Entrepreneurship,Karachi,Faculty of Business & Management Science,BS,Computer Science,4 Years,Minimum 50% marks in Intermediate or equivalent.,MITE Entry Test + Interview,207000.0,15 January 2026,https://mite.edu.pk/
Millennium Institute of Technology & Entrepreneurship,Karachi,Faculty of Engineering & Computer Science,BS,Computer Science,4 Years,Minimum 50% marks in Intermediate with Mathematics.,MITE Entry Test + Interview,172500.0,15 January 2026,https://mite.edu.pk/faculty-of-engineering-and-computer-science/
Millennium Institute of Technology & Entrepreneurship,Karachi,Faculty of Engineering & Computer Science,,Computer Science,2 Years,Minimum 45% marks in Intermediate.,MITE Entry Test,150000.0,15 January 2026,https://mite.edu.pk/faculty-of-engineering-and-computer-science/adp-cs/
Millennium Institute of Technology & Entrepreneurship,Karachi,Faculty of Arts & Design,BS,Fashion Design Bsfd,4 Years,Minimum 50% marks in Intermediate or equivalent.,MITE Entry Test + Interview,207000.0,15 January 2026,https://mite.edu.pk/faculty-of-arts-and-design/
Millennium Institute of Technology & Entrepreneurship,Karachi,Faculty of Arts & Design,BS,Interior Design,4 Years,Minimum 50% marks in Intermediate or equivalent.,MITE Entry Test + Interview,207000.0,15 January 2026,https://mite.edu.pk/faculty-of-arts-and-design/
Sir Syed University of Engineering and Technology,Karachi,Faculty of Engineering & Computing,BS,Electronic Engineering,4 Years,Minimum 60% in HSC Pre-Engineering or equivalent.,University Admission Test,130000.0,23 January 2026,https://www.ssuet.edu.pk/
Sir Syed University of Engineering and Technology,Karachi,Faculty of Engineering & Computing,BS,Biomedical Engineering,4 Years,Minimum 60% in HSC Pre-Engineering or equivalent.,University Admission Test,130000.0,23 January 2026,https://www.ssuet.edu.pk/
Sir Syed University of Engineering and Technology,Karachi,Faculty of Engineering & Computing,BS,Civil Engineering,4 Years,Minimum 60% in HSC Pre-Engineering or equivalent.,University Admission Test,130000.0,23 January 2026,https://www.ssuet.edu.pk/
Sir Syed University of Engineering and Technology,Karachi,Faculty of Engineering & Computing,BS,Electrical Engineering,4 Years,Minimum 60% in HSC Pre-Engineering or equivalent.,University Admission Test,130000.0,23 January 2026,https://www.ssuet.edu.pk/
Sir Syed University of Engineering and Technology,Karachi,Faculty of Engineering & Computing,BS,Computer Engineering,4 Years,Minimum 60% in HSC Pre-Engineering or equivalent.,University Admission Test,130000.0,23 January 2026,https://www.ssuet.edu.pk/
Sir Syed University of Engineering and Technology,Karachi,Faculty of Engineering & Computing,BS,Telecommunication Engineering,4 Years,Minimum 60% in HSC Pre-Engineering or equivalent.,University Admission Test,130000.0,23 January 2026,https://www.ssuet.edu.pk/
Sir Syed University of Engineering and Technology,Karachi,Faculty of Engineering & Computing,BS,Computer Science,4 Years,Minimum 60% in HSC Pre-Engineering or equivalent.,University Admission Test,130000.0,23 January 2026,https://www.ssuet.edu.pk/
Sir Syed University of Engineering and Technology,Karachi,Faculty of Engineering & Computing,BS,Information Technology,4 Years,Minimum 60% in HSC Pre-Engineering or equivalent.,University Admission Test,130000.0,23 January 2026,https://www.ssuet.edu.pk/
Sir Syed University of Engineering and Technology,Karachi,Faculty of Engineering & Computing,BS,Software Engineering,4 Years,Minimum 60% in HSC Pre-Engineering or equivalent.,University Admission Test,130000.0,23 January 2026,https://www.ssuet.edu.pk/
Sir Syed University of Engineering and Technology,Karachi,Faculty of Engineering & Computing,BS,Software Engineering,4 Years,Minimum 60% in HSC Pre-Engineering or equivalent.,University Admission Test,130000.0,23 January 2026,https://www.ssuet.edu.pk/
Sir Syed University of Engineering and Technology,Karachi,Faculty of Engineering & Computing,BS,Data Science,4 Years,Minimum 60% in HSC Pre-Engineering or equivalent.,University Admission Test,130000.0,23 January 2026,https://www.ssuet.edu.pk/
Sir Syed University of Engineering and Technology,Karachi,Faculty of Engineering & Computing,BS,Artificial Intelligence,4 Years,Minimum 60% in HSC Pre-Engineering or equivalent.,University Admission Test,130000.0,23 January 2026,https://www.ssuet.edu.pk/
Sir Syed University of Engineering and Technology,Karachi,Faculty of Engineering & Computing,BS,Computer Science,4 Years,Minimum 60% in HSC Pre-Engineering or equivalent.,University Admission Test,130000.0,23 January 2026,https://www.ssuet.edu.pk/
Sir Syed University of Engineering and Technology,Karachi,Faculty of Engineering & Computing,BS,Renewable Energy Systems,4 Years,Minimum 60% in HSC Pre-Engineering or equivalent.,University Admission Test,130000.0,23 January 2026,https://www.ssuet.edu.pk/
Sir Syed University of Engineering and Technology,Karachi,Faculty of Engineering & Computing,BS,Cloud Computing & Information Science,4 Years,Minimum 60% in HSC Pre-Engineering or equivalent.,University Admission Test,130000.0,23 January 2026,https://www.ssuet.edu.pk/
Sir Syed University of Engineering and Technology,Karachi,Faculty of Engineering & Computing,BS,Game Engineering,4 Years,Minimum 60% in HSC Pre-Engineering or equivalent.,University Admission Test,130000.0,23 January 2026,https://www.ssuet.edu.pk/
Sir Syed University of Engineering and Technology,Karachi,Faculty of Engineering & Computing,BS,Software Engineering,4 Years,Minimum 60% in HSC Pre-Engineering or equivalent.,University Admission Test,130000.0,23 January 2026,https://www.ssuet.edu.pk/
Sir Syed University of Engineering and Technology,Karachi,Faculty of Business Administration,BS,Business Administration,4 Years,Minimum 45–50% in HSC or equivalent.,University Admission Test,91000.0,23 January 2026,https://www.ssuet.edu.pk/
Sir Syed University of Engineering and Technology,Karachi,Faculty of Business Administration,BS,Computer Science,4 Years,Minimum 45–50% in HSC or equivalent.,University Admission Test,91000.0,23 January 2026,https://www.ssuet.edu.pk/
Sir Syed University of Engineering and Technology,Karachi,Faculty of Business Administration,BS,Information Technology,4 Years,Minimum 45–50% in HSC or equivalent.,University Admission Test,91000.0,23 January 2026,https://www.ssuet.edu.pk/
Sir Syed University of Engineering and Technology,Karachi,Faculty of Applied Sciences,BS,Biotechnology,4 Years,Minimum 50% in HSC Pre-Medical or equivalent.,University Admission Test,118800.0,23 January 2026,https://www.ssuet.edu.pk/
Sir Syed University of Engineering and Technology,Karachi,Faculty of Applied Sciences,BS,Psychology,4 Years,Minimum 50% in HSC Pre-Medical or equivalent.,University Admission Test,118800.0,23 January 2026,https://www.ssuet.edu.pk/
Sir Syed University of Engineering and Technology,Karachi,Faculty of Applied Sciences,BS,Food Science & Technology,4 Years,Minimum 50% in HSC Pre-Medical or equivalent.,University Admission Test,118800.0,23 January 2026,https://www.ssuet.edu.pk/
Sir Syed University of Engineering and Technology,Karachi,Faculty of Applied Sciences,BS,Medical Technology Cls,4 Years,Minimum 50% in HSC Pre-Medical or equivalent.,University Admission Test,118800.0,23 January 2026,https://www.ssuet.edu.pk/
Sir Syed University of Engineering and Technology,Karachi,Faculty of Applied Sciences,BS,Medical Technology Radiological Imaging,4 Years,Minimum 50% in HSC Pre-Medical or equivalent.,University Admission Test,118800.0,23 January 2026,https://www.ssuet.edu.pk/
Sir Syed University of Engineering and Technology,Karachi,Postgraduate Engineering,MS,Biomedical Engineering,2 Years,16 years relevant education with minimum 2.5 CGPA.,University Admission Test,118800.0,23 January 2026,https://www.ssuet.edu.pk/
Sir Syed University of Engineering and Technology,Karachi,Postgraduate Engineering,MS,Civil Engineering,2 Years,16 years relevant education with minimum 2.5 CGPA.,University Admission Test,118800.0,23 January 2026,https://www.ssuet.edu.pk/
Sir Syed University of Engineering and Technology,Karachi,Postgraduate Engineering,MS,Computer Engineering,2 Years,16 years relevant education with minimum 2.5 CGPA.,University Admission Test,118800.0,23 January 2026,https://www.ssuet.edu.pk/
Sir Syed University of Engineering and Technology,Karachi,Postgraduate Engineering,MS,Computer Science,2 Years,16 years relevant education with minimum 2.5 CGPA.,University Admission Test,118800.0,23 January 2026,https://www.ssuet.edu.pk/
Sir Syed University of Engineering and Technology,Karachi,Postgraduate Engineering,MS,Electronic Engineering,2 Years,16 years relevant education with minimum 2.5 CGPA.,University Admission Test,118800.0,23 January 2026,https://www.ssuet.edu.pk/
Sir Syed University of Engineering and Technology,Karachi,Postgraduate Engineering,MS,Electrical Engineering,2 Years,16 years relevant education with minimum 2.5 CGPA.,University Admission Test,118800.0,23 January 2026,https://www.ssuet.edu.pk/
Sir Syed University of Engineering and Technology,Karachi,Postgraduate Engineering,MS,Mathematics,2 Years,16 years relevant education with minimum 2.5 CGPA.,University Admission Test,118800.0,23 January 2026,https://www.ssuet.edu.pk/
Sir Syed University of Engineering and Technology,Karachi,Postgraduate Engineering,MS,Software Engineering,2 Years,16 years relevant education with minimum 2.5 CGPA.,University Admission Test,118800.0,23 January 2026,https://www.ssuet.edu.pk/
Sir Syed University of Engineering and Technology,Karachi,Business Administration,,Mba,1.5–2 Years,16 years education (Business or Non-Business background).,University Admission Test,118800.0,23 January 2026,https://www.ssuet.edu.pk/
Sir Syed University of Engineering and Technology,Karachi,Doctoral Programs,PhD,Biomedical Engineering,3–5 Years,MS/MPhil with minimum 3.0 CGPA and admission test required.,University Admission Test,130000.0,23 January 2026,https://www.ssuet.edu.pk/
Sir Syed University of Engineering and Technology,Karachi,Doctoral Programs,PhD,Computer Engineering,3–5 Years,MS/MPhil with minimum 3.0 CGPA and admission test required.,University Admission Test,130000.0,23 January 2026,https://www.ssuet.edu.pk/
Sir Syed University of Engineering and Technology,Karachi,Doctoral Programs,PhD,Electronic Engineering,3–5 Years,MS/MPhil with minimum 3.0 CGPA and admission test required.,University Admission Test,130000.0,23 January 2026,https://www.ssuet.edu.pk/
Sir Syed University of Engineering and Technology,Karachi,Doctoral Programs,PhD,Mathematics,3–5 Years,MS/MPhil with minimum 3.0 CGPA and admission test required.,University Admission Test,130000.0,23 January 2026,https://www.ssuet.edu.pk/
University of Health Sciences,Lahore,Faculty of Medicine,BS,Mbbs,5 Years,Minimum 60% marks in FSc (Pre-Medical) or equivalent.,MDCAT / UHS Entry Test / Interview (as applicable),600000.0,October (Fall Intake),https://www.uhs.edu.pk/
University of Health Sciences,Lahore,Faculty of Dentistry,BS,Bds,4 Years,Minimum 60% marks in FSc (Pre-Medical) or equivalent.,MDCAT / UHS Entry Test / Interview (as applicable),550000.0,October (Fall Intake),https://www.uhs.edu.pk/
University of Health Sciences,Lahore,Faculty of Allied Health Sciences,BS,Physical Therapy Dpt,5 Years,Minimum 60% marks in FSc (Pre-Medical) or equivalent.,MDCAT / UHS Entry Test / Interview (as applicable),500000.0,October (Fall Intake),https://www.uhs.edu.pk/
University of Health Sciences,Lahore,Faculty of Nursing,BS,Nursing,4 Years,Minimum 60% marks in FSc (Pre-Medical) or equivalent.,MDCAT / UHS Entry Test / Interview (as applicable),300000.0,October (Fall Intake),https://www.uhs.edu.pk/
University of Health Sciences,Lahore,Faculty of Allied Health Sciences,BS,Medical Laboratory Technology,4 Years,Minimum 60% marks in FSc (Pre-Medical) or equivalent.,MDCAT / UHS Entry Test / Interview (as applicable),350000.0,October (Fall Intake),https://www.uhs.edu.pk/
University of Health Sciences,Lahore,Faculty of Basic Medical Sciences,MS,Anatomy,2 Years,Minimum 16 years of education in relevant medical field.,UHS Entry Test + Interview,450000.0,October (Fall Intake),https://www.uhs.edu.pk/
University of Health Sciences,Lahore,Faculty of Basic Medical Sciences,MS,Physiology,2 Years,Minimum 16 years of education in relevant medical field.,UHS Entry Test + Interview,450000.0,October (Fall Intake),https://www.uhs.edu.pk/
University of Health Sciences,Lahore,Faculty of Basic Medical Sciences,MS,Chemistry,2 Years,Minimum 16 years of education in relevant medical field.,UHS Entry Test + Interview,450000.0,October (Fall Intake),https://www.uhs.edu.pk/
University of Health Sciences,Lahore,Faculty of Basic Medical Sciences,MS,Pharmacology,2 Years,Minimum 16 years of education in relevant medical field.,UHS Entry Test + Interview,450000.0,October (Fall Intake),https://www.uhs.edu.pk/
University of Health Sciences,Lahore,Faculty of Basic Medical Sciences,MS,Public Health,2 Years,Minimum 16 years of education in relevant medical field.,UHS Entry Test + Interview,450000.0,October (Fall Intake),https://www.uhs.edu.pk/
University of Health Sciences,Lahore,Faculty of Basic Medical Sciences,MS,Medical Education,2 Years,Minimum 16 years of education in relevant medical field.,UHS Entry Test + Interview,450000.0,October (Fall Intake),https://www.uhs.edu.pk/
University of Health Sciences,Lahore,Faculty of Basic Medical Sciences,MS,Anatomy,2 Years,Minimum 16 years of education in relevant field with required CGPA.,UHS Entry Test + Interview,350000.0,October (Fall Intake),https://www.uhs.edu.pk/
University of Health Sciences,Lahore,Faculty of Basic Medical Sciences,MS,Physiology,2 Years,Minimum 16 years of education in relevant field with required CGPA.,UHS Entry Test + Interview,350000.0,October (Fall Intake),https://www.uhs.edu.pk/
University of Health Sciences,Lahore,Faculty of Basic Medical Sciences,MS,Chemistry,2 Years,Minimum 16 years of education in relevant field with required CGPA.,UHS Entry Test + Interview,350000.0,October (Fall Intake),https://www.uhs.edu.pk/
University of Health Sciences,Lahore,Faculty of Basic Medical Sciences,MS,Pharmacology,2 Years,Minimum 16 years of education in relevant field with required CGPA.,UHS Entry Test + Interview,350000.0,October (Fall Intake),https://www.uhs.edu.pk/
University of Health Sciences,Lahore,Faculty of Basic Medical Sciences,MS,Public Health,2 Years,Minimum 16 years of education in relevant field with required CGPA.,UHS Entry Test + Interview,350000.0,October (Fall Intake),https://www.uhs.edu.pk/
University of Health Sciences,Lahore,Faculty of Basic Medical Sciences,PhD,Anatomy,3-5 Years,Minimum 18 years of education (MPhil/MS) in relevant field.,UHS Entry Test + Interview,400000.0,October (Fall Intake),https://www.uhs.edu.pk/
University of Health Sciences,Lahore,Faculty of Basic Medical Sciences,PhD,Physiology,3-5 Years,Minimum 18 years of education (MPhil/MS) in relevant field.,UHS Entry Test + Interview,400000.0,October (Fall Intake),https://www.uhs.edu.pk/
University of Health Sciences,Lahore,Faculty of Basic Medical Sciences,PhD,Chemistry,3-5 Years,Minimum 18 years of education (MPhil/MS) in relevant field.,UHS Entry Test + Interview,400000.0,October (Fall Intake),https://www.uhs.edu.pk/
University of Health Sciences,Lahore,Faculty of Basic Medical Sciences,PhD,Pharmacology,3-5 Years,Minimum 18 years of education (MPhil/MS) in relevant field.,UHS Entry Test + Interview,400000.0,October (Fall Intake),https://www.uhs.edu.pk/
University of Health Sciences,Lahore,Faculty of Basic Medical Sciences,PhD,Public Health,3-5 Years,Minimum 18 years of education (MPhil/MS) in relevant field.,UHS Entry Test + Interview,400000.0,October (Fall Intake),https://www.uhs.edu.pk/
University of Veterinary and Animal Sciences,Lahore,Faculty of Veterinary Science,BS,Veterinary Medicine Dvm,5 Years,F.Sc (Pre-Medical or Equivalent) with minimum required percentage.,UVAS Entry Test / Interview (as applicable),180000.0,01 August 2026,https://uvas.edu.pk/
University of Veterinary and Animal Sciences,Lahore,Faculty of Pharmaceutical Sciences,BS,Pharmacy Pharmd,5 Years,F.Sc (Pre-Medical or Equivalent) with minimum required percentage.,UVAS Entry Test / Interview (as applicable),180000.0,01 August 2026,https://uvas.edu.pk/
University of Veterinary and Animal Sciences,Lahore,Faculty of Life Sciences,BS,Biology,4 Years,F.Sc (Pre-Medical or Equivalent) with minimum required percentage.,UVAS Entry Test / Interview (as applicable),180000.0,01 August 2026,https://uvas.edu.pk/
University of Veterinary and Animal Sciences,Lahore,Faculty of Life Sciences,BS,Chemistry,4 Years,F.Sc (Pre-Medical or Equivalent) with minimum required percentage.,UVAS Entry Test / Interview (as applicable),180000.0,01 August 2026,https://uvas.edu.pk/
University of Veterinary and Animal Sciences,Lahore,Faculty of Life Sciences,BS,Biotechnology,4 Years,F.Sc (Pre-Medical or Equivalent) with minimum required percentage.,UVAS Entry Test / Interview (as applicable),180000.0,01 August 2026,https://uvas.edu.pk/
University of Veterinary and Animal Sciences,Lahore,Faculty of Life Sciences,BS,Computer Science,4 Years,F.Sc (Pre-Medical or Equivalent) with minimum required percentage.,UVAS Entry Test / Interview (as applicable),180000.0,01 August 2026,https://uvas.edu.pk/
University of Veterinary and Animal Sciences,Lahore,Faculty of Life Sciences,BS,Environmental Sciences,4 Years,F.Sc (Pre-Medical or Equivalent) with minimum required percentage.,UVAS Entry Test / Interview (as applicable),180000.0,01 August 2026,https://uvas.edu.pk/
University of Veterinary and Animal Sciences,Lahore,Faculty of Life Sciences,BS,Zoology,4 Years,F.Sc (Pre-Medical or Equivalent) with minimum required percentage.,UVAS Entry Test / Interview (as applicable),180000.0,01 August 2026,https://uvas.edu.pk/
University of Veterinary and Animal Sciences,Lahore,Faculty of Life Sciences,BS,Computer Science,4 Years,F.Sc (Pre-Medical or Equivalent) with minimum required percentage.,UVAS Entry Test / Interview (as applicable),180000.0,01 August 2026,https://uvas.edu.pk/
University of Veterinary and Animal Sciences,Lahore,Faculty of Life Sciences,BS,Medical Laboratory Technology,4 Years,F.Sc (Pre-Medical or Equivalent) with minimum required percentage.,UVAS Entry Test / Interview (as applicable),180000.0,01 August 2026,https://uvas.edu.pk/
University of Veterinary and Animal Sciences,Lahore,Faculty of Life Sciences,BS,Food Science & Technology,4 Years,F.Sc (Pre-Medical or Equivalent) with minimum required percentage.,UVAS Entry Test / Interview (as applicable),180000.0,01 August 2026,https://uvas.edu.pk/
University of Veterinary and Animal Sciences,Lahore,Faculty of Animal Production & Technology,BS,Poultry Science,4 Years,F.Sc (Pre-Medical or Equivalent) with minimum required percentage.,UVAS Entry Test / Interview (as applicable),180000.0,01 August 2026,https://uvas.edu.pk/
University of Veterinary and Animal Sciences,Lahore,Faculty of Animal Production & Technology,BS,Artificial Intelligence,4 Years,F.Sc (Pre-Medical or Equivalent) with minimum required percentage.,UVAS Entry Test / Interview (as applicable),180000.0,01 August 2026,https://uvas.edu.pk/
University of Veterinary and Animal Sciences,Lahore,Faculty of Animal Production & Technology,BS,Information Technology,4 Years,F.Sc (Pre-Medical or Equivalent) with minimum required percentage.,UVAS Entry Test / Interview (as applicable),180000.0,01 August 2026,https://uvas.edu.pk/
University of Veterinary and Animal Sciences,Lahore,Faculty of Animal Production & Technology,BS,Livestock Management,4 Years,F.Sc (Pre-Medical or Equivalent) with minimum required percentage.,UVAS Entry Test / Interview (as applicable),180000.0,01 August 2026,https://uvas.edu.pk/
University of Veterinary and Animal Sciences,Lahore,Faculty of Animal Production & Technology,BS,Animal Products Technology,4 Years,F.Sc (Pre-Medical or Equivalent) with minimum required percentage.,UVAS Entry Test / Interview (as applicable),180000.0,01 August 2026,https://uvas.edu.pk/
University of Veterinary and Animal Sciences,Lahore,Faculty of Veterinary Science,BS,Theriogenology,4 Years,F.Sc (Pre-Medical or Equivalent) with minimum required percentage.,UVAS Entry Test / Interview (as applicable),180000.0,01 August 2026,https://uvas.edu.pk/
University of Veterinary and Animal Sciences,Lahore,Faculty of Veterinary Science,BS,Clinical Sciences,4 Years,F.Sc (Pre-Medical or Equivalent) with minimum required percentage.,UVAS Entry Test / Interview (as applicable),180000.0,01 August 2026,https://uvas.edu.pk/
University of Veterinary and Animal Sciences,Lahore,Faculty of Veterinary Science,BS,Veterinary & Biomedical Sciences,4 Years,F.Sc (Pre-Medical or Equivalent) with minimum required percentage.,UVAS Entry Test / Interview (as applicable),180000.0,01 August 2026,https://uvas.edu.pk/
University of Veterinary and Animal Sciences,Lahore,Faculty of Veterinary Science,BS,Pathology,4 Years,F.Sc (Pre-Medical or Equivalent) with minimum required percentage.,UVAS Entry Test / Interview (as applicable),180000.0,01 August 2026,https://uvas.edu.pk/
University of Veterinary and Animal Sciences,Lahore,Faculty of Veterinary Science,BS,Information Technology,4 Years,F.Sc (Pre-Medical or Equivalent) with minimum required percentage.,UVAS Entry Test / Interview (as applicable),180000.0,01 August 2026,https://uvas.edu.pk/
University of Veterinary and Animal Sciences,Lahore,Faculty of Veterinary Science,BS,Epidemiology & Public Health,4 Years,F.Sc (Pre-Medical or Equivalent) with minimum required percentage.,UVAS Entry Test / Interview (as applicable),180000.0,01 August 2026,https://uvas.edu.pk/
University of Veterinary and Animal Sciences,Lahore,Faculty of Fisheries & Wildlife,BS,Wildlife & Ecology,4 Years,F.Sc (Pre-Medical or Equivalent) with minimum required percentage.,UVAS Entry Test / Interview (as applicable),180000.0,01 August 2026,https://uvas.edu.pk/
University of Veterinary and Animal Sciences,Lahore,Faculty of Fisheries & Wildlife,BS,Fisheries & Aquaculture,4 Years,F.Sc (Pre-Medical or Equivalent) with minimum required percentage.,UVAS Entry Test / Interview (as applicable),180000.0,01 August 2026,https://uvas.edu.pk/
University of Veterinary and Animal Sciences,Lahore,Relevant Faculty,MS,Biology,2 Years,16 years relevant education with required CGPA.,UVAS Entry Test / Interview (as applicable),220000.0,01 August 2026,https://uvas.edu.pk/
University of Veterinary and Animal Sciences,Lahore,Relevant Faculty,MS,Biotechnology,2 Years,16 years relevant education with required CGPA.,UVAS Entry Test / Interview (as applicable),220000.0,01 August 2026,https://uvas.edu.pk/
University of Veterinary and Animal Sciences,Lahore,Relevant Faculty,MS,Chemistry,2 Years,16 years relevant education with required CGPA.,UVAS Entry Test / Interview (as applicable),220000.0,01 August 2026,https://uvas.edu.pk/
University of Veterinary and Animal Sciences,Lahore,Relevant Faculty,MS,Environmental Sciences,2 Years,16 years relevant education with required CGPA.,UVAS Entry Test / Interview (as applicable),220000.0,01 August 2026,https://uvas.edu.pk/
University of Veterinary and Animal Sciences,Lahore,Relevant Faculty,MS,Zoology,2 Years,16 years relevant education with required CGPA.,UVAS Entry Test / Interview (as applicable),220000.0,01 August 2026,https://uvas.edu.pk/
University of Veterinary and Animal Sciences,Lahore,Relevant Faculty,MS,Information Technology,2 Years,16 years relevant education with required CGPA.,UVAS Entry Test / Interview (as applicable),220000.0,01 August 2026,https://uvas.edu.pk/
University of Veterinary and Animal Sciences,Lahore,Relevant Faculty,MS,Medical Laboratory Sciences,2 Years,16 years relevant education with required CGPA.,UVAS Entry Test / Interview (as applicable),220000.0,01 August 2026,https://uvas.edu.pk/
University of Veterinary and Animal Sciences,Lahore,Relevant Faculty,MS,Food Science,2 Years,16 years relevant education with required CGPA.,UVAS Entry Test / Interview (as applicable),220000.0,01 August 2026,https://uvas.edu.pk/
University of Veterinary and Animal Sciences,Lahore,Relevant Faculty,MS,Poultry Science,2 Years,16 years relevant education with required CGPA.,UVAS Entry Test / Interview (as applicable),220000.0,01 August 2026,https://uvas.edu.pk/
University of Veterinary and Animal Sciences,Lahore,Relevant Faculty,MS,Artificial Intelligence,2 Years,16 years relevant education with required CGPA.,UVAS Entry Test / Interview (as applicable),220000.0,01 August 2026,https://uvas.edu.pk/
University of Veterinary and Animal Sciences,Lahore,Relevant Faculty,MS,Information Technology,2 Years,16 years relevant education with required CGPA.,UVAS Entry Test / Interview (as applicable),220000.0,01 August 2026,https://uvas.edu.pk/
University of Veterinary and Animal Sciences,Lahore,Relevant Faculty,MS,Livestock Management,2 Years,16 years relevant education with required CGPA.,UVAS Entry Test / Interview (as applicable),220000.0,01 August 2026,https://uvas.edu.pk/
University of Veterinary and Animal Sciences,Lahore,Relevant Faculty,MS,Computer Science,2 Years,16 years relevant education with required CGPA.,UVAS Entry Test / Interview (as applicable),220000.0,01 August 2026,https://uvas.edu.pk/
University of Veterinary and Animal Sciences,Lahore,Relevant Faculty,MS,Theriogenology,2 Years,16 years relevant education with required CGPA.,UVAS Entry Test / Interview (as applicable),220000.0,01 August 2026,https://uvas.edu.pk/
University of Veterinary and Animal Sciences,Lahore,Relevant Faculty,MS,Clinical Medicine,2 Years,16 years relevant education with required CGPA.,UVAS Entry Test / Interview (as applicable),220000.0,01 August 2026,https://uvas.edu.pk/
University of Veterinary and Animal Sciences,Lahore,Relevant Faculty,MS,Veterinary Surgery,2 Years,16 years relevant education with required CGPA.,UVAS Entry Test / Interview (as applicable),220000.0,01 August 2026,https://uvas.edu.pk/
University of Veterinary and Animal Sciences,Lahore,Relevant Faculty,MS,Veterinary Pathology,2 Years,16 years relevant education with required CGPA.,UVAS Entry Test / Interview (as applicable),220000.0,01 August 2026,https://uvas.edu.pk/
University of Veterinary and Animal Sciences,Lahore,Relevant Faculty,MS,Information Technology,2 Years,16 years relevant education with required CGPA.,UVAS Entry Test / Interview (as applicable),220000.0,01 August 2026,https://uvas.edu.pk/
University of Veterinary and Animal Sciences,Lahore,Relevant Faculty,MS,Epidemiology & Public Health,2 Years,16 years relevant education with required CGPA.,UVAS Entry Test / Interview (as applicable),220000.0,01 August 2026,https://uvas.edu.pk/
University of Veterinary and Animal Sciences,Lahore,Relevant Faculty,MS,Wildlife & Ecology,2 Years,16 years relevant education with required CGPA.,UVAS Entry Test / Interview (as applicable),220000.0,01 August 2026,https://uvas.edu.pk/
University of Veterinary and Animal Sciences,Lahore,Relevant Faculty,MS,Fisheries & Aquaculture,2 Years,16 years relevant education with required CGPA.,UVAS Entry Test / Interview (as applicable),220000.0,01 August 2026,https://uvas.edu.pk/
University of Veterinary and Animal Sciences,Lahore,Relevant Faculty,MS,Pharmacology,2 Years,16 years relevant education with required CGPA.,UVAS Entry Test / Interview (as applicable),220000.0,01 August 2026,https://uvas.edu.pk/
University of Veterinary and Animal Sciences,Lahore,Relevant Faculty,MS,Toxicology,2 Years,16 years relevant education with required CGPA.,UVAS Entry Test / Interview (as applicable),220000.0,01 August 2026,https://uvas.edu.pk/
University of Veterinary and Animal Sciences,Lahore,Relevant Faculty,MS,Immunology,2 Years,16 years relevant education with required CGPA.,UVAS Entry Test / Interview (as applicable),220000.0,01 August 2026,https://uvas.edu.pk/
University of Veterinary and Animal Sciences,Lahore,Relevant Faculty,MS,Biology,2 Years,16 years relevant education with required CGPA.,UVAS Entry Test / Interview (as applicable),220000.0,01 August 2026,https://uvas.edu.pk/
University of Veterinary and Animal Sciences,Lahore,Relevant Faculty,MS,Biology,2 Years,MS/Relevant degree with required CGPA.,UVAS Entry Test / Interview (as applicable),220000.0,01 August 2026,https://uvas.edu.pk/
University of Veterinary and Animal Sciences,Lahore,Relevant Faculty,MS,Biotechnology,2 Years,MS/Relevant degree with required CGPA.,UVAS Entry Test / Interview (as applicable),220000.0,01 August 2026,https://uvas.edu.pk/
University of Veterinary and Animal Sciences,Lahore,Relevant Faculty,MS,Chemistry,2 Years,MS/Relevant degree with required CGPA.,UVAS Entry Test / Interview (as applicable),220000.0,01 August 2026,https://uvas.edu.pk/
University of Veterinary and Animal Sciences,Lahore,Relevant Faculty,MS,Environmental Sciences,2 Years,MS/Relevant degree with required CGPA.,UVAS Entry Test / Interview (as applicable),220000.0,01 August 2026,https://uvas.edu.pk/
University of Veterinary and Animal Sciences,Lahore,Relevant Faculty,MS,Zoology,2 Years,MS/Relevant degree with required CGPA.,UVAS Entry Test / Interview (as applicable),220000.0,01 August 2026,https://uvas.edu.pk/
University of Veterinary and Animal Sciences,Lahore,Relevant Faculty,MS,Information Technology,2 Years,MS/Relevant degree with required CGPA.,UVAS Entry Test / Interview (as applicable),220000.0,01 August 2026,https://uvas.edu.pk/
University of Veterinary and Animal Sciences,Lahore,Relevant Faculty,MS,Medical Laboratory Sciences,2 Years,MS/Relevant degree with required CGPA.,UVAS Entry Test / Interview (as applicable),220000.0,01 August 2026,https://uvas.edu.pk/
University of Veterinary and Animal Sciences,Lahore,Relevant Faculty,MS,Food Science,2 Years,MS/Relevant degree with required CGPA.,UVAS Entry Test / Interview (as applicable),220000.0,01 August 2026,https://uvas.edu.pk/
University of Veterinary and Animal Sciences,Lahore,Relevant Faculty,MS,Poultry Science,2 Years,MS/Relevant degree with required CGPA.,UVAS Entry Test / Interview (as applicable),220000.0,01 August 2026,https://uvas.edu.pk/
University of Veterinary and Animal Sciences,Lahore,Relevant Faculty,MS,Artificial Intelligence,2 Years,MS/Relevant degree with required CGPA.,UVAS Entry Test / Interview (as applicable),220000.0,01 August 2026,https://uvas.edu.pk/
University of Veterinary and Animal Sciences,Lahore,Relevant Faculty,MS,Information Technology,2 Years,MS/Relevant degree with required CGPA.,UVAS Entry Test / Interview (as applicable),220000.0,01 August 2026,https://uvas.edu.pk/
University of Veterinary and Animal Sciences,Lahore,Relevant Faculty,MS,Livestock Management,2 Years,MS/Relevant degree with required CGPA.,UVAS Entry Test / Interview (as applicable),220000.0,01 August 2026,https://uvas.edu.pk/
University of Veterinary and Animal Sciences,Lahore,Relevant Faculty,MS,Computer Science,2 Years,MS/Relevant degree with required CGPA.,UVAS Entry Test / Interview (as applicable),220000.0,01 August 2026,https://uvas.edu.pk/
University of Veterinary and Animal Sciences,Lahore,Relevant Faculty,MS,Theriogenology,2 Years,MS/Relevant degree with required CGPA.,UVAS Entry Test / Interview (as applicable),220000.0,01 August 2026,https://uvas.edu.pk/
University of Veterinary and Animal Sciences,Lahore,Relevant Faculty,MS,Clinical Medicine,2 Years,MS/Relevant degree with required CGPA.,UVAS Entry Test / Interview (as applicable),220000.0,01 August 2026,https://uvas.edu.pk/
University of Veterinary and Animal Sciences,Lahore,Relevant Faculty,MS,Veterinary Surgery,2 Years,MS/Relevant degree with required CGPA.,UVAS Entry Test / Interview (as applicable),220000.0,01 August 2026,https://uvas.edu.pk/
University of Veterinary and Animal Sciences,Lahore,Relevant Faculty,MS,Veterinary Pathology,2 Years,MS/Relevant degree with required CGPA.,UVAS Entry Test / Interview (as applicable),220000.0,01 August 2026,https://uvas.edu.pk/
University of Veterinary and Animal Sciences,Lahore,Relevant Faculty,MS,Information Technology,2 Years,MS/Relevant degree with required CGPA.,UVAS Entry Test / Interview (as applicable),220000.0,01 August 2026,https://uvas.edu.pk/
University of Veterinary and Animal Sciences,Lahore,Relevant Faculty,MS,Epidemiology & Public Health,2 Years,MS/Relevant degree with required CGPA.,UVAS Entry Test / Interview (as applicable),220000.0,01 August 2026,https://uvas.edu.pk/
University of Veterinary and Animal Sciences,Lahore,Relevant Faculty,MS,Wildlife & Ecology,2 Years,MS/Relevant degree with required CGPA.,UVAS Entry Test / Interview (as applicable),220000.0,01 August 2026,https://uvas.edu.pk/
University of Veterinary and Animal Sciences,Lahore,Relevant Faculty,MS,Fisheries & Aquaculture,2 Years,MS/Relevant degree with required CGPA.,UVAS Entry Test / Interview (as applicable),220000.0,01 August 2026,https://uvas.edu.pk/
University of Veterinary and Animal Sciences,Lahore,Relevant Faculty,MS,Pharmacology,2 Years,MS/Relevant degree with required CGPA.,UVAS Entry Test / Interview (as applicable),220000.0,01 August 2026,https://uvas.edu.pk/
University of Veterinary and Animal Sciences,Lahore,Relevant Faculty,MS,Toxicology,2 Years,MS/Relevant degree with required CGPA.,UVAS Entry Test / Interview (as applicable),220000.0,01 August 2026,https://uvas.edu.pk/
University of Veterinary and Animal Sciences,Lahore,Relevant Faculty,MS,Immunology,2 Years,MS/Relevant degree with required CGPA.,UVAS Entry Test / Interview (as applicable),220000.0,01 August 2026,https://uvas.edu.pk/
University of Veterinary and Animal Sciences,Lahore,Relevant Faculty,MS,Biology,2 Years,MS/Relevant degree with required CGPA.,UVAS Entry Test / Interview (as applicable),220000.0,01 August 2026,https://uvas.edu.pk/
University of Veterinary and Animal Sciences,Lahore,Relevant Faculty,PhD,Biology,3–5 Years,MPhil/MS in relevant field with required CGPA.,UVAS Entry Test / Interview (as applicable),250000.0,01 August 2026,https://uvas.edu.pk/
University of Veterinary and Animal Sciences,Lahore,Relevant Faculty,PhD,Biotechnology,3–5 Years,MPhil/MS in relevant field with required CGPA.,UVAS Entry Test / Interview (as applicable),250000.0,01 August 2026,https://uvas.edu.pk/
University of Veterinary and Animal Sciences,Lahore,Relevant Faculty,PhD,Chemistry,3–5 Years,MPhil/MS in relevant field with required CGPA.,UVAS Entry Test / Interview (as applicable),250000.0,01 August 2026,https://uvas.edu.pk/
University of Veterinary and Animal Sciences,Lahore,Relevant Faculty,PhD,Environmental Sciences,3–5 Years,MPhil/MS in relevant field with required CGPA.,UVAS Entry Test / Interview (as applicable),250000.0,01 August 2026,https://uvas.edu.pk/
University of Veterinary and Animal Sciences,Lahore,Relevant Faculty,PhD,Information Technology,3–5 Years,MPhil/MS in relevant field with required CGPA.,UVAS Entry Test / Interview (as applicable),250000.0,01 August 2026,https://uvas.edu.pk/
University of Veterinary and Animal Sciences,Lahore,Relevant Faculty,PhD,Artificial Intelligence,3–5 Years,MPhil/MS in relevant field with required CGPA.,UVAS Entry Test / Interview (as applicable),250000.0,01 August 2026,https://uvas.edu.pk/
University of Veterinary and Animal Sciences,Lahore,Relevant Faculty,PhD,Veterinary Medicine,3–5 Years,MPhil/MS in relevant field with required CGPA.,UVAS Entry Test / Interview (as applicable),250000.0,01 August 2026,https://uvas.edu.pk/
University of Veterinary and Animal Sciences,Lahore,Relevant Faculty,PhD,Veterinary Surgery,3–5 Years,MPhil/MS in relevant field with required CGPA.,UVAS Entry Test / Interview (as applicable),250000.0,01 August 2026,https://uvas.edu.pk/
University of Veterinary and Animal Sciences,Lahore,Relevant Faculty,PhD,Veterinary Pathology,3–5 Years,MPhil/MS in relevant field with required CGPA.,UVAS Entry Test / Interview (as applicable),250000.0,01 August 2026,https://uvas.edu.pk/
University of Veterinary and Animal Sciences,Lahore,Relevant Faculty,PhD,Information Technology,3–5 Years,MPhil/MS in relevant field with required CGPA.,UVAS Entry Test / Interview (as applicable),250000.0,01 August 2026,https://uvas.edu.pk/
University of Veterinary and Animal Sciences,Lahore,Relevant Faculty,PhD,Epidemiology & Public Health,3–5 Years,MPhil/MS in relevant field with required CGPA.,UVAS Entry Test / Interview (as applicable),250000.0,01 August 2026,https://uvas.edu.pk/
University of Veterinary and Animal Sciences,Lahore,Relevant Faculty,PhD,Wildlife & Ecology,3–5 Years,MPhil/MS in relevant field with required CGPA.,UVAS Entry Test / Interview (as applicable),250000.0,01 August 2026,https://uvas.edu.pk/
University of Veterinary and Animal Sciences,Lahore,Relevant Faculty,PhD,Fisheries & Aquaculture,3–5 Years,MPhil/MS in relevant field with required CGPA.,UVAS Entry Test / Interview (as applicable),250000.0,01 August 2026,https://uvas.edu.pk/
University of Veterinary and Animal Sciences,Lahore,Relevant Faculty,PhD,Pharmacology,3–5 Years,MPhil/MS in relevant field with required CGPA.,UVAS Entry Test / Interview (as applicable),250000.0,01 August 2026,https://uvas.edu.pk/
University of Veterinary and Animal Sciences,Lahore,Relevant Faculty,PhD,Immunology,3–5 Years,MPhil/MS in relevant field with required CGPA.,UVAS Entry Test / Interview (as applicable),250000.0,01 August 2026,https://uvas.edu.pk/
University of Veterinary and Animal Sciences,Lahore,Relevant Faculty,PhD,Biology,3–5 Years,MPhil/MS in relevant field with required CGPA.,UVAS Entry Test / Interview (as applicable),250000.0,01 August 2026,https://uvas.edu.pk/
