university_name,city,department,degree,program,duration,eligibility_criteria,test_required,fee_structure,admission_deadline,program_url
Air University,Islamabad,Department of Computer Science,MPhil,Computer Science,2 Years,BS / BE (relevant discipline),GAT (General) / AU Test,125000.0,31-August-2026,https://www.au.edu.pk/
Air University,Islamabad,Department of Computer Science,PhD,Computer Science,3–5 Years,MS / MPhil (relevant discipline),GAT (Subject) + Interview,150000.0,31-August-2026,https://www.au.edu.pk/
Air University,Islamabad,Department of Cyber Security,BS,Cyber Security,4 Years,Intermediate / A-Levels (relevant discipline),Air University Admission Test,95000.0,31-August-2026,https://www.au.edu.pk/
Air University,Islamabad,Department of Cyber Security,MPhil,Cyber Security,2 Years,BS / BE (relevant discipline),GAT (General) / AU Test,125000.0,31-August-2026,https://www.au.edu.pk/
Air University,Islamabad,Department of Cyber Security,PhD,Cyber Security,3–5 Years,MS / MPhil (relevant discipline),GAT (Subject) + Interview,150000.0,31-August-2026,https://www.au.edu.pk/
Air University,Islamabad,Faculty of Computing & AI,BS,Computer Science,4 Years,Intermediate / A-Levels (relevant discipline),Air University Admission Test,95000.0,31-August-2026,https://www.au.edu.pk/
Air University,Islamabad,Faculty of Computing & AI,MPhil,Computer Science,2 Years,BS / BE (relevant discipline),GAT (General) / AU Test,125000.0,31-August-2026,https://www.au.edu.pk/
Air University,Islamabad,Faculty of Computing & AI,PhD,Computer Science,3–5 Years,MS / MPhil (relevant discipline),GAT (Subject) + Interview,150000.0,31-August-2026,https://www.au.edu.pk/
Air University,Islamabad,Faculty of Management & Social Sciences,MPhil,Clinical,2 Years,BS / BE (relevant discipline),GAT (General) / AU Test,125000.0,31-August-2026,https://www.au.edu.pk/
Air University,Islamabad,Faculty of Management & Social Sciences,BS,Business Administration,4 Years,Intermediate / A-Levels (relevant discipline),Air University Admission Test,95000.0,31-August-2026,https://www.au.edu.pk/
Air University,Islamabad,Faculty of Management & Social Sciences,BS,Accounting,4 Years,Intermediate / A-Levels (relevant discipline),Air University Admission Test,95000.0,31-August-2026,https://www.au.edu.pk/
Air University,Islamabad,Faculty of Management & Social Sciences,BS,Aviation,4 Years,Intermediate / A-Levels (relevant discipline),Air University Admission Test,95000.0,31-August-2026,https://www.au.edu.pk/
Air University,Islamabad,Faculty of Management & Social Sciences,BS,Tourism,4 Years,Intermediate / A-Levels (relevant discipline),Air University Admission Test,95000.0,31-August-2026,https://www.au.edu.pk/
Air University,Islamabad,Faculty of Management & Social Sciences,BS,Healthcare,4 Years,Intermediate / A-Levels (relevant discipline),Air University Admission Test,95000.0,31-August-2026,https://www.au.edu.pk/
Air University,Islamabad,Faculty of Management & Social Sciences,MPhil,Project,2 Years,BS / BE (relevant discipline),GAT (General) / AU Test,125000.0,31-August-2026,https://www.au.edu.pk/
Air University,Islamabad,Faculty of Management & Social Sciences,MPhil,Management Sciences,2 Years,BS / BE (relevant discipline),GAT (General) / AU Test,125000.0,31-August-2026,https://www.au.edu.pk/
Air University,Islamabad,Faculty of Management & Social Sciences,MPhil,Business,2 Years,BS / BE (relevant discipline),GAT (General) / AU Test,125000.0,31-August-2026,https://www.au.edu.pk/
Air University,Islamabad,Faculty of Management & Social Sciences,PhD,Management Sciences,3–5 Years,MS / MPhil (relevant discipline),GAT (Subject) + Interview,150000.0,31-August-2026,https://www.au.edu.pk/
Air University,Islamabad,Department of Computer Science,MS,Computer Science,2 Years,As per Air University & HEC criteria,GAT (General) / AU Test,125000.0,31-August-2026,https://www.au.edu.pk
Air University,Islamabad,Department of Cyber Security,PhD,Cyber Security,3–5 Years,As per Air University & HEC criteria,GAT (Subject) + Interview,150000.0,31-August-2026,https://www.au.edu.pk
Air University,Islamabad,Department of Physics,PhD,Physics,3–5 Years,MS / MPhil (relevant discipline),GAT (Subject) + Interview,150000.0,31-August-2026,https://www.au.edu.pk/
Air University,Islamabad,Faculty of Management & Social Sciences,MS,Clinical,2 Years,As per Air University & HEC criteria,GAT (General) / AU Test,125000.0,31-August-2026,https://www.au.edu.pk
Air University,Islamabad,Faculty of Management & Social Sciences,BS,Business Administration,4 Years,As per Air University & HEC criteria,Air University Admission Test,95000.0,31-August-2026,https://www.au.edu.pk
Aga Khan University,Karachi,Medical College,BS,Medicine & Surgery,5 Years,FSc (Pre-Medical) / A-Levels,AKU MCAT + Interview,650000.0,31-March-2026,https://www.aku.edu/admissions/mbbs/Pages/home.aspx
Aga Khan University,Karachi,Faculty of Arts & Sciences,BS,Studies,4 Years,Intermediate / A-Levels (relevant discipline),AKU Admission Test + Interview,300000.0,31-March-2026,https://www.aku.edu/admissions/bs/Pages/home.aspx
Aga Khan University,Karachi,School of Nursing & Midwifery,BS,Dental Hygiene,2 Years,Intermediate / A-Levels (relevant discipline),AKU Admission Test + Interview,180000.0,31-March-2026,https://www.aku.edu/admissions/asdh/Pages/home.aspx
Aga Khan University,Karachi,School of Nursing & Midwifery,BS,Nursing,2 Years,Intermediate / A-Levels (relevant discipline),AKU Admission Test + Interview,200000.0,31-March-2026,https://www.aku.edu/admissions/post-rnbscn/Pages/home.aspx
Aga Khan University,Karachi,School of Nursing & Midwifery,BS,Midwifery,2 Years,Intermediate / A-Levels (relevant discipline),AKU Admission Test + Interview,200000.0,31-March-2026,https://www.aku.edu/admissions/post-rmbscm/Pages/home.aspx
Aga Khan University,Karachi,Institute for Educational Development (IED),BS,Education,4 Years,Intermediate / A-Levels (relevant discipline),AKU Admission Test + Interview,180000.0,31-March-2026,https://www.aku.edu/admissions/bed/Pages/home.aspx
Aga Khan University,Karachi,Institute for Educational Development (IED),MS,Education,2 Years,16–18 years of education (relevant discipline),AKU Admission Test + Interview,250000.0,30-April-2026,https://www.aku.edu/admissions/Pages/graduate.aspx
Aga Khan University,Karachi,Institute for Educational Development (IED),MPhil,Education (MPhil Education,2 Years,16–18 years of education (relevant discipline),AKU Admission Test + Interview,275000.0,30-April-2026,https://www.aku.edu/admissions/mphil-education/Pages/home.aspx
Aga Khan University,Karachi,Institute for Educational Development (IED),PhD,Education (PhD Education,3–5 Years,MPhil / MS (Education or relevant discipline),Research Proposal + Interview,300000.0,30-April-2026,https://www.aku.edu/admissions/phd-education/Pages/home.aspx
Aga Khan University,Karachi,Medical College / Medical Education,MS,Education in Medical Education,2 Years,16–18 years of education (relevant discipline),AKU Admission Test + Interview,250000.0,30-April-2026,https://www.aku.edu/admissions/med/Pages/home.aspx
Bahria University,Islamabad,School of Management Sciences,MBA,Business Administration,2 Years,BS / BE (relevant discipline),GAT (General) / Bahria Test,135000.0,30-September-2026,https://bahria.edu.pk/Home/AdmissionRoadmapDetails?roadmapId=101
Bahria University,Islamabad,School of Management Sciences,MBA,Pharmaceutical and Health Management,2 Years,BS / BE (relevant discipline),GAT (General) / Bahria Test,135000.0,30-September-2026,https://bahria.edu.pk/Home/AdmissionRoadmapDetails?roadmapId=105
Bahria University,Islamabad,School of Management Sciences,MBA,For Business graduates,2 Years,BS / BE (relevant discipline),GAT (General) / Bahria Test,135000.0,30-September-2026,https://bahria.edu.pk/Home/AdmissionRoadmapDetails?roadmapId=102
Bahria University,Islamabad,Bahria University,MS,Artificial Intelligence,2 Years,BS / BE (relevant discipline),GAT (General) / Bahria Test,135000.0,30-September-2026,https://bahria.edu.pk/Home/AdmissionRoadmapDetails?roadmapId=115
Bahria University,Islamabad,Department of Computer Science,MS,Computer Engineering,2 Years,BS / BE (relevant discipline),GAT (General) / Bahria Test,135000.0,30-September-2026,https://bahria.edu.pk/Home/AdmissionRoadmapDetails?roadmapId=112
Bahria University,Islamabad,Department of Electrical Engineering,MS,Electrical Engineering,2 Years,BS / BE (relevant discipline),GAT (General) / Bahria Test,135000.0,30-September-2026,https://bahria.edu.pk/Home/AdmissionRoadmapDetails?roadmapId=108
Bahria University,Islamabad,Department of Engineering,MS,Geophysics,2 Years,BS / BE (relevant discipline),GAT (General) / Bahria Test,135000.0,30-September-2026,https://bahria.edu.pk/Home/AdmissionRoadmapDetails?roadmapId=125
Bahria University,Islamabad,Department of Computer Science,MS,Information Security,2 Years,BS / BE (relevant discipline),GAT (General) / Bahria Test,135000.0,30-September-2026,https://bahria.edu.pk/Home/AdmissionRoadmapDetails?roadmapId=120
Bahria University,Islamabad,Faculty of Social Sciences,MS,Media Studies,2 Years,BS / BE (relevant discipline),GAT (General) / Bahria Test,135000.0,30-September-2026,https://bahria.edu.pk/Home/AdmissionRoadmapDetails?roadmapId=122
Bahria University,Islamabad,School of Management Sciences,MS,Project Management,2 Years,BS / BE (relevant discipline),GAT (General) / Bahria Test,135000.0,30-September-2026,https://bahria.edu.pk/Home/AdmissionRoadmapDetails?roadmapId=106
Bahria University,Islamabad,Department of Computer Science,MS,Software Engineering,2 Years,BS / BE (relevant discipline),GAT (General) / Bahria Test,135000.0,30-September-2026,https://bahria.edu.pk/Home/AdmissionRoadmapDetails?roadmapId=109
Bahria University,Islamabad,Department of Electrical Engineering,MS,Telecom & Networking,2 Years,BS / BE (relevant discipline),GAT (General) / Bahria Test,135000.0,30-September-2026,https://bahria.edu.pk/Home/AdmissionRoadmapDetails?roadmapId=118
Bahria University,Islamabad,Faculty of Social Sciences,BS,Media Studies,4 Years,Intermediate / A-Levels (relevant discipline),Bahria University Admission Test / SAT,110000.0,31-August-2026,https://bahria.edu.pk/Home/AdmissionRoadmapDetails?roadmapId=78
Bahria University,Islamabad,School of Management Sciences,BS,Accounting and Finance,4 Years,Intermediate / A-Levels (relevant discipline),Bahria University Admission Test / SAT,110000.0,31-August-2026,https://bahria.edu.pk/Home/AdmissionRoadmapDetails?roadmapId=18
Bahria University,Islamabad,Bahria University,BS,Artificial Intelligence,4 Years,Intermediate / A-Levels (relevant discipline),Bahria University Admission Test / SAT,110000.0,31-August-2026,https://bahria.edu.pk/Home/AdmissionRoadmapDetails?roadmapId=184
Bahria University,Islamabad,Department of Computer Science,BS,Computer Science,4 Years,Intermediate / A-Levels (relevant discipline),Bahria University Admission Test / SAT,110000.0,31-August-2026,https://bahria.edu.pk/Home/AdmissionRoadmapDetails?roadmapId=41
Bahria University,Islamabad,Faculty of Social Sciences,BS,Development Studies,4 Years,Intermediate / A-Levels (relevant discipline),Bahria University Admission Test / SAT,110000.0,31-August-2026,https://bahria.edu.pk/Home/AdmissionRoadmapDetails?roadmapId=67
Bahria University,Islamabad,School of Management Sciences,BS,Economics,4 Years,Intermediate / A-Levels (relevant discipline),Bahria University Admission Test / SAT,110000.0,31-August-2026,https://bahria.edu.pk/Home/AdmissionRoadmapDetails?roadmapId=20
Bahria University,Islamabad,Department of Engineering,BS,Environmental Sciences,4 Years,Intermediate / A-Levels (relevant discipline),Bahria University Admission Test / SAT,110000.0,31-August-2026,https://bahria.edu.pk/Home/AdmissionRoadmapDetails?roadmapId=50
Bahria University,Islamabad,Department of Engineering,BS,Geology,4 Years,Intermediate / A-Levels (relevant discipline),Bahria University Admission Test / SAT,110000.0,31-August-2026,https://bahria.edu.pk/Home/AdmissionRoadmapDetails?roadmapId=53
Bahria University,Islamabad,Department of Engineering,BS,Geophysics,4 Years,Intermediate / A-Levels (relevant discipline),Bahria University Admission Test / SAT,110000.0,31-August-2026,https://bahria.edu.pk/Home/AdmissionRoadmapDetails?roadmapId=52
Bahria University,Islamabad,Department of Computer Science,BS,Hospitality and Tourism Management,4 Years,Intermediate / A-Levels (relevant discipline),Bahria University Admission Test / SAT,110000.0,31-August-2026,https://bahria.edu.pk/Home/AdmissionRoadmapDetails?roadmapId=188
Bahria University,Islamabad,Bahria University,BS,Information Technology,4 Years,Intermediate / A-Levels (relevant discipline),Bahria University Admission Test / SAT,110000.0,31-August-2026,https://bahria.edu.pk/Home/AdmissionRoadmapDetails?roadmapId=46
Bahria University,Islamabad,Faculty of Social Sciences,BS,International Relations,4 Years,Intermediate / A-Levels (relevant discipline),Bahria University Admission Test / SAT,110000.0,31-August-2026,https://bahria.edu.pk/Home/AdmissionRoadmapDetails?roadmapId=66
Bahria University,Islamabad,Faculty of Social Sciences,BS,Psychology,4 Years,Intermediate / A-Levels (relevant discipline),Bahria University Admission Test / SAT,110000.0,31-August-2026,https://bahria.edu.pk/Home/AdmissionRoadmapDetails?roadmapId=56
Bahria University,Islamabad,Faculty of Social Sciences,BS,Public Health,4 Years,Intermediate / A-Levels (relevant discipline),Bahria University Admission Test / SAT,110000.0,31-August-2026,https://bahria.edu.pk/Home/AdmissionRoadmapDetails?roadmapId=63
Bahria University,Islamabad,Faculty of Social Sciences,BS,Remote Sensing & GIS,4 Years,Intermediate / A-Levels (relevant discipline),Bahria University Admission Test / SAT,110000.0,31-August-2026,https://bahria.edu.pk/Home/AdmissionRoadmapDetails?roadmapId=182
Bahria University,Islamabad,Bahria University,BS,Robotics and Intelligent Systems,4 Years,Intermediate / A-Levels (relevant discipline),Bahria University Admission Test / SAT,110000.0,31-August-2026,https://bahria.edu.pk/Home/AdmissionRoadmapDetails?roadmapId=36
Bahria University,Islamabad,Department of Computer Science,BS,Supply Chain Management,4 Years,Intermediate / A-Levels (relevant discipline),Bahria University Admission Test / SAT,110000.0,31-August-2026,https://bahria.edu.pk/Home/AdmissionRoadmapDetails?roadmapId=23
Bahria University,Islamabad,Department of Computer Science,BS,Television Broadcasting & Digital Media,4 Years,Intermediate / A-Levels (relevant discipline),Bahria University Admission Test / SAT,110000.0,31-August-2026,https://bahria.edu.pk/Home/AdmissionRoadmapDetails?roadmapId=80
Bahria University,Islamabad,School of Management Sciences,BS,Business Administration,4 Years,Intermediate / A-Levels (relevant discipline),Bahria University Admission Test / SAT,110000.0,31-August-2026,https://bahria.edu.pk/Home/AdmissionRoadmapDetails?roadmapId=27
Bahria University,Islamabad,Department of Computer Science,BS,Computer Engineering,4 Years,Intermediate / A-Levels (relevant discipline),Bahria University Admission Test / SAT,110000.0,31-August-2026,https://bahria.edu.pk/Home/AdmissionRoadmapDetails?roadmapId=39
Bahria University,Islamabad,Department of Electrical Engineering,BS,Electrical Engineering,4 Years,Intermediate / A-Levels (relevant discipline),Bahria University Admission Test / SAT,110000.0,31-August-2026,https://bahria.edu.pk/Home/AdmissionRoadmapDetails?roadmapId=33
Bahria University,Islamabad,Faculty of Law,BS,Laws (LLB),4 Years,Intermediate / A-Levels (relevant discipline),Bahria University Admission Test / SAT,110000.0,31-August-2026,https://bahria.edu.pk/Home/AdmissionRoadmapDetails?roadmapId=77
Bahria University,Islamabad,Department of Computer Science,BS,Software Engineering,4 Years,Intermediate / A-Levels (relevant discipline),Bahria University Admission Test / SAT,110000.0,31-August-2026,https://bahria.edu.pk/Home/AdmissionRoadmapDetails?roadmapId=37
Bahria University,Islamabad,Bahria University,BS,Studies in English,4 Years,Intermediate / A-Levels (relevant discipline),Bahria University Admission Test / SAT,110000.0,31-August-2026,https://bahria.edu.pk/Home/AdmissionRoadmapDetails?roadmapId=61
COMSATS University Islamabad,Islamabad,Department of Physics,BS,Physics,4 Years,FSc (Pre-Engineering / Pre-Medical with additional Mathematics) or A-Levels with relevant subjects or equivalent qualification as per IBCC.,NTS / COMSATS Test,170000.0,17-December-2025,https://islamabad.comsats.edu.pk/comsats-admissions.aspx
COMSATS University Islamabad,Islamabad,Department of Physics,MS,Physics,2 Years,16 years of education (BS / BE) in a relevant discipline from an HEC recognized university.,NTS / COMSATS Test,190000.0,17-December-2025,https://islamabad.comsats.edu.pk/comsats-admissions.aspx
COMSATS University Islamabad,Islamabad,Department of Physics,PhD,Physics,3–5 Years,18 years of education (MS / MPhil) in a relevant discipline from an HEC recognized university.,NTS / COMSATS Test,210000.0,17-December-2025,https://islamabad.comsats.edu.pk/comsats-admissions.aspx
COMSATS University Islamabad,Islamabad,Department of Management Sciences,BS,Accounting and Finance,4 Years,FSc (Pre-Engineering / Pre-Medical with additional Mathematics) or A-Levels with relevant subjects or equivalent qualification as per IBCC.,NTS / COMSATS Test,170000.0,17-December-2025,https://islamabad.comsats.edu.pk/comsats-admissions.aspx
COMSATS University Islamabad,Islamabad,Department of Management Sciences,PhD,Management Sciences,3–5 Years,18 years of education (MS / MPhil) in a relevant discipline from an HEC recognized university.,NTS / COMSATS Test,210000.0,17-December-2025,https://islamabad.comsats.edu.pk/comsats-admissions.aspx
COMSATS University Islamabad,Islamabad,Department of Computer Science,BS,Computer Science,4 Years,FSc (Pre-Engineering / Pre-Medical with additional Mathematics) or A-Levels with relevant subjects or equivalent qualification as per IBCC.,NTS / COMSATS Test,170000.0,31-August-2026,https://islamabad.comsats.edu.pk/comsats-admissions.aspx
COMSATS University Islamabad,Islamabad,Department of Computer Science,BS,Software Engineering,4 Years,FSc (Pre-Engineering / Pre-Medical with additional Mathematics) or A-Levels with relevant subjects or equivalent qualification as per IBCC.,NTS / COMSATS Test,170000.0,17-December-2025,https://islamabad.comsats.edu.pk/comsats-admissions.aspx
COMSATS University Islamabad,Islamabad,Department of Computer Science,MS,Computer Science,2 Years,16 years of education (BS / BE) in a relevant discipline from an HEC recognized university.,NTS / COMSATS Test,190000.0,17-December-2025,https://islamabad.comsats.edu.pk/comsats-admissions.aspx
COMSATS University Islamabad,Islamabad,Department of Computer Science,MS,Software Engineering,2 Years,16 years of education (BS / BE) in a relevant discipline from an HEC recognized university.,NTS / COMSATS Test,190000.0,17-December-2025,https://islamabad.comsats.edu.pk/comsats-admissions.aspx
COMSATS University Islamabad,Islamabad,Department of Computer Science,PhD,Computer Science,3–5 Years,18 years of education (MS / MPhil) in a relevant discipline from an HEC recognized university.,NTS / COMSATS Test,210000.0,17-December-2025,https://islamabad.comsats.edu.pk/comsats-admissions.aspx
COMSATS University Islamabad,Islamabad,Department of Biosciences,BS,Biosciences,4 Years,FSc (Pre-Engineering / Pre-Medical with additional Mathematics) or A-Levels with relevant subjects or equivalent qualification as per IBCC.,NTS / COMSATS Test,170000.0,17-December-2025,https://islamabad.comsats.edu.pk/comsats-admissions.aspx
COMSATS University Islamabad,Islamabad,Department of Biosciences,BS,Bioinformatics,4 Years,FSc (Pre-Engineering / Pre-Medical with additional Mathematics) or A-Levels with relevant subjects or equivalent qualification as per IBCC.,NTS / COMSATS Test,170000.0,17-December-2025,https://islamabad.comsats.edu.pk/comsats-admissions.aspx
COMSATS University Islamabad,Islamabad,Department of Biosciences,MS,Chemistry,2 Years,16 years of education (BS / BE) in a relevant discipline from an HEC recognized university.,NTS / COMSATS Test,190000.0,17-December-2025,https://islamabad.comsats.edu.pk/comsats-admissions.aspx
COMSATS University Islamabad,Islamabad,Department of Biosciences,MS,Biosciences,2 Years,16 years of education (BS / BE) in a relevant discipline from an HEC recognized university.,NTS / COMSATS Test,190000.0,17-December-2025,https://islamabad.comsats.edu.pk/comsats-admissions.aspx
COMSATS University Islamabad,Islamabad,Department of Biosciences,MS,Bioinformatics,2 Years,16 years of education (BS / BE) in a relevant discipline from an HEC recognized university.,NTS / COMSATS Test,190000.0,17-December-2025,https://islamabad.comsats.edu.pk/comsats-admissions.aspx
COMSATS University Islamabad,Islamabad,Department of Biosciences,PhD,Chemistry,3–5 Years,18 years of education (MS / MPhil) in a relevant discipline from an HEC recognized university.,NTS / COMSATS Test,210000.0,17-December-2025,https://islamabad.comsats.edu.pk/comsats-admissions.aspx
COMSATS University Islamabad,Islamabad,Department of Biosciences,PhD,Biosciences,3–5 Years,18 years of education (MS / MPhil) in a relevant discipline from an HEC recognized university.,NTS / COMSATS Test,210000.0,17-December-2025,https://islamabad.comsats.edu.pk/comsats-admissions.aspx
COMSATS University Islamabad,Islamabad,Department of Biosciences,PhD,Bioinformatics,3–5 Years,18 years of education (MS / MPhil) in a relevant discipline from an HEC recognized university.,NTS / COMSATS Test,210000.0,17-December-2025,https://islamabad.comsats.edu.pk/comsats-admissions.aspx
COMSATS University Islamabad,Islamabad,Chemistry Department,BS,Chemistry,4 Years,FSc (Pre-Engineering / Pre-Medical with additional Mathematics) or A-Levels with relevant subjects or equivalent qualification as per IBCC.,NTS / COMSATS Test,170000.0,17-December-2025,https://islamabad.comsats.edu.pk/comsats-admissions.aspx
COMSATS University Islamabad,Islamabad,Chemistry Department,MS,Chemistry,2 Years,16 years of education (BS / BE) in a relevant discipline from an HEC recognized university.,NTS / COMSATS Test,190000.0,17-December-2025,https://islamabad.comsats.edu.pk/comsats-admissions.aspx
COMSATS University Islamabad,Islamabad,Chemistry Department,PhD,Chemistry,3–5 Years,18 years of education (MS / MPhil) in a relevant discipline from an HEC recognized university.,NTS / COMSATS Test,210000.0,17-December-2025,https://islamabad.comsats.edu.pk/comsats-admissions.aspx
COMSATS University Islamabad,Islamabad,Department of Economics,BS,Economics,4 Years,FSc (Pre-Engineering / Pre-Medical with additional Mathematics) or A-Levels with relevant subjects or equivalent qualification as per IBCC.,NTS / COMSATS Test,170000.0,31-August-2026,https://islamabad.comsats.edu.pk/comsats-admissions.aspx
COMSATS University Islamabad,Islamabad,Department of Economics,MS,Economics,2 Years,16 years of education (BS / BE) in a relevant discipline from an HEC recognized university.,NTS / COMSATS Test,190000.0,17-December-2025,https://islamabad.comsats.edu.pk/comsats-admissions.aspx
COMSATS University Islamabad,Islamabad,Department of Economics,PhD,Economics,3–5 Years,18 years of education (MS / MPhil) in a relevant discipline from an HEC recognized university.,NTS / COMSATS Test,210000.0,17-December-2025,https://islamabad.comsats.edu.pk/comsats-admissions.aspx
COMSATS University Islamabad,Islamabad,Department of Electrical Engineering,BS,Electrical Engineering,4 Years,FSc (Pre-Engineering / Pre-Medical with additional Mathematics) or A-Levels with relevant subjects or equivalent qualification as per IBCC.,NTS / COMSATS Test,170000.0,17-December-2025,https://islamabad.comsats.edu.pk/comsats-admissions.aspx
COMSATS University Islamabad,Islamabad,Department of Electrical Engineering,MS,Electrical Engineering,2 Years,16 years of education (BS / BE) in a relevant discipline from an HEC recognized university.,NTS / COMSATS Test,190000.0,17-December-2025,https://islamabad.comsats.edu.pk/comsats-admissions.aspx
COMSATS University Islamabad,Islamabad,Department of Electrical Engineering,PhD,Electrical Engineering,3–5 Years,18 years of education (MS / MPhil) in a relevant discipline from an HEC recognized university.,NTS / COMSATS Test,210000.0,17-December-2025,https://islamabad.comsats.edu.pk/comsats-admissions.aspx
COMSATS University Islamabad,Islamabad,Department of Mathematics,BS,Mathematics,4 Years,FSc (Pre-Engineering / Pre-Medical with additional Mathematics) or A-Levels with relevant subjects or equivalent qualification as per IBCC.,NTS / COMSATS Test,170000.0,17-December-2025,https://islamabad.comsats.edu.pk/comsats-admissions.aspx
COMSATS University Islamabad,Islamabad,Department of Mathematics,MS,Mathematics,2 Years,16 years of education (BS / BE) in a relevant discipline from an HEC recognized university.,NTS / COMSATS Test,190000.0,17-December-2025,https://islamabad.comsats.edu.pk/comsats-admissions.aspx
COMSATS University Islamabad,Islamabad,Department of Mathematics,PhD,Mathematics,3–5 Years,18 years of education (MS / MPhil) in a relevant discipline from an HEC recognized university.,NTS / COMSATS Test,210000.0,17-December-2025,https://islamabad.comsats.edu.pk/comsats-admissions.aspx
COMSATS University Islamabad,Islamabad,Department of Humanities,BS,Media & Communication,4 Years,FSc (Pre-Engineering / Pre-Medical with additional Mathematics) or A-Levels with relevant subjects or equivalent qualification as per IBCC.,NTS / COMSATS Test,170000.0,17-December-2025,https://islamabad.comsats.edu.pk/comsats-admissions.aspx
COMSATS University Islamabad,Islamabad,Department of Humanities,BS,Psychology,4 Years,FSc (Pre-Engineering / Pre-Medical with additional Mathematics) or A-Levels with relevant subjects or equivalent qualification as per IBCC.,NTS / COMSATS Test,170000.0,31-August-2026,https://islamabad.comsats.edu.pk/comsats-admissions.aspx
Dow University of Health Sciences (DUHS),Karachi,Dow Medical College,BS,Medicine & Surgery,5 Years,FSc (Pre-Medical) + PMC eligibility,MDCAT (PMC),75000.0,30-September-2026,https://www.duhs.edu.pk/dow-medical-college/mbbs/
Dow University of Health Sciences (DUHS),Karachi,Dow Dental College,BS,Dental Surgery,5 Years,FSc (Pre-Medical) + PMC eligibility,MDCAT (PMC),75000.0,30-September-2026,https://www.duhs.edu.pk/dow-dental-college/bachelor-of-dentistry-bds/
Dow University of Health Sciences (DUHS),Karachi,Dow International Medical College,BS,Elective Program at Dow University Hospital – DIMC-DUHS for Students of other Medical Colleges,5 Years,FSc (Pre-Medical) + PMC eligibility,MDCAT (PMC),75000.0,30-September-2026,https://www.duhs.edu.pk/wp-content/uploads/2026/01/MBBS-Elective-Program-at-Dow-University-Hospital-DIMC-DUHS-for-Students-of-other-Medical-Colleges.pdf
Dow University of Health Sciences (DUHS),Karachi,Dow International Medical College,BS,Medicine & Surgery,5 Years,FSc (Pre-Medical) + PMC eligibility,MDCAT (PMC),75000.0,30-September-2026,https://www.duhs.edu.pk/dow-international-medical-college/mbbs/
Dow University of Health Sciences (DUHS),Karachi,Dow International Medical College,BS,Optometry,4 Years,FSc (Pre-Medical),DUHS Entry Test,60000.0,30-September-2026,https://www.duhs.edu.pk/dow-international-medical-college/bs-optometry/
Dow University of Health Sciences (DUHS),Karachi,Dow International Dental College,BS,Dental Surgery,5 Years,FSc (Pre-Medical) + PMC eligibility,MDCAT (PMC),75000.0,30-September-2026,https://www.duhs.edu.pk/dow-international-dental-college/bachelor-of-dentistry-bds/
Dow University of Health Sciences (DUHS),Karachi,Institute of Oral Health Sciences,BS,Dental Surgery,5 Years,FSc (Pre-Medical) + PMC eligibility,MDCAT (PMC),75000.0,30-September-2026,https://www.duhs.edu.pk/dr-ishrat-ul-ebad-khan-institute-of-oral-health-sciences/bachelor-of-dentistry-bds/
Dow University of Health Sciences (DUHS),Karachi,School of Dental Care Professionals,BS,Dental Hygiene,4 Years,Intermediate (relevant discipline),DUHS Entry Test,55000.0,30-September-2026,https://www.duhs.edu.pk/dow-school-of-dental-care-professional/dental-hygiene-bs-dcp/https://www.duhs.edu.pk/dow-school-of-dental-care-professional/dental-hygiene-bs-dcp/
Dow University of Health Sciences (DUHS),Karachi,School of Dental Care Professionals,BS,Dental Technology,4 Years,Intermediate (relevant discipline),DUHS Entry Test,55000.0,30-September-2026,https://www.duhs.edu.pk/dow-school-of-dental-care-professional/dental-technology-bs-dcp/
Dow University of Health Sciences (DUHS),Karachi,Dow College of Biotechnology,BS,Biotechnology,4 Years,FSc (Pre-Medical / Pre-Engg),DUHS Entry Test,55000.0,30-September-2026,https://www.duhs.edu.pk/dow-college-of-biotechnology/bachelors-in-biotechnology/
Dow University of Health Sciences (DUHS),Karachi,Dow Institute of Medical Technology,BS,Medical Technology (Perfusion Sciences),4 Years,FSc (Pre-Medical),DUHS Entry Test,60000.0,30-September-2026,https://www.duhs.edu.pk/dow-institute-of-medical-technology/perfusion-sciences/
Dow University of Health Sciences (DUHS),Karachi,Dow Institute of Medical Technology,BS,Medical Technology (Respiratory and Critical Care Technology),4 Years,FSc (Pre-Medical),DUHS Entry Test,60000.0,30-September-2026,https://www.duhs.edu.pk/dow-institute-of-medical-technology/respiratory-critical-care-technology/
Dow University of Health Sciences (DUHS),Karachi,Dow Institute of Medical Technology,BS,Optometry and Visual Sciences,4 Years,FSc (Pre-Medical),DUHS Entry Test,60000.0,30-September-2026,https://www.duhs.edu.pk/dow-institute-of-medical-technology/optometryandvisualsciences/
Dow University of Health Sciences (DUHS),Karachi,Dow Institute of Medical Technology,BS,Medical Technology (Surgical Technology),4 Years,FSc (Pre-Medical),DUHS Entry Test,60000.0,30-September-2026,https://www.duhs.edu.pk/dow-institute-of-medical-technology/surgical-technology/
Dow University of Health Sciences (DUHS),Karachi,Dow Institute of Nursing & Midwifery,BS,Nursing,4 Years,FSc (Pre-Medical),DUHS Entry Test,60000.0,30-September-2026,https://www.duhs.edu.pk/dow-institute-of-nursing-and-midwifery/generic-nursing/
Dow University of Health Sciences (DUHS),Karachi,Dow Institute of Radiology,BS,Radiologic Technology,4 Years,Intermediate (relevant discipline),DUHS Entry Test,55000.0,30-September-2026,https://www.duhs.edu.pk/dow-institute-of-radiology/radiologic-technology-bsrt/
Dow University of Health Sciences (DUHS),Karachi,Institute of Behavioral Sciences,BS,Psychology,4 Years,FSc (Pre-Medical / Pre-Engg),DUHS Entry Test,55000.0,30-September-2026,https://www.duhs.edu.pk/dr-a-q-khan-institute-of-behavioral-sciences/bs-psychology/
Dow University of Health Sciences (DUHS),Karachi,Institute of Business & Health Management,BS,Healthcare Management & Leadership,4 Years,Intermediate (relevant discipline),DUHS Entry Test,55000.0,30-September-2026,https://www.duhs.edu.pk/institute-of-business-and-health-management/bachelors-in-healthcare-management-leadership-4-years
Dow University of Health Sciences (DUHS),Karachi,Institute of Business & Health Management,BS,Accounting and Finance,4 Years,Intermediate (any group),DUHS Entry Test,65000.0,30-September-2026,https://www.duhs.edu.pk/institute-of-business-and-health-management/bs-accounting-finance-4-year/
Dow University of Health Sciences (DUHS),Karachi,Institute of Business & Health Management,BS,Business Administration,4 Years,Intermediate (any group),DUHS Entry Test,65000.0,30-September-2026,https://www.duhs.edu.pk/institute-of-business-and-health-management/bachelors-in-business-administration-4-years/
Dow University of Health Sciences (DUHS),Karachi,Institute of Business & Health Management,BS,Business Administration,4 Years,Intermediate (any group),DUHS Entry Test,65000.0,30-September-2026,https://www.duhs.edu.pk/institute-of-business-and-health-management/bachelors-in-business-administration-2-years/
Dow University of Health Sciences (DUHS),Karachi,School of Public Health,BS,Nutrition,4 Years,FSc (Pre-Medical / Pre-Engg),DUHS Entry Test,55000.0,30-September-2026,https://www.duhs.edu.pk/school-of-public-health/bachelors-in-nutrition/
Dow University of Health Sciences (DUHS),Karachi,School of Public Health,BS,Public Health,4 Years,FSc (Pre-Medical / Pre-Engg),DUHS Entry Test,55000.0,30-September-2026,https://www.duhs.edu.pk/school-of-public-health/bachelors-in-public-health/
Dow University of Health Sciences (DUHS),Karachi,Institute of Business & Health Management,MBA,Business Administration,2 Years,16 years education,DUHS Test / Interview,90000.0,15-October-2026,https://www.duhs.edu.pk/institute-of-business-and-health-management/master-in-business-administration-2-years/
Dow University of Health Sciences (DUHS),Karachi,Institute of Business & Health Management,MBA,Business Administration,2 Years,16 years education,DUHS Test / Interview,90000.0,15-October-2026,https://www.duhs.edu.pk/institute-of-business-and-health-management/master-in-business-administration-weekend-1-5y/
Dow University of Health Sciences (DUHS),Karachi,Dow Institute of Nursing & Midwifery,MS,Nursing,2 Years,BSN / RN + BS,DUHS Test,80000.0,15-October-2026,https://www.duhs.edu.pk/dow-institute-of-nursing-and-midwifery/masters-in-nursing/
Dow University of Health Sciences (DUHS),Karachi,Dow Institute of Health Professional Education,MS,Health Professions Education,2 Years,MBBS / BDS / BS Health,DUHS Test,75000.0,15-October-2026,https://www.duhs.edu.pk/dow-institute-of-health-professional-education/masters-of-health-professions-education-mhpe/
Dow University of Health Sciences (DUHS),Karachi,Dow Institute of Physical Medicine & Rehabilitation,MS,Advanced Physiotherapy,2 Years,DPT,DUHS Test,85000.0,15-October-2026,https://www.duhs.edu.pk/dow-institute-of-physical-medicine-rehabilitation/master-of-science-in-advanced-physiotherapy-ms-apt/
Dow University of Health Sciences (DUHS),Karachi,School of Public Health,MS,Biostatistics and Epidemiology,2 Years,16 years education,DUHS Test,70000.0,15-October-2026,https://www.duhs.edu.pk/school-of-public-health/master-of-science-in-biostatistics-and-epidemiology/
Dow University of Health Sciences (DUHS),Karachi,School of Public Health,MS,Public Health,2 Years,16 years education,DUHS Test,70000.0,15-October-2026,https://www.duhs.edu.pk/school-of-public-health/master-of-science-in-public-health/
Dow University of Health Sciences (DUHS),Karachi,School of Postgraduate Studies,MPhil,Biochemistry,2 Years,Relevant Master’s / 16 years education,GAT (General),65000.0,15-October-2026,https://www.duhs.edu.pk/school-of-post-graduate-studies/mphil-in-biochemistry/
Dow University of Health Sciences (DUHS),Karachi,School of Postgraduate Studies,MPhil,Biotechnology,2 Years,Relevant Master’s / 16 years education,GAT (General),65000.0,15-October-2026,https://www.duhs.edu.pk/school-of-post-graduate-studies/mphil-in-biotechnology/
Dow University of Health Sciences (DUHS),Karachi,School of Postgraduate Studies,MPhil,Genetics,2 Years,Relevant Master’s / 16 years education,GAT (General),65000.0,15-October-2026,https://www.duhs.edu.pk/school-of-post-graduate-studies/mphil-in-genetics/
Dow University of Health Sciences (DUHS),Karachi,School of Postgraduate Studies,MPhil,Microbiology,2 Years,Relevant Master’s / 16 years education,GAT (General),65000.0,15-October-2026,https://www.duhs.edu.pk/school-of-post-graduate-studies/mphil-in-microbiology/
Dow University of Health Sciences (DUHS),Karachi,School of Postgraduate Studies,MPhil,Molecular Pathology,2 Years,Relevant Master’s / 16 years education,GAT (General),65000.0,15-October-2026,https://www.duhs.edu.pk/school-of-post-graduate-studies/mphil-in-molecular-pathology/
Dow University of Health Sciences (DUHS),Karachi,School of Postgraduate Studies,MPhil,Pathology,2 Years,Relevant Master’s / 16 years education,GAT (General),65000.0,15-October-2026,https://www.duhs.edu.pk/school-of-post-graduate-studies/mphil-in-pathology/
Dow University of Health Sciences (DUHS),Karachi,School of Postgraduate Studies,MPhil,Pharmacology,2 Years,Relevant Master’s / 16 years education,GAT (General),65000.0,15-October-2026,https://www.duhs.edu.pk/school-of-post-graduate-studies/mphil-in-pharmacology-bms/
Dow University of Health Sciences (DUHS),Karachi,School of Postgraduate Studies,MPhil,Physiology,2 Years,Relevant Master’s / 16 years education,GAT (General),65000.0,15-October-2026,https://www.duhs.edu.pk/school-of-post-graduate-studies/mphil-in-physiology/
Dow University of Health Sciences (DUHS),Karachi,School of Postgraduate Studies,MPhil,Pharmaceutical Chemistry,2 Years,Relevant Master’s / 16 years education,GAT (General),65000.0,15-October-2026,https://www.duhs.edu.pk/school-of-post-graduate-studies/mphil-in-pharmaceutical-chemistry/
Dow University of Health Sciences (DUHS),Karachi,School of Postgraduate Studies,MPhil,Pharmaceutics,2 Years,Relevant Master’s / 16 years education,GAT (General),65000.0,15-October-2026,https://www.duhs.edu.pk/school-of-post-graduate-studies/mphil-in-pharmaceutics/
Dow University of Health Sciences (DUHS),Karachi,School of Postgraduate Studies,MPhil,Pharmacognosy,2 Years,Relevant Master’s / 16 years education,GAT (General),65000.0,15-October-2026,https://www.duhs.edu.pk/school-of-post-graduate-studies/mphil-in-pharmacognosy/
Dow University of Health Sciences (DUHS),Karachi,School of Postgraduate Studies,MPhil,Pharmacology,2 Years,Relevant Master’s / 16 years education,GAT (General),65000.0,15-October-2026,https://www.duhs.edu.pk/school-of-post-graduate-studies/mphil-in-pharmacology/
Dow University of Health Sciences (DUHS),Karachi,School of Postgraduate Studies,MPhil,Pharmacy Practice,2 Years,Relevant Master’s / 16 years education,GAT (General),65000.0,15-October-2026,https://www.duhs.edu.pk/school-of-post-graduate-studies/mphil-in-pharmacy-practice/
Dow University of Health Sciences (DUHS),Karachi,School of Postgraduate Studies,MPhil,Medical Technology,2 Years,Relevant Master’s / 16 years education,GAT (General),65000.0,15-October-2026,https://www.duhs.edu.pk/school-of-post-graduate-studies/mphil-in-medical-technology/
FAST National University of Computer & Emerging Sciences,Islamabad,Department of Management Sciences,BS,Business Administration,4 Years,FSc / A-Levels or equivalent,FAST Admission Test,150000.0,30-September-2025,https://www.nu.edu.pk/Degree-Programs
FAST National University of Computer & Emerging Sciences,Islamabad,Department of Management Sciences,BS,Accounting and Finance,4 Years,FSc / A-Levels or equivalent,FAST Admission Test,150000.0,5-July-2026,https://www.nu.edu.pk/Degree-Programs
FAST National University of Computer & Emerging Sciences,Islamabad,Fast-Nuces,BS,Artificial Intelligence,4 Years,FSc / A-Levels or equivalent,FAST Admission Test,150000.0,5-July-2026,https://www.nu.edu.pk/Degree-Programs
FAST National University of Computer & Emerging Sciences,Islamabad,Department of Management Sciences,BS,Business Analytics,4 Years,FSc / A-Levels or equivalent,FAST Admission Test,150000.0,5-July-2026,https://www.nu.edu.pk/Degree-Programs
FAST National University of Computer & Emerging Sciences,Islamabad,Department of Computer Science,BS,Computer Engineering,4 Years,FSc / A-Levels or equivalent,FAST Admission Test,150000.0,5-July-2026,https://www.nu.edu.pk/Degree-Programs
FAST National University of Computer & Emerging Sciences,Islamabad,Department of Computer Science,BS,Computer Science,4 Years,FSc / A-Levels or equivalent,FAST Admission Test,150000.0,5-July-2026,https://www.nu.edu.pk/Degree-Programs
FAST National University of Computer & Emerging Sciences,Islamabad,Department of Computer Science,BS,Cyber Security,4 Years,FSc / A-Levels or equivalent,FAST Admission Test,150000.0,5-July-2026,https://www.nu.edu.pk/Degree-Programs
FAST National University of Computer & Emerging Sciences,Islamabad,Department of Computer Science,BS,Data Science,4 Years,FSc / A-Levels or equivalent,FAST Admission Test,150000.0,5-July-2026,https://www.nu.edu.pk/Degree-Programs
FAST National University of Computer & Emerging Sciences,Islamabad,Department of Electrical Engineering,BS,Electrical Engineering,4 Years,FSc / A-Levels or equivalent,FAST Admission Test,150000.0,5-July-2026,https://www.nu.edu.pk/Degree-Programs
FAST National University of Computer & Emerging Sciences,Islamabad,Fast-Nuces,BS,Financial Technology,4 Years,FSc / A-Levels or equivalent,FAST Admission Test,150000.0,5-July-2026,https://www.nu.edu.pk/Degree-Programs
FAST National University of Computer & Emerging Sciences,Islamabad,Department of Computer Science,BS,Software Engineering,4 Years,FSc / A-Levels or equivalent,FAST Admission Test,150000.0,5-July-2026,https://www.nu.edu.pk/Degree-Programs
FAST National University of Computer & Emerging Sciences,Islamabad,Department of Management Sciences,MBA,Business Administration,2 Years,Relevant BS (16 years education),GAT (General) or FAST Test,180000.0,5-July-2026,https://www.nu.edu.pk/Degree-Programs
FAST National University of Computer & Emerging Sciences,Islamabad,Fast-Nuces,MS,Artificial Intelligence,2 Years,Relevant BS (16 years education),GAT (General) or FAST Test,180000.0,5-July-2026,https://www.nu.edu.pk/Degree-Programs
FAST National University of Computer & Emerging Sciences,Islamabad,Department of Management Sciences,MS,Business Analytics,2 Years,Relevant BS (16 years education),GAT (General) or FAST Test,180000.0,5-July-2026,https://www.nu.edu.pk/Degree-Programs
FAST National University of Computer & Emerging Sciences,Islamabad,Department of Computer Science,MS,Computer Science,2 Years,Relevant BS (16 years education),GAT (General) or FAST Test,180000.0,5-July-2026,https://www.nu.edu.pk/Degree-Programs
FAST National University of Computer & Emerging Sciences,Islamabad,Department of Computer Science,MS,Cyber Security,2 Years,Relevant BS (16 years education),GAT (General) or FAST Test,180000.0,5-July-2026,https://www.nu.edu.pk/Degree-Programs
FAST National University of Computer & Emerging Sciences,Islamabad,Department of Computer Science,MS,Data Science,2 Years,Relevant BS (16 years education),GAT (General) or FAST Test,180000.0,5-July-2026,https://www.nu.edu.pk/Degree-Programs
FAST National University of Computer & Emerging Sciences,Islamabad,Department of Electrical Engineering,MS,Electrical Engineering,2 Years,Relevant BS (16 years education),GAT (General) or FAST Test,180000.0,5-July-2026,https://www.nu.edu.pk/Degree-Programs
FAST National University of Computer & Emerging Sciences,Islamabad,Department of Computer Science,MS,Software Engineering,2 Years,Relevant BS (16 years education),GAT (General) or FAST Test,180000.0,5-July-2026,https://www.nu.edu.pk/Degree-Programs
FAST National University of Computer & Emerging Sciences,Islamabad,Department of Computer Science,PhD,Computer Science,3–5 Years,Relevant MS / MPhil,GAT (Subject) + Interview,135000.0,5-July-2026,https://www.nu.edu.pk/Degree-Programs
FAST National University of Computer & Emerging Sciences,Islamabad,Department of Electrical Engineering,PhD,Electrical Engineering,3–5 Years,Relevant MS / MPhil,GAT (Subject) + Interview,135000.0,5-July-2026,https://www.nu.edu.pk/Degree-Programs
FAST National University of Computer & Emerging Sciences,Islamabad,Department of Management Sciences,PhD,Management Sciences,3–5 Years,Relevant MS / MPhil,GAT (Subject) + Interview,135000.0,5-July-2026,https://www.nu.edu.pk/Degree-Programs
FAST National University of Computer & Emerging Sciences,Islamabad,Department of Computer Science,PhD,Software Engineering,3–5 Years,Relevant MS / MPhil,GAT (Subject) + Interview,135000.0,5-July-2026,https://www.nu.edu.pk/Degree-Programs
Government College University Lahore,Lahore,Faculty of Arts & Social Sciences,BS,Economics,4 Years,Intermediate (relevant discipline),GCU Entry Test,25000.0,30-September-2026,https://gcu.edu.pk/economics.php
Government College University Lahore,Lahore,Faculty of Management Sciences,BS,Commerce,4 Years,Intermediate (Commerce / relevant),GCU Entry Test,25000.0,30-September-2026,https://gcu.edu.pk/commerce-finance.php
Government College University Lahore,Lahore,Faculty of Law,BS,Laws (LLB),5 Years,Intermediate / A-Levels,LAT + GCU Test,25000.0,30-September-2026,https://gcu.edu.pk/law.php
Government College University Lahore,Lahore,Faculty of Science,BS,Computer Science,4 Years,Intermediate (Pre-Engg / ICS),GCU Entry Test,25000.0,30-September-2026,https://gcu.edu.pk/computer-science.php
Government College University Lahore,Lahore,Faculty of Engineering,BS,Electrical Engineering,4 Years,Intermediate (Pre-Engineering),ECAT / GCU Test,30000.0,30-September-2026,https://gcu.edu.pk/electrical-engineering.php
Government College University Lahore,Lahore,Faculty of Life Sciences,BS,Biotechnology,4 Years,Intermediate (Pre-Medical),GCU Entry Test,25000.0,30-September-2026,https://gcu.edu.pk/IIBT.php
Government College University Lahore,Lahore,Faculty of Languages & Literature,BS,English,4 Years,Intermediate,GCU Entry Test,25000.0,30-September-2026,https://gcu.edu.pk/english.php
Government College University Lahore,Lahore,Department of Economics,MS,Economics,2 Years,BS Economics,GAT (General) / Dept Test,30000.0,30-September-2026,https://gcu.edu.pk/economics.php
Government College University Lahore,Lahore,Department of Computer Science,MS,Computer Science,2 Years,BS Computer Science,GAT (General),30000.0,30-September-2026,https://gcu.edu.pk/computer-science.php
Government College University Lahore,Lahore,Department of Psychology,MS,Psychology,2 Years,BS Psychology,GAT (General),30000.0,30-September-2026,https://gcu.edu.pk/psychology.php
Government College University Lahore,Lahore,Department of Chemistry,MPhil,Chemistry,2 Years,16 Years Education,GAT (General),35000.0,30-September-2026,https://gcu.edu.pk/chemistry.php
Government College University Lahore,Lahore,Department of Physics,MPhil,Physics,2 Years,16 Years Education,GAT (General),35000.0,30-September-2026,https://gcu.edu.pk/physics.php
Government College University Lahore,Lahore,Department of Mathematics,PhD,Mathematics,3–5 Years,MPhil Mathematics,GAT (Subject) + Interview,40000.0,30-September-2026,https://gcu.edu.pk/mathematics.php
Government College University Lahore,Lahore,Department of Zoology,PhD,Zoology,3–5 Years,MPhil Zoology,GAT (Subject) + Interview,40000.0,30-September-2026,https://gcu.edu.pk/zoology.php
Habib University,Karachi,"School of Arts, Humanities & Social Sciences (AHSS)",BS,Social Development & Policy,4 Years,Intermediate / A-Levels / IB or equivalent (Science required for Engineering & CS),Habib University Admission Test (HUAT) / SAT / ACT / IB / A-Levels,550000.0,31-January-2026,https://habib.edu.pk/academics/ahss/social-development-and-policy/
Habib University,Karachi,"School of Arts, Humanities & Social Sciences (AHSS)",BS,BA Communication & Design,4 Years,Intermediate / A-Levels / IB or equivalent (Science required for Engineering & CS),Habib University Admission Test (HUAT) / SAT / ACT / IB / A-Levels,550000.0,31-January-2026,https://habib.edu.pk/academics/ahss/communication-and-design/
Habib University,Karachi,"School of Arts, Humanities & Social Sciences (AHSS)",BS,BA Comparative Humanities,4 Years,Intermediate / A-Levels / IB or equivalent (Science required for Engineering & CS),Habib University Admission Test (HUAT) / SAT / ACT / IB / A-Levels,550000.0,31-January-2026,https://habib.edu.pk/academics/ahss/comparative-humanities/
Habib University,Karachi,Dhanani School of Science & Engineering (DSSE),BS,Electrical Engineering,4 Years,Intermediate / A-Levels / IB or equivalent (Science required for Engineering & CS),Habib University Admission Test (HUAT) / SAT / ACT / IB / A-Levels,550000.0,31-January-2026,https://habib.edu.pk/academics/sse/electrical-engineering/
Habib University,Karachi,Dhanani School of Science & Engineering (DSSE),BS,Computer Engineering,4 Years,Intermediate / A-Levels / IB or equivalent (Science required for Engineering & CS),Habib University Admission Test (HUAT) / SAT / ACT / IB / A-Levels,550000.0,31-January-2026,https://habib.edu.pk/academics/sse/computer-engineering/
Habib University,Karachi,Dhanani School of Science & Engineering (DSSE),BS,Computer Science,4 Years,Intermediate / A-Levels / IB or equivalent (Science required for Engineering & CS),Habib University Admission Test (HUAT) / SAT / ACT / IB / A-Levels,550000.0,31-January-2026,https://habib.edu.pk/academics/sse/computer-science/
Habib University,Karachi,Dhanani School of Science & Engineering (DSSE),BS,Integrated Sciences & Mathematics,4 Years,Intermediate / A-Levels / IB or equivalent (Science required for Engineering & CS),Habib University Admission Test (HUAT) / SAT / ACT / IB / A-Levels,550000.0,31-January-2026,https://habib.edu.pk/academics/sse/iscim/
Institute of Business Administration (IBA),Karachi,Institute of Business Administration (IBA),BS,Business Administration,4 Years,Intermediate / A-Levels / IB or equivalent,IBA Admission Test / SAT,529200.0,25-March-2026,http://bba.iba.edu.pk/
Institute of Business Administration (IBA),Karachi,Institute of Business Administration (IBA),BS,Business Analytics,4 Years,Intermediate / A-Levels / IB or equivalent,IBA Admission Test / SAT,529200.0,25-March-2026,https://sbs.iba.edu.pk/business-analytics.php
Institute of Business Administration (IBA),Karachi,Department of Finance,BS,Accounting and Finance,4 Years,Intermediate / A-Levels / IB or equivalent,IBA Admission Test / SAT,529200.0,25-March-2026,http://accounting.iba.edu.pk/index.php
Institute of Business Administration (IBA),Karachi,Department of Computer Science,BS,Computer Science,4 Years,Intermediate / A-Levels / IB or equivalent,IBA Admission Test / SAT,529200.0,25-March-2026,https://cs.iba.edu.pk/bscs/aboutbscs.php
Institute of Business Administration (IBA),Karachi,Department of Economics & Mathematics,BS,Economics,4 Years,Intermediate / A-Levels / IB or equivalent,IBA Admission Test / SAT,529200.0,25-March-2026,https://economics.iba.edu.pk/bs-economics.php
Institute of Business Administration (IBA),Karachi,Department of Economics & Mathematics,BS,Economics & Mathematics,4 Years,Intermediate / A-Levels / IB or equivalent,IBA Admission Test / SAT,529200.0,25-March-2026,https://economics.iba.edu.pk/bs-em.php
Institute of Business Administration (IBA),Karachi,Department of Economics & Mathematics,BS,Mathematics,4 Years,Intermediate / A-Levels / IB or equivalent,IBA Admission Test / SAT,529200.0,25-March-2026,https://mathematics.iba.edu.pk/bsmathematics/
Institute of Business Administration (IBA),Karachi,Department of Social Sciences & Liberal Arts,BS,Social Sciences & Liberal Arts,4 Years,Intermediate / A-Levels / IB or equivalent,IBA Admission Test / SAT,529200.0,25-March-2026,http://ssla.iba.edu.pk/
Institute of Business Administration (IBA),Karachi,Institute of Business Administration (IBA),MBA,Executive MBA,2 Years,Bachelor’s degree (16 years education),IBA Admission Test / GAT / GRE (program dependent),468000.0,25-March-2026,https://emba.iba.edu.pk/
Institute of Business Administration (IBA),Karachi,Institute of Business Administration (IBA),MBA,Business Administration,2 Years,Bachelor’s degree (16 years education),IBA Admission Test / GAT / GRE (program dependent),468000.0,25-March-2026,https://mba.iba.edu.pk/
Institute of Business Administration (IBA),Karachi,Department of Computer Science,MS,Computer Science,2 Years,Bachelor’s degree (16 years education),IBA Admission Test / GAT / GRE (program dependent),468000.0,25-March-2026,https://cs.iba.edu.pk/mscs/aboutmscs.php
Institute of Business Administration (IBA),Karachi,Department of Computer Science,MS,Data Science,2 Years,Bachelor’s degree (16 years education),IBA Admission Test / GAT / GRE (program dependent),468000.0,25-March-2026,https://cs.iba.edu.pk/msds/aboutmsds.php
Institute of Business Administration (IBA),Karachi,Institute of Business Administration (IBA),MS,Development Studies,2 Years,Bachelor’s degree (16 years education),IBA Admission Test / GAT / GRE (program dependent),468000.0,25-March-2026,https://msdev.iba.edu.pk/about-program.php
Institute of Business Administration (IBA),Karachi,Department of Economics & Mathematics,MS,Economics,2 Years,Bachelor’s degree (16 years education),IBA Admission Test / GAT / GRE (program dependent),468000.0,25-March-2026,https://economics.iba.edu.pk/graduate.php
Institute of Business Administration (IBA),Karachi,Department of Finance,MS,Finance,2 Years,Bachelor’s degree (16 years education),IBA Admission Test / GAT / GRE (program dependent),468000.0,25-March-2026,https://msfinance.iba.edu.pk/
Institute of Business Administration (IBA),Karachi,Department of Finance,MS,Islamic Banking and Finance,2 Years,Bachelor’s degree (16 years education),IBA Admission Test / GAT / GRE (program dependent),468000.0,25-March-2026,https://msibf.iba.edu.pk/
Institute of Business Administration (IBA),Karachi,Centre for Excellence in Journalism (CEJ),MS,Journalism,2 Years,Bachelor’s degree (16 years education),IBA Admission Test / GAT / GRE (program dependent),468000.0,25-March-2026,https://cej.iba.edu.pk/msj.php
Institute of Business Administration (IBA),Karachi,Department of Management,MS,Management,2 Years,Bachelor’s degree (16 years education),IBA Admission Test / GAT / GRE (program dependent),468000.0,25-March-2026,https://management.iba.edu.pk/msmanagement/
Institute of Business Administration (IBA),Karachi,Department of Economics & Mathematics,MS,Mathematics,2 Years,Bachelor’s degree (16 years education),IBA Admission Test / GAT / GRE (program dependent),468000.0,25-March-2026,https://mathematics.iba.edu.pk/ms_mathematics.php
Institute of Business Administration (IBA),Karachi,Department of Management,MS,Marketing,2 Years,Bachelor’s degree (16 years education),IBA Admission Test / GAT / GRE (program dependent),468000.0,25-March-2026,https://msmarketing.iba.edu.pk/
Institute of Business Administration (IBA),Karachi,Institute of Business Administration (IBA),MS,General Psychology,2 Years,Bachelor’s degree (16 years education),IBA Admission Test / GAT / GRE (program dependent),468000.0,25-March-2026,https://mspsychology.iba.edu.pk
Institute of Business Administration (IBA),Karachi,Department of Computer Science,PhD,Computer Science,3–5 Years,MS / MPhil (18 years education),GAT / GRE / IBA Admission Test (program dependent),405000.0,25-March-2026,https://cs.iba.edu.pk/phdcs/aboutphdcs.php
Institute of Business Administration (IBA),Karachi,Department of Economics & Mathematics,PhD,Economics,3–5 Years,MS / MPhil (18 years education),GAT / GRE / IBA Admission Test (program dependent),405000.0,25-March-2026,https://economics.iba.edu.pk/postgraduate.php
Institute of Business Administration (IBA),Karachi,Department of Economics & Mathematics,PhD,Mathematics,3–5 Years,MS / MPhil (18 years education),GAT / GRE / IBA Admission Test (program dependent),405000.0,25-March-2026,https://mathematics.iba.edu.pk/phd_mathematics.php
International Islamic University Islamabad,Islamabad,Department of Computer Science,BS,Computer Science,4 Years,"FSc (Pre-Engineering / Pre-Medical / ICS) or equivalent (A-Levels with IBCC equivalence) with minimum 50% marks. Mathematics required for Computing, Engineering and Science programs.",IIUI Admission Test,162000.0,12-February-2026,https://www.iiu.edu.pk/faculties/computing/department-of-computer-science/
International Islamic University Islamabad,Islamabad,Department of Computer Science,MS,Computer Science,2 Years,"FSc (Pre-Engineering / Pre-Medical / ICS) or equivalent (A-Levels with IBCC equivalence) with minimum 50% marks. Mathematics required for Computing, Engineering and Science programs.",IIUI Admission Test,162000.0,12-February-2026,https://www.iiu.edu.pk/faculties/computing/department-of-computer-science/
International Islamic University Islamabad,Islamabad,Department of Computer Science,PhD,Computer Science,3–5 Years,"FSc (Pre-Engineering / Pre-Medical / ICS) or equivalent (A-Levels with IBCC equivalence) with minimum 50% marks. Mathematics required for Computing, Engineering and Science programs.",IIUI Admission Test,162000.0,12-February-2026,https://www.iiu.edu.pk/faculties/computing/department-of-computer-science/
International Islamic University Islamabad,Islamabad,Faculty of Software Engineering,BS,Software Engineering,4 Years,"FSc (Pre-Engineering / Pre-Medical / ICS) or equivalent (A-Levels with IBCC equivalence) with minimum 50% marks. Mathematics required for Computing, Engineering and Science programs.",IIUI Admission Test,162000.0,12-February-2026,https://www.iiu.edu.pk/faculties/computing/software-engineering/
International Islamic University Islamabad,Islamabad,Faculty of Software Engineering,MS,Software Engineering,2 Years,"FSc (Pre-Engineering / Pre-Medical / ICS) or equivalent (A-Levels with IBCC equivalence) with minimum 50% marks. Mathematics required for Computing, Engineering and Science programs.",IIUI Admission Test,162000.0,12-February-2026,https://www.iiu.edu.pk/faculties/computing/software-engineering/
International Islamic University Islamabad,Islamabad,Faculty of Software Engineering,PhD,Software Engineering,3–5 Years,"FSc (Pre-Engineering / Pre-Medical / ICS) or equivalent (A-Levels with IBCC equivalence) with minimum 50% marks. Mathematics required for Computing, Engineering and Science programs.",IIUI Admission Test,162000.0,12-February-2026,https://www.iiu.edu.pk/faculties/computing/software-engineering/
International Islamic University Islamabad,Islamabad,Faculty of Educational Leadership & Management,BS,Programs in Educational Leadership and Management,4 Years,"FSc (Pre-Engineering / Pre-Medical / ICS) or equivalent (A-Levels with IBCC equivalence) with minimum 50% marks. Mathematics required for Computing, Engineering and Science programs.",IIUI Admission Test,162000.0,12-February-2026,https://www.iiu.edu.pk/faculties/faculty-of-education/educational-leadership-management/
International Islamic University Islamabad,Islamabad,Faculty of Educational Leadership & Management,MS,Educational Leadership & Management,2 Years,"FSc (Pre-Engineering / Pre-Medical / ICS) or equivalent (A-Levels with IBCC equivalence) with minimum 50% marks. Mathematics required for Computing, Engineering and Science programs.",IIUI Admission Test,162000.0,12-February-2026,https://www.iiu.edu.pk/faculties/faculty-of-education/educational-leadership-management/
International Islamic University Islamabad,Islamabad,Faculty of Civil Engineering,BS,Civil Engineering,4 Years,"FSc (Pre-Engineering / Pre-Medical / ICS) or equivalent (A-Levels with IBCC equivalence) with minimum 50% marks. Mathematics required for Computing, Engineering and Science programs.",IIUI Admission Test,162000.0,12-February-2026,https://www.iiu.edu.pk/faculties/engineering-and-technology/departments/department-of-civil-engineering/
International Islamic University Islamabad,Islamabad,Faculty of Civil Engineering,BS,Civil Engineering,4 Years,"FSc (Pre-Engineering / Pre-Medical / ICS) or equivalent (A-Levels with IBCC equivalence) with minimum 50% marks. Mathematics required for Computing, Engineering and Science programs.",IIUI Admission Test,162000.0,12-February-2026,https://www.iiu.edu.pk/faculties/engineering-and-technology/departments/department-of-civil-engineering/
International Islamic University Islamabad,Islamabad,Faculty of Civil Engineering,MS,Civil Engineering,2 Years,"FSc (Pre-Engineering / Pre-Medical / ICS) or equivalent (A-Levels with IBCC equivalence) with minimum 50% marks. Mathematics required for Computing, Engineering and Science programs.",IIUI Admission Test,162000.0,12-February-2026,https://www.iiu.edu.pk/faculties/engineering-and-technology/departments/department-of-civil-engineering/
International Islamic University Islamabad,Islamabad,Faculty of Civil Engineering,PhD,Civil Engineering,3–5 Years,"FSc (Pre-Engineering / Pre-Medical / ICS) or equivalent (A-Levels with IBCC equivalence) with minimum 50% marks. Mathematics required for Computing, Engineering and Science programs.",IIUI Admission Test,162000.0,12-February-2026,https://www.iiu.edu.pk/faculties/engineering-and-technology/departments/department-of-civil-engineering/
International Islamic University Islamabad,Islamabad,Faculty of Electronic Engineering,BS,Computer Engineering,4 Years,"FSc (Pre-Engineering / Pre-Medical / ICS) or equivalent (A-Levels with IBCC equivalence) with minimum 50% marks. Mathematics required for Computing, Engineering and Science programs.",IIUI Admission Test,162000.0,12-February-2026,https://www.iiu.edu.pk/faculties/engineering-and-technology/departments/electronic-engineering/
International Islamic University Islamabad,Islamabad,Faculty of Electronic Engineering,BS,Electrical Engineering,4 Years,"FSc (Pre-Engineering / Pre-Medical / ICS) or equivalent (A-Levels with IBCC equivalence) with minimum 50% marks. Mathematics required for Computing, Engineering and Science programs.",IIUI Admission Test,162000.0,12-February-2026,https://www.iiu.edu.pk/faculties/engineering-and-technology/departments/electronic-engineering/
International Islamic University Islamabad,Islamabad,Faculty of Electronic Engineering,MS,Biomedical Engineering,2 Years,"FSc (Pre-Engineering / Pre-Medical / ICS) or equivalent (A-Levels with IBCC equivalence) with minimum 50% marks. Mathematics required for Computing, Engineering and Science programs.",IIUI Admission Test,162000.0,12-February-2026,https://www.iiu.edu.pk/faculties/engineering-and-technology/departments/electronic-engineering/
International Islamic University Islamabad,Islamabad,Faculty of Electronic Engineering,MS,Electrical Engineering,2 Years,"FSc (Pre-Engineering / Pre-Medical / ICS) or equivalent (A-Levels with IBCC equivalence) with minimum 50% marks. Mathematics required for Computing, Engineering and Science programs.",IIUI Admission Test,162000.0,12-February-2026,https://www.iiu.edu.pk/faculties/engineering-and-technology/departments/electronic-engineering/
International Islamic University Islamabad,Islamabad,Faculty of Electronic Engineering,MS,Electrical Engineering and MS Biomedical Engineerin,2 Years,"FSc (Pre-Engineering / Pre-Medical / ICS) or equivalent (A-Levels with IBCC equivalence) with minimum 50% marks. Mathematics required for Computing, Engineering and Science programs.",IIUI Admission Test,162000.0,12-February-2026,https://www.iiu.edu.pk/faculties/engineering-and-technology/departments/electronic-engineering/
International Islamic University Islamabad,Islamabad,Faculty of Electronic Engineering,PhD,Biomedical Engineering,3–5 Years,"FSc (Pre-Engineering / Pre-Medical / ICS) or equivalent (A-Levels with IBCC equivalence) with minimum 50% marks. Mathematics required for Computing, Engineering and Science programs.",IIUI Admission Test,162000.0,12-February-2026,https://www.iiu.edu.pk/faculties/engineering-and-technology/departments/electronic-engineering/
International Islamic University Islamabad,Islamabad,Faculty of Electronic Engineering,PhD,Electrical Engineering,3–5 Years,"FSc (Pre-Engineering / Pre-Medical / ICS) or equivalent (A-Levels with IBCC equivalence) with minimum 50% marks. Mathematics required for Computing, Engineering and Science programs.",IIUI Admission Test,162000.0,12-February-2026,https://www.iiu.edu.pk/faculties/engineering-and-technology/departments/electronic-engineering/
International Islamic University Islamabad,Islamabad,Faculty of Electronic Engineering,PhD,Electrical Engineering and PhD Biomedical Engineeri,3–5 Years,"FSc (Pre-Engineering / Pre-Medical / ICS) or equivalent (A-Levels with IBCC equivalence) with minimum 50% marks. Mathematics required for Computing, Engineering and Science programs.",IIUI Admission Test,162000.0,12-February-2026,https://www.iiu.edu.pk/faculties/engineering-and-technology/departments/electronic-engineering/
International Islamic University Islamabad,Islamabad,Faculty of Mechanical Engineering,BS,Mechanical Engineering,4 Years,"FSc (Pre-Engineering / Pre-Medical / ICS) or equivalent (A-Levels with IBCC equivalence) with minimum 50% marks. Mathematics required for Computing, Engineering and Science programs.",IIUI Admission Test,162000.0,12-February-2026,https://www.iiu.edu.pk/faculties/engineering-and-technology/departments/mechanical-engineering/
International Islamic University Islamabad,Islamabad,Faculty of Mechanical Engineering,BS,Mechanical Engineering,4 Years,"FSc (Pre-Engineering / Pre-Medical / ICS) or equivalent (A-Levels with IBCC equivalence) with minimum 50% marks. Mathematics required for Computing, Engineering and Science programs.",IIUI Admission Test,162000.0,12-February-2026,https://www.iiu.edu.pk/faculties/engineering-and-technology/departments/mechanical-engineering/
International Islamic University Islamabad,Islamabad,Faculty of Mechanical Engineering,PhD,Energy Systems Engineering,3–5 Years,"FSc (Pre-Engineering / Pre-Medical / ICS) or equivalent (A-Levels with IBCC equivalence) with minimum 50% marks. Mathematics required for Computing, Engineering and Science programs.",IIUI Admission Test,162000.0,12-February-2026,https://www.iiu.edu.pk/faculties/engineering-and-technology/departments/mechanical-engineering/
International Islamic University Islamabad,Islamabad,Faculty of Mechanical Engineering,PhD,Engineering Management,3–5 Years,"FSc (Pre-Engineering / Pre-Medical / ICS) or equivalent (A-Levels with IBCC equivalence) with minimum 50% marks. Mathematics required for Computing, Engineering and Science programs.",IIUI Admission Test,162000.0,12-February-2026,https://www.iiu.edu.pk/faculties/engineering-and-technology/departments/mechanical-engineering/
International Islamic University Islamabad,Islamabad,Faculty of Mechanical Engineering,PhD,Mechanical Engg,3–5 Years,"FSc (Pre-Engineering / Pre-Medical / ICS) or equivalent (A-Levels with IBCC equivalence) with minimum 50% marks. Mathematics required for Computing, Engineering and Science programs.",IIUI Admission Test,162000.0,12-February-2026,https://www.iiu.edu.pk/faculties/engineering-and-technology/departments/mechanical-engineering/
International Islamic University Islamabad,Islamabad,Faculty of Mechanical Engineering,PhD,Mechanical Engineering,3–5 Years,"FSc (Pre-Engineering / Pre-Medical / ICS) or equivalent (A-Levels with IBCC equivalence) with minimum 50% marks. Mathematics required for Computing, Engineering and Science programs.",IIUI Admission Test,162000.0,12-February-2026,https://www.iiu.edu.pk/faculties/engineering-and-technology/departments/mechanical-engineering/
International Islamic University Islamabad,Islamabad,Department of Business Administration,BS,Public Administration,4 Years,"FSc (Pre-Engineering / Pre-Medical / ICS) or equivalent (A-Levels with IBCC equivalence) with minimum 50% marks. Mathematics required for Computing, Engineering and Science programs.",IIUI Admission Test,162000.0,12-February-2026,https://www.iiu.edu.pk/faculties/faculty-of-management-sciences/department-of-business-administration/
International Islamic University Islamabad,Islamabad,Faculty of Biotechnology & Bioinformatics,BS,Biotechnology,4 Years,"FSc (Pre-Engineering / Pre-Medical / ICS) or equivalent (A-Levels with IBCC equivalence) with minimum 50% marks. Mathematics required for Computing, Engineering and Science programs.",IIUI Admission Test,162000.0,12-February-2026,https://www.iiu.edu.pk/faculties/sciences/department-of-biotechnology-bioinformatics/
International Islamic University Islamabad,Islamabad,Faculty of Biotechnology & Bioinformatics,MS,Biotechnology,2 Years,"FSc (Pre-Engineering / Pre-Medical / ICS) or equivalent (A-Levels with IBCC equivalence) with minimum 50% marks. Mathematics required for Computing, Engineering and Science programs.",IIUI Admission Test,162000.0,12-February-2026,https://www.iiu.edu.pk/faculties/sciences/department-of-biotechnology-bioinformatics/
International Islamic University Islamabad,Islamabad,Department of Environmental Science,BS,Environmental Sciences,4 Years,"FSc (Pre-Engineering / Pre-Medical / ICS) or equivalent (A-Levels with IBCC equivalence) with minimum 50% marks. Mathematics required for Computing, Engineering and Science programs.",IIUI Admission Test,162000.0,12-February-2026,https://www.iiu.edu.pk/faculties/sciences/department-of-environmental-science/
International Islamic University Islamabad,Islamabad,Department of Environmental Science,MS,Environmental Sciences,2 Years,"FSc (Pre-Engineering / Pre-Medical / ICS) or equivalent (A-Levels with IBCC equivalence) with minimum 50% marks. Mathematics required for Computing, Engineering and Science programs.",IIUI Admission Test,162000.0,12-February-2026,https://www.iiu.edu.pk/faculties/sciences/department-of-environmental-science/
International Islamic University Islamabad,Islamabad,Department of Environmental Science,PhD,Environmental Sciences,3–5 Years,"FSc (Pre-Engineering / Pre-Medical / ICS) or equivalent (A-Levels with IBCC equivalence) with minimum 50% marks. Mathematics required for Computing, Engineering and Science programs.",IIUI Admission Test,162000.0,12-February-2026,https://www.iiu.edu.pk/faculties/sciences/department-of-environmental-science/
International Islamic University Islamabad,Islamabad,Department of Shariah,MS,Human Rights Law and BA,2 Years,16 years of education (BS / BSc (Hons) or equivalent) in relevant discipline with minimum CGPA 2.5/4.0 or 60% marks.,IIUI Admission Test or HEC GAT (General),144000.0,12-February-2026,https://www.iiu.edu.pk/faculties/sharia-and-law/shariah/
International Islamic University Islamabad,Islamabad,Department of Shariah,MS,Islamic Commercial Law,2 Years,16 years of education (BS / BSc (Hons) or equivalent) in relevant discipline with minimum CGPA 2.5/4.0 or 60% marks.,IIUI Admission Test or HEC GAT (General),144000.0,12-February-2026,https://www.iiu.edu.pk/faculties/sharia-and-law/shariah/
International Islamic University Islamabad,Islamabad,Department of Shariah,MS,Muslim Family Law,2 Years,16 years of education (BS / BSc (Hons) or equivalent) in relevant discipline with minimum CGPA 2.5/4.0 or 60% marks.,IIUI Admission Test or HEC GAT (General),144000.0,12-February-2026,https://www.iiu.edu.pk/faculties/sharia-and-law/shariah/
International Islamic University Islamabad,Islamabad,Department of Shariah,PhD,Islamic Banking & Finance,3–5 Years,16 years of education (BS / BSc (Hons) or equivalent) in relevant discipline with minimum CGPA 2.5/4.0 or 60% marks.,IIUI Admission Test or HEC GAT (General),144000.0,12-February-2026,https://www.iiu.edu.pk/faculties/sharia-and-law/shariah/
International Islamic University Islamabad,Islamabad,Faculty of Media & Communication Studies,BS,Media & Communication,4 Years,"FSc (Pre-Engineering / Pre-Medical / ICS) or equivalent (A-Levels with IBCC equivalence) with minimum 50% marks. Mathematics required for Computing, Engineering and Science programs.",IIUI Admission Test,162000.0,12-February-2026,https://www.iiu.edu.pk/faculties/social-sciences/departments-ss/centre-for-media-communications-studies/
International Islamic University Islamabad,Islamabad,Faculty of Media & Communication Studies,BS,Media Communication Studies,4 Years,"FSc (Pre-Engineering / Pre-Medical / ICS) or equivalent (A-Levels with IBCC equivalence) with minimum 50% marks. Mathematics required for Computing, Engineering and Science programs.",IIUI Admission Test,162000.0,12-February-2026,https://www.iiu.edu.pk/faculties/social-sciences/departments-ss/centre-for-media-communications-studies/
International Islamic University Islamabad,Islamabad,Faculty of Media & Communication Studies,PhD,Media & Communication,3–5 Years,"FSc (Pre-Engineering / Pre-Medical / ICS) or equivalent (A-Levels with IBCC equivalence) with minimum 50% marks. Mathematics required for Computing, Engineering and Science programs.",IIUI Admission Test,162000.0,12-February-2026,https://www.iiu.edu.pk/faculties/social-sciences/departments-ss/centre-for-media-communications-studies/
International Islamic University Islamabad,Islamabad,Department of History,BS,Pakistan Studies,4 Years,"FSc (Pre-Engineering / Pre-Medical / ICS) or equivalent (A-Levels with IBCC equivalence) with minimum 50% marks. Mathematics required for Computing, Engineering and Science programs.",IIUI Admission Test,162000.0,12-February-2026,https://www.iiu.edu.pk/faculties/social-sciences/departments-ss/history-social-sciences/
International Islamic University Islamabad,Islamabad,Department of History,MS,Pakistan Studies,2 Years,"FSc (Pre-Engineering / Pre-Medical / ICS) or equivalent (A-Levels with IBCC equivalence) with minimum 50% marks. Mathematics required for Computing, Engineering and Science programs.",IIUI Admission Test,162000.0,12-February-2026,https://www.iiu.edu.pk/faculties/social-sciences/departments-ss/history-social-sciences/
International Islamic University Islamabad,Islamabad,Department of History,MS,Theses in History,2 Years,"FSc (Pre-Engineering / Pre-Medical / ICS) or equivalent (A-Levels with IBCC equivalence) with minimum 50% marks. Mathematics required for Computing, Engineering and Science programs.",IIUI Admission Test,162000.0,12-February-2026,https://www.iiu.edu.pk/faculties/social-sciences/departments-ss/history-social-sciences/
International Islamic University Islamabad,Islamabad,Department of History,MS,Theses in Pakistan Studies,2 Years,"FSc (Pre-Engineering / Pre-Medical / ICS) or equivalent (A-Levels with IBCC equivalence) with minimum 50% marks. Mathematics required for Computing, Engineering and Science programs.",IIUI Admission Test,162000.0,12-February-2026,https://www.iiu.edu.pk/faculties/social-sciences/departments-ss/history-social-sciences/
International Islamic University Islamabad,Islamabad,Department of History,PhD,Pakistan Studies,3–5 Years,"FSc (Pre-Engineering / Pre-Medical / ICS) or equivalent (A-Levels with IBCC equivalence) with minimum 50% marks. Mathematics required for Computing, Engineering and Science programs.",IIUI Admission Test,162000.0,12-February-2026,https://www.iiu.edu.pk/faculties/social-sciences/departments-ss/history-social-sciences/
International Islamic University Islamabad,Islamabad,Department of History,PhD,Programs in Pakistan Studies,3–5 Years,"FSc (Pre-Engineering / Pre-Medical / ICS) or equivalent (A-Levels with IBCC equivalence) with minimum 50% marks. Mathematics required for Computing, Engineering and Science programs.",IIUI Admission Test,162000.0,12-February-2026,https://www.iiu.edu.pk/faculties/social-sciences/departments-ss/history-social-sciences/
International Islamic University Islamabad,Islamabad,Faculty of Islamic Arts & Architecture,BS,Islamic Art & Architecture,4 Years,"FSc (Pre-Engineering / Pre-Medical / ICS) or equivalent (A-Levels with IBCC equivalence) with minimum 50% marks. Mathematics required for Computing, Engineering and Science programs.",IIUI Admission Test,162000.0,12-February-2026,https://www.iiu.edu.pk/faculties/social-sciences/departments-ss/department-of-islamic-arts-and-architecture/
International Islamic University Islamabad,Islamabad,Faculty of Islamic Arts & Architecture,MS,Islamic Art & Architecture,2 Years,"FSc (Pre-Engineering / Pre-Medical / ICS) or equivalent (A-Levels with IBCC equivalence) with minimum 50% marks. Mathematics required for Computing, Engineering and Science programs.",IIUI Admission Test,162000.0,12-February-2026,https://www.iiu.edu.pk/faculties/social-sciences/departments-ss/department-of-islamic-arts-and-architecture/
Institute of Business Management (IoBM),Karachi,College of Business Management,BS,Entrepreneurship,4 Years,Intermediate / A-Levels / IB or equivalent,IoBM Admission Test / SAT,140000.0,31-August-2026,https://iobm.edu.pk/programs/bs-entrepreneurship/
Institute of Business Management (IoBM),Karachi,College of Business Management,BS,Economics and Finance,4 Years,Intermediate / A-Levels / IB or equivalent,IoBM Admission Test / SAT,140000.0,31-August-2026,https://iobm.edu.pk/program-name/bs-economics-and-finance/
Institute of Business Management (IoBM),Karachi,College of Business Management,BS,Accounting and Finance,4 Years,Intermediate / A-Levels / IB or equivalent,IoBM Admission Test / SAT,140000.0,31-August-2026,https://iobm.edu.pk/program-name/bs-accounting-and-finance/
Institute of Business Management (IoBM),Karachi,College of Business Management,BS,Supply Chain Management,4 Years,Intermediate / A-Levels / IB or equivalent,IoBM Admission Test / SAT,140000.0,31-August-2026,https://iobm.edu.pk/programs/bs-supply-chain-management/
Institute of Business Management (IoBM),Karachi,College of Business Management,BS,Business Intelligence and Analytics,4 Years,Intermediate / A-Levels / IB or equivalent,IoBM Admission Test / SAT,140000.0,31-August-2026,https://iobm.edu.pk/programs/bs-in-business-intelligence-and-analytics/
Institute of Business Management (IoBM),Karachi,College of Business Management,BS,Business Administration,4 Years,Intermediate / A-Levels / IB or equivalent,IoBM Admission Test / SAT,140000.0,31-August-2026,https://iobm.edu.pk/programs/bachelor-of-business-administration-bba/
Institute of Business Management (IoBM),Karachi,College of Business Management,BS,Economics,4 Years,Intermediate / A-Levels / IB or equivalent,IoBM Admission Test / SAT,140000.0,31-August-2026,https://iobm.edu.pk/programs/bs-economics/
Institute of Business Management (IoBM),Karachi,College of Economics & Social Development,BS,Psychology,4 Years,Intermediate / A-Levels / IB or equivalent,IoBM Admission Test / SAT,140000.0,31-August-2026,https://iobm.edu.pk/programs/bs-psychology/
Institute of Business Management (IoBM),Karachi,College of Economics & Social Development,BS,Honors Media Studies,4 Years,Intermediate / A-Levels / IB or equivalent,IoBM Admission Test / SAT,140000.0,31-August-2026,https://iobm.edu.pk/programs/bs-honorsmedia-studies/
Institute of Business Management (IoBM),Karachi,College of Economics & Social Development,BS,Business and Psychology,4 Years,Intermediate / A-Levels / IB or equivalent,IoBM Admission Test / SAT,140000.0,31-August-2026,https://iobm.edu.pk/programs/bs-business-and-psychology/
Institute of Business Management (IoBM),Karachi,College of Economics & Social Development,BS,Honors,1.5–2.5 Years,Intermediate / A-Levels / IB or equivalent,IoBM Admission Test / SAT,140000.0,31-August-2026,https://iobm.edu.pk/programs/b-ed-honors-1-5-years/
Institute of Business Management (IoBM),Karachi,College of Economics & Social Development,BS,Honors,1.5–2.5 Years,Intermediate / A-Levels / IB or equivalent,IoBM Admission Test / SAT,140000.0,31-August-2026,https://iobm.edu.pk/programs/b-ed-honors-2-5-years/
Institute of Business Management (IoBM),Karachi,College of Computer Science & Information Systems,BS,Data Science,4 Years,Intermediate / A-Levels / IB or equivalent,IoBM Admission Test / SAT,140000.0,31-August-2026,https://iobm.edu.pk/programs/bs-data-science/
Institute of Business Management (IoBM),Karachi,College of Computer Science & Information Systems,BS,Computer Science,4 Years,Intermediate / A-Levels / IB or equivalent,IoBM Admission Test / SAT,140000.0,31-August-2026,https://iobm.edu.pk/programs/bs-computer-science/
Institute of Business Management (IoBM),Karachi,College of Computer Science & Information Systems,BS,Software Engineering,4 Years,Intermediate / A-Levels / IB or equivalent,IoBM Admission Test / SAT,140000.0,31-August-2026,https://iobm.edu.pk/programs/bs-software-engineering/
Institute of Business Management (IoBM),Karachi,College of Computer Science & Information Systems,BS,Computer Engineering,4 Years,Intermediate / A-Levels / IB or equivalent,IoBM Admission Test / SAT,140000.0,31-August-2026,https://iobm.edu.pk/programs/bs-computer-engineering/
Institute of Business Management (IoBM),Karachi,College of Computer Science & Information Systems,BS,Statistics & Business Analytics,4 Years,Intermediate / A-Levels / IB or equivalent,IoBM Admission Test / SAT,140000.0,31-August-2026,https://iobm.edu.pk/programs/bs-statistics-business-analytics/
Institute of Business Management (IoBM),Karachi,College of Engineering & Sciences,BS,Mathematics and Economics,4 Years,Intermediate / A-Levels / IB or equivalent,IoBM Admission Test / SAT,140000.0,31-August-2026,https://iobm.edu.pk/programs/bs-mathematics-and-economics/
Institute of Business Management (IoBM),Karachi,College of Engineering & Sciences,BS,Mathematics and Computational Finance,4 Years,Intermediate / A-Levels / IB or equivalent,IoBM Admission Test / SAT,140000.0,31-August-2026,https://iobm.edu.pk/programs/bs-mathematics-and-computational-finance/
Institute of Business Management (IoBM),Karachi,College of Engineering & Sciences,BS,Actuarial Science and Risk Management,4 Years,Intermediate / A-Levels / IB or equivalent,IoBM Admission Test / SAT,140000.0,31-August-2026,https://iobm.edu.pk/programs/bs-actuarial-science-and-risk-management/
Institute of Business Management (IoBM),Karachi,College of Engineering & Sciences,BS,Technology Management,4 Years,Intermediate / A-Levels / IB or equivalent,IoBM Admission Test / SAT,140000.0,31-August-2026,https://iobm.edu.pk/programs/bs-technology-management/
Institute of Business Management (IoBM),Karachi,College of Business Management,MS,Business Management,2 Years,16 years education (relevant discipline),IoBM Graduate Admission Test / GAT (General),160000.0,30-September-2026,https://iobm.edu.pk/programs/ms-in-business-management/
Institute of Business Management (IoBM),Karachi,College of Business Management,MBA,Business Administration,2 Years,16 years education (relevant discipline),IoBM Graduate Admission Test / GAT (General),160000.0,30-September-2026,https://iobm.edu.pk/programs/master-of-business-administration/
Institute of Business Management (IoBM),Karachi,College of Computer Science & Information Systems,MS,Computer Science,2 Years,16 years education (relevant discipline),IoBM Graduate Admission Test / GAT (General),160000.0,30-September-2026,https://iobm.edu.pk/programs/ms-computer-science/
Institute of Business Management (IoBM),Karachi,College of Computer Science & Information Systems,MS,Statistics and Scientific Computing,2 Years,16 years education (relevant discipline),IoBM Graduate Admission Test / GAT (General),160000.0,30-September-2026,https://iobm.edu.pk/programs/ms-statistics-and-scientific-computing/
Institute of Business Management (IoBM),Karachi,College of Engineering & Sciences,MS,Mathematics and Scientific Computing,2 Years,16 years education (relevant discipline),IoBM Graduate Admission Test / GAT (General),160000.0,30-September-2026,https://iobm.edu.pk/programs/ms-mathematics-and-scientific-computing/
Institute of Business Management (IoBM),Karachi,College of Business Management,MS,Economics,2 Years,16 years education (relevant discipline),IoBM Graduate Admission Test / GAT (General),160000.0,30-September-2026,https://iobm.edu.pk/programs/ms-economics/
Institute of Business Management (IoBM),Karachi,College of Business Management,PhD,Business Management,3–5 Years,MS / MPhil (relevant discipline),GAT (General/Subject) + Interview,180000.0,30-September-2026,https://iobm.edu.pk/programs/phd-in-business-management/
Institute of Business Management (IoBM),Karachi,College of Engineering & Sciences,PhD,Environment and Energy Management,3–5 Years,MS / MPhil (relevant discipline),GAT (General/Subject) + Interview,180000.0,30-September-2026,https://iobm.edu.pk/programs/phd-in-environment-and-energy-management/
Institute of Business Management (IoBM),Karachi,College of Education,PhD,Education,3–5 Years,MS / MPhil (relevant discipline),GAT (General/Subject) + Interview,180000.0,30-September-2026,https://iobm.edu.pk/programs/phd-in-education/
Institute of Business Management (IoBM),Karachi,College of Business Management,PhD,Economics,3–5 Years,MS / MPhil (relevant discipline),GAT (General/Subject) + Interview,180000.0,30-September-2026,https://iobm.edu.pk/programs/phd-in-economics/
Institute of Business Management (IoBM),Karachi,College of Education,MPhil,Education,2 Years,16 years education (relevant discipline),GAT (General/Subject) + Interview,180000.0,30-September-2026,https://iobm.edu.pk/programs/mphil-in-education/
Institute of Business Management (IoBM),Karachi,College of Social Sciences,MPhil,Organizational Psychology,2 Years,16 years education (relevant discipline),GAT (General/Subject) + Interview,180000.0,30-September-2026,https://iobm.edu.pk/programs/mphil-in-organizational-psychology/
Institute of Business Management (IoBM),Karachi,College of Computer Science & Information Systems,PhD,Computer Science,3–5 Years,MS / MPhil (relevant discipline),GAT (General/Subject) + Interview,180000.0,30-September-2026,https://iobm.edu.pk/programs/phd-computer-science/
Institute of Business Management (IoBM),Karachi,College of Computer Science & Information Systems,PhD,Statistics and Scientific Computing,3–5 Years,MS / MPhil (relevant discipline),GAT (General/Subject) + Interview,180000.0,30-September-2026,https://iobm.edu.pk/programs/phd-statistics-and-scientific-computing/
Iqra University,Karachi,Faculty of Law,BS,Laws (LLB),5 Years,Intermediate / A-Levels (relevant discipline),Iqra University Admission Test,110000.0,31-August-2026,https://iqra.edu.pk/programs/bachelor-of-laws/
Iqra University,Karachi,Faculty of Computing & Information Sciences,BS,AI & Digital Media,4 Years,Intermediate / A-Levels (relevant discipline),Iqra University Admission Test,110000.0,31-August-2026,https://iqra.edu.pk/programs/bachelor-of-ai-digital-media/
Iqra University,Karachi,Faculty of Business Administration,BS,Entrepreneurship,4 Years,Intermediate / A-Levels (relevant discipline),Iqra University Admission Test,110000.0,31-August-2026,https://iqra.edu.pk/programs/bachelors-of-entrepreneurship/
Iqra University,Karachi,Faculty of Business Administration,BS,Finance & Technology,4 Years,Intermediate / A-Levels (relevant discipline),Iqra University Admission Test,110000.0,31-August-2026,https://iqra.edu.pk/programs/bachelor-of-finance-technology/
Iqra University,Karachi,Faculty of Business Administration,BS,Accounting and Finance,4 Years,Intermediate / A-Levels (relevant discipline),Iqra University Admission Test,110000.0,31-August-2026,https://iqra.edu.pk/programs/bachelors-of-accounting-finance/
Iqra University,Karachi,Iqra University,BS,Artificial Intelligence,4 Years,Intermediate / A-Levels (relevant discipline),Iqra University Admission Test,110000.0,31-August-2026,https://iqra.edu.pk/programs/bachelors-of-science-in-artificial-intelligence/
Iqra University,Karachi,Faculty of Computing & Information Sciences,BS,Cyber Security,4 Years,Intermediate / A-Levels (relevant discipline),Iqra University Admission Test,110000.0,31-August-2026,https://iqra.edu.pk/programs/bachelor-of-cyber-security/
Iqra University,Karachi,Faculty of Social Sciences,BS,Clinical Psychology,4 Years,Intermediate / A-Levels (relevant discipline),Iqra University Admission Test,110000.0,31-August-2026,https://iqra.edu.pk/programs/bachelor-of-clinical-psychology/
Iqra University,Karachi,Faculty of Computing & Information Sciences,BS,Information Security,4 Years,Intermediate / A-Levels (relevant discipline),Iqra University Admission Test,110000.0,31-August-2026,https://iqra.edu.pk/programs/bachelor-of-engineering-in-information-security/
Iqra University,Karachi,Iqra University,BS,Applied Computing,4 Years,Intermediate / A-Levels (relevant discipline),Iqra University Admission Test,110000.0,31-August-2026,https://iqra.edu.pk/programs/bs-applied-computing/
Iqra University,Karachi,Faculty of Health Sciences & Life Sciences,BS,Food Science & Technology,4 Years,Intermediate / A-Levels (relevant discipline),Iqra University Admission Test,110000.0,31-August-2026,https://iqra.edu.pk/programs/bachelors-of-food-science-technology/
Iqra University,Karachi,Faculty of Business Administration,BS,Fashion Merchandising & Marketing,4 Years,Intermediate / A-Levels (relevant discipline),Iqra University Admission Test,110000.0,31-August-2026,https://iqra.edu.pk/programs/bachelors-of-fashion-merchandising-marketing/
Iqra University,Karachi,Faculty of Health Sciences & Life Sciences,BS,Textile Design,4 Years,Intermediate / A-Levels (relevant discipline),Iqra University Admission Test,110000.0,31-August-2026,https://iqra.edu.pk/programs/bachelors-of-textile-design/
Iqra University,Karachi,Faculty of Health Sciences & Life Sciences,BS,Microbiology,4 Years,Intermediate / A-Levels (relevant discipline),Iqra University Admission Test,110000.0,31-August-2026,https://iqra.edu.pk/programs/bachelors-of-microbiology/
Iqra University,Karachi,Faculty of Computing & Information Sciences,BS,Human Nutrition & Dietetics,4 Years,Intermediate / A-Levels (relevant discipline),Iqra University Admission Test,110000.0,31-August-2026,https://iqra.edu.pk/programs/bachelors-of-human-nutrition-dietetics/
Iqra University,Karachi,Iqra University,BS,Pharmacy,5 Years,Intermediate / A-Levels (relevant discipline),Iqra University Admission Test,110000.0,31-August-2026,https://iqra.edu.pk/programs/doctor-of-pharmacy/
Iqra University,Karachi,Faculty of Health Sciences & Life Sciences,BS,Nursing,4 Years,Intermediate / A-Levels (relevant discipline),Iqra University Admission Test,110000.0,31-August-2026,https://iqra.edu.pk/programs/bachelors-of-nursing/
Iqra University,Karachi,Faculty of Education & Languages,BS,English,4 Years,Intermediate / A-Levels (relevant discipline),Iqra University Admission Test,110000.0,31-August-2026,https://iqra.edu.pk/programs/bachelors-of-english/
Iqra University,Karachi,Faculty of Computing & Information Sciences,BS,Digital Marketing,4 Years,Intermediate / A-Levels (relevant discipline),Iqra University Admission Test,110000.0,31-August-2026,https://iqra.edu.pk/programs/bachelors-of-digital-marketing/
Iqra University,Karachi,Faculty of Computing & Information Sciences,BS,Computer Science,4 Years,Intermediate / A-Levels (relevant discipline),Iqra University Admission Test,110000.0,31-August-2026,https://iqra.edu.pk/programs/bachelors-of-science-in-computer-science/
Iqra University,Karachi,Faculty of Business Administration,BS,Business Analytics,4 Years,Intermediate / A-Levels (relevant discipline),Iqra University Admission Test,110000.0,31-August-2026,https://iqra.edu.pk/programs/bachelors-of-business-analytics/
Iqra University,Karachi,Faculty of Social Sciences,BS,Psychology,4 Years,Intermediate / A-Levels (relevant discipline),Iqra University Admission Test,110000.0,31-August-2026,https://iqra.edu.pk/programs/bachelors-of-psychology/
Iqra University,Karachi,Faculty of Media Sciences,BS,Media Science,4 Years,Intermediate / A-Levels (relevant discipline),Iqra University Admission Test,110000.0,31-August-2026,https://iqra.edu.pk/programs/bachelors-of-media-science/
Iqra University,Karachi,Faculty of Education & Languages,BS,Education,4 Years,Intermediate / A-Levels (relevant discipline),Iqra University Admission Test,110000.0,31-August-2026,https://iqra.edu.pk/programs/bachelors-of-education/
Iqra University,Karachi,Faculty of Health Sciences & Life Sciences,BS,Nursing,2 Years,Intermediate / A-Levels (relevant discipline),Iqra University Admission Test,110000.0,31-August-2026,https://iqra.edu.pk/programs/post-rn-bachelor-of-science-in-nursing/
Iqra University,Karachi,Faculty of Computing & Information Sciences,BS,Software Engineering,4 Years,Intermediate / A-Levels (relevant discipline),Iqra University Admission Test,110000.0,31-August-2026,https://iqra.edu.pk/programs/bachelors-of-science-in-software-engineering/
Iqra University,Karachi,Faculty of Business Administration,BS,Business Administration,4 Years,Intermediate / A-Levels (relevant discipline),Iqra University Admission Test,110000.0,31-August-2026,https://iqra.edu.pk/programs/bachelors-of-business-administration/
Iqra University,Karachi,Faculty of Health Sciences & Life Sciences,BS,Fashion Design,4 Years,Intermediate / A-Levels (relevant discipline),Iqra University Admission Test,110000.0,31-August-2026,https://iqra.edu.pk/programs/bachelors-of-fashion-design/
Iqra University,Karachi,Iqra University,BS,Electrical Engineering,4 Years,Intermediate / A-Levels (relevant discipline),Iqra University Admission Test,110000.0,31-August-2026,https://iqra.edu.pk/programs/bachelors-of-engineering-in-electrical/
Iqra University,Karachi,Faculty of Business Administration,MS,Entrepreneurship & Innovation,2 Years,16 years education (relevant discipline),Iqra University Admission Test / GAT (General),140000.0,30-September-2026,https://iqra.edu.pk/programs/master-of-science-in-entrepreneurship-innovation/
Iqra University,Karachi,Faculty of Computing & Information Sciences,MS,Cyber Security,2 Years,16 years education (relevant discipline),Iqra University Admission Test / GAT (General),140000.0,30-September-2026,http://iqra.edu.pk/programs/master-of-science-in-cyber-security/
Iqra University,Karachi,Faculty of Media Sciences,MPhil,Media Studies,2 Years,16 years education (relevant discipline),Iqra University Admission Test / GAT (General),140000.0,30-September-2026,https://iqra.edu.pk/programs/master-of-philosophy-in-media-studies/
Iqra University,Karachi,Faculty of Computing & Information Sciences,MS,Data Science,2 Years,16 years education (relevant discipline),Iqra University Admission Test / GAT (General),140000.0,30-September-2026,https://iqra.edu.pk/programs/master-of-science-in-data-science/
Iqra University,Karachi,Faculty of Computing & Information Sciences,MS,Software Engineering,2 Years,16 years education (relevant discipline),Iqra University Admission Test / GAT (General),140000.0,30-September-2026,https://iqra.edu.pk/programs/master-of-science-in-software-engineering/
Iqra University,Karachi,Faculty of Computing & Information Sciences,MS,Information Security,2 Years,16 years education (relevant discipline),Iqra University Admission Test / GAT (General),140000.0,30-September-2026,https://iqra.edu.pk/programs/master-of-science-in-information-security/
Iqra University,Karachi,Faculty of Media Sciences,MS,Media Science,2 Years,16 years education (relevant discipline),Iqra University Admission Test / GAT (General),140000.0,30-September-2026,https://iqra.edu.pk/programs/master-of-media-science-advertising/
Iqra University,Karachi,Faculty of Media Sciences,MS,Media Science,2 Years,16 years education (relevant discipline),Iqra University Admission Test / GAT (General),140000.0,30-September-2026,https://iqra.edu.pk/programs/master-of-media-science/
Iqra University,Karachi,Faculty of Business Administration,MS,"Design, Merchandising & Marketing",2 Years,16 years education (relevant discipline),Iqra University Admission Test / GAT (General),140000.0,30-September-2026,https://iqra.edu.pk/programs/master-of-design-merchandising-marketing/
Iqra University,Karachi,Faculty of Business Administration,MBA,Business Administration,2 Years,16 years education (relevant discipline),Iqra University Admission Test / GAT (General),140000.0,30-September-2026,https://iqra.edu.pk/programs/master-of-business-administration/
Iqra University,Karachi,Faculty of Business Administration,MS,Project Management,2 Years,16 years education (relevant discipline),Iqra University Admission Test / GAT (General),140000.0,30-September-2026,https://iqra.edu.pk/programs/master-of-science-in-project-management/
Iqra University,Karachi,Iqra University,MS,Artificial Intelligence,2 Years,16 years education (relevant discipline),Iqra University Admission Test / GAT (General),140000.0,30-September-2026,https://iqra.edu.pk/programs/master-of-science-in-artificial-intelligence/
Iqra University,Karachi,Iqra University,MS,Financial Technology,2 Years,16 years education (relevant discipline),Iqra University Admission Test / GAT (General),140000.0,30-September-2026,https://iqra.edu.pk/programs/master-of-science-in-finance-technology/
Iqra University,Karachi,Faculty of Computing & Information Sciences,MS,Digital Marketing,2 Years,16 years education (relevant discipline),Iqra University Admission Test / GAT (General),140000.0,30-September-2026,https://iqra.edu.pk/programs/master-of-digital-marketing/
Iqra University,Karachi,Faculty of Computing & Information Sciences,MS,Computer Science,2 Years,16 years education (relevant discipline),Iqra University Admission Test / GAT (General),140000.0,30-September-2026,https://iqra.edu.pk/programs/master-of-science-in-computer-science/
Iqra University,Karachi,Faculty of Media Sciences,PhD,Media Science,3–5 Years,MS / MPhil (relevant discipline),GAT (General/Subject) + Interview,160000.0,30-September-2026,https://iqra.edu.pk/programs/doctorate-of-media-science/
Iqra University,Karachi,Faculty of Computing & Information Sciences,PhD,Computer Science,3–5 Years,MS / MPhil (relevant discipline),GAT (General/Subject) + Interview,160000.0,30-September-2026,https://iqra.edu.pk/programs/doctorate-of-philosophy-in-computer-science/
Iqra University,Karachi,Faculty of Education & Languages,PhD,Education,3–5 Years,MS / MPhil (relevant discipline),GAT (General/Subject) + Interview,160000.0,30-September-2026,https://iqra.edu.pk/programs/doctorate-of-philosophy-in-education/
Iqra University,Karachi,Iqra University,PhD,Administration,3–5 Years,MS / MPhil (relevant discipline),GAT (General/Subject) + Interview,160000.0,30-September-2026,https://iqra.edu.pk/programs/doctorate-of-philosophy-in-administration/
Iqra University,Karachi,Faculty of Education & Languages,MPhil,English,2 Years,16 years education (relevant discipline),GAT (General/Subject) + Interview,160000.0,30-September-2026,https://iqra.edu.pk/programs/master-of-philosophy-in-english/
Iqra University,Karachi,Faculty of Business Administration,MPhil,Business Administration,2 Years,16 years education (relevant discipline),GAT (General/Subject) + Interview,160000.0,30-September-2026,https://iqra.edu.pk/programs/master-of-philosophy-in-business-administration/
Iqra University,Karachi,Iqra University,PhD,Physical Therapy,5 Years,16 years education (relevant discipline),GAT (General/Subject) + Interview,160000.0,30-September-2026,https://iqra.edu.pk/programs/doctor-of-physical-therapy/
Information Technology University,Lahore,School of Electrical Engineering & Computer Science,BS,Economics With Data Science,4 Years (8 Semesters),"HSSC / A-Levels (12 years education) with Mathematics where required, minimum 50% marks, IBCC equivalence required for foreign qualifications",ITU Admission Test OR SAT / NTS (as exemption),175000.0,31-December-2025,https://itu.edu.pk/admissions/bs-economics-with-data-science/
Information Technology University,Lahore,School of Electrical Engineering & Computer Science,BS,Computer Science,4 Years (8 Semesters),"HSSC / A-Levels (12 years education) with Mathematics where required, minimum 50% marks, IBCC equivalence required for foreign qualifications",ITU Admission Test OR SAT / NTS (as exemption),175000.0,31-December-2025,https://itu.edu.pk/admissions/bs-computer-science/
Information Technology University,Lahore,School of Electrical Engineering & Computer Science,BS,Electrical Engineering,4 Years (8 Semesters),"HSSC / A-Levels (12 years education) with Mathematics where required, minimum 50% marks, IBCC equivalence required for foreign qualifications",ITU Admission Test OR SAT / NTS (as exemption),175000.0,31-December-2025,https://itu.edu.pk/admissions/bs-electrical-engineering/
Information Technology University,Lahore,Information Technology University,BS,Financial Technology,4 Years (8 Semesters),"HSSC / A-Levels (12 years education) with Mathematics where required, minimum 50% marks, IBCC equivalence required for foreign qualifications",ITU Admission Test OR SAT / NTS (as exemption),175000.0,31-December-2025,https://itu.edu.pk/admissions/bs-financial-technology/
Information Technology University,Lahore,School of Social Sciences,BS,Management And Technology,4 Years (8 Semesters),"HSSC / A-Levels (12 years education) with Mathematics where required, minimum 50% marks, IBCC equivalence required for foreign qualifications",ITU Admission Test OR SAT / NTS (as exemption),175000.0,31-December-2025,https://itu.edu.pk/admissions/bs-management-and-technology/
Information Technology University,Lahore,School of Electrical Engineering & Computer Science,BS,Software Engineering,4 Years (8 Semesters),"HSSC / A-Levels (12 years education) with Mathematics where required, minimum 50% marks, IBCC equivalence required for foreign qualifications",ITU Admission Test OR SAT / NTS (as exemption),175000.0,31-December-2025,https://itu.edu.pk/admissions/bs-software-engineering/
Information Technology University,Lahore,Information Technology University,BS,Artificial Intelligence,4 Years (8 Semesters),"HSSC / A-Levels (12 years education) with Mathematics where required, minimum 50% marks, IBCC equivalence required for foreign qualifications",ITU Admission Test OR SAT / NTS (as exemption),175000.0,31-December-2025,https://itu.edu.pk/admissions/bs-artificial-intelligence/
Information Technology University,Lahore,Information Technology University,MBA,Executive Mba,2 Years,"Bachelor’s degree, work experience preferred, interview mandatory",Assessment Test and Interview,250000.0,31-December-2025,https://itu.edu.pk/admissions/ms-executive-mba/
Information Technology University,Lahore,School of Social Sciences,MS,"Development Studies: Development, Technology And Policy",2 Years (4 Semesters),"16 years education from HEC recognized university in relevant discipline, minimum CGPA 2.5 / 4.0",GAT / ITU Admission Test and Interview,190000.0,31-December-2025,https://itu.edu.pk/admissions/ms-development-studies/
Information Technology University,Lahore,School of Social Sciences,MS,Public Policy And Society,2 Years (4 Semesters),"16 years education from HEC recognized university in relevant discipline, minimum CGPA 2.5 / 4.0",GAT / ITU Admission Test and Interview,190000.0,31-December-2025,https://itu.edu.pk/admissions/ms-public-policy/
Information Technology University,Lahore,School of Social Sciences,MS,Management And Technology,2 Years (4 Semesters),"16 years education from HEC recognized university in relevant discipline, minimum CGPA 2.5 / 4.0",GAT / ITU Admission Test and Interview,190000.0,31-December-2025,https://itu.edu.pk/admissions/ms-management-technology/
Information Technology University,Lahore,School of Electrical Engineering & Computer Science,MS,Electrical Engineering,2 Years (4 Semesters),"16 years education from HEC recognized university in relevant discipline, minimum CGPA 2.5 / 4.0",GAT / ITU Admission Test and Interview,190000.0,31-December-2025,https://itu.edu.pk/admissions/ms-electrical-engineering/
Information Technology University,Lahore,School of Electrical Engineering & Computer Science,MS,Computer Engineering,2 Years (4 Semesters),"16 years education from HEC recognized university in relevant discipline, minimum CGPA 2.5 / 4.0",GAT / ITU Admission Test and Interview,190000.0,31-December-2025,https://itu.edu.pk/admissions/ms-computer-engineering/
Information Technology University,Lahore,School of Electrical Engineering & Computer Science,MS,Computer Science,2 Years (4 Semesters),"16 years education from HEC recognized university in relevant discipline, minimum CGPA 2.5 / 4.0",GAT / ITU Admission Test and Interview,190000.0,31-December-2025,https://itu.edu.pk/admissions/ms-computer-science/
Information Technology University,Lahore,School of Electrical Engineering & Computer Science,MS,Data Science,2 Years (4 Semesters),"16 years education from HEC recognized university in relevant discipline, minimum CGPA 2.5 / 4.0",GAT / ITU Admission Test and Interview,190000.0,31-December-2025,https://itu.edu.pk/admissions/ms-data-science/
Information Technology University,Lahore,School of Electrical Engineering & Computer Science,MS,Cyber Security,2 Years (4 Semesters),"16 years education from HEC recognized university in relevant discipline, minimum CGPA 2.5 / 4.0",GAT / ITU Admission Test and Interview,190000.0,31-December-2025,https://itu.edu.pk/admissions/ms-cyber-security/
Information Technology University,Lahore,School of Social Sciences,BS,Management & Technology,4 Years (8 Semesters),"HSSC / A-Levels (12 years education) with Mathematics where required, minimum 50% marks, IBCC equivalence required for foreign qualifications",ITU Admission Test OR SAT / NTS (as exemption),175000.0,31-December-2025,https://itu.edu.pk/admissions/bs-management-and-technology/
Information Technology University,Lahore,Information Technology University,MS,Development Studies,2 Years (4 Semesters),"16 years education from HEC recognized university in relevant discipline, minimum CGPA 2.5 / 4.0",GAT / ITU Admission Test and Interview,190000.0,31-December-2025,https://itu.edu.pk/admissions/ms-development-studies/
King Edward Medical University,Lahore,King Edward Medical College,BS,Medicine & Surgery,5 Years,FSc (Pre-Medical) + PMC eligibility,MDCAT (PMC),40000.0,30-September-2026,https://kemu.edu.pk/
King Edward Medical University,Lahore,King Edward Dental College,BS,Dental Surgery,5 Years,FSc (Pre-Medical) + PMC eligibility,MDCAT (PMC),40000.0,30-September-2026,https://kemu.edu.pk/
King Edward Medical University,Lahore,Department of Anatomy,MPhil,Anatomy,2 Years,MBBS / BDS,GAT / Departmental Test,30000.0,30-September-2026,https://kemu.edu.pk/
King Edward Medical University,Lahore,Department of Physiology,MPhil,Physiology,2 Years,MBBS / BDS,GAT / Departmental Test,30000.0,30-September-2026,https://kemu.edu.pk/
King Edward Medical University,Lahore,Department of Biochemistry,MPhil,Biochemistry,2 Years,MBBS / BDS,GAT / Departmental Test,30000.0,30-September-2026,https://kemu.edu.pk/
King Edward Medical University,Lahore,Department of Pharmacology,MPhil,Pharmacology,2 Years,MBBS / BDS,GAT / Departmental Test,30000.0,30-September-2026,https://kemu.edu.pk/
King Edward Medical University,Lahore,Department of Pathology,MPhil,Pathology,2 Years,MBBS / BDS,GAT / Departmental Test,30000.0,30-September-2026,https://kemu.edu.pk/
King Edward Medical University,Lahore,Basic Medical Sciences,PhD,Medical Sciences,3–5 Years,MPhil (relevant discipline),GAT (Subject) + Interview,40000.0,30-September-2026,https://kemu.edu.pk/
King Edward Medical University,Lahore,Clinical Departments,MS,Clinical Disciplines,3–5 Years,MBBS + House Job + PMC Registration,CPSP / University Selection,50000.0,30-September-2026,https://kemu.edu.pk/
Lahore School of Economics,Lahore,Lahore School of Economics,MBA,Executive MBA,2.5 Years,12–13 years education (FSc / A-Levels / IB / High School) with minimum 60%,LSE Admission Test OR GRE/HAT + Interview,480000.0,23-June-2026,https://lahoreschoolofeconomics.edu.pk/getAcademicProgramsListings/4
Lahore School of Economics,Lahore,Department of Economics,BS,Double Major in Economics and Finance,4 Years,12–13 years education (FSc / A-Levels / IB / High School) with minimum 60%,"SAT-I (≥1200, Math ≥600) OR LSE Entry Test + Interview",450000.0,22-June-2026,https://lahoreschoolofeconomics.edu.pk/getAcademicDegree/1
Lahore School of Economics,Lahore,Department of Economics,BS,Double Major in Economics and Data Analytics,4 Years,12–13 years education (FSc / A-Levels / IB / High School) with minimum 60%,"SAT-I (≥1200, Math ≥600) OR LSE Entry Test + Interview",450000.0,22-June-2026,https://lahoreschoolofeconomics.edu.pk/getAcademicDegree/40
Lahore School of Economics,Lahore,Department of Economics,BS,Double Major in Economics and Mathematics,4 Years,12–13 years education (FSc / A-Levels / IB / High School) with minimum 60%,"SAT-I (≥1200, Math ≥600) OR LSE Entry Test + Interview",450000.0,22-June-2026,https://lahoreschoolofeconomics.edu.pk/getAcademicDegree/2
Lahore School of Economics,Lahore,Department of Economics,BS,Double Major in Economics and Business Management,4 Years,12–13 years education (FSc / A-Levels / IB / High School) with minimum 60%,"SAT-I (≥1200, Math ≥600) OR LSE Entry Test + Interview",450000.0,22-June-2026,https://lahoreschoolofeconomics.edu.pk/getAcademicDegree/3
Lahore School of Economics,Lahore,Department of Economics,BS,Double Major in Economics and Accounting,4 Years,12–13 years education (FSc / A-Levels / IB / High School) with minimum 60%,"SAT-I (≥1200, Math ≥600) OR LSE Entry Test + Interview",450000.0,22-June-2026,https://lahoreschoolofeconomics.edu.pk/getAcademicDegree/4
Lahore School of Economics,Lahore,Department of Economics,BS,Double Major in Economics and Marketing,4 Years,12–13 years education (FSc / A-Levels / IB / High School) with minimum 60%,"SAT-I (≥1200, Math ≥600) OR LSE Entry Test + Interview",450000.0,22-June-2026,https://lahoreschoolofeconomics.edu.pk/getAcademicDegree/5
Lahore School of Economics,Lahore,Department of Economics,BS,Double Major in Economics and Political Science,4 Years,12–13 years education (FSc / A-Levels / IB / High School) with minimum 60%,"SAT-I (≥1200, Math ≥600) OR LSE Entry Test + Interview",450000.0,22-June-2026,https://lahoreschoolofeconomics.edu.pk/getAcademicDegree/6
Lahore School of Economics,Lahore,Department of Economics,BS,Major in Economics and Minor in Environmental Policy,4 Years,12–13 years education (FSc / A-Levels / IB / High School) with minimum 60%,"SAT-I (≥1200, Math ≥600) OR LSE Entry Test + Interview",450000.0,22-June-2026,https://lahoreschoolofeconomics.edu.pk/getAcademicDegree/7
Lahore School of Economics,Lahore,Department of Economics,BS,Major in Economics and Minor in Mathematics and Data Analytics,4 Years,12–13 years education (FSc / A-Levels / IB / High School) with minimum 60%,"SAT-I (≥1200, Math ≥600) OR LSE Entry Test + Interview",450000.0,22-June-2026,https://lahoreschoolofeconomics.edu.pk/getAcademicDegree/8
Lahore School of Economics,Lahore,Department of Economics,BS,Major in Economics and Minor in Social Sciences,4 Years,12–13 years education (FSc / A-Levels / IB / High School) with minimum 60%,"SAT-I (≥1200, Math ≥600) OR LSE Entry Test + Interview",450000.0,22-June-2026,https://lahoreschoolofeconomics.edu.pk/getAcademicDegree/9
Lahore School of Economics,Lahore,Department of Economics,BS,Major in Economics and Minor in Development Studies,4 Years,12–13 years education (FSc / A-Levels / IB / High School) with minimum 60%,"SAT-I (≥1200, Math ≥600) OR LSE Entry Test + Interview",450000.0,22-June-2026,https://lahoreschoolofeconomics.edu.pk/getAcademicDegree/10
Lahore School of Economics,Lahore,Department of Economics,BS,Double Major in Economics and Public Policy,4 Years,12–13 years education (FSc / A-Levels / IB / High School) with minimum 60%,"SAT-I (≥1200, Math ≥600) OR LSE Entry Test + Interview",450000.0,22-June-2026,https://lahoreschoolofeconomics.edu.pk/getAcademicDegree/54
Lahore School of Economics,Lahore,Department of Economics,BS,Major in Economics and Minor in Business Management,4 Years,12–13 years education (FSc / A-Levels / IB / High School) with minimum 60%,"SAT-I (≥1200, Math ≥600) OR LSE Entry Test + Interview",450000.0,22-June-2026,https://lahoreschoolofeconomics.edu.pk/getAcademicDegree/41
Lahore School of Economics,Lahore,Department of Economics,BS,Major in Economics and Minor in Public Policy,4 Years,12–13 years education (FSc / A-Levels / IB / High School) with minimum 60%,"SAT-I (≥1200, Math ≥600) OR LSE Entry Test + Interview",450000.0,22-June-2026,https://lahoreschoolofeconomics.edu.pk/getAcademicDegree/55
Lahore School of Economics,Lahore,Department of Economics,BS,Double Major in Finance and Marketing,4 Years,12–13 years education (FSc / A-Levels / IB / High School) with minimum 60%,"SAT-I (≥1200, Math ≥600) OR LSE Entry Test + Interview",450000.0,22-June-2026,https://lahoreschoolofeconomics.edu.pk/getAcademicDegree/11
Lahore School of Economics,Lahore,Department of Economics,BS,Double Major in Accounting and Finance,4 Years,12–13 years education (FSc / A-Levels / IB / High School) with minimum 60%,"SAT-I (≥1200, Math ≥600) OR LSE Entry Test + Interview",450000.0,22-June-2026,https://lahoreschoolofeconomics.edu.pk/getAcademicDegree/12
Lahore School of Economics,Lahore,Department of Economics,BS,Major in Finance and Minor in Mathematics and Data Analytics,4 Years,12–13 years education (FSc / A-Levels / IB / High School) with minimum 60%,"SAT-I (≥1200, Math ≥600) OR LSE Entry Test + Interview",450000.0,22-June-2026,https://lahoreschoolofeconomics.edu.pk/getAcademicDegree/13
Lahore School of Economics,Lahore,Department of Economics,BS,Major in Finance and Minor in Environmental Policy,4 Years,12–13 years education (FSc / A-Levels / IB / High School) with minimum 60%,"SAT-I (≥1200, Math ≥600) OR LSE Entry Test + Interview",450000.0,22-June-2026,https://lahoreschoolofeconomics.edu.pk/getAcademicDegree/14
Lahore School of Economics,Lahore,Department of Mathematics & Statistics,BS,Major in Marketing and Minor in Mathematics and Data Analytics,4 Years,12–13 years education (FSc / A-Levels / IB / High School) with minimum 60%,"SAT-I (≥1200, Math ≥600) OR LSE Entry Test + Interview",450000.0,22-June-2026,https://lahoreschoolofeconomics.edu.pk/getAcademicDegree/15
Lahore School of Economics,Lahore,Department of Social Sciences,BS,Major in Marketing and Minor in Media Studies,4 Years,12–13 years education (FSc / A-Levels / IB / High School) with minimum 60%,"SAT-I (≥1200, Math ≥600) OR LSE Entry Test + Interview",450000.0,22-June-2026,https://lahoreschoolofeconomics.edu.pk/getAcademicDegree/16
Lahore School of Economics,Lahore,Department of Social Sciences,BS,Major in Marketing and Minor in Social Sciences,4 Years,12–13 years education (FSc / A-Levels / IB / High School) with minimum 60%,"SAT-I (≥1200, Math ≥600) OR LSE Entry Test + Interview",450000.0,22-June-2026,https://lahoreschoolofeconomics.edu.pk/getAcademicDegree/17
Lahore School of Economics,Lahore,Department of Economics,BS,Major in Finance and Minor in Economics,4 Years,12–13 years education (FSc / A-Levels / IB / High School) with minimum 60%,"SAT-I (≥1200, Math ≥600) OR LSE Entry Test + Interview",450000.0,22-June-2026,https://lahoreschoolofeconomics.edu.pk/getAcademicDegree/42
Lahore School of Economics,Lahore,Department of Economics,BS,Major in Finance and Minor in Public Policy,4 Years,12–13 years education (FSc / A-Levels / IB / High School) with minimum 60%,"SAT-I (≥1200, Math ≥600) OR LSE Entry Test + Interview",450000.0,22-June-2026,https://lahoreschoolofeconomics.edu.pk/getAcademicDegree/56
Lahore School of Economics,Lahore,Department of Management Sciences,BS,Major in Marketing and Minor in Public Policy,4 Years,12–13 years education (FSc / A-Levels / IB / High School) with minimum 60%,"SAT-I (≥1200, Math ≥600) OR LSE Entry Test + Interview",450000.0,22-June-2026,https://lahoreschoolofeconomics.edu.pk/getAcademicDegree/57
Lahore School of Economics,Lahore,Department of Management Sciences,BS,Major in Marketing and Minor in Communication Design,4 Years,12–13 years education (FSc / A-Levels / IB / High School) with minimum 60%,"SAT-I (≥1200, Math ≥600) OR LSE Entry Test + Interview",450000.0,22-June-2026,https://lahoreschoolofeconomics.edu.pk/getAcademicDegree/58
Lahore School of Economics,Lahore,Department of Social Sciences,BS,Social Sciences with Major in English and Minor in Media Studies,4 Years,12–13 years education (FSc / A-Levels / IB / High School) with minimum 60%,"SAT-I (≥1200, Math ≥600) OR LSE Entry Test + Interview",450000.0,22-June-2026,https://lahoreschoolofeconomics.edu.pk/getAcademicDegree/18
Lahore School of Economics,Lahore,Department of Social Sciences,BS,Social Sciences with Major in English and Minor in Business Management,4 Years,12–13 years education (FSc / A-Levels / IB / High School) with minimum 60%,"SAT-I (≥1200, Math ≥600) OR LSE Entry Test + Interview",450000.0,22-June-2026,https://lahoreschoolofeconomics.edu.pk/getAcademicDegree/19
Lahore School of Economics,Lahore,Department of Social Sciences,BS,Social Sciences with Major in Political Science and Minor in Media Studies,4 Years,12–13 years education (FSc / A-Levels / IB / High School) with minimum 60%,"SAT-I (≥1200, Math ≥600) OR LSE Entry Test + Interview",450000.0,22-June-2026,https://lahoreschoolofeconomics.edu.pk/getAcademicDegree/20
Lahore School of Economics,Lahore,Department of Social Sciences,BS,Social Sciences with Major in Political Science and Minor in Business Management,4 Years,12–13 years education (FSc / A-Levels / IB / High School) with minimum 60%,"SAT-I (≥1200, Math ≥600) OR LSE Entry Test + Interview",450000.0,22-June-2026,https://lahoreschoolofeconomics.edu.pk/getAcademicDegree/21
Lahore School of Economics,Lahore,Department of Social Sciences,BS,Social Sciences with Major in Public Policy and Minor in Business Management,4 Years,12–13 years education (FSc / A-Levels / IB / High School) with minimum 60%,"SAT-I (≥1200, Math ≥600) OR LSE Entry Test + Interview",450000.0,22-June-2026,https://lahoreschoolofeconomics.edu.pk/getAcademicDegree/53
Lahore School of Economics,Lahore,Department of Social Sciences,BS,Media Studies with Minor in Marketing,4 Years,12–13 years education (FSc / A-Levels / IB / High School) with minimum 60%,"SAT-I (≥1200, Math ≥600) OR LSE Entry Test + Interview",450000.0,22-June-2026,https://lahoreschoolofeconomics.edu.pk/getAcademicDegree/22
Lahore School of Economics,Lahore,Department of Social Sciences,BS,Media Studies with Minor in English,4 Years,12–13 years education (FSc / A-Levels / IB / High School) with minimum 60%,"SAT-I (≥1200, Math ≥600) OR LSE Entry Test + Interview",450000.0,22-June-2026,https://lahoreschoolofeconomics.edu.pk/getAcademicDegree/23
Lahore School of Economics,Lahore,Department of Social Sciences,BS,Media Studies with Minor in Political Science,4 Years,12–13 years education (FSc / A-Levels / IB / High School) with minimum 60%,"SAT-I (≥1200, Math ≥600) OR LSE Entry Test + Interview",450000.0,22-June-2026,https://lahoreschoolofeconomics.edu.pk/getAcademicDegree/24
Lahore School of Economics,Lahore,Department of Social Sciences,BS,Media Studies with Minor in Business Management,4 Years,12–13 years education (FSc / A-Levels / IB / High School) with minimum 60%,"SAT-I (≥1200, Math ≥600) OR LSE Entry Test + Interview",450000.0,22-June-2026,https://lahoreschoolofeconomics.edu.pk/getAcademicDegree/37
Lahore School of Economics,Lahore,Department of Social Sciences,BS,Media Studies with Minor in Visual Arts,4 Years,12–13 years education (FSc / A-Levels / IB / High School) with minimum 60%,"SAT-I (≥1200, Math ≥600) OR LSE Entry Test + Interview",450000.0,22-June-2026,https://lahoreschoolofeconomics.edu.pk/getAcademicDegree/38
Lahore School of Economics,Lahore,Department of Social Sciences,BS,Visual Arts,4 Years,12–13 years education (FSc / A-Levels / IB / High School) with minimum 60%,"SAT-I (≥1200, Math ≥600) OR LSE Entry Test + Interview",450000.0,22-June-2026,https://lahoreschoolofeconomics.edu.pk/getAcademicDegree/39
Lahore School of Economics,Lahore,Department of Economics,BS,Environmental Science with Minor in Economics,4 Years,12–13 years education (FSc / A-Levels / IB / High School) with minimum 60%,"SAT-I (≥1200, Math ≥600) OR LSE Entry Test + Interview",450000.0,22-June-2026,https://lahoreschoolofeconomics.edu.pk/getAcademicDegree/25
Lahore School of Economics,Lahore,Department of Social Sciences,BS,Environmental Science with Minor in Business Management,4 Years,12–13 years education (FSc / A-Levels / IB / High School) with minimum 60%,"SAT-I (≥1200, Math ≥600) OR LSE Entry Test + Interview",450000.0,22-June-2026,https://lahoreschoolofeconomics.edu.pk/getAcademicDegree/26
Lahore School of Economics,Lahore,Department of Mathematics & Statistics,BS,Double Major in Mathematics and Data Analytics,4 Years,12–13 years education (FSc / A-Levels / IB / High School) with minimum 60%,"SAT-I (≥1200, Math ≥600) OR LSE Entry Test + Interview",450000.0,22-June-2026,https://lahoreschoolofeconomics.edu.pk/getAcademicDegree/43
Lahore School of Economics,Lahore,Department of Mathematics & Statistics,BS,Double Major in Mathematics and Statistics,4 Years,12–13 years education (FSc / A-Levels / IB / High School) with minimum 60%,"SAT-I (≥1200, Math ≥600) OR LSE Entry Test + Interview",450000.0,22-June-2026,https://lahoreschoolofeconomics.edu.pk/getAcademicDegree/44
Lahore School of Economics,Lahore,Department of Mathematics & Statistics,BS,Major in Mathematics and Minor in Data Analytics,4 Years,12–13 years education (FSc / A-Levels / IB / High School) with minimum 60%,"SAT-I (≥1200, Math ≥600) OR LSE Entry Test + Interview",450000.0,22-June-2026,https://lahoreschoolofeconomics.edu.pk/getAcademicDegree/45
Lahore School of Economics,Lahore,Department of Economics,BS,Major in Mathematics and Minor in Economics,4 Years,12–13 years education (FSc / A-Levels / IB / High School) with minimum 60%,"SAT-I (≥1200, Math ≥600) OR LSE Entry Test + Interview",450000.0,22-June-2026,https://lahoreschoolofeconomics.edu.pk/getAcademicDegree/46
Lahore School of Economics,Lahore,Department of Economics,BS,Major in Mathematics and Minor in Finance,4 Years,12–13 years education (FSc / A-Levels / IB / High School) with minimum 60%,"SAT-I (≥1200, Math ≥600) OR LSE Entry Test + Interview",450000.0,22-June-2026,https://lahoreschoolofeconomics.edu.pk/getAcademicDegree/47
Lahore School of Economics,Lahore,Department of Mathematics & Statistics,BS,Major in Mathematics and Minor in Business Management,4 Years,12–13 years education (FSc / A-Levels / IB / High School) with minimum 60%,"SAT-I (≥1200, Math ≥600) OR LSE Entry Test + Interview",450000.0,22-June-2026,https://lahoreschoolofeconomics.edu.pk/getAcademicDegree/48
Lahore School of Economics,Lahore,Department of Economics,BS,Double Major in Statistics and Accounting,4 Years,12–13 years education (FSc / A-Levels / IB / High School) with minimum 60%,"SAT-I (≥1200, Math ≥600) OR LSE Entry Test + Interview",450000.0,22-June-2026,https://lahoreschoolofeconomics.edu.pk/getAcademicDegree/49
Lahore School of Economics,Lahore,Department of Mathematics & Statistics,BS,Major in Statistics and Minor in Data Analytics,4 Years,12–13 years education (FSc / A-Levels / IB / High School) with minimum 60%,"SAT-I (≥1200, Math ≥600) OR LSE Entry Test + Interview",450000.0,22-June-2026,https://lahoreschoolofeconomics.edu.pk/getAcademicDegree/50
Lahore School of Economics,Lahore,Department of Mathematics & Statistics,BS,Major in Statistics and Minor in Business Management,4 Years,12–13 years education (FSc / A-Levels / IB / High School) with minimum 60%,"SAT-I (≥1200, Math ≥600) OR LSE Entry Test + Interview",450000.0,22-June-2026,https://lahoreschoolofeconomics.edu.pk/getAcademicDegree/51
Lahore School of Economics,Lahore,Department of Economics,BS,Major in Statistics and Minor in Accounting,4 Years,12–13 years education (FSc / A-Levels / IB / High School) with minimum 60%,"SAT-I (≥1200, Math ≥600) OR LSE Entry Test + Interview",450000.0,22-June-2026,https://lahoreschoolofeconomics.edu.pk/getAcademicDegree/52
Lahore School of Economics,Lahore,Department of Economics,PhD,Economics,3–5 Years,16 years education for MS/MPhil; MPhil/MS with research for PhD,GRE + HAT-3 + Research Proposal + Interview,500000.0,28-May-2026,https://lahoreschoolofeconomics.edu.pk/getAcademicDegree/29
Lahore School of Economics,Lahore,Department of Social Sciences,MPhil,Environmental Science and Policy,2–3 Years,16 years education for MS/MPhil; MPhil/MS with research for PhD,GRE / HAT + Interview,480000.0,23-June-2026,https://lahoreschoolofeconomics.edu.pk/getAcademicDegree/31
Lahore School of Economics,Lahore,Department of Economics,MS,Economics,1.5–2 Years,16 years education for MS/MPhil; MPhil/MS with research for PhD,GRE / HAT + Interview,480000.0,28-May-2026,https://lahoreschoolofeconomics.edu.pk/getAcademicDegree/32
Lahore School of Economics,Lahore,Lahore School of Economics,MPhil,Development Studies,2–3 Years,16 years education for MS/MPhil; MPhil/MS with research for PhD,GRE / HAT + Interview,480000.0,23-June-2026,https://lahoreschoolofeconomics.edu.pk/getAcademicDegree/34
Lahore School of Economics,Lahore,Department of Economics,MPhil,Economics,2–3 Years,16 years education for MS/MPhil; MPhil/MS with research for PhD,GRE / HAT + Interview,480000.0,28-May-2026,https://lahoreschoolofeconomics.edu.pk/getAcademicDegree/35
Lahore University of Management Sciences,Lahore,Mushtaq Ahmad Gurmani School of Humanities and Social Sciences,MPhil,Comparative Humanities,Check program page,"Bachelor’s degree (16 years of education) from a recognized institution. Program-specific requirements may apply. Admission based on academic record, test scores (GRE/GMAT where applicable), and interview.",GRE,1750000.0,15-February-2026,https://lums.edu.pk/programmes/mphil-comparative-humanities
Lahore University of Management Sciences,Lahore,Mushtaq Ahmad Gurmani School of Humanities and Social Sciences,MPhil,"Society, Culture and Politics",Check program page,"Bachelor’s degree (16 years of education) from a recognized institution. Program-specific requirements may apply. Admission based on academic record, test scores (GRE/GMAT where applicable), and interview.",GRE,1750000.0,15-February-2026,https://lums.edu.pk/programmes/mphil-society-culture-and-politics
Lahore University of Management Sciences,Lahore,Mushtaq Ahmad Gurmani School of Humanities and Social Sciences,MS,Economics,Check program page,"Bachelor’s degree (16 years of education) from a recognized institution. Program-specific requirements may apply. Admission based on academic record, test scores (GRE/GMAT where applicable), and interview.",GRE,1750000.0,15-February-2026,https://lums.edu.pk/programmes/ms-economics
Lahore University of Management Sciences,Lahore,Shaikh Ahmad Hassan School of Law,MS,Commercial Law,Check program page,"Bachelor’s degree (16 years of education) from a recognized institution. Program-specific requirements may apply. Admission based on academic record, test scores (GRE/GMAT where applicable), and interview.",GRE,2200000.0,15-February-2026,https://lums.edu.pk/programmes/llm
Lahore University of Management Sciences,Lahore,Suleman Dawood School of Business,MBA,Executive MBA,2 Years,"Bachelor’s degree (16 years of education) from a recognized institution. Program-specific requirements may apply. Admission based on academic record, test scores (GRE/GMAT where applicable), and interview.",GMAT,2100000.0,15-February-2026,https://lums.edu.pk/programmes/executive-mba
Lahore University of Management Sciences,Lahore,Suleman Dawood School of Business,MBA,Business Administration,2 Years,"Bachelor’s degree (16 years of education) from a recognized institution. Program-specific requirements may apply. Admission based on academic record, test scores (GRE/GMAT where applicable), and interview.",GMAT,2100000.0,15-February-2026,https://lums.edu.pk/programmes/mba
Lahore University of Management Sciences,Lahore,Suleman Dawood School of Business,MS,Financial Management,Check program page,"Bachelor’s degree (16 years of education) from a recognized institution. Program-specific requirements may apply. Admission based on academic record, test scores (GRE/GMAT where applicable), and interview.",GMAT,2100000.0,15-February-2026,https://lums.edu.pk/programmes/ms-financial-management
Lahore University of Management Sciences,Lahore,Suleman Dawood School of Business,MS,Healthcare Management and Innovation,Check program page,"Bachelor’s degree (16 years of education) from a recognized institution. Program-specific requirements may apply. Admission based on academic record, test scores (GRE/GMAT where applicable), and interview.",GMAT,2100000.0,15-February-2026,https://lums.edu.pk/programmes/ms-healthcare-management-and-innovation
Lahore University of Management Sciences,Lahore,Suleman Dawood School of Business,MS,Supply Chain and Retail Management,Check program page,"Bachelor’s degree (16 years of education) from a recognized institution. Program-specific requirements may apply. Admission based on academic record, test scores (GRE/GMAT where applicable), and interview.",GMAT,2100000.0,15-February-2026,https://lums.edu.pk/programmes/ms-supply-chain-and-retail-management
Lahore University of Management Sciences,Lahore,Suleman Dawood School of Business,MS,Technology Management and Entrepreneurship,Check program page,"Bachelor’s degree (16 years of education) from a recognized institution. Program-specific requirements may apply. Admission based on academic record, test scores (GRE/GMAT where applicable), and interview.",GMAT,2100000.0,15-February-2026,https://lums.edu.pk/programmes/ms-technology-management-and-entrepreneurship
Lahore University of Management Sciences,Lahore,Suleman Dawood School of Business,PhD,Management,Check program page,"Bachelor’s degree (16 years of education) from a recognized institution. Program-specific requirements may apply. Admission based on academic record, test scores (GRE/GMAT where applicable), and interview.",GMAT,2100000.0,15-February-2026,https://lums.edu.pk/programmes/phd-management
Lahore University of Management Sciences,Lahore,Syed Ahsan Ali and Syed Maratib Ali School of Education,MPhil,Education Leadership and Management,2 Years,"Bachelor’s degree (16 years of education) from a recognized institution. Program-specific requirements may apply. Admission based on academic record, test scores (GRE/GMAT where applicable), and interview.",GMAT,0.0,15-February-2026,https://lums.edu.pk/programmes/mphil-education-leadership-and-management
Lahore University of Management Sciences,Lahore,Syed Ahsan Ali and Syed Maratib Ali School of Education,MPhil,Education Leadership and Management,2 Years,"Bachelor’s degree (16 years of education) from a recognized institution. Program-specific requirements may apply. Admission based on academic record, test scores (GRE/GMAT where applicable), and interview.",GMAT,0.0,15-February-2026,https://lums.edu.pk/programmes/mphil-education-leadership-and-management-weekend-track-executives
Lahore University of Management Sciences,Lahore,Syed Babar Ali School of Science and Engineering,MS,Artificial Intelligence,2 Years,"Bachelor’s degree (16 years of education) from a recognized institution. Program-specific requirements may apply. Admission based on academic record, test scores (GRE/GMAT where applicable), and interview.",GRE,1900000.0,15-February-2026,https://lums.edu.pk/programmes/ms-artificial-intelligence
Lahore University of Management Sciences,Lahore,Syed Babar Ali School of Science and Engineering,MS,Biology,2 Years,"Bachelor’s degree (16 years of education) from a recognized institution. Program-specific requirements may apply. Admission based on academic record, test scores (GRE/GMAT where applicable), and interview.",GRE,1900000.0,15-February-2026,https://lums.edu.pk/programmes/ms-biology
Lahore University of Management Sciences,Lahore,Syed Babar Ali School of Science and Engineering,MS,Chemistry,2 Years,"Bachelor’s degree (16 years of education) from a recognized institution. Program-specific requirements may apply. Admission based on academic record, test scores (GRE/GMAT where applicable), and interview.",GRE,1900000.0,15-February-2026,https://lums.edu.pk/programmes/ms-chemistry
Lahore University of Management Sciences,Lahore,Syed Babar Ali School of Science and Engineering,MS,Computer Science,2 Years,"Bachelor’s degree (16 years of education) from a recognized institution. Program-specific requirements may apply. Admission based on academic record, test scores (GRE/GMAT where applicable), and interview.",GRE,1900000.0,15-February-2026,https://lums.edu.pk/programmes/ms-computer-science
Lahore University of Management Sciences,Lahore,Syed Babar Ali School of Science and Engineering,MS,Digital and Embedded Systems,2 Years,"Bachelor’s degree (16 years of education) from a recognized institution. Program-specific requirements may apply. Admission based on academic record, test scores (GRE/GMAT where applicable), and interview.",GRE,1900000.0,15-February-2026,https://lums.edu.pk/programmes/ms-digital-and-embedded-systems
Lahore University of Management Sciences,Lahore,Syed Babar Ali School of Science and Engineering,MS,Electrical Engineering,2 Years,"Bachelor’s degree (16 years of education) from a recognized institution. Program-specific requirements may apply. Admission based on academic record, test scores (GRE/GMAT where applicable), and interview.",GRE,1900000.0,15-February-2026,https://lums.edu.pk/programmes/ms-electrical-engineering
Lahore University of Management Sciences,Lahore,Syed Babar Ali School of Science and Engineering,MS,Mathematics,2 Years,"Bachelor’s degree (16 years of education) from a recognized institution. Program-specific requirements may apply. Admission based on academic record, test scores (GRE/GMAT where applicable), and interview.",GRE,1900000.0,15-February-2026,https://lums.edu.pk/programmes/ms-mathematics
Lahore University of Management Sciences,Lahore,Syed Babar Ali School of Science and Engineering,MS,Physics,2 Years,"Bachelor’s degree (16 years of education) from a recognized institution. Program-specific requirements may apply. Admission based on academic record, test scores (GRE/GMAT where applicable), and interview.",GRE,1900000.0,15-February-2026,https://lums.edu.pk/programmes/ms-physics
Lahore University of Management Sciences,Lahore,Syed Babar Ali School of Science and Engineering,MS,Power Engineering and Smart Grids,2 Years,"Bachelor’s degree (16 years of education) from a recognized institution. Program-specific requirements may apply. Admission based on academic record, test scores (GRE/GMAT where applicable), and interview.",GRE,1900000.0,15-February-2026,https://lums.edu.pk/programmes/ms-power-engineering-and-smart-grids
Lahore University of Management Sciences,Lahore,Syed Babar Ali School of Science and Engineering,PhD,Biology,Check program page,"Bachelor’s degree (16 years of education) from a recognized institution. Program-specific requirements may apply. Admission based on academic record, test scores (GRE/GMAT where applicable), and interview.",GRE,1900000.0,15-February-2026,https://lums.edu.pk/programmes/phd-biology
Lahore University of Management Sciences,Lahore,Syed Babar Ali School of Science and Engineering,PhD,Chemical and Environmental Engineering,Check program page,"Bachelor’s degree (16 years of education) from a recognized institution. Program-specific requirements may apply. Admission based on academic record, test scores (GRE/GMAT where applicable), and interview.",GRE,1900000.0,15-February-2026,https://lums.edu.pk/programmes/phd-chemical-and-environmental-engineering
Lahore University of Management Sciences,Lahore,Syed Babar Ali School of Science and Engineering,PhD,Chemistry,Check program page,"Bachelor’s degree (16 years of education) from a recognized institution. Program-specific requirements may apply. Admission based on academic record, test scores (GRE/GMAT where applicable), and interview.",GRE,1900000.0,15-February-2026,https://lums.edu.pk/programmes/phd-chemistry
Lahore University of Management Sciences,Lahore,Syed Babar Ali School of Science and Engineering,PhD,Computer Science,Check program page,"Bachelor’s degree (16 years of education) from a recognized institution. Program-specific requirements may apply. Admission based on academic record, test scores (GRE/GMAT where applicable), and interview.",GRE,1900000.0,15-February-2026,https://lums.edu.pk/programmes/phd-computer-science
Lahore University of Management Sciences,Lahore,Syed Babar Ali School of Science and Engineering,PhD,Electrical Engineering,Check program page,"Bachelor’s degree (16 years of education) from a recognized institution. Program-specific requirements may apply. Admission based on academic record, test scores (GRE/GMAT where applicable), and interview.",GRE,1900000.0,15-February-2026,https://lums.edu.pk/programmes/phd-electrical-engineering
Lahore University of Management Sciences,Lahore,Syed Babar Ali School of Science and Engineering,PhD,Mathematics,Check program page,"Bachelor’s degree (16 years of education) from a recognized institution. Program-specific requirements may apply. Admission based on academic record, test scores (GRE/GMAT where applicable), and interview.",GRE,1900000.0,15-February-2026,https://lums.edu.pk/programmes/phd-mathematics
Lahore University of Management Sciences,Lahore,Syed Babar Ali School of Science and Engineering,PhD,Physics,Check program page,"Bachelor’s degree (16 years of education) from a recognized institution. Program-specific requirements may apply. Admission based on academic record, test scores (GRE/GMAT where applicable), and interview.",GRE,1900000.0,15-February-2026,https://lums.edu.pk/programmes/phd-physics
Lahore University of Management Sciences,Lahore,Mushtaq Ahmad Gurmani School of Humanities and Social Sciences,BS,Comparative Literature and Creative Arts,4 Years,Intermediate (FSc) / A-Levels / IB or equivalent. Program-specific subject requirements may apply. Admission based on academic record and SAT/ACT/LCAT.,SAT / ACT / LCAT,1600000.0,15-February-2026,https://lums.edu.pk/programmes/ba-honours-comparative-literature-and-creative-arts-clca
Lahore University of Management Sciences,Lahore,Mushtaq Ahmad Gurmani School of Humanities and Social Sciences,BS,English,4 Years,Intermediate (FSc) / A-Levels / IB or equivalent. Program-specific subject requirements may apply. Admission based on academic record and SAT/ACT/LCAT.,SAT / ACT / LCAT,1600000.0,15-February-2026,https://lums.edu.pk/programmes/ba-honours-english
Lahore University of Management Sciences,Lahore,Mushtaq Ahmad Gurmani School of Humanities and Social Sciences,BS,History,4 Years,Intermediate (FSc) / A-Levels / IB or equivalent. Program-specific subject requirements may apply. Admission based on academic record and SAT/ACT/LCAT.,SAT / ACT / LCAT,1600000.0,15-February-2026,https://lums.edu.pk/programmes/ba-honours-history
Lahore University of Management Sciences,Lahore,Mushtaq Ahmad Gurmani School of Humanities and Social Sciences,BS,Anthropology / Sociology,4 Years,Intermediate (FSc) / A-Levels / IB or equivalent. Program-specific subject requirements may apply. Admission based on academic record and SAT/ACT/LCAT.,SAT / ACT / LCAT,1600000.0,15-February-2026,https://lums.edu.pk/programmes/bsc-honours-anthropology-sociology
Lahore University of Management Sciences,Lahore,Mushtaq Ahmad Gurmani School of Humanities and Social Sciences,BS,Economics,4 Years,Intermediate (FSc) / A-Levels / IB or equivalent. Program-specific subject requirements may apply. Admission based on academic record and SAT/ACT/LCAT.,SAT / ACT / LCAT,1600000.0,15-February-2026,https://lums.edu.pk/programmes/bsc-honours-economics
Lahore University of Management Sciences,Lahore,Mushtaq Ahmad Gurmani School of Humanities and Social Sciences,BS,Economics and Mathematics,4 Years,Intermediate (FSc) / A-Levels / IB or equivalent. Program-specific subject requirements may apply. Admission based on academic record and SAT/ACT/LCAT.,SAT / ACT / LCAT,1600000.0,15-February-2026,https://lums.edu.pk/programmes/bsc-honours-economics-and-mathematics-joint-major
Lahore University of Management Sciences,Lahore,Mushtaq Ahmad Gurmani School of Humanities and Social Sciences,BS,"Economics, Data and Computer Science",4 Years,Intermediate (FSc) / A-Levels / IB or equivalent. Program-specific subject requirements may apply. Admission based on academic record and SAT/ACT/LCAT.,SAT / ACT / LCAT,1600000.0,15-February-2026,https://lums.edu.pk/programmes/bsc-honours-economics-data-and-computer-science-joint-major
Lahore University of Management Sciences,Lahore,Mushtaq Ahmad Gurmani School of Humanities and Social Sciences,BS,Political Science,4 Years,Intermediate (FSc) / A-Levels / IB or equivalent. Program-specific subject requirements may apply. Admission based on academic record and SAT/ACT/LCAT.,SAT / ACT / LCAT,1600000.0,15-February-2026,https://lums.edu.pk/programmes/bsc-honours-political-science
Lahore University of Management Sciences,Lahore,Mushtaq Ahmad Gurmani School of Humanities and Social Sciences,BS,Politics and Economics,4 Years,Intermediate (FSc) / A-Levels / IB or equivalent. Program-specific subject requirements may apply. Admission based on academic record and SAT/ACT/LCAT.,SAT / ACT / LCAT,1600000.0,15-February-2026,https://lums.edu.pk/programmes/bsc-honours-politics-and-economics
Lahore University of Management Sciences,Lahore,Mushtaq Ahmad Gurmani School of Humanities and Social Sciences,BS,Psychology,4 Years,Intermediate (FSc) / A-Levels / IB or equivalent. Program-specific subject requirements may apply. Admission based on academic record and SAT/ACT/LCAT.,SAT / ACT / LCAT,1600000.0,15-February-2026,https://lums.edu.pk/programmes/bsc-honours-psychology
Lahore University of Management Sciences,Lahore,Shaikh Ahmad Hassan School of Law,BS,Ba-Ll.B,4 Years,Intermediate (FSc) / A-Levels / IB or equivalent. Program-specific subject requirements may apply. Admission based on academic record and SAT/ACT/LCAT.,SAT / ACT / LCAT,1800000.0,15-February-2026,https://lums.edu.pk/programmes/ba-llb-honours
Lahore University of Management Sciences,Lahore,Suleman Dawood School of Business,BS,Accounting and Finance,4 Years,Intermediate (FSc) / A-Levels / IB or equivalent. Program-specific subject requirements may apply. Admission based on academic record and SAT/ACT/LCAT.,SAT / ACT / LCAT,1706860.0,15-February-2026,https://lums.edu.pk/programmes/bsc-honours-accounting-and-finance
Lahore University of Management Sciences,Lahore,Suleman Dawood School of Business,BS,Management Science,4 Years,Intermediate (FSc) / A-Levels / IB or equivalent. Program-specific subject requirements may apply. Admission based on academic record and SAT/ACT/LCAT.,SAT / ACT / LCAT,1706860.0,15-February-2026,https://lums.edu.pk/programmes/bsc-honours-management-science
Lahore University of Management Sciences,Lahore,Syed Babar Ali School of Science and Engineering,BS,Biology,4 Years,Intermediate (FSc) / A-Levels / IB or equivalent. Program-specific subject requirements may apply. Admission based on academic record and SAT/ACT/LCAT.,SAT / ACT / LCAT,1650000.0,15-February-2026,https://lums.edu.pk/programmes/bs-biology
Lahore University of Management Sciences,Lahore,Syed Babar Ali School of Science and Engineering,BS,Chemical Engineering,4 Years,Intermediate (FSc) / A-Levels / IB or equivalent. Program-specific subject requirements may apply. Admission based on academic record and SAT/ACT/LCAT.,SAT / ACT / LCAT,1650000.0,15-February-2026,https://lums.edu.pk/programmes/bs-chemical-engineering
Lahore University of Management Sciences,Lahore,Syed Babar Ali School of Science and Engineering,BS,Chemistry,4 Years,Intermediate (FSc) / A-Levels / IB or equivalent. Program-specific subject requirements may apply. Admission based on academic record and SAT/ACT/LCAT.,SAT / ACT / LCAT,1650000.0,15-February-2026,https://lums.edu.pk/programmes/bs-chemistry
Lahore University of Management Sciences,Lahore,Syed Babar Ali School of Science and Engineering,BS,Computer Science,4 Years,Intermediate (FSc) / A-Levels / IB or equivalent. Program-specific subject requirements may apply. Admission based on academic record and SAT/ACT/LCAT.,SAT / ACT / LCAT,1650000.0,15-February-2026,https://lums.edu.pk/programmes/bs-computer-science
Lahore University of Management Sciences,Lahore,Syed Babar Ali School of Science and Engineering,BS,Economics and Mathematics,4 Years,Intermediate (FSc) / A-Levels / IB or equivalent. Program-specific subject requirements may apply. Admission based on academic record and SAT/ACT/LCAT.,SAT / ACT / LCAT,1650000.0,15-February-2026,https://lums.edu.pk/programmes/bs-economics-and-mathematics-joint-major
Lahore University of Management Sciences,Lahore,Syed Babar Ali School of Science and Engineering,BS,Electrical Engineering,4 Years,Intermediate (FSc) / A-Levels / IB or equivalent. Program-specific subject requirements may apply. Admission based on academic record and SAT/ACT/LCAT.,SAT / ACT / LCAT,1650000.0,15-February-2026,https://lums.edu.pk/programmes/bs-electrical-engineering
Lahore University of Management Sciences,Lahore,Syed Babar Ali School of Science and Engineering,BS,Mathematics,4 Years,Intermediate (FSc) / A-Levels / IB or equivalent. Program-specific subject requirements may apply. Admission based on academic record and SAT/ACT/LCAT.,SAT / ACT / LCAT,1650000.0,15-February-2026,https://lums.edu.pk/programmes/bs-mathematics
Lahore University of Management Sciences,Lahore,Syed Babar Ali School of Science and Engineering,BS,Physics,4 Years,Intermediate (FSc) / A-Levels / IB or equivalent. Program-specific subject requirements may apply. Admission based on academic record and SAT/ACT/LCAT.,SAT / ACT / LCAT,1650000.0,15-February-2026,https://lums.edu.pk/programmes/bs-physics
Muhammad Ali Jinnah University,Karachi,School of Business Administration (SOBA),BS,Business Analytics,4 Years,Intermediate / A-Levels (relevant discipline),MAJU Admission Test,95000.0,30-September-2026,https://jinnah.edu/faculty-of-business-administration/department-of-business-administration/bs-business-analytics/
Muhammad Ali Jinnah University,Karachi,Department of Management Sciences,BS,Accounting and Finance,4 Years,Intermediate / A-Levels (relevant discipline),MAJU Admission Test,95000.0,30-September-2026,https://jinnah.edu/faculty-of-business-administration/department-of-management-sciences/bs-accounting-and-finance/
Muhammad Ali Jinnah University,Karachi,School of Business Administration (SOBA),BS,Business Computing,4 Years,Intermediate / A-Levels (relevant discipline),MAJU Admission Test,95000.0,30-September-2026,https://jinnah.edu/faculty-of-business-administration/school-of-business-administration-soba/bs-business-computing/
Muhammad Ali Jinnah University,Karachi,School of Business Administration (SOBA),BS,FinTech,4 Years,Intermediate / A-Levels (relevant discipline),MAJU Admission Test,95000.0,30-September-2026,https://jinnah.edu/faculty-of-business-administration/school-of-business-administration-soba/bs-fintech/
Muhammad Ali Jinnah University,Karachi,School of Business Administration (SOBA),BS,Business Administration,4 Years,Intermediate / A-Levels (relevant discipline),MAJU Admission Test,95000.0,30-September-2026,https://jinnah.edu/faculty-of-business-administration/school-of-business-administration-soba/bba/
Muhammad Ali Jinnah University,Karachi,School of Business Administration (SOBA),BS,Accounting and Finance,2 Years,Associate Degree / relevant prior qualification,MAJU Admission Test,110000.0,30-September-2026,https://jinnah.edu/faculty-of-business-administration/school-of-business-administration-soba/bs-accounting-and-finance-2-years/
Muhammad Ali Jinnah University,Karachi,School of Business Administration (SOBA),BS,FinTech,2 Years,Associate Degree / relevant prior qualification,MAJU Admission Test,110000.0,30-September-2026,https://jinnah.edu/faculty-of-business-administration/school-of-business-administration-soba/bs-fintech-2-years/
Muhammad Ali Jinnah University,Karachi,School of Business Administration (SOBA),BS,Business Administration,2 Years,Associate Degree / relevant prior qualification,MAJU Admission Test,110000.0,30-September-2026,https://jinnah.edu/faculty-of-business-administration/school-of-business-administration-soba/bba-2-years/
Muhammad Ali Jinnah University,Karachi,Department of Computer Science,BS,Artificial Intelligence,4 Years,Intermediate / A-Levels (relevant discipline),MAJU Admission Test,95000.0,30-September-2026,https://jinnah.edu/faculty-of-computing/department-of-computer-science/bs-artificial-intelligence/
Muhammad Ali Jinnah University,Karachi,Department of Computer Science,BS,Software Engineering,4 Years,Intermediate / A-Levels (relevant discipline),MAJU Admission Test,95000.0,30-September-2026,https://jinnah.edu/faculty-of-computing/department-of-computer-science/bs-software-engineering/
Muhammad Ali Jinnah University,Karachi,Department of Computer Science,BS,Computer Science,4 Years,Intermediate / A-Levels (relevant discipline),MAJU Admission Test,95000.0,30-September-2026,https://jinnah.edu/faculty-of-computing/department-of-computer-science/bs-computer-science/
Muhammad Ali Jinnah University,Karachi,Department of Psychology,BS,Psychology,4 Years,Intermediate / A-Levels (relevant discipline),MAJU Admission Test,90000.0,30-September-2026,https://jinnah.edu/faculty-of-social-and-basic-sciences/department-of-basic-science/bs-psychology/
Muhammad Ali Jinnah University,Karachi,Department of Psychology,BS,Psychology,2 Years,Associate Degree / relevant prior qualification,MAJU Admission Test,110000.0,30-September-2026,https://jinnah.edu/faculty-of-social-and-basic-sciences/department-of-psychology/bs-psychology-2-years/
Muhammad Ali Jinnah University,Karachi,Department of Bio Sciences,BS,Biotechnology,4 Years,Intermediate / A-Levels (relevant discipline),MAJU Admission Test,95000.0,30-September-2026,https://jinnah.edu/faculty-of-life-sciences/department-of-bio-sciences/bs-biotechnology/
Muhammad Ali Jinnah University,Karachi,Department of Bio Sciences,BS,Biotechnology,2 Years,Associate Degree / relevant prior qualification,MAJU Admission Test,110000.0,30-September-2026,https://jinnah.edu/faculty-of-life-sciences/department-of-bio-sciences/bs-biotechnology-2-years/
Muhammad Ali Jinnah University,Karachi,Department of Computer Science,MS,Data Science,2 Years,BS / BE (relevant discipline),MAJU Admission Test / Interview,120000.0,31-October-2026,https://jinnah.edu/faculty-of-computing/department-of-computer-science/ms-data-science/
Muhammad Ali Jinnah University,Karachi,Department of Computer Science,MS,Computer Science,2 Years,BS / BE (relevant discipline),MAJU Admission Test / Interview,120000.0,31-October-2026,https://jinnah.edu/faculty-of-computing/department-of-computer-science/ms-computer-science/
Muhammad Ali Jinnah University,Karachi,Department of Computer Science,MS,Software Engineering,2 Years,BS / BE (relevant discipline),MAJU Admission Test / Interview,120000.0,31-October-2026,https://jinnah.edu/faculty-of-computing/department-of-computer-science/ms-software-engineering/
Muhammad Ali Jinnah University,Karachi,Department of Computer Science,PhD,Computer Science,3–5 Years,MS / MPhil (relevant discipline),GAT (Subject) + Interview,150000.0,31-October-2026,https://jinnah.edu/faculty-of-computing/department-of-computer-science/phd-computer-science/
Muhammad Ali Jinnah University,Karachi,School of Business Administration (SOBA),MBA,Business Administration,2 Years,BS / BE (relevant discipline),MAJU Admission Test / Interview,120000.0,31-October-2026,https://jinnah.edu/faculty-of-business-administration/school-of-business-administration-soba/mba-2-years/
Muhammad Ali Jinnah University,Karachi,Department of Management Sciences,MS,Project Management,2 Years,BS / BE (relevant discipline),MAJU Admission Test / Interview,120000.0,31-October-2026,https://jinnah.edu/faculty-of-business-administration/department-of-management-sciences/ms-project-management/
Muhammad Ali Jinnah University,Karachi,Department of Management Sciences,MS,Management Sciences,2 Years,BS / BE (relevant discipline),MAJU Admission Test / Interview,120000.0,31-October-2026,https://jinnah.edu/faculty-of-business-administration/department-of-management-sciences/ms-management-science/
Muhammad Ali Jinnah University,Karachi,School of Business Administration (SOBA),PhD,Management Sciences,3–5 Years,MS / MPhil (relevant discipline),GAT (Subject) + Interview,150000.0,31-October-2026,https://jinnah.edu/faculty-of-business-administration/school-of-business-administration-soba/phd-management-sciences-3-5-years/
Muhammad Ali Jinnah University,Karachi,Department of Bio Sciences,MS,Biotechnology,2 Years,BS / BE (relevant discipline),MAJU Admission Test / Interview,120000.0,31-October-2026,https://jinnah.edu/faculty-of-life-sciences/department-of-bio-sciences/ms-biotechnology/
Muhammad Ali Jinnah University,Karachi,Department of Bio Sciences,PhD,Biosciences,3–5 Years,MS / MPhil (relevant discipline),GAT (Subject) + Interview,150000.0,31-October-2026,https://jinnah.edu/faculty-of-life-sciences/department-of-bio-sciences/phd-biosciences/
National College of Arts (NCA),Lahore,Faculty of Architecture,BS,Architecture,5 Years,FSc Pre-Engineering / A-Levels,NCA Aptitude Test,55000.0,15-July-2026,https://www.nca.edu.pk/department.php?name=Dept-Arch
National College of Arts (NCA),Lahore,Faculty of Architecture,MS,Architecture (Interior Design),2 Years,B.Arch,Departmental Test / Interview,65000.0,15-July-2026,https://www.nca.edu.pk/department.php?name=Post-Dept-Interior
National College of Arts (NCA),Lahore,Faculty of Architecture,MS,Architecture (Urban Design),2 Years,B.Arch,Departmental Test / Interview,65000.0,15-July-2026,https://www.nca.edu.pk/college.php?name=faculty-architecture
National College of Arts (NCA),Lahore,Faculty of Fine Arts,BS,Painting,4 Years,Intermediate / A-Levels,NCA Aptitude Test,50000.0,15-July-2026,https://www.nca.edu.pk/department.php?name=Dept-finearts#painting
National College of Arts (NCA),Lahore,Faculty of Fine Arts,BS,Miniature Painting,4 Years,Intermediate / A-Levels,NCA Aptitude Test,50000.0,15-July-2026,https://www.nca.edu.pk/department.php?name=Dept-finearts#miniature-painting
National College of Arts (NCA),Lahore,Faculty of Fine Arts,BS,Printmaking,4 Years,Intermediate / A-Levels,NCA Aptitude Test,50000.0,15-July-2026,https://www.nca.edu.pk/department.php?name=Dept-finearts#print-making
National College of Arts (NCA),Lahore,Faculty of Fine Arts,BS,Sculpture,4 Years,Intermediate / A-Levels,NCA Aptitude Test,50000.0,15-July-2026,https://www.nca.edu.pk/department.php?name=Dept-finearts#sculpture
National College of Arts (NCA),Lahore,Faculty of Fine Arts,BS,Drawing,4 Years,Intermediate / A-Levels,NCA Aptitude Test,50000.0,15-July-2026,https://www.nca.edu.pk/department.php?name=Dept-finearts#drawing
National College of Arts (NCA),Lahore,Faculty of Fine Arts,MS,Visual Arts,2 Years,BFA,Departmental Test / Interview,60000.0,15-July-2026,https://www.nca.edu.pk/department.php?name=Post-Dept-Visual-Arts
National College of Arts (NCA),Lahore,Faculty of Design,BS,Communication Design,4 Years,Intermediate / A-Levels,NCA Aptitude Test,50000.0,15-July-2026,https://www.nca.edu.pk/department.php?name=Dept-Comm-Design
National College of Arts (NCA),Lahore,Faculty of Design,BS,Textile Design,4 Years,Intermediate / A-Levels,NCA Aptitude Test,50000.0,15-July-2026,https://www.nca.edu.pk/department.php?name=Dept-Textile-Design
National College of Arts (NCA),Lahore,Faculty of Design,BS,Fashion Design,4 Years,Intermediate / A-Levels,NCA Aptitude Test,50000.0,15-July-2026,https://www.nca.edu.pk/department.php?name=fashion-design
National College of Arts (NCA),Lahore,Faculty of Design,BS,Product Design,4 Years,Intermediate / A-Levels,NCA Aptitude Test,50000.0,15-July-2026,https://www.nca.edu.pk/department.php?name=Dept-Product-Design
National College of Arts (NCA),Lahore,Faculty of Design,BS,Ceramic Design,4 Years,Intermediate / A-Levels,NCA Aptitude Test,50000.0,15-July-2026,https://www.nca.edu.pk/department?name=Dept-Ceramic-Design
National College of Arts (NCA),Lahore,Faculty of Design,MS,Design,2 Years,BDes / BFA,Departmental Test / Interview,60000.0,15-July-2026,https://www.nca.edu.pk/college.php?name=faculty-design
National College of Arts (NCA),Lahore,Faculty of Film & Television,BS,Film & Television,4 Years,Intermediate / A-Levels,NCA Aptitude Test,52000.0,15-July-2026,https://www.nca.edu.pk/department.php?name=Dept-Film-tv
National College of Arts (NCA),Lahore,Faculty of Performing Arts,BS,Musicology,4 Years,Intermediate,NCA Aptitude Test,48000.0,15-July-2026,https://www.nca.edu.pk/department.php?name=Dept-Musicology
National College of Arts (NCA),Lahore,Faculty of Humanities,BS,Cultural Studies,4 Years,Intermediate / A-Levels,NCA Aptitude Test,45000.0,15-July-2026,https://www.nca.edu.pk/department.php?name=Dept-cultural-studies
National College of Arts (NCA),Lahore,Faculty of Humanities,MPhil,Cultural Studies,2 Years,Relevant Bachelor Degree,Departmental Test / Interview,55000.0,15-July-2026,https://www.nca.edu.pk/department.php?name=Post-Dept-Communication-Cultural
National College of Arts (NCA),Lahore,Faculty of Multimedia Art,BS,Multimedia Art,4 Years,Intermediate / A-Levels,NCA Aptitude Test,52000.0,15-July-2026,https://www.nca.edu.pk/department.php?name=dept-multimedia-art
National College of Arts (NCA),Lahore,Faculty of Multimedia Art,MS,Multimedia Art,2 Years,Relevant Bachelor Degree,Departmental Test / Interview,62000.0,15-July-2026,https://www.nca.edu.pk/department.php?name=Post-Dept-Multimedia
NED University of Engineering & Technology,Karachi,Department of Civil Engineering,BS,Civil Engineering,4 Years,Intermediate (Pre-Engineering),NED Entry Test / ECAT,30000.0,15-August-2026,https://www.neduet.edu.pk/faculties_and_departments
NED University of Engineering & Technology,Karachi,Department of Electrical Engineering,BS,Electrical Engineering,4 Years,Intermediate (Pre-Engineering),NED Entry Test / ECAT,30000.0,15-August-2026,https://www.neduet.edu.pk/faculties_and_departments
NED University of Engineering & Technology,Karachi,Department of Mechanical Engineering,BS,Mechanical Engineering,4 Years,Intermediate (Pre-Engineering),NED Entry Test / ECAT,30000.0,15-August-2026,https://www.neduet.edu.pk/faculties_and_departments
NED University of Engineering & Technology,Karachi,Department of Chemical Engineering,BS,Chemical Engineering,4 Years,Intermediate (Pre-Engineering),NED Entry Test / ECAT,30000.0,15-August-2026,https://www.neduet.edu.pk/faculties_and_departments
NED University of Engineering & Technology,Karachi,Department of Computer & Information Systems Engineering,BS,Computer & Information Systems Engineering,4 Years,Intermediate (Pre-Engineering),NED Entry Test / ECAT,30000.0,15-August-2026,https://www.neduet.edu.pk/faculties_and_departments
NED University of Engineering & Technology,Karachi,Department of Software Engineering,BS,Software Engineering,4 Years,Intermediate (Pre-Engineering),NED Entry Test / ECAT,30000.0,15-August-2026,https://www.neduet.edu.pk/faculties_and_departments
NED University of Engineering & Technology,Karachi,Department of Electronics Engineering,BS,Electronic Engineering,4 Years,Intermediate (Pre-Engineering),NED Entry Test / ECAT,30000.0,15-August-2026,https://www.neduet.edu.pk/faculties_and_departments
NED University of Engineering & Technology,Karachi,Department of Telecommunication Engineering,BS,Telecommunication Engineering,4 Years,Intermediate (Pre-Engineering),NED Entry Test / ECAT,30000.0,15-August-2026,https://www.neduet.edu.pk/faculties_and_departments
NED University of Engineering & Technology,Karachi,Department of Biomedical Engineering,BS,Biomedical Engineering,4 Years,Intermediate (Pre-Engineering),NED Entry Test / ECAT,30000.0,15-August-2026,https://www.neduet.edu.pk/faculties_and_departments
NED University of Engineering & Technology,Karachi,Department of Textile Engineering,BS,Textile Engineering,4 Years,Intermediate (Pre-Engineering),NED Entry Test / ECAT,30000.0,15-August-2026,https://www.neduet.edu.pk/faculties_and_departments
NED University of Engineering & Technology,Karachi,Department of Automotive Engineering,BS,Automotive Engineering,4 Years,Intermediate (Pre-Engineering),NED Entry Test / ECAT,30000.0,15-August-2026,https://www.neduet.edu.pk/faculties_and_departments
NED University of Engineering & Technology,Karachi,Department of Industrial & Manufacturing Engineering,BS,Industrial & Manufacturing Engineering,4 Years,Intermediate (Pre-Engineering),NED Entry Test / ECAT,30000.0,15-August-2026,https://www.neduet.edu.pk/faculties_and_departments
NED University of Engineering & Technology,Karachi,Department of Metallurgy & Materials Engineering,BS,Metallurgy & Materials Engineering,4 Years,Intermediate (Pre-Engineering),NED Entry Test / ECAT,30000.0,15-August-2026,https://www.neduet.edu.pk/faculties_and_departments
NED University of Engineering & Technology,Karachi,Department of Mining Engineering,BS,Mining Engineering,4 Years,Intermediate (Pre-Engineering),NED Entry Test / ECAT,30000.0,15-August-2026,https://www.neduet.edu.pk/faculties_and_departments
NED University of Engineering & Technology,Karachi,Department of Petroleum Engineering,BS,Petroleum Engineering,4 Years,Intermediate (Pre-Engineering),NED Entry Test / ECAT,30000.0,15-August-2026,https://www.neduet.edu.pk/faculties_and_departments
NED University of Engineering & Technology,Karachi,Department of Food Engineering,BS,Food Engineering,4 Years,Intermediate (Pre-Engineering),NED Entry Test / ECAT,30000.0,15-August-2026,https://www.neduet.edu.pk/faculties_and_departments
NED University of Engineering & Technology,Karachi,Department of Environmental Engineering,BS,Environmental Engineering,4 Years,Intermediate (Pre-Engineering),NED Entry Test / ECAT,30000.0,15-August-2026,https://www.neduet.edu.pk/faculties_and_departments
NED University of Engineering & Technology,Karachi,Department of Architecture,BS,Architecture,4 Years,Intermediate (Pre-Engineering),NED Entry Test / ECAT,30000.0,15-August-2026,https://www.neduet.edu.pk/faculties_and_departments
NED University of Engineering & Technology,Karachi,Department of City & Regional Planning,BS,City & Regional Planning,4 Years,Intermediate (Pre-Engineering),NED Entry Test / ECAT,30000.0,15-August-2026,https://www.neduet.edu.pk/faculties_and_departments
NED University of Engineering & Technology,Karachi,Department of Chemistry,BS,Chemistry,4 Years,Intermediate (Pre-Engineering),NED Entry Test / ECAT,30000.0,15-August-2026,https://www.neduet.edu.pk/faculties_and_departments
NED University of Engineering & Technology,Karachi,Department of Mathematics,BS,Mathematics,4 Years,Intermediate (Pre-Engineering),NED Entry Test / ECAT,30000.0,15-August-2026,https://www.neduet.edu.pk/faculties_and_departments
NED University of Engineering & Technology,Karachi,Department of Electrical Engineering,MS,Electrical Engineering,2 Years,BE / BS (relevant discipline),GAT (General),45000.0,30-October-2026,https://www.neduet.edu.pk/faculties_and_departments
NED University of Engineering & Technology,Karachi,Department of Electrical Engineering,PhD,Electrical Engineering,3–5 Years,MS / MPhil,GAT (Subject),50000.0,30-October-2026,https://www.neduet.edu.pk/faculties_and_departments
NED University of Engineering & Technology,Karachi,Department of Mechanical Engineering,MS,Mechanical Engineering,2 Years,BE / BS (relevant discipline),GAT (General),45000.0,30-October-2026,https://www.neduet.edu.pk/faculties_and_departments
NED University of Engineering & Technology,Karachi,Department of Mechanical Engineering,PhD,Mechanical Engineering,3–5 Years,MS / MPhil,GAT (Subject),50000.0,30-October-2026,https://www.neduet.edu.pk/faculties_and_departments
NED University of Engineering & Technology,Karachi,Department of Computer & Information Systems Engineering,MS,Computer Science,2 Years,BE / BS (relevant discipline),GAT (General),45000.0,30-October-2026,https://www.neduet.edu.pk/faculties_and_departments
NED University of Engineering & Technology,Karachi,Department of Computer & Information Systems Engineering,PhD,Computer Science,3–5 Years,MS / MPhil,GAT (Subject),50000.0,30-October-2026,https://www.neduet.edu.pk/faculties_and_departments
National University of Modern Languages,Islamabad,National University of Modern Languages,BS,4 Year,4 Year,Eligibility: FA / F.Sc with 45% marks OR Equivalent. Courses: S.No Course Code Subject Credit Hours 1 ESIS-411 Islamic Studiers / Ethics 02 2 ESFE-412 Functional English-I 3 3 ESES-413 Introduction to Environmental Sciences 3 4 ESUD-431 Urdu 3 5 ESFE-441 Foundations of Education 3 6 ESDE-442 Development of Education in Pakistan 3 7 ESGM-414 General Mathematics 3 8 ESQA-415 Quantitative/Analytical,,75000.0,3-February-2026,https://numl.edu.pk/programs/program/257
National University of Modern Languages,Islamabad,Faculty of Education,BS,Education,4 Year,"Eligibility: Bachelor’s Degree with 45% marks. Candidates having studied the relevant subject at BA / BSc level will be preferred . National University of Modern Languages H-9/4 Islamabad ,Pakistan Phone: +92-51-9265100 Email: info@numl.edu.pk Regional Campuses Lahore Campus Faisalabad Campus Multan Campus Hyderabad Campus Quetta Campus Peshawar Campus Karachi Campus Rawalpindi MirpurAJK Campus 20",,75000.0,3-February-2026,https://numl.edu.pk/programs/program/341
National University of Modern Languages,Islamabad,Faculty of Education,BS,Early Childhood Education,4 Year,Eligibility: Intermediate with 45% marks OR A-Level with 50% marks OR Equivalent Courses: S.No Course Code Subject Credit Hours 1 ESIS-411 Islamic Studies / Ethics 02 2 ESEN-412 Functional English-I 03 3 ESIE-413 Applications of Instructional and Communication Technologies 03 4 ESCD - 441 Child Growth and Development 03 5 ESPE - 442 Philosophical Foundations of Early Childhood Education 03 6 ESIE,,75000.0,3-February-2026,https://numl.edu.pk/programs/program/361
National University of Modern Languages,Islamabad,National University of Modern Languages,BS,1.5 Year,4 Year,Eligibility: MA / MSc with 45% marks. Courses: S.No Course Code Subject Credit Hours 1 ESTW-511 Technical Writing and Presentation Skills 03 2 ESIT-512 Instructional and Communication Technologies (ICT) in Education 03 3 ESQA-513 Quantitative/Analytical Reasoning 03 4 ESFE-541 Foundation of Education 03 5 ESMT-542 General Methods of Teaching 03 6 ESCD-543 Curriculum Development 03 7 ESEN-544 Engli,,75000.0,3-February-2026,https://numl.edu.pk/programs/program/362
National University of Modern Languages,Islamabad,Faculty of Education,BS,Health & Physical Education,4 Year,Eligibility: Intermediate with 45% marks OR A – Level with 50% marks OR Equivalent Courses: S.No Course Code Subject Credit Hours 1 ESIS - 411 Islamic Studies / Ethics 02 2 ESEN - 412 Functional English-I 03 3 ESES - 413 Everyday Science 03 4 ESRM - 441 Role of Media in Sports 03 5 ESTI - 442 Talent Identification in Sports 03 6 ESPE - 443 Philosophical Foundations of Physical Education 03 7 ESQA,,75000.0,3-February-2026,https://numl.edu.pk/programs/program/400
National University of Modern Languages,Islamabad,Faculty of Management Sciences,BS,Educational Leadership & Management,4 Year,Eligibility: Intermediate with 45% marks OR A – Level with 50% marks OR Equivalent Courses: S.No Course Code Subject Credit Hours 1 ESIS-411 Islamic Studies / Ethics 02 2 ESEN-412 Functional English-I 03 3 ESIE-413 Applications of Instructional and Communication Technologies 03 4 ESLM-441 Fundamentals of Leadership and Management 03 5 ESSS-442 School Supervision 03 6 ESEP-443 Basic Concepts in Edu,,75000.0,3-February-2026,https://numl.edu.pk/programs/program/401
National University of Modern Languages,Islamabad,Faculty of Education,BS,Special Education,4 Year,"Eligibility: Intermediate with 45% marks OR A – Level with 50% marks OR Equivalent. National University of Modern Languages H-9/4 Islamabad ,Pakistan Phone: +92-51-9265100 Email: info@numl.edu.pk Regional Campuses Lahore Campus Faisalabad Campus Multan Campus Hyderabad Campus Quetta Campus Peshawar Campus Karachi Campus Rawalpindi MirpurAJK Campus 2026 © National University of Modern Languages, Is",,75000.0,3-February-2026,https://numl.edu.pk/programs/program/538
National University of Modern Languages,Islamabad,Faculty of Education,BS,Education,4 Year,"Eligibility: FSc with 45% marks OR A – Level with 50% marks OR Equivalent. National University of Modern Languages H-9/4 Islamabad ,Pakistan Phone: +92-51-9265100 Email: info@numl.edu.pk Regional Campuses Lahore Campus Faisalabad Campus Multan Campus Hyderabad Campus Quetta Campus Peshawar Campus Karachi Campus Rawalpindi MirpurAJK Campus 2026 © National University of Modern Languages, Islamabad.",,75000.0,3-February-2026,https://numl.edu.pk/programs/program/539
National University of Modern Languages,Islamabad,Faculty of Social Sciences,BS,International Relations,4 Years,Eligibility: Intermediate with 45% marks OR A – Level with 50% marks OR Equivalent. Courses: S.No Course Code Subject Credit Hours 1 IRFN-101 Functional English 03 2 IRPM-142 Introduction to Geography 03 3 IRMT-103 Basic Mathematics 03 4 IRIR-141 Introduction to International Relations 03 5 IRCC-117 Civic and Community Engagement 03 6 IRPS-122 Introduction to Political Science 03 7 IREN-104 Englis,,75000.0,31-August-2026,https://numl.edu.pk/programs/program/252
National University of Modern Languages,Islamabad,Faculty of Social Sciences,BS,Peace & Conflict Studies,4 Years,"Eligibility: Intermediate with 45% marks OR A – Level with 50% marks OR Equivalent. National University of Modern Languages H-9/4 Islamabad ,Pakistan Phone: +92-51-9265100 Email: info@numl.edu.pk Regional Campuses Lahore Campus Faisalabad Campus Multan Campus Hyderabad Campus Quetta Campus Peshawar Campus Karachi Campus Rawalpindi MirpurAJK Campus 2026 © National University of Modern Languages, Is",,75000.0,3-February-2026,https://numl.edu.pk/programs/program/262
National University of Modern Languages,Islamabad,Faculty of Social Sciences,BS,Peace & Conflict Studies,4 Years,"Eligibility: Bachelor’s Degree with 45% marks. Candidates having studied the relevant subject at BA / BSc level will be preferred. National University of Modern Languages H-9/4 Islamabad ,Pakistan Phone: +92-51-9265100 Email: info@numl.edu.pk Regional Campuses Lahore Campus Faisalabad Campus Multan Campus Hyderabad Campus Quetta Campus Peshawar Campus Karachi Campus Rawalpindi MirpurAJK Campus 202",,75000.0,3-February-2026,https://numl.edu.pk/programs/program/338
National University of Modern Languages,Islamabad,Faculty of Media & Communication Studies,BS,Media & Communication Studies,4 Years,Eligibility: Intermediate with 45% marks OR A – Level with 50% marks OR Equivalent. Courses: S.No Course Code Subject Credit Hours 1 MCIS-105 Islamic Studies/Ethics 3 2 MCCS-101 Communication Skills 3 3 MCIM-121 Introduction to Mass Communication 3 4 MCIT-111 Fundamentals of ICT 3 5 MCSP-112 Social Psychology 3 6 MCMS-114 Mathematics 3 7 MCMP-122 Mass Media in Pakistan 3 8 MCEL-102 English Literat,,75000.0,3-February-2026,https://numl.edu.pk/programs/program/258
National University of Modern Languages,Islamabad,National University of Modern Languages,BS,History,4 Years,"Eligibility: Intermediate FA/HSSC /FS.c/ A-Leavel National University of Modern Languages H-9/4 Islamabad ,Pakistan Phone: +92-51-9265100 Email: info@numl.edu.pk Regional Campuses Lahore Campus Faisalabad Campus Multan Campus Hyderabad Campus Quetta Campus Peshawar Campus Karachi Campus Rawalpindi MirpurAJK Campus 2026 © National University of Modern Languages, Islamabad. Privacy Policy Admission",,75000.0,3-February-2026,https://numl.edu.pk/programs/program/440
National University of Modern Languages,Islamabad,National University of Modern Languages,BS,Pakistan Studies,4 Year,"Eligibility: Intermediate with 45% marks OR A – Level with 50% marks OR Equivalent. National University of Modern Languages H-9/4 Islamabad ,Pakistan Phone: +92-51-9265100 Email: info@numl.edu.pk Regional Campuses Lahore Campus Faisalabad Campus Multan Campus Hyderabad Campus Quetta Campus Peshawar Campus Karachi Campus Rawalpindi MirpurAJK Campus 2026 © National University of Modern Languages, Is",,75000.0,12-February-2026,https://numl.edu.pk/programs/program/234
National University of Modern Languages,Islamabad,National University of Modern Languages,BS,Pakistan Studies,4 Years,"Eligibility: Bachelor’s Degree with 45% marks. Candidates having studied the relevant subject at BA / BSc level will be preferred. National University of Modern Languages H-9/4 Islamabad ,Pakistan Phone: +92-51-9265100 Email: info@numl.edu.pk Regional Campuses Lahore Campus Faisalabad Campus Multan Campus Hyderabad Campus Quetta Campus Peshawar Campus Karachi Campus Rawalpindi MirpurAJK Campus 202",,75000.0,3-February-2026,https://numl.edu.pk/programs/program/340
National University of Modern Languages,Islamabad,National University of Modern Languages,BS,History,4 Years,"Eligibility: Intermediate with 45% marks OR A – Level with 50% marks OR Equivalent National University of Modern Languages H-9/4 Islamabad ,Pakistan Phone: +92-51-9265100 Email: info@numl.edu.pk Regional Campuses Lahore Campus Faisalabad Campus Multan Campus Hyderabad Campus Quetta Campus Peshawar Campus Karachi Campus Rawalpindi MirpurAJK Campus 2026 © National University of Modern Languages, Isl",,75000.0,3-February-2026,https://numl.edu.pk/programs/program/402
National University of Modern Languages,Islamabad,Faculty of Social Sciences,BS,Islamic Studies,4 Years,Eligibility: -Intermediate with 45% marks -O /A – Level with 50% marks OR Equivalent. Courses: S.No Course Code Subject Credit Hours 1 ISIS-111 Islamic studies/ basic Islamic discipline (G) 03 2 ISFE-112 Functional English 03 3 ISMC-115 Intro to Media Communication 03 4 ISTQ-141 Tajweed lugat-ul Quran (M) 03 5 ISAL-142 Basics of Arabic language (M) 03 6 ISQR214 Islamic Arts and Humanities 03 7 ISI,,75000.0,3-February-2026,https://numl.edu.pk/programs/program/202
National University of Modern Languages,Islamabad,Faculty of Social Sciences,BS,Islamic Studies,4 Years,Eligibility: Bachelor’s Degree with 45% marks. Candidates having studied the relevant subject at BA / BSc level will be preferred. Courses: S.No Course Code Subject Credit Hours 1 ISAL-506 Arabic Language 03 2 ISBC-507 Basic Contents of Islamic Studies 03 3 ISIC-303 Introduction to Computer 03 4 ISMT-509 Mathematics 03 5 ISTQ-121 Tajweed-Ul-Quran 03 6 ISHT-629 History of Tafseer 03 7 ISWR-646 Intr,,75000.0,3-February-2026,https://numl.edu.pk/programs/program/339
National University of Modern Languages,Islamabad,Faculty of Social Sciences,BS,Islamic Studies,4 Years,"Eligibility: Intermediate with 45% marks OR A – Level with 50% marks OR Equivalent. National University of Modern Languages H-9/4 Islamabad ,Pakistan Phone: +92-51-9265100 Email: info@numl.edu.pk Regional Campuses Lahore Campus Faisalabad Campus Multan Campus Hyderabad Campus Quetta Campus Peshawar Campus Karachi Campus Rawalpindi MirpurAJK Campus 2026 © National University of Modern Languages, Is",,75000.0,3-February-2026,https://numl.edu.pk/programs/program/542
National University of Modern Languages,Islamabad,Faculty of Computing & AI,BS,Computer Science,4 Years,"Eligibility: Intermediate with any one of the following combinations with 50% marks: (1) Maths, Physics and Chemistry. (2) Maths, Stats and Computer (3) Maths, Physics and Computer (4) Maths, Stats and Physics (5) Maths, Stats and Economics, (6) Physics, Chemistry& Biology. OR Diploma in Associate Engineering Examination with at least 60% aggregate marks in the relevant discipline. National Uni",,75000.0,3-February-2026,https://numl.edu.pk/programs/program/57
National University of Modern Languages,Islamabad,National University of Modern Languages,BS,Artificial Intelligence,4 Years,"Eligibility: 1. Intermediate with any one of the following combinations with 50% marks: Maths, Physics and Chemistry Maths, Stats and Computer Maths, Physics and Computer Maths, Stats and Physics Maths, Stats and Economics Physics, Chemistry and Biology 2. Diploma in Associate Engineering Examination with at least 60% aggregate marks in the relevant discipline. National University of Modern Langua",,75000.0,3-February-2026,https://numl.edu.pk/programs/program/352
National University of Modern Languages,Islamabad,Faculty of Computing & AI,BS,Computer Science,4 Years,"Eligibility: Intermediate with Mathematics - 50% marks or Equivalent. Students who have not studied Mathematics at Intermediate level have to pass deficiency courses of Mathematics (06 credits) in first two semesters. National University of Modern Languages H-9/4 Islamabad ,Pakistan Phone: +92-51-9265100 Email: info@numl.edu.pk Regional Campuses Lahore Campus Faisalabad Campus Multan Campus Hydera",,75000.0,3-February-2026,https://numl.edu.pk/programs/program/460
National University of Modern Languages,Islamabad,National University of Modern Languages,BS,Electrical Engineering,4 Years,"Eligibility: a. FSc - Pre-Engineering (Physics, Mathematics & Chemistry) from any board of Intermediate and Secondary Education OR an Equivalent foreign qualification with Physics, Mathematics & Chemistry. b. At least 60 % aggregate marks each in Matric and FSc. Equivalent marks for Foreign qualification to be determined by IBCC, Islamabad. c. Diploma of Associate Engineering Examination with at l",,75000.0,31-August-2026,https://numl.edu.pk/programs/program/189
National University of Modern Languages,Islamabad,National University of Modern Languages,BS,Electronics,4 Years,"Eligibility: For admission into BS Electronics, 45% Marks in intermediate with Physics or Mathematics or equivalent degree from accredited Institution List of BS Elective Courses Industrial Automation Internet of Things Power Electronics Laser and Fiber Optics Advance Computer Programming Opto-electronics Nanotechnology Linear Integrated Circuits Antennas & Wave Propagation Artificial Intelligence",,75000.0,3-February-2026,https://numl.edu.pk/programs/program/349
National University of Modern Languages,Islamabad,Faculty of Computing & AI,BS,Computer Engineering,4 Years,Eligibility Criteria: Minimum 60% marks in Intermediate / 12 years schooling / A-Level (HSSC) or Equivalent with Mathematics are required for admission in the BS Computer Engineering Program. Students of F.Sc. Pre-Medical shall be required to pass two additional Mathematics courses to make up for the deficient background in Mathematics at HSSC. Additional Mathematics Courses Course Semester Requir,,75000.0,31-January-2026,https://numl.edu.pk/programs/program/520
National University of Modern Languages,Islamabad,Faculty of Computing & AI,BS,Robotics & Intelligent Systems,4 Years,Eligibility Criteria: Minimum 60% marks in Intermediate / 12 years schooling / A-Level (HSSC) or Equivalent with Mathematics are required for admission in the BS Computer Engineering Program. Students of F.Sc. Pre-Medical shall be required to pass two additional Mathematics courses to make up for the deficient background in Mathematics at HSSC. Additional Mathematics Courses Course Semester Requir,,75000.0,3-February-2026,https://numl.edu.pk/programs/program/535
National University of Modern Languages,Islamabad,Faculty of Languages,BS,German,4 Years,"Eligibility: Intermediate with 2nd Div OR A–Level with 50% marks OR Equivalent. National University of Modern Languages H-9/4 Islamabad ,Pakistan Phone: +92-51-9265100 Email: info@numl.edu.pk Regional Campuses Lahore Campus Faisalabad Campus Multan Campus Hyderabad Campus Quetta Campus Peshawar Campus Karachi Campus Rawalpindi MirpurAJK Campus 2026 © National University of Modern Languages, Islama",,75000.0,3-February-2026,https://numl.edu.pk/programs/program/215
National University of Modern Languages,Islamabad,Faculty of Languages,BS,Pashto,4 Year,"Eligibility: Intermediate with 45% marks OR A – Level with 50% marks OR Equivalent. National University of Modern Languages H-9/4 Islamabad ,Pakistan Phone: +92-51-9265100 Email: info@numl.edu.pk Regional Campuses Lahore Campus Faisalabad Campus Multan Campus Hyderabad Campus Quetta Campus Peshawar Campus Karachi Campus Rawalpindi MirpurAJK Campus 2026 © National University of Modern Languages, Is",,75000.0,3-February-2026,https://numl.edu.pk/programs/program/136
National University of Modern Languages,Islamabad,Faculty of Languages,BS,Balochi,4 Years,"Eligibility: Intermediate with 2nd Div OR A–Level with 50% marks OR Equivalent. National University of Modern Languages H-9/4 Islamabad ,Pakistan Phone: +92-51-9265100 Email: info@numl.edu.pk Regional Campuses Lahore Campus Faisalabad Campus Multan Campus Hyderabad Campus Quetta Campus Peshawar Campus Karachi Campus Rawalpindi MirpurAJK Campus 2026 © National University of Modern Languages, Islama",,75000.0,3-February-2026,https://numl.edu.pk/programs/program/293
National University of Modern Languages,Islamabad,Faculty of Languages,BS,Punjabi,4 Years,"Eligibility: Intermediate with 2nd Division OR A–Level with 50% marks OR Equivalent. National University of Modern Languages H-9/4 Islamabad ,Pakistan Phone: +92-51-9265100 Email: info@numl.edu.pk Regional Campuses Lahore Campus Faisalabad Campus Multan Campus Hyderabad Campus Quetta Campus Peshawar Campus Karachi Campus Rawalpindi MirpurAJK Campus 2026 © National University of Modern Languages, I",,75000.0,3-February-2026,https://numl.edu.pk/programs/program/407
National University of Modern Languages,Islamabad,Faculty of Languages,BS,Urdu (Bridging),4 Years,Eligibility: BA/BSc with 45% marks & having an elective subject in the target language OR BA/BSc with 45% marks & Diploma / Advanced Diploma preferably Interpretation level in the Language from NUML OR equivalent. Courses: S.No Course Code Subject Credit Hours 1 URBR-101 Basic English 3 2 URBR-102 Computer B 3 3 URBR-103 Basic Mathematics 3 4 URBR-111 Principle of Management 2 5 URBR-121 Classical,,75000.0,3-February-2026,https://numl.edu.pk/programs/program/60
National University of Modern Languages,Islamabad,Faculty of Languages,BS,Urdu Language & Literature,4 Years,Eligibility: Intermediate with 2nd Division or A-Level with 50% marks or equivalent. Courses: S.No Course Code Subject Credit Hours 1 URBH-101 Basic English 3 2 URBH-102 Pakistan Studies 3 3 URBH-103 Basic Mathematics 3 4 URBH-111 Introduction to Economics 3 5 URBH-112 Introduction to Psychology 3 6 URBH-121 Classical Poetic Genres 3 7 URBH-104 Advanced English 3 8 URBH-105 Islamiat 3 9 URBH-113 I,,75000.0,3-February-2026,https://numl.edu.pk/programs/program/122
National University of Modern Languages,Islamabad,Faculty of Languages,BS,Urdu Foreigners,4 Years,Eligibility: Intermediate with 2nd Div OR A–Level with 50% marks OR Equivalent. Courses: S.No Course Code Subject Credit Hours 1 URBF-141 Composition and Dictation 3-0 2 URBF-142 Basic Reading Skills 3-0 3 URBF-121 Basic Grammar 3-0 4 URBF-122 Basic Listening Skills 3-0 5 URBF-123 Basic Speaking Skills 3-0 6 URBF-124 Basic Conversation 3-0 7 URBF-143 Composition and Translation 3-0 8 URBF-144 Read,,75000.0,3-February-2026,https://numl.edu.pk/programs/program/330
National University of Modern Languages,Islamabad,Faculty of Languages,BS,Urdu (For Foreigners),4 Years,"Eligibility: Intermediate with 45% marks OR A – Level with 50% marks OR Equivalent. National University of Modern Languages H-9/4 Islamabad ,Pakistan Phone: +92-51-9265100 Email: info@numl.edu.pk Regional Campuses Lahore Campus Faisalabad Campus Multan Campus Hyderabad Campus Quetta Campus Peshawar Campus Karachi Campus Rawalpindi MirpurAJK Campus 2026 © National University of Modern Languages, Is",,75000.0,3-February-2026,https://numl.edu.pk/programs/program/546
National University of Modern Languages,Islamabad,Faculty of Languages,BS,Turkish Language & Culture,4 Years,Eligibility: Intermediate/A-Level with having Turkish Language language diploma or equivalent Courses: S.No Course Code Subject Credit Hours 1 BSTK101 Basic Grammar I 3 2 BSTK102 Reading Skills I 3 3 BSTK104 Speaking & Listening Skills I 3 4 BSTK103 Writing Skills I 3 5 GTKC101 Islamic Studies 3 6 GCTK102 English I 3 7 BSTK105 Basic Grammar II 3 8 BSTK106 Reading Skills II 3 9 BSTK107 Writing Sk,,75000.0,3-February-2026,https://numl.edu.pk/programs/program/187
National University of Modern Languages,Islamabad,Faculty of Languages,BS,Chinese Language Teaching,4 Years,"Eligibility: Intermediate with 2nd Division OR A-Level with 50% marks OR Equivalent National University of Modern Languages H-9/4 Islamabad ,Pakistan Phone: +92-51-9265100 Email: info@numl.edu.pk Regional Campuses Lahore Campus Faisalabad Campus Multan Campus Hyderabad Campus Quetta Campus Peshawar Campus Karachi Campus Rawalpindi MirpurAJK Campus 2026 © National University of Modern Languages, Is",,75000.0,3-February-2026,https://numl.edu.pk/programs/program/383
National University of Modern Languages,Islamabad,Faculty of Languages,BS,Korean Language & Culture,4 Year,Eligibility: Intermediate with 2nd Div OR A–Level with 50% marks OR Equivalent. Courses: S.No Course Code Subject Credit Hours 1 KOR-BS-101 Introduction of Korean Grammar and Vocabulary (FC) 3 2 KOR-BS-102 Introduction of Korean Culture (GC) 3 3 KOR-BS-103 Oral T-1 (Listening) (FC) 3 4 KOR-BS-104 Basic Korean Reading (FC) 3 5 KOR-BS-105 Introduction to Korean Writing (FC) 3 6 KOR-BS-106 Basic Kore,,75000.0,3-February-2026,https://numl.edu.pk/programs/program/131
National University of Modern Languages,Islamabad,Faculty of Languages,BS,Persian,4 Years,"Eligibility: Intermediate with 2nd Div OR A–Level with 50% marks OR Equivalent. National University of Modern Languages H-9/4 Islamabad ,Pakistan Phone: +92-51-9265100 Email: info@numl.edu.pk Regional Campuses Lahore Campus Faisalabad Campus Multan Campus Hyderabad Campus Quetta Campus Peshawar Campus Karachi Campus Rawalpindi MirpurAJK Campus 2026 © National University of Modern Languages, Islama",,75000.0,3-February-2026,https://numl.edu.pk/programs/program/291
National University of Modern Languages,Islamabad,Faculty of Languages,BS,Persian ( For Foreigners ),4 Years,"Eligibility: Intermediate with 2nd Div OR A–Level with 50% marks OR Equivalent. National University of Modern Languages H-9/4 Islamabad ,Pakistan Phone: +92-51-9265100 Email: info@numl.edu.pk Regional Campuses Lahore Campus Faisalabad Campus Multan Campus Hyderabad Campus Quetta Campus Peshawar Campus Karachi Campus Rawalpindi MirpurAJK Campus 2026 © National University of Modern Languages, Islama",,75000.0,3-February-2026,https://numl.edu.pk/programs/program/292
National University of Modern Languages,Islamabad,Faculty of Languages,BS,English,4 Years,Eligibility: Bachelor’s Degree with 45% marks. Applicants must have studied English as a compulsory subject at Graduation level. Preference will be given to those who have studied Elective English at graduation level. Courses: S.No Course Code Subject Credit Hours 1 GC 001 Mathematics 3 2 GC 002 Introduction to I.T Skills 3 3 ENBE- 111 Basic English Language Skills 3 4 ELL 004 Introduction to Lite,,75000.0,3-February-2026,https://numl.edu.pk/programs/program/331
National University of Modern Languages,Islamabad,Faculty of Languages,BS,Hindi,4 Year,"Eligibility: Intermediate with 2nd Div OR A–Level with 50% marks OR Equivalent. National University of Modern Languages H-9/4 Islamabad ,Pakistan Phone: +92-51-9265100 Email: info@numl.edu.pk Regional Campuses Lahore Campus Faisalabad Campus Multan Campus Hyderabad Campus Quetta Campus Peshawar Campus Karachi Campus Rawalpindi MirpurAJK Campus 2026 © National University of Modern Languages, Islama",,75000.0,3-February-2026,https://numl.edu.pk/programs/program/212
National University of Modern Languages,Islamabad,Faculty of Languages,BS,Bangla,4 Years,"Eligibility: Intermediate with 2nd Div OR A–Level with 50% marks OR Equivalent. National University of Modern Languages H-9/4 Islamabad ,Pakistan Phone: +92-51-9265100 Email: info@numl.edu.pk Regional Campuses Lahore Campus Faisalabad Campus Multan Campus Hyderabad Campus Quetta Campus Peshawar Campus Karachi Campus Rawalpindi MirpurAJK Campus 2026 © National University of Modern Languages, Islama",,75000.0,3-February-2026,https://numl.edu.pk/programs/program/290
National University of Modern Languages,Islamabad,Faculty of Languages,BS,Arabic,4 Year,"Eligibility: Intermediate with 2nd Division or A-Level with 50% marks or equivalent National University of Modern Languages H-9/4 Islamabad ,Pakistan Phone: +92-51-9265100 Email: info@numl.edu.pk Regional Campuses Lahore Campus Faisalabad Campus Multan Campus Hyderabad Campus Quetta Campus Peshawar Campus Karachi Campus Rawalpindi MirpurAJK Campus 2026 © National University of Modern Languages, Is",,75000.0,3-February-2026,https://numl.edu.pk/programs/program/170
National University of Modern Languages,Islamabad,Faculty of Languages,BS,French,4 Year,Eligibility: Intermediate with 2nd Div OR A–Level with 50% marks OR Equivalent. Courses: S.No Course Code Subject Credit Hours 1 FREN-101 English 1 (CC) 3 2 FRPS-102 Pakistan Studies (CC) 2 3 FRTC-121 Text Comprehension & Appreciation 1 (FC) 2 4 FRAG-122 Applied Grammar (A1-A2 Level) (FC) 3 5 FRWS-123 Writing Skills 1 (FC) 2 6 FRSS-124 Speaking Skills 1 (FC) 3 7 FRLS-125 Listening Skills 1 (FC) 1.,,75000.0,3-February-2026,https://numl.edu.pk/programs/program/67
National University of Modern Languages,Islamabad,Faculty of Basic Sciences,BS,Mathematics,4 Years,Eligibility: 50% marks in Intermediate with Mathematics / A level or equivalent with Mathematics OR Diploma in Associate Engineering (DAE) with 60% marks. Courses: S.No Course Code Subject Credit Hours 1 MTCA-101 Calculus-I 3 2 MTSL-102 Elements of Set Theory and Logic 3 3 MTPH-101 Physics-I 4 4 MTIC-111 Introduction to computers 3 5 MTEN-101 English-I (Functional English) 3 6 MTIS-101 Islamic Stu,,75000.0,17-December-2025,https://numl.edu.pk/programs/program/250
National University of Modern Languages,Islamabad,Faculty of Basic Sciences,BS,Mathematics,4 Years,"Eligibility: Bachelor’s Degree with 50% marks and having combination of subjects i. Math-A&B ii. Math General & Physics or Math-B. National University of Modern Languages H-9/4 Islamabad ,Pakistan Phone: +92-51-9265100 Email: info@numl.edu.pk Regional Campuses Lahore Campus Faisalabad Campus Multan Campus Hyderabad Campus Quetta Campus Peshawar Campus Karachi Campus Rawalpindi MirpurAJK Campus 202",,75000.0,3-February-2026,https://numl.edu.pk/programs/program/416
National University of Modern Languages,Islamabad,Faculty of Basic Sciences,BS,Computational Mathematics And Artificial Intelligence,4 Years,"Eligibility: 50% marks in Intermediate with Mathematics, ICS / A level or equivalent with Mathematics. Pre-medical background students will have to pass deficiency courses of Mathematics (06 credits) in first two semesters. Courses: S.No Course Code Subject Credit Hours 1 ESFE-101 English 1 3 2 CSIT-102 Application of Information and Communication Technologies(ICT) 3 3 MAAI-166 Introduction to Art",,75000.0,3-February-2026,https://numl.edu.pk/programs/program/537
National University of Modern Languages,Islamabad,Faculty of Management Sciences,BS,Business Administration,2 Year,"Eligibility: Intermediate (12 Years) With Minimum 45% marks A-Level with Minimum 50% marks. All HEC conditions apply. National University of Modern Languages H-9/4 Islamabad ,Pakistan Phone: +92-51-9265100 Email: info@numl.edu.pk Regional Campuses Lahore Campus Faisalabad Campus Multan Campus Hyderabad Campus Quetta Campus Peshawar Campus Karachi Campus Rawalpindi MirpurAJK Campus 2026 © National",,75000.0,3-February-2026,https://numl.edu.pk/programs/program/84
National University of Modern Languages,Islamabad,Faculty of Management Sciences,BS,Business Administration,4 Years,"Eligibility: Intermediate with 45% marks OR A – Level with 50% marks OR Equivalent. National University of Modern Languages H-9/4 Islamabad ,Pakistan Phone: +92-51-9265100 Email: info@numl.edu.pk Regional Campuses Lahore Campus Faisalabad Campus Multan Campus Hyderabad Campus Quetta Campus Peshawar Campus Karachi Campus Rawalpindi MirpurAJK Campus 2026 © National University of Modern Languages, Is",,75000.0,3-February-2026,https://numl.edu.pk/programs/program/543
National University of Modern Languages,Islamabad,Faculty of Management Sciences,BS,Business Analytics,2 Year,"Eligibility: Intermediate (12 Years) with Minimum 45% marks / A-Level with Minimum 50% marks. National University of Modern Languages H-9/4 Islamabad ,Pakistan Phone: +92-51-9265100 Email: info@numl.edu.pk Regional Campuses Lahore Campus Faisalabad Campus Multan Campus Hyderabad Campus Quetta Campus Peshawar Campus Karachi Campus Rawalpindi MirpurAJK Campus 2026 © National University of Modern Lan",,75000.0,25-March-2026,https://numl.edu.pk/programs/program/594
National University of Modern Languages,Islamabad,National University of Modern Languages,BS,Financial Technology,2 Year,"Eligibility: Intermediate (12 Years) with Minimum 45% marks / A-Level with Minimum 50% marks. National University of Modern Languages H-9/4 Islamabad ,Pakistan Phone: +92-51-9265100 Email: info@numl.edu.pk Regional Campuses Lahore Campus Faisalabad Campus Multan Campus Hyderabad Campus Quetta Campus Peshawar Campus Karachi Campus Rawalpindi MirpurAJK Campus 2026 © National University of Modern Lan",,75000.0,3-February-2026,https://numl.edu.pk/programs/program/595
National University of Modern Languages,Islamabad,Faculty of Computing & AI,BS,Tourism And Hospitality Management,2 Year,"Eligibility: Intermediate (12 Years) with Minimum 45% marks / A-Level with Minimum 50% marks. National University of Modern Languages H-9/4 Islamabad ,Pakistan Phone: +92-51-9265100 Email: info@numl.edu.pk Regional Campuses Lahore Campus Faisalabad Campus Multan Campus Hyderabad Campus Quetta Campus Peshawar Campus Karachi Campus Rawalpindi MirpurAJK Campus 2026 © National University of Modern Lan",,75000.0,3-February-2026,https://numl.edu.pk/programs/program/596
National University of Modern Languages,Islamabad,Faculty of Management Sciences,BS,Business Administration,2 Year,"Eligibility: Intermediate (12 Years) with Minimum 45% marks / A-Level with Minimum 50% marks. National University of Modern Languages H-9/4 Islamabad ,Pakistan Phone: +92-51-9265100 Email: info@numl.edu.pk Regional Campuses Lahore Campus Faisalabad Campus Multan Campus Hyderabad Campus Quetta Campus Peshawar Campus Karachi Campus Rawalpindi MirpurAJK Campus 2026 © National University of Modern Lan",,75000.0,3-February-2026,https://numl.edu.pk/programs/program/597
National University of Modern Languages,Islamabad,Faculty of Social Sciences,BS,Public Administration And Governance,4 Years,Eligibility: Intermediate with 45% marks OR A – Level with 50% marks OR Equivalent Courses: S.No Course Code Subject Credit Hours 1 PAG-501 Functional English (Basic English Skills) 3 2 PAG-502 Islamic Studies/ Ethics (for Non-Muslims) 2 3 PAG-503 Applications of Information and Communication Technologies (ICT) 3 4 PAG-504 Quantitative Reasoning –I 3 5 PAG-505 Introduction to International Relatio,,75000.0,3-February-2026,https://numl.edu.pk/programs/program/165
National University of Modern Languages,Islamabad,Faculty of Management Sciences,BS,Economics,4 Years,"Eligibility: FSc/ICS/I.Com/ FA with 45% marks / A-Level with 50% marks and preferably having studied any one of the subjects viz: Statistics, Mathematics, Physics, Economics, Computer Science OR Commerce. Courses: S.No Course Code Subject Credit Hours 1 ECEC-101 Principles of Microeconomics 03 2 ECEC-121 Mathematical Economic-I 03 3 ECCS-101 Introduction to Computer 03 4 ECHU-101 Functional Englis",,75000.0,31-August-2026,https://numl.edu.pk/programs/program/70
National University of Modern Languages,Islamabad,Faculty of Management Sciences,BS,Economics and Finance,4 Years,"Eligibility: FSc/ICS/I.Com/ FA with 45% marks / A-Level with 50% marks and preferably having studied any one of the subjects viz: Statistics, Mathematics, Physics, Economics, Computer Science OR Commerce. Courses: S.No Course Code Subject Credit Hours 1 ECEC-101 Principles of Microeconomics 03 2 ECEC-121 Mathematical Economics-I 03 3 ECCS-101 Introduction to Computer 03 4 ECHU-101 Functional Engli",,75000.0,3-February-2026,https://numl.edu.pk/programs/program/71
National University of Modern Languages,Islamabad,Faculty of Management Sciences,BS,Economics & Finance,4 Years,Eligibility: BA/BSc with 45% marks. Relevancy of courses studied at graduation level is mandatory Courses: S.No Course Code Subject Credit Hours 1 ECHU-102 English 03 2 ECEC-121 Mathematics 03 3 ECCS-101 Computer 03 4 ECMG-261 Management Skills 03 5 ECEC-101 Principles of Economics 03 6 ECEC-102 Statistics for Economists 03 7 ECEC-201 Intermediate Microeconomics 03 8 ECEC-343 Basic Econometrics 03,,75000.0,3-February-2026,https://numl.edu.pk/programs/program/283
National University of Modern Languages,Islamabad,Faculty of Management Sciences,BS,Economics,4 Years,Eligibility: BA/BSc with 45% marks. Relevancy of courses studied at graduation level is mandatory. Courses: S.No Course Code Subject Credit Hours 1 ECHU-102 English 03 2 ECEC-121 Mathematics 03 3 ECCS-101 Computer 03 4 ECMG-261 Management Skills 03 5 ECEC-101 Principles of Economics 03 6 ECEC-102 Statistics for Economists 03 7 ECEC-201 Intermediate Microeconomics 03 8 ECEC-343 Basic Econometrics 0,,75000.0,3-February-2026,https://numl.edu.pk/programs/program/332
National University of Modern Languages,Islamabad,Faculty of Social Sciences,BS,Psychology,4 Years,"Eligibility: Intermediate with 45% marks OR A – Level with 50% marks OR Equivalent. National University of Modern Languages H-9/4 Islamabad ,Pakistan Phone: +92-51-9265100 Email: info@numl.edu.pk Regional Campuses Lahore Campus Faisalabad Campus Multan Campus Hyderabad Campus Quetta Campus Peshawar Campus Karachi Campus Rawalpindi MirpurAJK Campus 2026 © National University of Modern Languages, Is",,75000.0,31-August-2026,https://numl.edu.pk/programs/program/264
National University of Modern Languages,Islamabad,Faculty of Social Sciences,BS,Psychology,4 Years,"Eligibility: Bachelor’s Degree with 45% marks. Candidates having studied the relevant subject at BA / BSc level will be preferred. After clearing bridging semester, students will join BS 5th semester BS PSYCHOLOGY (Bridging Semester) Semester/Year Name of Subject/Course Title Course Codes Credit Hrs Psychology-I APBS-01 (3-0) Psychology-II APBS-11 (3-0) Mathematics APMM-104 (3-0) Intro to Computer",,75000.0,3-February-2026,https://numl.edu.pk/programs/program/337
National University of Modern Languages,Islamabad,Faculty of Social Sciences,BS,Psychology,4 Years,"Eligibility: Intermediate with 45% marks OR A – Level with 50% marks OR Equivalent. National University of Modern Languages H-9/4 Islamabad ,Pakistan Phone: +92-51-9265100 Email: info@numl.edu.pk Regional Campuses Lahore Campus Faisalabad Campus Multan Campus Hyderabad Campus Quetta Campus Peshawar Campus Karachi Campus Rawalpindi MirpurAJK Campus 2026 © National University of Modern Languages, Is",,75000.0,3-February-2026,https://numl.edu.pk/programs/program/541
National University of Modern Languages,Islamabad,National University of Modern Languages,BS,Languages And Translation Studies,4 Years,"Eligibility: Intermediate with at least 2nd Division or equivalent (twelve years of education) on merit. National University of Modern Languages H-9/4 Islamabad ,Pakistan Phone: +92-51-9265100 Email: info@numl.edu.pk Regional Campuses Lahore Campus Faisalabad Campus Multan Campus Hyderabad Campus Quetta Campus Peshawar Campus Karachi Campus Rawalpindi MirpurAJK Campus 2026 © National University of",,75000.0,3-February-2026,https://numl.edu.pk/programs/program/285
National University of Modern Languages,Islamabad,Faculty of Languages,BS,English,4 Years,Eligibility: Intermediate with 2nd Div OR A–Level with 50% marks OR Equivalent. SCHEME OF STUDIES 1st Semester Course Code Course Name Credit Hours ENBE 111 Basic English Language Skills 3 ENES 112 Introduction to Environmental Studies 3 ENAC 121 Introduction to History 3 ENGC 113 Human Rights and Citizenship 2 ENGC 114 Introduction to Mathematics 3 Total 14 2nd Semester Course Code Course Name Cr,,75000.0,30-September-2026,https://numl.edu.pk/programs/program/286
National University of Modern Languages,Islamabad,Faculty of Languages,BS,English,4 Years,"Eligibility: Intermediate with 45% marks OR A – Level with 50% marks OR Equivalent. National University of Modern Languages H-9/4 Islamabad ,Pakistan Phone: +92-51-9265100 Email: info@numl.edu.pk Regional Campuses Lahore Campus Faisalabad Campus Multan Campus Hyderabad Campus Quetta Campus Peshawar Campus Karachi Campus Rawalpindi MirpurAJK Campus 2026 © National University of Modern Languages, Is",,75000.0,3-February-2026,https://numl.edu.pk/programs/program/534
National University of Modern Languages,Islamabad,Faculty of Computing & AI,BS,Software Engineering,4 Years,"Eligibility: Intermediate with any one of the following combinations with 50% marks: (1) Maths, Physics & Chemistry (2) Maths, Physics & Computer Science (3) Maths, Stats & Computer Science (4) Maths, Stats & Physics (5) Maths, Stats & Economics (6) Maths, Computer & Economics (7) Physics, Chemistry & Biology. OR Diploma in Associate Engineering Examination with at least 60% aggregate marks in the",,75000.0,17-December-2025,https://numl.edu.pk/programs/program/238
National University of Modern Languages,Islamabad,National University of Modern Languages,BS,Information Technology,4 Years,"Eligibility: Intermediate with any one of the following combinations with 50% marks: (1) Maths, Physics and Chemistry (2) Maths, Physics and Computer Science (3) Maths, Stats and Computer Science (4) Maths, Stats and Physics (5) Maths, Stats and Economics (6) Maths, Computer Science and Economics (7) Physics, Chemistry and Biology (Pre-Medical) OR Diploma of Associate Engineering with at least 60%",,75000.0,31-August-2026,https://numl.edu.pk/programs/program/351
National University of Modern Languages,Islamabad,Faculty of Computing & AI,BS,Data Science,4 Years,"Eligibility: 50% marks in Intermediate with Mathematics, ICS / A level or equivalent with Mathematics. Pre-medical background students will have to pass deficiency courses of Mathematics (06 credits) in first two semesters. National University of Modern Languages H-9/4 Islamabad ,Pakistan Phone: +92-51-9265100 Email: info@numl.edu.pk Regional Campuses Lahore Campus Faisalabad Campus Multan Campus",,75000.0,31-August-2026,https://numl.edu.pk/programs/program/536
National University of Modern Languages,Islamabad,Faculty of Management Sciences,BS,Commerce,2 Year,Eligibility: Intermediate (12 Years) With Minimum 45% marks /A-Level with Minimum 50% marks Courses: S.No Course Code Subject Credit Hours 1 HUM-101 Functional English 3 2 MGT-101 Introduction to Buisiness 3 3 ACC-121 Fundamentals of Accounting 3 4 ITM-121 Introduction to IT 3 5 MTS-101 Business Mathematics 3 6 HUM-121 Pakistan Studies 2 7 HUM-122 Islamic Studies 2 8 ECO-121 Microeconomics 3 9 ACC,,75000.0,30-September-2026,https://numl.edu.pk/programs/program/441
National University of Modern Languages,Islamabad,Faculty of Management Sciences,BS,Accounting and Finance,2 Year,Eligibility: Intermediate (12 Years) With Minimum 45% marks /A-Level with Minimum 50% marks Courses: S.No Course Code Subject Credit Hours 1 HUM-102 B Business Communication & Professional Speech 3 2 ACC-141 Financial Accounting 3 3 MKT-221 Principles of Marketing 3 4 FIN-121 Intro. to Business Finance 3 5 MTS-102 Statistics and Probability 3 6 ECO-101 Macro Economics 3 7 HUM-102 Business Communic,,75000.0,17-December-2025,https://numl.edu.pk/programs/program/442
National University of Modern Languages,Islamabad,Faculty of Management Sciences,BS,Commerce,2 Year,"Eligibility: Intermediate (12 Years) With Minimum 45% marks / A-Level with Minimum 50% marks. National University of Modern Languages H-9/4 Islamabad ,Pakistan Phone: +92-51-9265100 Email: info@numl.edu.pk Regional Campuses Lahore Campus Faisalabad Campus Multan Campus Hyderabad Campus Quetta Campus Peshawar Campus Karachi Campus Rawalpindi MirpurAJK Campus 2026 © National University of Modern Lan",,75000.0,3-February-2026,https://numl.edu.pk/programs/program/511
National University of Modern Languages,Islamabad,Faculty of Education,MPhil,Education,1.5 Year,"Eligibility: a. Master degree (16 years of education) in relevant discipline from HEC recognized University with minimum 2.5 out of 4.0 CGPA or Grade ‘B’ under semester system or 50 % marks under annual system. b. Selection in the respective program will be subject to availability of seats, merit-based on academic qualification, valid GRE International / NTS / NUML devised GAT- General Score. c. Applicants with valid GRE International/GAT-General from NTS will have to pass written/subjective por",,90000.0,3-February-2026,https://numl.edu.pk/programs/program/254
National University of Modern Languages,Islamabad,Faculty of Social Sciences,MS,M. Phil.-International Relations,2 Years,Eligibility: a. 16 years of education in relevant discipline from HEC recognized university with following score: - i. Semester system: 2.50/4.00 CGPA or grade “B”. ii. Annual System: 50% marks (45% for English and Urdu) b. GAT-General with a minimum cumulative score as determined by HEC. c. Passing of entrance test /interview conducted by the university. Courses: S.No Course Code Subject Credit Hours 1 IRFA-768 Foreign Policy Analysis 03 2 IRTH-701 Theories of International Relations 03 3 IRIP-,,90000.0,3-February-2026,https://numl.edu.pk/programs/program/208
National University of Modern Languages,Islamabad,Faculty of Media & Communication Studies,MPhil,Media & Communication Studies,2 Years,"Eligibility: Master / BS degree (16 years of education) in relevant discipline from HEC recognized University with minimum 2.5 out of 4.0 CGPA or Grade ‘B’ under semester system or 50 % marks under annual system (45% marks under annual system for Urdu / English programs only). Selection in the respective program will be subject to availability of seats, merit based on academic qualification, valid GRE International / NTS / NUML devised GAT- General Score. Applicants with valid GRE International",,90000.0,3-February-2026,https://numl.edu.pk/programs/program/434
National University of Modern Languages,Islamabad,National University of Modern Languages,MPhil,Philosophy,2 Years,"Eligibility: Master / BS degree (16 years of education) in relevant discipline from HEC recognized University with minimum 2.5 out of 4.0 CGPA or Grade ‘B’ under semester system or 50 % marks under annual system (45% marks under annual system for Urdu / English programs only). Selection in the respective program will be subject to availability of seats, merit based on academic qualification, valid GRE International / NTS / NUML devised GAT- General Score. Applicants with valid GRE International/",,90000.0,3-February-2026,https://numl.edu.pk/programs/program/236
National University of Modern Languages,Islamabad,Faculty of Social Sciences,MS,M Phil Islamic Studies,2 Years,"Eligibility: Master / BS degree (16 years of education) in relevant discipline from HEC recognized University with minimum 2.5 out of 4.0 CGPA or Grade ‘B’ under semester system or 50 % marks under annual system (45% marks under annual system for Urdu / English programs only). Selection in the respective program will be subject to availability of seats, merit based on academic qualification, valid GRE International / NTS / NUML devised GAT- General Score. Applicants with valid GRE International/",,90000.0,3-February-2026,https://numl.edu.pk/programs/program/204
National University of Modern Languages,Islamabad,Faculty of Computing & AI,MS,Computer Science,2 Years,"Eligibility: Master / BS degree (16 years of education) in relevant discipline from HEC recognized University with minimum 2.5 out of 4.0 CGPA or Grade ‘B’ under semester system or 50 % marks under annual system (45% marks under annual system for Urdu / English programs only). Selection in the respective program will be subject to availability of seats, merit based on academic qualification, valid GRE International / NTS / NUML devised GAT- General Score. Applicants with valid GRE International/",,90000.0,3-February-2026,https://numl.edu.pk/programs/program/59
National University of Modern Languages,Islamabad,National University of Modern Languages,MS,Artificial Intelligence,2 Year,"Eligibility: BS(AI, CS, SE, IT) 4 Years Degree -16 Years Education, OR MCS/MIT 2 Years Degree -16 Years Education, And 50% Marks in Annual System or 65% Marks/2.5 CGPA in Semester System and NTS General Test with at least 50% Marks or NUML General Test with at least 60% Marks And Interview . Scheme of Study: National University of Modern Languages H-9/4 Islamabad ,Pakistan Phone: +92-51-9265100 Email: info@numl.edu.pk Regional Campuses Lahore Campus Faisalabad Campus Multan Campus Hyderabad C",,90000.0,3-February-2026,https://numl.edu.pk/programs/program/458
National University of Modern Languages,Islamabad,Faculty of Computing & AI,MS,Cyber Security,2 Year,"Eligibility: BS(Cyber Security, CS, SE, IT) 4 Years Degree -16 Years Education, OR MCS/MIT 2 Years Degree -16 Years Education, And 50% Marks in AnnualSystem or 65% Marks/2.5 CGPA in Semester System and NTS General Test with at least 50% Marks or NUML General Test with at least 60% Marks And Interview Scheme of Study: National University of Modern Languages H-9/4 Islamabad ,Pakistan Phone: +92-51-9265100 Email: info@numl.edu.pk Regional Campuses Lahore Campus Faisalabad Campus Multan Campus Hy",,90000.0,3-February-2026,https://numl.edu.pk/programs/program/459
National University of Modern Languages,Islamabad,National University of Modern Languages,MS,Electrical Engineering,2 Years,"Eligibility: Master / BS degree (16 years of education) in relevant discipline from HEC recognized University with minimum 2.5 out of 4.0 CGPA (PEC registration is also mandatory) or Grade ‘B’ under semester system or 50 % marks under annual system (45% marks under annual system for Urdu / English programs only). Selection in the respective program will be subject to availability of seats, merit based on academic qualification, valid GRE International / NTS / NUML devised GAT- General Score. App",,90000.0,30-September-2026,https://numl.edu.pk/programs/program/232
National University of Modern Languages,Islamabad,Faculty of Languages,MPhil,Urdu,2 Years,"Eligibility: Master / BS degree (16 years of education) in relevant discipline from HEC recognized University with minimum 2.5 out of 4.0 CGPA or Grade ‘B’ under semester system or 50 % marks under annual system (45% marks under annual system for Urdu / English programs only). Selection in the respective program will be subject to availability of seats, merit based on academic qualification, valid GRE International / NTS / NUML devised GAT- General Score. Applicants with valid GRE International",,90000.0,3-February-2026,https://numl.edu.pk/programs/program/119
National University of Modern Languages,Islamabad,Faculty of Languages,MPhil,Chinese,2 Years,"Eligibility: Master / BS degree (16 years of education) in relevant discipline from HEC recognized University with minimum 2.5 out of 4.0 CGPA (2.0 out of 4.0 CGPA for MS EE only, PEC registration is also mandatory) or Grade ‘B’ under semester system or 50 % marks under annual system (45% marks under annual system for Urdu / English programs only). Selection in the respective program will be subject to availability of seats, merit based on academic qualification, valid GRE International / NTS /",,90000.0,3-February-2026,https://numl.edu.pk/programs/program/288
National University of Modern Languages,Islamabad,Faculty of Languages,MPhil,Persian,2 Years,"Eligibility: Master / BS degree (16 years of education) in relevant discipline from HEC recognized University with minimum 2.5 out of 4.0 CGPA or Grade ‘B’ under semester system or 50 % marks under annual system (45% marks under annual system for Urdu / English programs only). Selection in the respective program will be subject to availability of seats, merit based on academic qualification, valid GRE International / NTS / NUML devised GAT- General Score. Applicants with valid GRE International/",,90000.0,3-February-2026,https://numl.edu.pk/programs/program/287
National University of Modern Languages,Islamabad,National University of Modern Languages,MPhil,Philosophy,2 Years,"Eligibility: Master / BS degree (16 years of education) in relevant discipline from HEC recognized University with minimum 2.5 out of 4.0 CGPA or Grade ‘B’ under semester system or 50 % marks under annual system (45% marks under annual system for Urdu / English programs only). Selection in the respective program will be subject to availability of seats, merit based on academic qualification, valid GRE International / NTS / NUML devised GAT- General Score. Applicants with valid GRE International/",,90000.0,3-February-2026,https://numl.edu.pk/programs/program/246
National University of Modern Languages,Islamabad,Faculty of Languages,MPhil,Hindi Language,2 Years,"Eligibility: Master / BS degree (16 years of education) in relevant discipline from HEC recognized University with minimum 2.5 out of 4.0 CGPA or Grade ‘B’ under semester system or 50 % marks under annual system (45% marks under annual system for Urdu / English programs only). Selection in the respective program will be subject to availability of seats, merit based on academic qualification, valid GRE International / NTS / NUML devised GAT- General Score. Applicants with valid GRE International",,90000.0,3-February-2026,https://numl.edu.pk/programs/program/145
National University of Modern Languages,Islamabad,Faculty of Languages,MPhil,Arabic,2 Years,"Eligibility: a. Master degree (16 years of education) in relevant discipline from HEC recognized University with minimum 2.5 out of 4.0 CGPA or Grade ‘B’ under semester system or 50 % marks under annual system. b. Selection in the respective program will be subject to availability of seats, merit based on academic qualification, valid GRE International / NTS / NUML devised GAT- General Score. c. Applicants with valid GRE International/GAT-General from NTS will have to pass written/subjective por",,90000.0,3-February-2026,https://numl.edu.pk/programs/program/183
National University of Modern Languages,Islamabad,Faculty of Languages,MPhil,French,2 Years,"Eligibility: Master / BS degree (16 years of education) in relevant discipline from HEC recognized University with minimum 2.5 out of 4.0 CGPA or Grade ‘B’ under semester system or 50 % marks under annual system (45% marks under annual system for Urdu / English programs only). Selection in the respective program will be subject to availability of seats, merit based on academic qualification, valid GRE International / NTS / NUML devised GAT- General Score. Applicants with valid GRE International/",,90000.0,3-February-2026,https://numl.edu.pk/programs/program/69
National University of Modern Languages,Islamabad,Faculty of Basic Sciences,MS,Mathematics,2 Years,"Eligibility: Master / BS degree (16 years of education) in relevant discipline from HEC recognized University with minimum 2.5 out of 4.0 CGPA or Grade ‘B’ under semester system or 50 % marks under annual system (45% marks under annual system for Urdu / English programs only). Selection in the respective program will be subject to availability of seats, merit based on academic qualification, valid GRE International / NTS / NUML devised GAT- General Score. Applicants with valid GRE International/",,90000.0,,https://numl.edu.pk/programs/program/251
National University of Modern Languages,Islamabad,National University of Modern Languages,MBA,Executive,2 Years,"Eligibility: BSCS (4 years), BE (4 years), MBBS, MA, MSc or Equivalent qualification with CGPA 2.0/4 under semester system or 45% marks under annual System with three years job experience All HEC conditions apply National University of Modern Languages H-9/4 Islamabad ,Pakistan Phone: +92-51-9265100 Email: info@numl.edu.pk Regional Campuses Lahore Campus Faisalabad Campus Multan Campus Hyderabad Campus Quetta Campus Peshawar Campus Karachi Campus Rawalpindi MirpurAJK Campus 2026 © National Unive",,90000.0,3-February-2026,https://numl.edu.pk/programs/program/86
National University of Modern Languages,Islamabad,Faculty of Computing & AI,MS,"Management Sciences (Marketing, Finance, HR, Supply Chain)",2 Year,"Eligibility: Master / BS degree (16 years of education) in relevant discipline from HEC recognized University with minimum 2.5 out of 4.0 CGPA or Grade ‘B’ under semester system or 50 % marks under annual system (45% marks under annual system for Urdu / English programs only). Selection in the respective program will be subject to availability of seats, merit based on academic qualification, valid GRE International / NTS / NUML devised GAT- General Score. Applicants with valid GRE International/",,90000.0,3-February-2026,https://numl.edu.pk/programs/program/89
National University of Modern Languages,Islamabad,Faculty of Computing & AI,MBA,With Business Education,2 Years,"Eligibility: MBA (with Business Education) - 3 Semesters : BBA (4 Years) BS A & F (4 Years) B.Com (4 Years), Old MBA / MPA, M.Com, ACMA, ACA, or Equivalent with CGPA 2.0/4 OR 45% marks under annual system. National University of Modern Languages H-9/4 Islamabad ,Pakistan Phone: +92-51-9265100 Email: info@numl.edu.pk Regional Campuses Lahore Campus Faisalabad Campus Multan Campus Hyderabad Campus Quetta Campus Peshawar Campus Karachi Campus Rawalpindi MirpurAJK Campus 2026 © National University o",,90000.0,3-February-2026,https://numl.edu.pk/programs/program/273
National University of Modern Languages,Islamabad,Faculty of Computing & AI,MBA,With Non-Business Education,2 Years,"Eligibility: BSCS (4 years), BE(4 years), MBBS, MA, MSc or Equivalent qualification with CGPA 2.0/4 under semester system or 45% marks under annual System All HEC conditions apply National University of Modern Languages H-9/4 Islamabad ,Pakistan Phone: +92-51-9265100 Email: info@numl.edu.pk Regional Campuses Lahore Campus Faisalabad Campus Multan Campus Hyderabad Campus Quetta Campus Peshawar Campus Karachi Campus Rawalpindi MirpurAJK Campus 2026 © National University of Modern Languages, Islama",,90000.0,3-February-2026,https://numl.edu.pk/programs/program/274
National University of Modern Languages,Islamabad,Faculty of Social Sciences,MPhil,Governance & Public Policy,2 Years,"Eligibility: Master / BS degree (16 years of education) in relevant discipline from HEC recognized University with minimum 2.5 out of 4.0 CGPA or Grade ‘B’ under semester system or 50 % marks under annual system (45% marks under annual system for Urdu / English programs only). Selection in the respective program will be subject to availability of seats, merit based on academic qualification, valid GRE International / NTS / NUML devised GAT- General Score. Applicants with valid GRE International/",,90000.0,3-February-2026,https://numl.edu.pk/programs/program/167
National University of Modern Languages,Islamabad,Faculty of Management Sciences,MPhil,Economics,2 Years,"Eligibility: Master / BS degree (16 years of education) in relevant discipline from HEC recognized University with minimum 2.5 out of 4.0 CGPA or Grade ‘B’ under semester system or 50 % marks under annual system (45% marks under annual system for Urdu / English programs only). Selection in the respective program will be subject to availability of seats, merit based on academic qualification, valid GRE International / NTS / NUML devised GAT- General Score. Applicants with valid GRE International/",,90000.0,3-February-2026,https://numl.edu.pk/programs/program/73
National University of Modern Languages,Islamabad,Faculty of Management Sciences,MS,Development Studies In Economics,2 Years,"Eligibility: MS/MPhil Programs : Master / BS degree (16 years of education) in relevant discipline from HEC recognized University with minimum 2.5 out of 4.0 CGPA or Grade ‘B’ under semester system or 50 % marks under annual system (45% marks under annual system for Urdu / English programs only). Selection in the respective program will be subject to availability of seats, merit based on academic qualification, valid GRE International / NTS / NUML devised GAT- General Score. Applicants with vali",,90000.0,3-February-2026,https://numl.edu.pk/programs/program/514
National University of Modern Languages,Islamabad,Faculty of Social Sciences,MPhil,Psychology,2 Years,"Eligibility: Master / BS degree (16 years of education) in relevant discipline from HEC recognized University with minimum 2.5 out of 4.0 CGPA or Grade ‘B’ under semester system or 50 % marks under annual system (45% marks under annual system for Urdu / English programs only). Selection in the respective program will be subject to availability of seats, merit based on academic qualification, valid GRE International / NTS / NUML devised GAT- General Score. Applicants with valid GRE International/",,90000.0,3-February-2026,https://numl.edu.pk/programs/program/267
National University of Modern Languages,Islamabad,Faculty of Computing & AI,MS,Data Science - MS,2 Year,"Eligibility: Master / BS degree (16 years of education) in following domains (Information Technology, Software Engineering, Data Science, Artificial Intelligence, Computer Engineering, Electrical Engineering, Statistics or Mathematics, Computer Science or any computing related discipline) are eligible to apply from HEC recognized University with minimum 2.5 out of 4.0 CGPA or Grade ‘B’ under semester system or 50 % marks under annual system (45% marks under annual system for Urdu / English progr",,90000.0,3-February-2026,https://numl.edu.pk/programs/program/438
National University of Modern Languages,Islamabad,Faculty of Computing & AI,MS,Software Engineering,2 Years,"Eligibility: Master / BS degree (16 years of education) in relevant discipline from HEC recognized University with minimum 2.5 out of 4.0 CGPA or Grade ‘B’ under semester system or 50 % marks under annual system (45% marks under annual system for Urdu / English programs only). Selection in the respective program will be subject to availability of seats, merit based on academic qualification, valid GRE International / NTS / NUML devised GAT- General Score. Applicants with valid GRE International/",,90000.0,3-February-2026,https://numl.edu.pk/programs/program/239
National University of Modern Languages,Islamabad,Faculty of Management Sciences,MS,Banking & Finance,2 Years,"Eligibility: As per HEC criteria National University of Modern Languages H-9/4 Islamabad ,Pakistan Phone: +92-51-9265100 Email: info@numl.edu.pk Regional Campuses Lahore Campus Faisalabad Campus Multan Campus Hyderabad Campus Quetta Campus Peshawar Campus Karachi Campus Rawalpindi MirpurAJK Campus 2026 © National University of Modern Languages, Islamabad. Privacy Policy Admission LMS Student Portal Library Journals E-Registration Online QEC Results Datesheets Scholarships Feedback",,90000.0,3-February-2026,https://numl.edu.pk/programs/program/504
National University of Modern Languages,Islamabad,Faculty of Education,PhD,Education,3–5 Years,"Eligibility: a. MS/MPhil Degree (18 years of education with 6 credit hrs. research) in relevant discipline from HEC recognized University with minimum 3.0 out of 4.0 CGPA under semester system OR 1st Division under annual system. b. Selection in the respective program will be subject to availability of seats, merit based on academic qualification, valid GRE International / NTS / NUML devised GAT- subject score and interview. c. Applicants with valid GRE International/GAT-Subject from NTS will have to pass written/subjective portion of NUML GAT-S (as per schedule of respective Faculties) to sec",,110000.0,3-February-2026,https://numl.edu.pk/programs/program/253
National University of Modern Languages,Islamabad,Faculty of Social Sciences,PhD,PhD-International Relations,3–5 Years,"Eligibility: a. MS/MPhil Degree (18 years of education with 6 credit hrs. research) in relevant discipline from HEC recognized University with minimum 3.0 out of 4.0 CGPA under semester system OR 1st Division under annual system. b. Selection in the respective program will be subject to availability of seats, merit based on academic qualification, valid GRE International / NTS / NUML devised GAT- subject score and interview. c. Applicants with valid GRE International/GAT-Subject from NTS will have to pass written/subjective portion of NUML GAT-S (as per schedule of respective Faculties) to sec",,110000.0,3-February-2026,https://numl.edu.pk/programs/program/207
National University of Modern Languages,Islamabad,Faculty of Media & Communication Studies,PhD,Media & Communication Studies,3–5 Years,"Eligibility: a. MS/MPhil Degree (18 years of education with 6 credit hrs. research) in relevant discipline from HEC recognized University with minimum 3.0 out of 4.0 CGPA under semester system OR 1st Division under annual system. b. Selection in the respective program will be subject to availability of seats, merit based on academic qualification, valid GRE International / NTS / NUML devised GAT- subject score and interview. c. Applicants with valid GRE International/GAT-Subject from NTS will have to pass written/subjective portion of NUML GAT-S (as per schedule of respective Faculties) to sec",,110000.0,3-February-2026,https://numl.edu.pk/programs/program/435
National University of Modern Languages,Islamabad,Faculty of Social Sciences,PhD,Islamic Studies,3–5 Years,"Eligibility: MS/MPhil Degree (18 years of education with 6 credit hrs research) in relevant discipline from HEC recognized University with minimum 3.0 out of 4.0 CGPA under semester system OR 1st Division under annual system. Selection in the respective program will be subject to availability of seats, merit based on academic qualification, valid GRE International / NTS / NUML devised GAT- subject score and interview. Applicants with valid GRE International/GAT-Subject from NTS will have to pass written/subjective portion of NUML GAT-S (as per schedule of respective Faculties) to secure admiss",,110000.0,3-February-2026,https://numl.edu.pk/programs/program/205
National University of Modern Languages,Islamabad,Faculty of Computing & AI,PhD,Computer Science,3–5 Years,"Eligibility: MS/MPhil Degree (18 years of education with 6 credit hrs research) in relevant discipline from HEC recognized University with minimum 3.0 out of 4.0 CGPA under semester system OR 1st Division under annual system. Selection in the respective program will be subject to availability of seats, merit based on academic qualification, valid GRE International / NTS / NUML devised GAT- subject score and interview. Applicants with valid GRE International/GAT-Subject from NTS will have to pass written/subjective portion of NUML GAT-S (as per schedule of respective Faculties) to secure admiss",,110000.0,3-February-2026,https://numl.edu.pk/programs/program/206
National University of Modern Languages,Islamabad,Faculty of Languages,PhD,Urdu,3 Year,"Eligibility: a. MS/MPhil Degree (18 years of education with 6 credit hrs. research) in relevant discipline from HEC recognized University with minimum 3.0 out of 4.0 CGPA under semester system OR 1st Division under annual system. b. Selection in the respective program will be subject to availability of seats, merit based on academic qualification, valid GRE International / NTS / NUML devised GAT- subject score and interview. c. Applicants with valid GRE International/GAT-Subject from NTS will have to pass written/subjective portion of NUML GAT-S (as per schedule of respective Faculties) to sec",,110000.0,3-February-2026,https://numl.edu.pk/programs/program/120
National University of Modern Languages,Islamabad,Faculty of Languages,PhD,Persian,3–5 Years,"Eligibility: a. MS/MPhil Degree (18 years of education with 6 credit hrs. research) in relevant discipline from HEC recognized University with minimum 3.0 out of 4.0 CGPA under semester system OR 1st Division under annual system. b. Selection in the respective program will be subject to availability of seats, merit based on academic qualification, valid GRE International / NTS / NUML devised GAT- subject score and interview. c. Applicants with valid GRE International/GAT-Subject from NTS will have to pass written/subjective portion of NUML GAT-S (as per schedule of respective Faculties) to sec",,110000.0,3-February-2026,https://numl.edu.pk/programs/program/289
National University of Modern Languages,Islamabad,Faculty of Languages,PhD,English (Linguistics & Literature),3–5 Years,"Eligibility: a. MS/MPhil Degree (18 years of education with 6 credit hrs. research) in relevant discipline from HEC recognized University with minimum 3.0 out of 4.0 CGPA under semester system OR 1st Division under annual system. b. Selection in the respective program will be subject to availability of seats, merit based on academic qualification, valid GRE International / NTS / NUML devised GAT- subject score and interview. c. Applicants with valid GRE International/GAT-Subject from NTS will have to pass written/subjective portion of NUML GAT-S (as per schedule of respective Faculties) to sec",,110000.0,3-February-2026,https://numl.edu.pk/programs/program/245
National University of Modern Languages,Islamabad,Faculty of Languages,PhD,Arabic,3 Year,"Eligibility: a. MS/MPhil Degree (18 years of education with 6 credit hrs. research) in relevant discipline from HEC recognized University with minimum 3.0 out of 4.0 CGPA under semester system OR 1st Division under annual system. b. Selection in the respective program will be subject to availability of seats, merit based on academic qualification, valid GRE International / NTS / NUML devised GAT- subject score and interview. c. Applicants with valid GRE International/GAT-Subject from NTS will have to pass written/subjective portion of NUML GAT-S (as per schedule of respective Faculties) to sec",,110000.0,3-February-2026,https://numl.edu.pk/programs/program/184
National University of Modern Languages,Islamabad,Faculty of Basic Sciences,PhD,Mathematics,3–5 Years,"Eligibility: PhD (Mathematics) Degree Programme (Three Years-Six Semesters) The Department of Mathematics, National University of Modern Languages (NUML), Islamabad offers Graduate Programs leading to the degree of PhD in Mathematics. The diversity of graduate courses offered in the department give the student an opportunity to specialize in one of the several fields of Pure Mathematics, Applied Mathematics, Computational Mathematics OBJECTIVES OF THE PROGRAM This program is designed to develop most recent knowledge and up to dated research in Mathematics. We have experts in many major areas o",,110000.0,17-December-2025,https://numl.edu.pk/programs/program/497
National University of Modern Languages,Islamabad,Faculty of Management Sciences,PhD,"Management Sciences (Finance, HRM, General Management And Marketing)",3–5 Years,"Eligibility: a. MS/MPhil Degree (18 years of education with 6 credit hrs. research) in relevant discipline from HEC recognized University with minimum 3.0 out of 4.0 CGPA under semester system OR 1st Division under annual system. b. Selection in the respective program will be subject to availability of seats, merit based on academic qualification, valid GRE International / NTS / NUML devised GAT- subject score and interview. c. Applicants with valid GRE International/GAT-Subject from NTS will have to pass written/subjective portion of NUML GAT-S (as per schedule of respective Faculties) to sec",,110000.0,3-February-2026,https://numl.edu.pk/programs/program/90
National University of Modern Languages,Islamabad,Faculty of Social Sciences,PhD,Governance & Public Policy,3–5 Years,"Eligibility: a. MS/MPhil Degree (18 years of education with 6 credit hrs. research) in relevant discipline from HEC recognized University with minimum 3.0 out of 4.0 CGPA under semester system OR 1st Division under annual system. b. Selection in the respective program will be subject to availability of seats, merit based on academic qualification, valid GRE International / NTS / NUML devised GAT- subject score and interview. c. Applicants with valid GRE International/GAT-Subject from NTS will have to pass written/subjective portion of NUML GAT-S (as per schedule of respective Faculties) to sec",,110000.0,3-February-2026,https://numl.edu.pk/programs/program/353
National University of Modern Languages,Islamabad,Faculty of Management Sciences,PhD,Economics,3–5 Years,"Eligibility: a. MS/MPhil Degree (18 years of education with 6 credit hrs. research) in relevant discipline from HEC recognized University with minimum 3.0 out of 4.0 CGPA under semester system OR 1st Division under annual system. b. Selection in the respective program will be subject to availability of seats, merit based on academic qualification, valid GRE International / NTS / NUML devised GAT- subject score and interview. c. Applicants with valid GRE International/GAT-Subject from NTS will have to pass written/subjective portion of NUML GAT-S (as per schedule of respective Faculties) to sec",,110000.0,17-December-2025,https://numl.edu.pk/programs/program/74
National University of Modern Languages,Islamabad,Faculty of Social Sciences,PhD,Psychology,3–5 Years,"Eligibility: a. MS/MPhil Degree (18 years of education with 6 credit hrs. research) in relevant discipline from HEC recognized University with minimum 3.0 out of 4.0 CGPA under semester system OR 1st Division under annual system. b. Selection in the respective program will be subject to availability of seats, merit based on academic qualification, valid GRE International / NTS / NUML devised GAT- subject score and interview. c. Applicants with valid GRE International/GAT-Subject from NTS will have to pass written/subjective portion of NUML GAT-S (as per schedule of respective Faculties) to sec",,110000.0,3-February-2026,https://numl.edu.pk/programs/program/268
National University of Modern Languages,Islamabad,Faculty of Computing & AI,PhD,Software Engineering,3–5 Years,"Eligibility: a. MS/MPhil Degree (18 years of education with 6 credit hrs. research) in relevant discipline from HEC recognized University with minimum 3.0 out of 4.0 CGPA under semester system OR 1st Division under annual system. b. Selection in the respective program will be subject to availability of seats, merit based on academic qualification, valid GRE International / NTS / NUML devised GAT- subject score and interview. c. Applicants with valid GRE International/GAT-Subject from NTS will have to pass written/subjective portion of NUML GAT-S (as per schedule of respective Faculties) to sec",,110000.0,3-February-2026,https://numl.edu.pk/programs/program/240
NUST,Islamabad,School of Chemical & Materials Engineering,BS,Chemical Engineering,4 Years,FSc (Pre-Engineering / ICS / relevant group) with required subjects,NET (NUST Entry Test),325000.0,31-January-2026,https://nust.edu.pk/admissions/undergraduates/dates-to-remember/
NUST,Islamabad,School of Chemical & Materials Engineering,BS,Metallurgy & Materials Engineering,4 Years,FSc (Pre-Engineering / ICS / relevant group) with required subjects,NET (NUST Entry Test),325000.0,31-January-2026,https://nust.edu.pk/admissions/undergraduates/dates-to-remember/
NUST,Islamabad,School of Chemical & Materials Engineering,BS,Metallurgy & Materials,4 Years,FSc (Pre-Engineering / ICS / relevant group) with required subjects,NET (NUST Entry Test),300000.0,31-January-2026,https://nust.edu.pk/admissions/undergraduates/dates-to-remember/
NUST,Islamabad,School of Electrical Engineering & Computer Science,BS,Software Engineering,4 Years,FSc (Pre-Engineering / ICS / relevant group) with required subjects,NET (NUST Entry Test),325000.0,31-January-2026,https://nust.edu.pk/admissions/undergraduates/dates-to-remember/
NUST,Islamabad,School of Electrical Engineering & Computer Science,BS,Computer Science,4 Years,FSc (Pre-Engineering / ICS / relevant group) with required subjects,NET (NUST Entry Test),325000.0,31-January-2026,https://nust.edu.pk/admissions/undergraduates/dates-to-remember/
NUST,Islamabad,School of Electrical Engineering & Computer Science,BS,Computer Science 2023-2024,4 Years,FSc (Pre-Engineering / ICS / relevant group) with required subjects,NET (NUST Entry Test),325000.0,31-January-2026,https://nust.edu.pk/admissions/undergraduates/dates-to-remember/
NUST,Islamabad,School of Electrical Engineering & Computer Science,BS,Electrical Engineering,4 Years,FSc (Pre-Engineering / ICS / relevant group) with required subjects,NET (NUST Entry Test),325000.0,31-January-2026,https://nust.edu.pk/admissions/undergraduates/dates-to-remember/
NUST,Islamabad,School of Electrical Engineering & Computer Science,BS,Computer Science,4 Years,FSc (Pre-Engineering / ICS / relevant group) with required subjects,NET (NUST Entry Test),325000.0,31-January-2026,https://nust.edu.pk/admissions/undergraduates/dates-to-remember/
NUST,Islamabad,School of Electrical Engineering & Computer Science,BS,Data Science,4 Years,FSc (Pre-Engineering / ICS / relevant group) with required subjects,NET (NUST Entry Test),300000.0,31-January-2026,https://nust.edu.pk/admissions/undergraduates/dates-to-remember/
NUST,Islamabad,School of Electrical Engineering & Computer Science,BS,Artificial Intelligence,4 Years,FSc (Pre-Engineering / ICS / relevant group) with required subjects,NET (NUST Entry Test),300000.0,31-January-2026,https://nust.edu.pk/admissions/undergraduates/dates-to-remember/
NUST,Islamabad,School of Electrical Engineering & Computer Science,BS,Electrical Engineering,4 Years,FSc (Pre-Engineering / ICS / relevant group) with required subjects,NET (NUST Entry Test),325000.0,31-January-2026,https://nust.edu.pk/admissions/undergraduates/dates-to-remember/
NUST,Islamabad,School of Electrical Engineering & Computer Science,BS,Computer Engineering,4 Years,FSc (Pre-Engineering / ICS / relevant group) with required subjects,NET (NUST Entry Test),325000.0,31-January-2026,https://nust.edu.pk/admissions/undergraduates/dates-to-remember/
NUST,Islamabad,School of Electrical Engineering & Computer Science,BS,Computer Science 2025,4 Years,FSc (Pre-Engineering / ICS / relevant group) with required subjects,NET (NUST Entry Test),325000.0,31-January-2026,https://nust.edu.pk/admissions/undergraduates/dates-to-remember/
NUST,Islamabad,School of Mechanical & Manufacturing Engineering,BS,Mechanical Engineering,4 Years,FSc (Pre-Engineering / ICS / relevant group) with required subjects,NET (NUST Entry Test),325000.0,31-January-2026,https://nust.edu.pk/admissions/undergraduates/dates-to-remember/
NUST,Islamabad,School of Mechanical & Manufacturing Engineering,BS,Aerospace Engineering,4 Years,FSc (Pre-Engineering / ICS / relevant group) with required subjects,NET (NUST Entry Test),325000.0,31-January-2026,https://nust.edu.pk/admissions/undergraduates/dates-to-remember/
NUST,Islamabad,School of Mechanical & Manufacturing Engineering,BS,Mechanical Engineering,4 Years,FSc (Pre-Engineering / ICS / relevant group) with required subjects,NET (NUST Entry Test),325000.0,31-January-2026,https://nust.edu.pk/admissions/undergraduates/dates-to-remember/
NUST,Islamabad,"Nust Balochistan Campus, Quetta",BS,Computer Science,4 Years,FSc (Pre-Engineering / ICS / relevant group) with required subjects,NET (NUST Entry Test),325000.0,31-January-2026,https://nust.edu.pk/admissions/undergraduates/dates-to-remember/
NUST,Islamabad,"Nust Balochistan Campus, Quetta",BS,Computer Science 2023-2024,4 Years,FSc (Pre-Engineering / ICS / relevant group) with required subjects,NET (NUST Entry Test),325000.0,31-January-2026,https://nust.edu.pk/admissions/undergraduates/dates-to-remember/
NUST,Islamabad,"Nust Balochistan Campus, Quetta",BS,Computer Science,4 Years,FSc (Pre-Engineering / ICS / relevant group) with required subjects,NET (NUST Entry Test),325000.0,31-January-2026,https://nust.edu.pk/admissions/undergraduates/dates-to-remember/
NUST,Islamabad,"Nust Balochistan Campus, Quetta",BS,Artificial Intelligence,4 Years,FSc (Pre-Engineering / ICS / relevant group) with required subjects,NET (NUST Entry Test),300000.0,31-January-2026,https://nust.edu.pk/admissions/undergraduates/dates-to-remember/
NUST,Islamabad,"Nust Balochistan Campus, Quetta",BS,Computer Science 2025,4 Years,FSc (Pre-Engineering / ICS / relevant group) with required subjects,NET (NUST Entry Test),325000.0,31-January-2026,https://nust.edu.pk/admissions/undergraduates/dates-to-remember/
NUST,Islamabad,College of Aeronautical Engineering,BS,Aerospace Engineering,4 Years,FSc (Pre-Engineering / ICS / relevant group) with required subjects,NET (NUST Entry Test),325000.0,31-January-2026,https://nust.edu.pk/admissions/undergraduates/dates-to-remember/
NUST,Islamabad,College of Aeronautical Engineering,BS,Avionics Engineering,4 Years,FSc (Pre-Engineering / ICS / relevant group) with required subjects,NET (NUST Entry Test),325000.0,31-January-2026,https://nust.edu.pk/admissions/undergraduates/dates-to-remember/
NUST,Islamabad,College of Electrical & Mechanical Engineering,BS,Computer Engineering,4 Years,FSc (Pre-Engineering / ICS / relevant group) with required subjects,NET (NUST Entry Test),325000.0,31-January-2026,https://nust.edu.pk/admissions/undergraduates/dates-to-remember/
NUST,Islamabad,College of Electrical & Mechanical Engineering,BS,Mechatronics Engineering,4 Years,FSc (Pre-Engineering / ICS / relevant group) with required subjects,NET (NUST Entry Test),325000.0,31-January-2026,https://nust.edu.pk/admissions/undergraduates/dates-to-remember/
NUST,Islamabad,College of Electrical & Mechanical Engineering,BS,Electrical Engineering,4 Years,FSc (Pre-Engineering / ICS / relevant group) with required subjects,NET (NUST Entry Test),325000.0,31-January-2026,https://nust.edu.pk/admissions/undergraduates/dates-to-remember/
NUST,Islamabad,College of Electrical & Mechanical Engineering,BS,Mechanical Engineering,4 Years,FSc (Pre-Engineering / ICS / relevant group) with required subjects,NET (NUST Entry Test),325000.0,31-January-2026,https://nust.edu.pk/admissions/undergraduates/dates-to-remember/
NUST,Islamabad,College of Electrical & Mechanical Engineering,BS,Mechanical Engineering,4 Years,FSc (Pre-Engineering / ICS / relevant group) with required subjects,NET (NUST Entry Test),325000.0,31-January-2026,https://nust.edu.pk/admissions/undergraduates/dates-to-remember/
NUST,Islamabad,College of Electrical & Mechanical Engineering,BS,Electrical Engineering,4 Years,FSc (Pre-Engineering / ICS / relevant group) with required subjects,NET (NUST Entry Test),325000.0,31-January-2026,https://nust.edu.pk/admissions/undergraduates/dates-to-remember/
NUST,Islamabad,Military College of Signals,BS,Software Engineering,4 Years,FSc (Pre-Engineering / ICS / relevant group) with required subjects,NET (NUST Entry Test),325000.0,31-January-2026,https://nust.edu.pk/admissions/undergraduates/dates-to-remember/
NUST,Islamabad,Military College of Signals,BS,Electrical Engineering,4 Years,FSc (Pre-Engineering / ICS / relevant group) with required subjects,NET (NUST Entry Test),325000.0,31-January-2026,https://nust.edu.pk/admissions/undergraduates/dates-to-remember/
NUST,Islamabad,Military College of Signals,BS,Electrical Engineering,4 Years,FSc (Pre-Engineering / ICS / relevant group) with required subjects,NET (NUST Entry Test),325000.0,31-January-2026,https://nust.edu.pk/admissions/undergraduates/dates-to-remember/
NUST,Islamabad,Pakistan Navy Engineering College,BS,Maritime Sciences,4 Years,FSc (Pre-Engineering / ICS / relevant group) with required subjects,NET (NUST Entry Test),300000.0,31-January-2026,https://nust.edu.pk/admissions/undergraduates/dates-to-remember/
NUST,Islamabad,Pakistan Navy Engineering College,BS,Engineering in Naval Architecture,4 Years,FSc (Pre-Engineering / ICS / relevant group) with required subjects,NET (NUST Entry Test),325000.0,31-January-2026,https://nust.edu.pk/admissions/undergraduates/dates-to-remember/
NUST,Islamabad,Pakistan Navy Engineering College,BS,Electrical Engineering,4 Years,FSc (Pre-Engineering / ICS / relevant group) with required subjects,NET (NUST Entry Test),325000.0,31-January-2026,https://nust.edu.pk/admissions/undergraduates/dates-to-remember/
NUST,Islamabad,Pakistan Navy Engineering College,BS,Mechanical Engineering,4 Years,FSc (Pre-Engineering / ICS / relevant group) with required subjects,NET (NUST Entry Test),325000.0,31-January-2026,https://nust.edu.pk/admissions/undergraduates/dates-to-remember/
NUST,Islamabad,Pakistan Navy Engineering College,BS,Electrical Engineering,4 Years,FSc (Pre-Engineering / ICS / relevant group) with required subjects,NET (NUST Entry Test),325000.0,31-January-2026,https://nust.edu.pk/admissions/undergraduates/dates-to-remember/
NUST,Islamabad,Pakistan Navy Engineering College,BS,Computer Science 2025,4 Years,FSc (Pre-Engineering / ICS / relevant group) with required subjects,NET (NUST Entry Test),325000.0,31-January-2026,https://nust.edu.pk/admissions/undergraduates/dates-to-remember/
NUST,Islamabad,Pakistan Navy Engineering College,BS,Naval Architecture & Marine Engineering,4 Years,FSc (Pre-Engineering / ICS / relevant group) with required subjects,NET (NUST Entry Test),325000.0,31-January-2026,https://nust.edu.pk/admissions/undergraduates/dates-to-remember/
NUST,Islamabad,Nust Business School,BS,Business Administration,4 Years,FSc (Pre-Engineering / ICS / relevant group) with required subjects,NET (NUST Entry Test),275000.0,31-January-2026,https://nust.edu.pk/admissions/undergraduates/dates-to-remember/
NUST,Islamabad,"School of Art, Design & Architecture",BS,Industrial Design,4 Years,FSc (Pre-Engineering / ICS / relevant group) with required subjects,NET (NUST Entry Test),350000.0,31-January-2026,https://nust.edu.pk/admissions/undergraduates/dates-to-remember/
NUST,Islamabad,"School of Art, Design & Architecture",BS,Architecture,4 Years,FSc (Pre-Engineering / ICS / relevant group) with required subjects,NET (NUST Entry Test),350000.0,31-January-2026,https://nust.edu.pk/admissions/undergraduates/dates-to-remember/
NUST,Islamabad,Nust Institute of Peace & Conflict Studies,BS,Military Art And Science,4 Years,FSc (Pre-Engineering / ICS / relevant group) with required subjects,NET (NUST Entry Test),300000.0,31-January-2026,https://nust.edu.pk/admissions/undergraduates/dates-to-remember/
NUST,Islamabad,School of Social Sciences & Humanities,BS,Public Administration,4 Years,FSc (Pre-Engineering / ICS / relevant group) with required subjects,NET (NUST Entry Test),275000.0,31-January-2026,https://nust.edu.pk/admissions/undergraduates/dates-to-remember/
NUST,Islamabad,Nust Law School,BS,Laws (LLB),4 Years,FSc (Pre-Engineering / ICS / relevant group) with required subjects,NET (NUST Entry Test),275000.0,31-August-2026,https://nust.edu.pk/admissions/undergraduates/dates-to-remember/
NUST,Islamabad,Jinnah School of Public Policy and Leadership,BS,Public Administration,4 Years,FSc (Pre-Engineering / ICS / relevant group) with required subjects,NET (NUST Entry Test),275000.0,31-January-2026,https://nust.edu.pk/admissions/undergraduates/dates-to-remember/
NUST,Islamabad,Atta-Ur-Rahman School of Applied Bio Sciences,BS,Agricultural Sciences,4 Years,FSc (Pre-Engineering / ICS / relevant group) with required subjects,NET (NUST Entry Test),300000.0,31-January-2026,https://nust.edu.pk/admissions/undergraduates/dates-to-remember/
NUST,Islamabad,School of Natural Sciences,BS,Mathematics,4 Years,FSc (Pre-Engineering / ICS / relevant group) with required subjects,NET (NUST Entry Test),300000.0,31-January-2026,https://nust.edu.pk/admissions/undergraduates/dates-to-remember/
NUST,Islamabad,School of Natural Sciences,BS,Physics,4 Years,FSc (Pre-Engineering / ICS / relevant group) with required subjects,NET (NUST Entry Test),300000.0,31-January-2026,https://nust.edu.pk/admissions/undergraduates/dates-to-remember/
NUST,Islamabad,School of Natural Sciences,BS,Chemistry,4 Years,FSc (Pre-Engineering / ICS / relevant group) with required subjects,NET (NUST Entry Test),300000.0,31-January-2026,https://nust.edu.pk/admissions/undergraduates/dates-to-remember/
NUST,Islamabad,School of Civil & Environmental Engineering,MS,Construction Engineering And Management,2 Years,16 years of education in a relevant discipline from an HEC recognized institution,NET (NUST Entry Test) / GAT (where applicable),350000.0,31-May-2026,https://nust.edu.pk/admissions/masters/dates-to-remember/
NUST,Islamabad,School of Civil & Environmental Engineering,MS,Urban & Regional Planning,2 Years,16 years of education in a relevant discipline from an HEC recognized institution,NET (NUST Entry Test) / GAT (where applicable),320000.0,31-May-2026,https://nust.edu.pk/admissions/masters/dates-to-remember/
NUST,Islamabad,School of Civil & Environmental Engineering,MS,Remote Sensing And Geographical In,2 Years,16 years of education in a relevant discipline from an HEC recognized institution,NET (NUST Entry Test) / GAT (where applicable),320000.0,31-May-2026,https://nust.edu.pk/admissions/masters/dates-to-remember/
NUST,Islamabad,School of Civil & Environmental Engineering,MS,Environmental Engineering,2 Years,16 years of education in a relevant discipline from an HEC recognized institution,NET (NUST Entry Test) / GAT (where applicable),350000.0,31-May-2026,https://nust.edu.pk/admissions/masters/dates-to-remember/
NUST,Islamabad,School of Civil & Environmental Engineering,MS,Environmental Sciences,2 Years,16 years of education in a relevant discipline from an HEC recognized institution,NET (NUST Entry Test) / GAT (where applicable),320000.0,31-May-2026,https://nust.edu.pk/admissions/masters/dates-to-remember/
NUST,Islamabad,School of Civil & Environmental Engineering,MS,Structural Engineering,2 Years,16 years of education in a relevant discipline from an HEC recognized institution,NET (NUST Entry Test) / GAT (where applicable),350000.0,31-May-2026,https://nust.edu.pk/admissions/masters/dates-to-remember/
NUST,Islamabad,School of Civil & Environmental Engineering,MS,Transportation Engineering,2 Years,16 years of education in a relevant discipline from an HEC recognized institution,NET (NUST Entry Test) / GAT (where applicable),350000.0,31-May-2026,https://nust.edu.pk/admissions/masters/dates-to-remember/
NUST,Islamabad,School of Civil & Environmental Engineering,MS,Geotechnical Engineering,2 Years,16 years of education in a relevant discipline from an HEC recognized institution,NET (NUST Entry Test) / GAT (where applicable),350000.0,31-May-2026,https://nust.edu.pk/admissions/masters/dates-to-remember/
NUST,Islamabad,School of Civil & Environmental Engineering,MS,Water Resources And Hydropower Engineering,2 Years,16 years of education in a relevant discipline from an HEC recognized institution,NET (NUST Entry Test) / GAT (where applicable),350000.0,31-May-2026,https://nust.edu.pk/admissions/masters/dates-to-remember/
NUST,Islamabad,School of Chemical & Materials Engineering,MS,Materials And Surface Engineering,2 Years,16 years of education in a relevant discipline from an HEC recognized institution,NET (NUST Entry Test) / GAT (where applicable),350000.0,31-May-2026,https://nust.edu.pk/admissions/masters/dates-to-remember/
NUST,Islamabad,School of Chemical & Materials Engineering,MS,Chemical Engineering,2 Years,16 years of education in a relevant discipline from an HEC recognized institution,NET (NUST Entry Test) / GAT (where applicable),350000.0,31-May-2026,https://nust.edu.pk/admissions/masters/dates-to-remember/
NUST,Islamabad,School of Chemical & Materials Engineering,MS,Nanoscience & Engineering,2 Years,16 years of education in a relevant discipline from an HEC recognized institution,NET (NUST Entry Test) / GAT (where applicable),350000.0,31-May-2026,https://nust.edu.pk/admissions/masters/dates-to-remember/
NUST,Islamabad,School of Electrical Engineering & Computer Science,MS,Computer Science,2 Years,16 years of education in a relevant discipline from an HEC recognized institution,NET (NUST Entry Test) / GAT (where applicable),350000.0,31-May-2026,https://nust.edu.pk/admissions/masters/dates-to-remember/
NUST,Islamabad,School of Electrical Engineering & Computer Science,MS,Innovative Technologies In Learning,2 Years,16 years of education in a relevant discipline from an HEC recognized institution,NET (NUST Entry Test) / GAT (where applicable),320000.0,31-May-2026,https://nust.edu.pk/admissions/masters/dates-to-remember/
NUST,Islamabad,School of Electrical Engineering & Computer Science,MS,Electrical Engineering,2 Years,16 years of education in a relevant discipline from an HEC recognized institution,NET (NUST Entry Test) / GAT (where applicable),350000.0,31-May-2026,https://nust.edu.pk/admissions/masters/dates-to-remember/
NUST,Islamabad,School of Electrical Engineering & Computer Science,MS,Data Science,2 Years,16 years of education in a relevant discipline from an HEC recognized institution,NET (NUST Entry Test) / GAT (where applicable),350000.0,31-May-2026,https://nust.edu.pk/admissions/masters/dates-to-remember/
NUST,Islamabad,School of Electrical Engineering & Computer Science,MS,Artificial Intelligence,2 Years,16 years of education in a relevant discipline from an HEC recognized institution,NET (NUST Entry Test) / GAT (where applicable),350000.0,31-May-2026,https://nust.edu.pk/admissions/masters/dates-to-remember/
NUST,Islamabad,School of Electrical Engineering & Computer Science,MS,AI & Autonomous Systems,2 Years,16 years of education in a relevant discipline from an HEC recognized institution,NET (NUST Entry Test) / GAT (where applicable),320000.0,31-May-2026,https://nust.edu.pk/admissions/masters/dates-to-remember/
NUST,Islamabad,School of Mechanical & Manufacturing Engineering,MS,Biomedical Engineering,2 Years,16 years of education in a relevant discipline from an HEC recognized institution,NET (NUST Entry Test) / GAT (where applicable),350000.0,31-May-2026,https://nust.edu.pk/admissions/masters/dates-to-remember/
NUST,Islamabad,School of Mechanical & Manufacturing Engineering,MS,Biomedical Sciences,2 Years,16 years of education in a relevant discipline from an HEC recognized institution,NET (NUST Entry Test) / GAT (where applicable),320000.0,31-May-2026,https://nust.edu.pk/admissions/masters/dates-to-remember/
NUST,Islamabad,School of Mechanical & Manufacturing Engineering,MS,Design And Manufacturing Engineering,2 Years,16 years of education in a relevant discipline from an HEC recognized institution,NET (NUST Entry Test) / GAT (where applicable),350000.0,31-May-2026,https://nust.edu.pk/admissions/masters/dates-to-remember/
NUST,Islamabad,School of Mechanical & Manufacturing Engineering,MS,Robotics And Artificial Intelligence Engineering,2 Years,16 years of education in a relevant discipline from an HEC recognized institution,NET (NUST Entry Test) / GAT (where applicable),350000.0,31-May-2026,https://nust.edu.pk/admissions/masters/dates-to-remember/
NUST,Islamabad,School of Mechanical & Manufacturing Engineering,MS,Mechanical Engineering,2 Years,16 years of education in a relevant discipline from an HEC recognized institution,NET (NUST Entry Test) / GAT (where applicable),350000.0,31-May-2026,https://nust.edu.pk/admissions/masters/dates-to-remember/
NUST,Islamabad,Us-Pakistan Center for Advanced Studies in Energy,MS,Electrical Engineering,2 Years,16 years of education in a relevant discipline from an HEC recognized institution,NET (NUST Entry Test) / GAT (where applicable),350000.0,31-May-2026,https://nust.edu.pk/admissions/masters/dates-to-remember/
NUST,Islamabad,Us-Pakistan Center for Advanced Studies in Energy,MS,Thermal Energy Engineering,2 Years,16 years of education in a relevant discipline from an HEC recognized institution,NET (NUST Entry Test) / GAT (where applicable),350000.0,31-May-2026,https://nust.edu.pk/admissions/masters/dates-to-remember/
NUST,Islamabad,Us-Pakistan Center for Advanced Studies in Energy,MS,Energy Systems Engineering,2 Years,16 years of education in a relevant discipline from an HEC recognized institution,NET (NUST Entry Test) / GAT (where applicable),350000.0,31-May-2026,https://nust.edu.pk/admissions/masters/dates-to-remember/
NUST,Islamabad,Us-Pakistan Center for Advanced Studies in Energy,MS,Renewable Energy,2 Years,16 years of education in a relevant discipline from an HEC recognized institution,NET (NUST Entry Test) / GAT (where applicable),320000.0,31-May-2026,https://nust.edu.pk/admissions/masters/dates-to-remember/
NUST,Islamabad,"Nust Balochistan Campus, Quetta",MS,Computer Science,2 Years,16 years of education in a relevant discipline from an HEC recognized institution,NET (NUST Entry Test) / GAT (where applicable),350000.0,31-May-2026,https://nust.edu.pk/admissions/masters/dates-to-remember/
NUST,Islamabad,"Nust Balochistan Campus, Quetta",MS,Mining Engineering,2 Years,16 years of education in a relevant discipline from an HEC recognized institution,NET (NUST Entry Test) / GAT (where applicable),350000.0,31-May-2026,https://nust.edu.pk/admissions/masters/dates-to-remember/
NUST,Islamabad,"Nust Balochistan Campus, Quetta",MS,Civil Engineering,2 Years,16 years of education in a relevant discipline from an HEC recognized institution,NET (NUST Entry Test) / GAT (where applicable),350000.0,31-May-2026,https://nust.edu.pk/admissions/masters/dates-to-remember/
NUST,Islamabad,College of Aeronautical Engineering,MS,Electrical Engineering,2 Years,16 years of education in a relevant discipline from an HEC recognized institution,NET (NUST Entry Test) / GAT (where applicable),350000.0,31-May-2026,https://nust.edu.pk/admissions/masters/dates-to-remember/
NUST,Islamabad,College of Aeronautical Engineering,MS,Mechanical Engineering,2 Years,16 years of education in a relevant discipline from an HEC recognized institution,NET (NUST Entry Test) / GAT (where applicable),350000.0,31-May-2026,https://nust.edu.pk/admissions/masters/dates-to-remember/
NUST,Islamabad,College of Aeronautical Engineering,MS,Engineering Management,2 Years,16 years of education in a relevant discipline from an HEC recognized institution,NET (NUST Entry Test) / GAT (where applicable),350000.0,31-May-2026,https://nust.edu.pk/admissions/masters/dates-to-remember/
NUST,Islamabad,College of Aeronautical Engineering,MS,Aerospace Engineering,2 Years,16 years of education in a relevant discipline from an HEC recognized institution,NET (NUST Entry Test) / GAT (where applicable),350000.0,31-May-2026,https://nust.edu.pk/admissions/masters/dates-to-remember/
NUST,Islamabad,College of Aeronautical Engineering,MS,Avionics Engineering,2 Years,16 years of education in a relevant discipline from an HEC recognized institution,NET (NUST Entry Test) / GAT (where applicable),350000.0,31-May-2026,https://nust.edu.pk/admissions/masters/dates-to-remember/
NUST,Islamabad,College of Aeronautical Engineering,MS,Aviation Management,2 Years,16 years of education in a relevant discipline from an HEC recognized institution,NET (NUST Entry Test) / GAT (where applicable),400000.0,31-May-2026,https://nust.edu.pk/admissions/masters/dates-to-remember/
NUST,Islamabad,College of Aeronautical Engineering,MS,Industrial And Manufacturing Engineering,2 Years,16 years of education in a relevant discipline from an HEC recognized institution,NET (NUST Entry Test) / GAT (where applicable),350000.0,31-May-2026,https://nust.edu.pk/admissions/masters/dates-to-remember/
NUST,Islamabad,College of Electrical & Mechanical Engineering,MS,Electrical Engineering,2 Years,16 years of education in a relevant discipline from an HEC recognized institution,NET (NUST Entry Test) / GAT (where applicable),350000.0,31-May-2026,https://nust.edu.pk/admissions/masters/dates-to-remember/
NUST,Islamabad,College of Electrical & Mechanical Engineering,MS,Mechanical Engineering,2 Years,16 years of education in a relevant discipline from an HEC recognized institution,NET (NUST Entry Test) / GAT (where applicable),350000.0,31-May-2026,https://nust.edu.pk/admissions/masters/dates-to-remember/
NUST,Islamabad,College of Electrical & Mechanical Engineering,MS,Computer Engineering,2 Years,16 years of education in a relevant discipline from an HEC recognized institution,NET (NUST Entry Test) / GAT (where applicable),350000.0,31-May-2026,https://nust.edu.pk/admissions/masters/dates-to-remember/
NUST,Islamabad,College of Electrical & Mechanical Engineering,MS,Mechatronics Engineering,2 Years,16 years of education in a relevant discipline from an HEC recognized institution,NET (NUST Entry Test) / GAT (where applicable),350000.0,31-May-2026,https://nust.edu.pk/admissions/masters/dates-to-remember/
NUST,Islamabad,College of Electrical & Mechanical Engineering,MS,Engineering Management,2 Years,16 years of education in a relevant discipline from an HEC recognized institution,NET (NUST Entry Test) / GAT (where applicable),350000.0,31-May-2026,https://nust.edu.pk/admissions/masters/dates-to-remember/
NUST,Islamabad,College of Electrical & Mechanical Engineering,MS,Software Engineering,2 Years,16 years of education in a relevant discipline from an HEC recognized institution,NET (NUST Entry Test) / GAT (where applicable),350000.0,31-May-2026,https://nust.edu.pk/admissions/masters/dates-to-remember/
NUST,Islamabad,College of Electrical & Mechanical Engineering,MS,Artificial Intelligence,2 Years,16 years of education in a relevant discipline from an HEC recognized institution,NET (NUST Entry Test) / GAT (where applicable),350000.0,31-May-2026,https://nust.edu.pk/admissions/masters/dates-to-remember/
NUST,Islamabad,College of Electrical & Mechanical Engineering,MS,Applied Mathematics,2 Years,16 years of education in a relevant discipline from an HEC recognized institution,NET (NUST Entry Test) / GAT (where applicable),300000.0,31-May-2026,https://nust.edu.pk/admissions/masters/dates-to-remember/
NUST,Islamabad,Military College of Engineering,MS,Construction Engineering And Management,2 Years,16 years of education in a relevant discipline from an HEC recognized institution,NET (NUST Entry Test) / GAT (where applicable),350000.0,31-May-2026,https://nust.edu.pk/admissions/masters/dates-to-remember/
NUST,Islamabad,Military College of Engineering,MS,Water Resources Engineering & Management,2 Years,16 years of education in a relevant discipline from an HEC recognized institution,NET (NUST Entry Test) / GAT (where applicable),350000.0,31-May-2026,https://nust.edu.pk/admissions/masters/dates-to-remember/
NUST,Islamabad,Military College of Engineering,MS,Mathematics,2 Years,16 years of education in a relevant discipline from an HEC recognized institution,NET (NUST Entry Test) / GAT (where applicable),300000.0,31-May-2026,https://nust.edu.pk/admissions/masters/dates-to-remember/
NUST,Islamabad,Military College of Engineering,MS,Disaster Management,2 Years,16 years of education in a relevant discipline from an HEC recognized institution,NET (NUST Entry Test) / GAT (where applicable),400000.0,31-May-2026,https://nust.edu.pk/admissions/masters/dates-to-remember/
NUST,Islamabad,Military College of Engineering,MS,Structural Engineering,2 Years,16 years of education in a relevant discipline from an HEC recognized institution,NET (NUST Entry Test) / GAT (where applicable),350000.0,31-May-2026,https://nust.edu.pk/admissions/masters/dates-to-remember/
NUST,Islamabad,Military College of Engineering,MS,Transportation Engineering,2 Years,16 years of education in a relevant discipline from an HEC recognized institution,NET (NUST Entry Test) / GAT (where applicable),350000.0,31-May-2026,https://nust.edu.pk/admissions/masters/dates-to-remember/
NUST,Islamabad,Military College of Engineering,MS,Geotechnical Engineering,2 Years,16 years of education in a relevant discipline from an HEC recognized institution,NET (NUST Entry Test) / GAT (where applicable),350000.0,31-May-2026,https://nust.edu.pk/admissions/masters/dates-to-remember/
NUST,Islamabad,Military College of Engineering,MS,Mining Engineering,2 Years,16 years of education in a relevant discipline from an HEC recognized institution,NET (NUST Entry Test) / GAT (where applicable),350000.0,31-May-2026,https://nust.edu.pk/admissions/masters/dates-to-remember/
NUST,Islamabad,Military College of Engineering,MS,Climate Change And Disaster Management,2 Years,16 years of education in a relevant discipline from an HEC recognized institution,NET (NUST Entry Test) / GAT (where applicable),400000.0,31-May-2026,https://nust.edu.pk/admissions/masters/dates-to-remember/
NUST,Islamabad,Military College of Signals,MS,Computer Science,2 Years,16 years of education in a relevant discipline from an HEC recognized institution,NET (NUST Entry Test) / GAT (where applicable),350000.0,31-May-2026,https://nust.edu.pk/admissions/masters/dates-to-remember/
NUST,Islamabad,Military College of Signals,MS,Electrical Engineering,2 Years,16 years of education in a relevant discipline from an HEC recognized institution,NET (NUST Entry Test) / GAT (where applicable),350000.0,31-May-2026,https://nust.edu.pk/admissions/masters/dates-to-remember/
NUST,Islamabad,Military College of Signals,MS,Software Engineering,2 Years,16 years of education in a relevant discipline from an HEC recognized institution,NET (NUST Entry Test) / GAT (where applicable),350000.0,31-May-2026,https://nust.edu.pk/admissions/masters/dates-to-remember/
NUST,Islamabad,Pakistan Navy Engineering College,MS,Electrical Engineering,2 Years,16 years of education in a relevant discipline from an HEC recognized institution,NET (NUST Entry Test) / GAT (where applicable),350000.0,31-May-2026,https://nust.edu.pk/admissions/masters/dates-to-remember/
NUST,Islamabad,Pakistan Navy Engineering College,MS,Mechanical Engineering,2 Years,16 years of education in a relevant discipline from an HEC recognized institution,NET (NUST Entry Test) / GAT (where applicable),350000.0,31-May-2026,https://nust.edu.pk/admissions/masters/dates-to-remember/
NUST,Islamabad,Pakistan Navy Engineering College,MS,Manufacturing Engineering & Management,2 Years,16 years of education in a relevant discipline from an HEC recognized institution,NET (NUST Entry Test) / GAT (where applicable),350000.0,31-May-2026,https://nust.edu.pk/admissions/masters/dates-to-remember/
NUST,Islamabad,Pakistan Navy Engineering College,MS,Naval Architecture,2 Years,16 years of education in a relevant discipline from an HEC recognized institution,NET (NUST Entry Test) / GAT (where applicable),420000.0,31-May-2026,https://nust.edu.pk/admissions/masters/dates-to-remember/
NUST,Islamabad,Pakistan Navy Engineering College,MS,Cyber Security,2 Years,16 years of education in a relevant discipline from an HEC recognized institution,NET (NUST Entry Test) / GAT (where applicable),320000.0,31-May-2026,https://nust.edu.pk/admissions/masters/dates-to-remember/
NUST,Islamabad,Pakistan Navy Engineering College,MS,Data Science,2 Years,16 years of education in a relevant discipline from an HEC recognized institution,NET (NUST Entry Test) / GAT (where applicable),350000.0,31-May-2026,https://nust.edu.pk/admissions/masters/dates-to-remember/
NUST,Islamabad,Pakistan Navy Engineering College,MS,Artificial Intelligence,2 Years,16 years of education in a relevant discipline from an HEC recognized institution,NET (NUST Entry Test) / GAT (where applicable),350000.0,31-May-2026,https://nust.edu.pk/admissions/masters/dates-to-remember/
NUST,Islamabad,National Institute of Transportation,MS,Structural Engineering,2 Years,16 years of education in a relevant discipline from an HEC recognized institution,NET (NUST Entry Test) / GAT (where applicable),350000.0,31-May-2026,https://nust.edu.pk/admissions/masters/dates-to-remember/
NUST,Islamabad,National Institute of Transportation,MS,Transportation Engineering,2 Years,16 years of education in a relevant discipline from an HEC recognized institution,NET (NUST Entry Test) / GAT (where applicable),350000.0,31-May-2026,https://nust.edu.pk/admissions/masters/dates-to-remember/
NUST,Islamabad,National Institute of Transportation,MS,Geotechnical Engineering,2 Years,16 years of education in a relevant discipline from an HEC recognized institution,NET (NUST Entry Test) / GAT (where applicable),350000.0,31-May-2026,https://nust.edu.pk/admissions/masters/dates-to-remember/
NUST,Islamabad,Institute of Environmental Sciences & Engineering,MS,Environmental Engineering,2 Years,16 years of education in a relevant discipline from an HEC recognized institution,NET (NUST Entry Test) / GAT (where applicable),350000.0,31-May-2026,https://nust.edu.pk/admissions/masters/dates-to-remember/
NUST,Islamabad,Institute of Environmental Sciences & Engineering,MS,Environmental Sciences,2 Years,16 years of education in a relevant discipline from an HEC recognized institution,NET (NUST Entry Test) / GAT (where applicable),320000.0,31-May-2026,https://nust.edu.pk/admissions/masters/dates-to-remember/
NUST,Islamabad,Nust Institute of Civil Engineering,MS,Construction Engineering And Management,2 Years,16 years of education in a relevant discipline from an HEC recognized institution,NET (NUST Entry Test) / GAT (where applicable),350000.0,31-May-2026,https://nust.edu.pk/admissions/masters/dates-to-remember/
NUST,Islamabad,Nust Institute of Civil Engineering,MS,Urban & Regional Planning,2 Years,16 years of education in a relevant discipline from an HEC recognized institution,NET (NUST Entry Test) / GAT (where applicable),320000.0,31-May-2026,https://nust.edu.pk/admissions/masters/dates-to-remember/
NUST,Islamabad,Nust Institute of Civil Engineering,MS,Structural Engineering,2 Years,16 years of education in a relevant discipline from an HEC recognized institution,NET (NUST Entry Test) / GAT (where applicable),350000.0,31-May-2026,https://nust.edu.pk/admissions/masters/dates-to-remember/
NUST,Islamabad,Nust Institute of Civil Engineering,MS,Transportation Engineering,2 Years,16 years of education in a relevant discipline from an HEC recognized institution,NET (NUST Entry Test) / GAT (where applicable),350000.0,31-May-2026,https://nust.edu.pk/admissions/masters/dates-to-remember/
NUST,Islamabad,Nust Institute of Civil Engineering,MS,Geotechnical Engineering,2 Years,16 years of education in a relevant discipline from an HEC recognized institution,NET (NUST Entry Test) / GAT (where applicable),350000.0,31-May-2026,https://nust.edu.pk/admissions/masters/dates-to-remember/
NUST,Islamabad,Nust Institute of Civil Engineering,MS,Water Resources And Hydropower Engineering,2 Years,16 years of education in a relevant discipline from an HEC recognized institution,NET (NUST Entry Test) / GAT (where applicable),350000.0,31-May-2026,https://nust.edu.pk/admissions/masters/dates-to-remember/
NUST,Islamabad,Institute of Geographical Information Systems,MS,Remote Sensing And Geographical In,2 Years,16 years of education in a relevant discipline from an HEC recognized institution,NET (NUST Entry Test) / GAT (where applicable),320000.0,31-May-2026,https://nust.edu.pk/admissions/masters/dates-to-remember/
NUST,Islamabad,Nust Business School,MBA,Business Administration,2 Years,16 years of education in a relevant discipline from an HEC recognized institution,NET (NUST Entry Test) / GAT (where applicable),400000.0,31-May-2026,https://nust.edu.pk/admissions/masters/dates-to-remember/
NUST,Islamabad,Nust Business School,MS,Human Resource Management,2 Years,16 years of education in a relevant discipline from an HEC recognized institution,NET (NUST Entry Test) / GAT (where applicable),400000.0,31-May-2026,https://nust.edu.pk/admissions/masters/dates-to-remember/
NUST,Islamabad,Nust Business School,MS,Innovation And Entrepreneurship,2 Years,16 years of education in a relevant discipline from an HEC recognized institution,NET (NUST Entry Test) / GAT (where applicable),320000.0,31-May-2026,https://nust.edu.pk/admissions/masters/dates-to-remember/
NUST,Islamabad,Nust Business School,MS,Logistics & Supply Chain Management,2 Years,16 years of education in a relevant discipline from an HEC recognized institution,NET (NUST Entry Test) / GAT (where applicable),400000.0,31-May-2026,https://nust.edu.pk/admissions/masters/dates-to-remember/
NUST,Islamabad,Nust Business School,MS,Marketing,2 Years,16 years of education in a relevant discipline from an HEC recognized institution,NET (NUST Entry Test) / GAT (where applicable),320000.0,31-May-2026,https://nust.edu.pk/admissions/masters/dates-to-remember/
NUST,Islamabad,"School of Art, Design & Architecture",MS,Architectural Design,2 Years,16 years of education in a relevant discipline from an HEC recognized institution,NET (NUST Entry Test) / GAT (where applicable),420000.0,31-May-2026,https://nust.edu.pk/admissions/masters/dates-to-remember/
NUST,Islamabad,Centre for International Peace & Stability,MS,Peace & Conflict Studies,2 Years,16 years of education in a relevant discipline from an HEC recognized institution,NET (NUST Entry Test) / GAT (where applicable),320000.0,31-May-2026,https://nust.edu.pk/admissions/masters/dates-to-remember/
NUST,Islamabad,Centre for International Peace & Stability,MS,Strategic Studies,2 Years,16 years of education in a relevant discipline from an HEC recognized institution,NET (NUST Entry Test) / GAT (where applicable),320000.0,31-May-2026,https://nust.edu.pk/admissions/masters/dates-to-remember/
NUST,Islamabad,Centre for International Peace & Stability,MS,International Relations,2 Years,16 years of education in a relevant discipline from an HEC recognized institution,NET (NUST Entry Test) / GAT (where applicable),320000.0,31-May-2026,https://nust.edu.pk/admissions/masters/dates-to-remember/
NUST,Islamabad,Nust Institute of Peace & Conflict Studies,MS,Peace & Conflict Studies,2 Years,16 years of education in a relevant discipline from an HEC recognized institution,NET (NUST Entry Test) / GAT (where applicable),320000.0,31-May-2026,https://nust.edu.pk/admissions/masters/dates-to-remember/
NUST,Islamabad,School of Social Sciences & Humanities,MS,Innovative Technologies In Learning,2 Years,16 years of education in a relevant discipline from an HEC recognized institution,NET (NUST Entry Test) / GAT (where applicable),320000.0,31-May-2026,https://nust.edu.pk/admissions/masters/dates-to-remember/
NUST,Islamabad,School of Social Sciences & Humanities,MS,CAREER COUNSELING and EDUCATION,2 Years,16 years of education in a relevant discipline from an HEC recognized institution,NET (NUST Entry Test) / GAT (where applicable),320000.0,31-May-2026,https://nust.edu.pk/admissions/masters/dates-to-remember/
NUST,Islamabad,School of Social Sciences & Humanities,MS,Economics,2 Years,16 years of education in a relevant discipline from an HEC recognized institution,NET (NUST Entry Test) / GAT (where applicable),400000.0,31-May-2026,https://nust.edu.pk/admissions/masters/dates-to-remember/
NUST,Islamabad,School of Social Sciences & Humanities,MS,Clinical Psychology,2 Years,16 years of education in a relevant discipline from an HEC recognized institution,NET (NUST Entry Test) / GAT (where applicable),320000.0,31-May-2026,https://nust.edu.pk/admissions/masters/dates-to-remember/
NUST,Islamabad,School of Social Sciences & Humanities,MS,Mass Communication,2 Years,16 years of education in a relevant discipline from an HEC recognized institution,NET (NUST Entry Test) / GAT (where applicable),320000.0,31-May-2026,https://nust.edu.pk/admissions/masters/dates-to-remember/
NUST,Islamabad,School of Social Sciences & Humanities,MS,Development Studies,2 Years,16 years of education in a relevant discipline from an HEC recognized institution,NET (NUST Entry Test) / GAT (where applicable),320000.0,31-May-2026,https://nust.edu.pk/admissions/masters/dates-to-remember/
NUST,Islamabad,School of Social Sciences & Humanities,MS,Governance & Public Policy,2 Years,16 years of education in a relevant discipline from an HEC recognized institution,NET (NUST Entry Test) / GAT (where applicable),320000.0,31-May-2026,https://nust.edu.pk/admissions/masters/dates-to-remember/
NUST,Islamabad,Atta-Ur-Rahman School of Applied Bio Sciences,MS,Healthcare Biotechnology,2 Years,16 years of education in a relevant discipline from an HEC recognized institution,NET (NUST Entry Test) / GAT (where applicable),320000.0,31-May-2026,https://nust.edu.pk/admissions/masters/dates-to-remember/
NUST,Islamabad,Atta-Ur-Rahman School of Applied Bio Sciences,MS,Industrial Biotechnology,2 Years,16 years of education in a relevant discipline from an HEC recognized institution,NET (NUST Entry Test) / GAT (where applicable),320000.0,31-May-2026,https://nust.edu.pk/admissions/masters/dates-to-remember/
NUST,Islamabad,Atta-Ur-Rahman School of Applied Bio Sciences,MS,Plant Biotechnology,2 Years,16 years of education in a relevant discipline from an HEC recognized institution,NET (NUST Entry Test) / GAT (where applicable),320000.0,31-May-2026,https://nust.edu.pk/admissions/masters/dates-to-remember/
NUST,Islamabad,Atta-Ur-Rahman School of Applied Bio Sciences,MS,Molecular Medicine,2 Years,16 years of education in a relevant discipline from an HEC recognized institution,NET (NUST Entry Test) / GAT (where applicable),320000.0,31-May-2026,https://nust.edu.pk/admissions/masters/dates-to-remember/
NUST,Islamabad,School of Natural Sciences,MS,Mathematics,2 Years,16 years of education in a relevant discipline from an HEC recognized institution,NET (NUST Entry Test) / GAT (where applicable),300000.0,31-May-2026,https://nust.edu.pk/admissions/masters/dates-to-remember/
NUST,Islamabad,School of Natural Sciences,MS,Physics,2 Years,16 years of education in a relevant discipline from an HEC recognized institution,NET (NUST Entry Test) / GAT (where applicable),300000.0,31-May-2026,https://nust.edu.pk/admissions/masters/dates-to-remember/
NUST,Islamabad,School of Natural Sciences,MS,Chemistry,2 Years,16 years of education in a relevant discipline from an HEC recognized institution,NET (NUST Entry Test) / GAT (where applicable),300000.0,31-May-2026,https://nust.edu.pk/admissions/masters/dates-to-remember/
NUST,Islamabad,School of Interdisciplinary Engineering & Sciences,MS,Computational Science And Engineering,2 Years,16 years of education in a relevant discipline from an HEC recognized institution,NET (NUST Entry Test) / GAT (where applicable),350000.0,31-May-2026,https://nust.edu.pk/admissions/masters/dates-to-remember/
NUST,Islamabad,School of Interdisciplinary Engineering & Sciences,MS,Systems Engineering,2 Years,16 years of education in a relevant discipline from an HEC recognized institution,NET (NUST Entry Test) / GAT (where applicable),350000.0,31-May-2026,https://nust.edu.pk/admissions/masters/dates-to-remember/
NUST,Islamabad,School of Interdisciplinary Engineering & Sciences,MS,Climate Change & Sustainable Development,2 Years,16 years of education in a relevant discipline from an HEC recognized institution,NET (NUST Entry Test) / GAT (where applicable),320000.0,31-May-2026,https://nust.edu.pk/admissions/masters/dates-to-remember/
NUST,Islamabad,School of Civil & Environmental Engineering,PhD,Urban & Regional Planning,3–5 Years,MS/MPhil (18 years of education) in a relevant discipline from an HEC recognized institution,NET (PhD) / GAT (Subject) / Interview,380000.0,30-June-2026,https://nust.edu.pk/admissions/phd/phd-admission-dates-to-remember/
NUST,Islamabad,School of Civil & Environmental Engineering,PhD,Construction Engineering And Management,3–5 Years,MS/MPhil (18 years of education) in a relevant discipline from an HEC recognized institution,NET (PhD) / GAT (Subject) / Interview,400000.0,30-June-2026,https://nust.edu.pk/admissions/phd/phd-admission-dates-to-remember/
NUST,Islamabad,School of Civil & Environmental Engineering,PhD,Remote Sensing And Geographical In,3–5 Years,MS/MPhil (18 years of education) in a relevant discipline from an HEC recognized institution,NET (PhD) / GAT (Subject) / Interview,380000.0,30-June-2026,https://nust.edu.pk/admissions/phd/phd-admission-dates-to-remember/
NUST,Islamabad,School of Civil & Environmental Engineering,PhD,Environmental Engineering,3–5 Years,MS/MPhil (18 years of education) in a relevant discipline from an HEC recognized institution,NET (PhD) / GAT (Subject) / Interview,400000.0,30-June-2026,https://nust.edu.pk/admissions/phd/phd-admission-dates-to-remember/
NUST,Islamabad,School of Civil & Environmental Engineering,PhD,Environmental Sciences,3–5 Years,MS/MPhil (18 years of education) in a relevant discipline from an HEC recognized institution,NET (PhD) / GAT (Subject) / Interview,380000.0,30-June-2026,https://nust.edu.pk/admissions/phd/phd-admission-dates-to-remember/
NUST,Islamabad,School of Civil & Environmental Engineering,PhD,Structural Engineering,3–5 Years,MS/MPhil (18 years of education) in a relevant discipline from an HEC recognized institution,NET (PhD) / GAT (Subject) / Interview,400000.0,30-June-2026,https://nust.edu.pk/admissions/phd/phd-admission-dates-to-remember/
NUST,Islamabad,School of Civil & Environmental Engineering,PhD,Geotechnical Engineering,3–5 Years,MS/MPhil (18 years of education) in a relevant discipline from an HEC recognized institution,NET (PhD) / GAT (Subject) / Interview,400000.0,30-June-2026,https://nust.edu.pk/admissions/phd/phd-admission-dates-to-remember/
NUST,Islamabad,School of Civil & Environmental Engineering,PhD,Transportation Engineering,3–5 Years,MS/MPhil (18 years of education) in a relevant discipline from an HEC recognized institution,NET (PhD) / GAT (Subject) / Interview,400000.0,30-June-2026,https://nust.edu.pk/admissions/phd/phd-admission-dates-to-remember/
NUST,Islamabad,School of Civil & Environmental Engineering,PhD,Water Resources And Hydropower Engineering,3–5 Years,MS/MPhil (18 years of education) in a relevant discipline from an HEC recognized institution,NET (PhD) / GAT (Subject) / Interview,400000.0,30-June-2026,https://nust.edu.pk/admissions/phd/phd-admission-dates-to-remember/
NUST,Islamabad,School of Chemical & Materials Engineering,PhD,Materials And Surface Engineering,3–5 Years,MS/MPhil (18 years of education) in a relevant discipline from an HEC recognized institution,NET (PhD) / GAT (Subject) / Interview,400000.0,30-June-2026,https://nust.edu.pk/admissions/phd/phd-admission-dates-to-remember/
NUST,Islamabad,School of Chemical & Materials Engineering,PhD,Chemical Engineering,3–5 Years,MS/MPhil (18 years of education) in a relevant discipline from an HEC recognized institution,NET (PhD) / GAT (Subject) / Interview,400000.0,30-June-2026,https://nust.edu.pk/admissions/phd/phd-admission-dates-to-remember/
NUST,Islamabad,School of Chemical & Materials Engineering,PhD,Nanoscience & Engineering,3–5 Years,MS/MPhil (18 years of education) in a relevant discipline from an HEC recognized institution,NET (PhD) / GAT (Subject) / Interview,400000.0,30-June-2026,https://nust.edu.pk/admissions/phd/phd-admission-dates-to-remember/
NUST,Islamabad,School of Electrical Engineering & Computer Science,PhD,Electrical Engineering,3–5 Years,MS/MPhil (18 years of education) in a relevant discipline from an HEC recognized institution,NET (PhD) / GAT (Subject) / Interview,400000.0,30-June-2026,https://nust.edu.pk/admissions/phd/phd-admission-dates-to-remember/
NUST,Islamabad,School of Electrical Engineering & Computer Science,PhD,Computer Science,3–5 Years,MS/MPhil (18 years of education) in a relevant discipline from an HEC recognized institution,NET (PhD) / GAT (Subject) / Interview,400000.0,30-June-2026,https://nust.edu.pk/admissions/phd/phd-admission-dates-to-remember/
NUST,Islamabad,School of Electrical Engineering & Computer Science,PhD,Artificial Intelligence,3–5 Years,MS/MPhil (18 years of education) in a relevant discipline from an HEC recognized institution,NET (PhD) / GAT (Subject) / Interview,400000.0,30-June-2026,https://nust.edu.pk/admissions/phd/phd-admission-dates-to-remember/
NUST,Islamabad,School of Electrical Engineering & Computer Science,PhD,Ai & Autonomous Systems,3–5 Years,MS/MPhil (18 years of education) in a relevant discipline from an HEC recognized institution,NET (PhD) / GAT (Subject) / Interview,380000.0,30-June-2026,https://nust.edu.pk/admissions/phd/phd-admission-dates-to-remember/
NUST,Islamabad,School of Mechanical & Manufacturing Engineering,PhD,Design And Manufacturing Engineering,3–5 Years,MS/MPhil (18 years of education) in a relevant discipline from an HEC recognized institution,NET (PhD) / GAT (Subject) / Interview,400000.0,30-June-2026,https://nust.edu.pk/admissions/phd/phd-admission-dates-to-remember/
NUST,Islamabad,School of Mechanical & Manufacturing Engineering,PhD,Robotics And Artificial Intelligence Engineering,3–5 Years,MS/MPhil (18 years of education) in a relevant discipline from an HEC recognized institution,NET (PhD) / GAT (Subject) / Interview,400000.0,30-June-2026,https://nust.edu.pk/admissions/phd/phd-admission-dates-to-remember/
NUST,Islamabad,School of Mechanical & Manufacturing Engineering,PhD,Mechanical Engineering,3–5 Years,MS/MPhil (18 years of education) in a relevant discipline from an HEC recognized institution,NET (PhD) / GAT (Subject) / Interview,400000.0,30-June-2026,https://nust.edu.pk/admissions/phd/phd-admission-dates-to-remember/
NUST,Islamabad,School of Mechanical & Manufacturing Engineering,PhD,Biomedical Engineering,3–5 Years,MS/MPhil (18 years of education) in a relevant discipline from an HEC recognized institution,NET (PhD) / GAT (Subject) / Interview,400000.0,30-June-2026,https://nust.edu.pk/admissions/phd/phd-admission-dates-to-remember/
NUST,Islamabad,School of Mechanical & Manufacturing Engineering,PhD,Biomedical Sciences,3–5 Years,MS/MPhil (18 years of education) in a relevant discipline from an HEC recognized institution,NET (PhD) / GAT (Subject) / Interview,380000.0,30-June-2026,https://nust.edu.pk/admissions/phd/phd-admission-dates-to-remember/
NUST,Islamabad,Us-Pakistan Center for Advanced Studies in Energy,PhD,Energy Systems Engineering,3–5 Years,MS/MPhil (18 years of education) in a relevant discipline from an HEC recognized institution,NET (PhD) / GAT (Subject) / Interview,400000.0,30-June-2026,https://nust.edu.pk/admissions/phd/phd-admission-dates-to-remember/
NUST,Islamabad,Us-Pakistan Center for Advanced Studies in Energy,PhD,Thermal Energy Engineering,3–5 Years,MS/MPhil (18 years of education) in a relevant discipline from an HEC recognized institution,NET (PhD) / GAT (Subject) / Interview,400000.0,30-June-2026,https://nust.edu.pk/admissions/phd/phd-admission-dates-to-remember/
NUST,Islamabad,Us-Pakistan Center for Advanced Studies in Energy,PhD,Electrical Engineering,3–5 Years,MS/MPhil (18 years of education) in a relevant discipline from an HEC recognized institution,NET (PhD) / GAT (Subject) / Interview,400000.0,30-June-2026,https://nust.edu.pk/admissions/phd/phd-admission-dates-to-remember/
NUST,Islamabad,"Nust Balochistan Campus, Quetta",PhD,Computer Science,3–5 Years,MS/MPhil (18 years of education) in a relevant discipline from an HEC recognized institution,NET (PhD) / GAT (Subject) / Interview,400000.0,30-June-2026,https://nust.edu.pk/admissions/phd/phd-admission-dates-to-remember/
NUST,Islamabad,"Nust Balochistan Campus, Quetta",PhD,Mining Engineering,3–5 Years,MS/MPhil (18 years of education) in a relevant discipline from an HEC recognized institution,NET (PhD) / GAT (Subject) / Interview,400000.0,30-June-2026,https://nust.edu.pk/admissions/phd/phd-admission-dates-to-remember/
NUST,Islamabad,"Nust Balochistan Campus, Quetta",PhD,Civil Engineering,3–5 Years,MS/MPhil (18 years of education) in a relevant discipline from an HEC recognized institution,NET (PhD) / GAT (Subject) / Interview,400000.0,30-June-2026,https://nust.edu.pk/admissions/phd/phd-admission-dates-to-remember/
NUST,Islamabad,College of Aeronautical Engineering,PhD,Electrical Engineering,3–5 Years,MS/MPhil (18 years of education) in a relevant discipline from an HEC recognized institution,NET (PhD) / GAT (Subject) / Interview,400000.0,30-June-2026,https://nust.edu.pk/admissions/phd/phd-admission-dates-to-remember/
NUST,Islamabad,College of Aeronautical Engineering,PhD,Mechanical Engineering,3–5 Years,MS/MPhil (18 years of education) in a relevant discipline from an HEC recognized institution,NET (PhD) / GAT (Subject) / Interview,400000.0,30-June-2026,https://nust.edu.pk/admissions/phd/phd-admission-dates-to-remember/
NUST,Islamabad,College of Aeronautical Engineering,PhD,Aerospace Engineering,3–5 Years,MS/MPhil (18 years of education) in a relevant discipline from an HEC recognized institution,NET (PhD) / GAT (Subject) / Interview,400000.0,30-June-2026,https://nust.edu.pk/admissions/phd/phd-admission-dates-to-remember/
NUST,Islamabad,College of Aeronautical Engineering,PhD,Avionics Engineering,3–5 Years,MS/MPhil (18 years of education) in a relevant discipline from an HEC recognized institution,NET (PhD) / GAT (Subject) / Interview,400000.0,30-June-2026,https://nust.edu.pk/admissions/phd/phd-admission-dates-to-remember/
NUST,Islamabad,College of Electrical & Mechanical Engineering,PhD,Electrical Engineering,3–5 Years,MS/MPhil (18 years of education) in a relevant discipline from an HEC recognized institution,NET (PhD) / GAT (Subject) / Interview,400000.0,30-June-2026,https://nust.edu.pk/admissions/phd/phd-admission-dates-to-remember/
NUST,Islamabad,College of Electrical & Mechanical Engineering,PhD,Mechanical Engineering,3–5 Years,MS/MPhil (18 years of education) in a relevant discipline from an HEC recognized institution,NET (PhD) / GAT (Subject) / Interview,400000.0,30-June-2026,https://nust.edu.pk/admissions/phd/phd-admission-dates-to-remember/
NUST,Islamabad,College of Electrical & Mechanical Engineering,PhD,Computer Engineering,3–5 Years,MS/MPhil (18 years of education) in a relevant discipline from an HEC recognized institution,NET (PhD) / GAT (Subject) / Interview,400000.0,30-June-2026,https://nust.edu.pk/admissions/phd/phd-admission-dates-to-remember/
NUST,Islamabad,College of Electrical & Mechanical Engineering,PhD,Mechatronics Engineering,3–5 Years,MS/MPhil (18 years of education) in a relevant discipline from an HEC recognized institution,NET (PhD) / GAT (Subject) / Interview,400000.0,30-June-2026,https://nust.edu.pk/admissions/phd/phd-admission-dates-to-remember/
NUST,Islamabad,College of Electrical & Mechanical Engineering,PhD,Engineering Management,3–5 Years,MS/MPhil (18 years of education) in a relevant discipline from an HEC recognized institution,NET (PhD) / GAT (Subject) / Interview,400000.0,30-June-2026,https://nust.edu.pk/admissions/phd/phd-admission-dates-to-remember/
NUST,Islamabad,College of Electrical & Mechanical Engineering,PhD,Software Engineering,3–5 Years,MS/MPhil (18 years of education) in a relevant discipline from an HEC recognized institution,NET (PhD) / GAT (Subject) / Interview,400000.0,30-June-2026,https://nust.edu.pk/admissions/phd/phd-admission-dates-to-remember/
NUST,Islamabad,College of Electrical & Mechanical Engineering,PhD,Applied Mathematics,3–5 Years,MS/MPhil (18 years of education) in a relevant discipline from an HEC recognized institution,NET (PhD) / GAT (Subject) / Interview,350000.0,30-June-2026,https://nust.edu.pk/admissions/phd/phd-admission-dates-to-remember/
NUST,Islamabad,Military College of Engineering,PhD,Construction Engineering And Management,3–5 Years,MS/MPhil (18 years of education) in a relevant discipline from an HEC recognized institution,NET (PhD) / GAT (Subject) / Interview,400000.0,30-June-2026,https://nust.edu.pk/admissions/phd/phd-admission-dates-to-remember/
NUST,Islamabad,Military College of Engineering,PhD,Structural Engineering,3–5 Years,MS/MPhil (18 years of education) in a relevant discipline from an HEC recognized institution,NET (PhD) / GAT (Subject) / Interview,400000.0,30-June-2026,https://nust.edu.pk/admissions/phd/phd-admission-dates-to-remember/
NUST,Islamabad,Military College of Engineering,PhD,Water Resources Engineering & Management,3–5 Years,MS/MPhil (18 years of education) in a relevant discipline from an HEC recognized institution,NET (PhD) / GAT (Subject) / Interview,400000.0,30-June-2026,https://nust.edu.pk/admissions/phd/phd-admission-dates-to-remember/
NUST,Islamabad,Military College of Engineering,PhD,Mathematics,3–5 Years,MS/MPhil (18 years of education) in a relevant discipline from an HEC recognized institution,NET (PhD) / GAT (Subject) / Interview,350000.0,30-June-2026,https://nust.edu.pk/admissions/phd/phd-admission-dates-to-remember/
NUST,Islamabad,Military College of Engineering,PhD,Geotechnical Engineering,3–5 Years,MS/MPhil (18 years of education) in a relevant discipline from an HEC recognized institution,NET (PhD) / GAT (Subject) / Interview,400000.0,30-June-2026,https://nust.edu.pk/admissions/phd/phd-admission-dates-to-remember/
NUST,Islamabad,Military College of Engineering,PhD,Transportation Engineering,3–5 Years,MS/MPhil (18 years of education) in a relevant discipline from an HEC recognized institution,NET (PhD) / GAT (Subject) / Interview,400000.0,30-June-2026,https://nust.edu.pk/admissions/phd/phd-admission-dates-to-remember/
NUST,Islamabad,Military College of Engineering,PhD,Mining Engineering,3–5 Years,MS/MPhil (18 years of education) in a relevant discipline from an HEC recognized institution,NET (PhD) / GAT (Subject) / Interview,400000.0,30-June-2026,https://nust.edu.pk/admissions/phd/phd-admission-dates-to-remember/
NUST,Islamabad,Military College of Signals,PhD,Electrical Engineering,3–5 Years,MS/MPhil (18 years of education) in a relevant discipline from an HEC recognized institution,NET (PhD) / GAT (Subject) / Interview,400000.0,30-June-2026,https://nust.edu.pk/admissions/phd/phd-admission-dates-to-remember/
NUST,Islamabad,Military College of Signals,PhD,Computer Science,3–5 Years,MS/MPhil (18 years of education) in a relevant discipline from an HEC recognized institution,NET (PhD) / GAT (Subject) / Interview,400000.0,30-June-2026,https://nust.edu.pk/admissions/phd/phd-admission-dates-to-remember/
NUST,Islamabad,Military College of Signals,PhD,Software Engineering,3–5 Years,MS/MPhil (18 years of education) in a relevant discipline from an HEC recognized institution,NET (PhD) / GAT (Subject) / Interview,400000.0,30-June-2026,https://nust.edu.pk/admissions/phd/phd-admission-dates-to-remember/
NUST,Islamabad,Pakistan Navy Engineering College,PhD,Electrical Engineering,3–5 Years,MS/MPhil (18 years of education) in a relevant discipline from an HEC recognized institution,NET (PhD) / GAT (Subject) / Interview,400000.0,30-June-2026,https://nust.edu.pk/admissions/phd/phd-admission-dates-to-remember/
NUST,Islamabad,Pakistan Navy Engineering College,PhD,Mechanical Engineering,3–5 Years,MS/MPhil (18 years of education) in a relevant discipline from an HEC recognized institution,NET (PhD) / GAT (Subject) / Interview,400000.0,30-June-2026,https://nust.edu.pk/admissions/phd/phd-admission-dates-to-remember/
NUST,Islamabad,Pakistan Navy Engineering College,PhD,Manufacturing Engineering & Management,3–5 Years,MS/MPhil (18 years of education) in a relevant discipline from an HEC recognized institution,NET (PhD) / GAT (Subject) / Interview,400000.0,30-June-2026,https://nust.edu.pk/admissions/phd/phd-admission-dates-to-remember/
NUST,Islamabad,National Institute of Transportation,PhD,Structural Engineering,3–5 Years,MS/MPhil (18 years of education) in a relevant discipline from an HEC recognized institution,NET (PhD) / GAT (Subject) / Interview,400000.0,30-June-2026,https://nust.edu.pk/admissions/phd/phd-admission-dates-to-remember/
NUST,Islamabad,National Institute of Transportation,PhD,Geotechnical Engineering,3–5 Years,MS/MPhil (18 years of education) in a relevant discipline from an HEC recognized institution,NET (PhD) / GAT (Subject) / Interview,400000.0,30-June-2026,https://nust.edu.pk/admissions/phd/phd-admission-dates-to-remember/
NUST,Islamabad,National Institute of Transportation,PhD,Transportation Engineering,3–5 Years,MS/MPhil (18 years of education) in a relevant discipline from an HEC recognized institution,NET (PhD) / GAT (Subject) / Interview,400000.0,30-June-2026,https://nust.edu.pk/admissions/phd/phd-admission-dates-to-remember/
NUST,Islamabad,Institute of Environmental Sciences & Engineering,PhD,Environmental Engineering,3–5 Years,MS/MPhil (18 years of education) in a relevant discipline from an HEC recognized institution,NET (PhD) / GAT (Subject) / Interview,400000.0,30-June-2026,https://nust.edu.pk/admissions/phd/phd-admission-dates-to-remember/
NUST,Islamabad,Institute of Environmental Sciences & Engineering,PhD,Environmental Sciences,3–5 Years,MS/MPhil (18 years of education) in a relevant discipline from an HEC recognized institution,NET (PhD) / GAT (Subject) / Interview,380000.0,30-June-2026,https://nust.edu.pk/admissions/phd/phd-admission-dates-to-remember/
NUST,Islamabad,Nust Institute of Civil Engineering,PhD,Urban & Regional Planning,3–5 Years,MS/MPhil (18 years of education) in a relevant discipline from an HEC recognized institution,NET (PhD) / GAT (Subject) / Interview,380000.0,30-June-2026,https://nust.edu.pk/admissions/phd/phd-admission-dates-to-remember/
NUST,Islamabad,Nust Institute of Civil Engineering,PhD,Construction Engineering And Management,3–5 Years,MS/MPhil (18 years of education) in a relevant discipline from an HEC recognized institution,NET (PhD) / GAT (Subject) / Interview,400000.0,30-June-2026,https://nust.edu.pk/admissions/phd/phd-admission-dates-to-remember/
NUST,Islamabad,Nust Institute of Civil Engineering,PhD,Structural Engineering,3–5 Years,MS/MPhil (18 years of education) in a relevant discipline from an HEC recognized institution,NET (PhD) / GAT (Subject) / Interview,400000.0,30-June-2026,https://nust.edu.pk/admissions/phd/phd-admission-dates-to-remember/
NUST,Islamabad,Nust Institute of Civil Engineering,PhD,Geotechnical Engineering,3–5 Years,MS/MPhil (18 years of education) in a relevant discipline from an HEC recognized institution,NET (PhD) / GAT (Subject) / Interview,400000.0,30-June-2026,https://nust.edu.pk/admissions/phd/phd-admission-dates-to-remember/
NUST,Islamabad,Nust Institute of Civil Engineering,PhD,Transportation Engineering,3–5 Years,MS/MPhil (18 years of education) in a relevant discipline from an HEC recognized institution,NET (PhD) / GAT (Subject) / Interview,400000.0,30-June-2026,https://nust.edu.pk/admissions/phd/phd-admission-dates-to-remember/
NUST,Islamabad,Nust Institute of Civil Engineering,PhD,Water Resources And Hydropower Engineering,3–5 Years,MS/MPhil (18 years of education) in a relevant discipline from an HEC recognized institution,NET (PhD) / GAT (Subject) / Interview,400000.0,30-June-2026,https://nust.edu.pk/admissions/phd/phd-admission-dates-to-remember/
NUST,Islamabad,Institute of Geographical Information Systems,PhD,Remote Sensing And Geographical In,3–5 Years,MS/MPhil (18 years of education) in a relevant discipline from an HEC recognized institution,NET (PhD) / GAT (Subject) / Interview,380000.0,30-June-2026,https://nust.edu.pk/admissions/phd/phd-admission-dates-to-remember/
NUST,Islamabad,Nust Business School,PhD,Business Administration,3–5 Years,MS/MPhil (18 years of education) in a relevant discipline from an HEC recognized institution,NET (PhD) / GAT (Subject) / Interview,450000.0,30-June-2026,https://nust.edu.pk/admissions/phd/phd-admission-dates-to-remember/
NUST,Islamabad,Centre for International Peace & Stability,PhD,Peace & Conflict Studies,3–5 Years,MS/MPhil (18 years of education) in a relevant discipline from an HEC recognized institution,NET (PhD) / GAT (Subject) / Interview,380000.0,30-June-2026,https://nust.edu.pk/admissions/phd/phd-admission-dates-to-remember/
NUST,Islamabad,Centre for International Peace & Stability,PhD,International Relations,3–5 Years,MS/MPhil (18 years of education) in a relevant discipline from an HEC recognized institution,NET (PhD) / GAT (Subject) / Interview,380000.0,30-June-2026,https://nust.edu.pk/admissions/phd/phd-admission-dates-to-remember/
NUST,Islamabad,Nust Institute of Peace & Conflict Studies,PhD,Peace & Conflict Studies,3–5 Years,MS/MPhil (18 years of education) in a relevant discipline from an HEC recognized institution,NET (PhD) / GAT (Subject) / Interview,380000.0,30-June-2026,https://nust.edu.pk/admissions/phd/phd-admission-dates-to-remember/
NUST,Islamabad,School of Social Sciences & Humanities,PhD,Psychology,3–5 Years,MS/MPhil (18 years of education) in a relevant discipline from an HEC recognized institution,NET (PhD) / GAT (Subject) / Interview,380000.0,30-June-2026,https://nust.edu.pk/admissions/phd/phd-admission-dates-to-remember/
NUST,Islamabad,School of Social Sciences & Humanities,PhD,Economics,3–5 Years,MS/MPhil (18 years of education) in a relevant discipline from an HEC recognized institution,NET (PhD) / GAT (Subject) / Interview,450000.0,30-June-2026,https://nust.edu.pk/admissions/phd/phd-admission-dates-to-remember/
NUST,Islamabad,School of Social Sciences & Humanities,PhD,Development Studies,3–5 Years,MS/MPhil (18 years of education) in a relevant discipline from an HEC recognized institution,NET (PhD) / GAT (Subject) / Interview,380000.0,30-June-2026,https://nust.edu.pk/admissions/phd/phd-admission-dates-to-remember/
NUST,Islamabad,Atta-Ur-Rahman School of Applied Bio Sciences,PhD,Applied Biosciences,3–5 Years,MS/MPhil (18 years of education) in a relevant discipline from an HEC recognized institution,NET (PhD) / GAT (Subject) / Interview,350000.0,30-June-2026,https://nust.edu.pk/admissions/phd/phd-admission-dates-to-remember/
NUST,Islamabad,School of Natural Sciences,PhD,Mathematics,3–5 Years,MS/MPhil (18 years of education) in a relevant discipline from an HEC recognized institution,NET (PhD) / GAT (Subject) / Interview,350000.0,30-June-2026,https://nust.edu.pk/admissions/phd/phd-admission-dates-to-remember/
NUST,Islamabad,School of Natural Sciences,PhD,Physics,3–5 Years,MS/MPhil (18 years of education) in a relevant discipline from an HEC recognized institution,NET (PhD) / GAT (Subject) / Interview,350000.0,30-June-2026,https://nust.edu.pk/admissions/phd/phd-admission-dates-to-remember/
NUST,Islamabad,School of Natural Sciences,PhD,Chemistry,3–5 Years,MS/MPhil (18 years of education) in a relevant discipline from an HEC recognized institution,NET (PhD) / GAT (Subject) / Interview,350000.0,30-June-2026,https://nust.edu.pk/admissions/phd/phd-admission-dates-to-remember/
NUST,Islamabad,School of Natural Sciences,PhD,Statistics,3–5 Years,MS/MPhil (18 years of education) in a relevant discipline from an HEC recognized institution,NET (PhD) / GAT (Subject) / Interview,380000.0,30-June-2026,https://nust.edu.pk/admissions/phd/phd-admission-dates-to-remember/
NUST,Islamabad,School of Interdisciplinary Engineering & Sciences,PhD,Computational Science And Engineering,3–5 Years,MS/MPhil (18 years of education) in a relevant discipline from an HEC recognized institution,NET (PhD) / GAT (Subject) / Interview,400000.0,30-June-2026,https://nust.edu.pk/admissions/phd/phd-admission-dates-to-remember/
NUST,Islamabad,School of Interdisciplinary Engineering & Sciences,PhD,Climate Change & Sustainable Development,3–5 Years,MS/MPhil (18 years of education) in a relevant discipline from an HEC recognized institution,NET (PhD) / GAT (Subject) / Interview,380000.0,30-June-2026,https://nust.edu.pk/admissions/phd/phd-admission-dates-to-remember/
University of the Punjab,Lahore,University of the Punjab,BS,Agricultural Sciences,4 Years,FSc / FA / ICS / A-Levels or equivalent,PU Entry Test,45000.0,15-August-2026,https://pu.edu.pk/program/index/Graduate
University of the Punjab,Lahore,University of the Punjab,BS,Agricultural Sciences,4 Years,FSc / FA / ICS / A-Levels or equivalent,PU Entry Test,45000.0,15-August-2026,https://pu.edu.pk/program/index/Graduate
University of the Punjab,Lahore,University of the Punjab,BS,Agricultural Sciences,4 Years,FSc / FA / ICS / A-Levels or equivalent,PU Entry Test,45000.0,15-August-2026,https://pu.edu.pk/program/index/Graduate
University of the Punjab,Lahore,University of the Punjab,BS,Agricultural Sciences,4 Years,FSc / FA / ICS / A-Levels or equivalent,PU Entry Test,45000.0,15-August-2026,https://pu.edu.pk/program/index/Graduate
University of the Punjab,Lahore,Faculty of Sciences,BS,Food Science & Technology,4 Years,FSc / FA / ICS / A-Levels or equivalent,PU Entry Test,85000.0,15-August-2026,https://pu.edu.pk/program/index/Graduate
University of the Punjab,Lahore,Hailey College of Commerce / Faculty of Business & Economics,BS,Business Administration,4 Years,FSc / FA / ICS / A-Levels or equivalent,PU Entry Test,45000.0,15-August-2026,https://pu.edu.pk/program/index/Graduate
University of the Punjab,Lahore,Faculty of Sciences,BS,General Sciences (Hons),4 Years,FSc / FA / ICS / A-Levels or equivalent,PU Entry Test,45000.0,15-August-2026,https://pu.edu.pk/program/index/Graduate
University of the Punjab,Lahore,Hailey College of Commerce / Faculty of Business & Economics,BS,Business Administration,4 Years,FSc / FA / ICS / A-Levels or equivalent,PU Entry Test,45000.0,15-August-2026,https://pu.edu.pk/program/index/Graduate
University of the Punjab,Lahore,Hailey College of Commerce / Faculty of Business & Economics,BS,Business Administration,4 Years,FSc / FA / ICS / A-Levels or equivalent,PU Entry Test,45000.0,15-August-2026,https://pu.edu.pk/program/index/Graduate
University of the Punjab,Lahore,Faculty of Sciences,BS,General Sciences (Hons),4 Years,FSc / FA / ICS / A-Levels or equivalent,PU Entry Test,45000.0,15-August-2026,https://pu.edu.pk/program/index/Graduate
University of the Punjab,Lahore,Faculty of Sciences,BS,General Studies,4 Years,FSc / FA / ICS / A-Levels or equivalent,PU Entry Test,45000.0,15-August-2026,https://pu.edu.pk/program/index/Graduate
University of the Punjab,Lahore,Faculty of Computing & Information Technology,BS,Admission Related FAQs Regulations Merit of Last Year,4 Years,FSc / FA / ICS / A-Levels or equivalent,PU Entry Test,45000.0,15-August-2026,https://pu.edu.pk/program/index/Graduate
University of the Punjab,Lahore,University of the Punjab,BS,Archaeology,4 Years,FSc / FA / ICS / A-Levels or equivalent,PU Entry Test,45000.0,15-August-2026,https://pu.edu.pk/program/index/Graduate
University of the Punjab,Lahore,Faculty of Sciences,BS,Biochemistry,4 Years,FSc / FA / ICS / A-Levels or equivalent,PU Entry Test,45000.0,15-August-2026,https://pu.edu.pk/program/index/Graduate
University of the Punjab,Lahore,Faculty of Sciences,BS,Biotechnology,4 Years,FSc / FA / ICS / A-Levels or equivalent,PU Entry Test,45000.0,15-August-2026,https://pu.edu.pk/program/index/Graduate
University of the Punjab,Lahore,Faculty of Sciences,BS,Botany,4 Years,FSc / FA / ICS / A-Levels or equivalent,PU Entry Test,45000.0,15-August-2026,https://pu.edu.pk/program/index/Graduate
University of the Punjab,Lahore,Faculty of Sciences,BS,Botany after AD,4 Years,FSc / FA / ICS / A-Levels or equivalent,PU Entry Test,45000.0,15-August-2026,https://pu.edu.pk/program/index/Graduate
University of the Punjab,Lahore,Hailey College of Commerce / Faculty of Business & Economics,BS,Business Economics,4 Years,FSc / FA / ICS / A-Levels or equivalent,PU Entry Test,45000.0,15-August-2026,https://pu.edu.pk/program/index/Graduate
University of the Punjab,Lahore,Hailey College of Commerce / Faculty of Business & Economics,BS,Business Education,4 Years,FSc / FA / ICS / A-Levels or equivalent,PU Entry Test,45000.0,15-August-2026,https://pu.edu.pk/program/index/Graduate
University of the Punjab,Lahore,Faculty of Sciences,BS,Chemistry,4 Years,FSc / FA / ICS / A-Levels or equivalent,PU Entry Test,45000.0,15-August-2026,https://pu.edu.pk/program/index/Graduate
University of the Punjab,Lahore,Hailey College of Commerce / Faculty of Business & Economics,BS,Commerce,4 Years,FSc / FA / ICS / A-Levels or equivalent,PU Entry Test,45000.0,15-August-2026,https://pu.edu.pk/program/index/Graduate
University of the Punjab,Lahore,Hailey College of Commerce / Faculty of Business & Economics,BS,Commerce,4 Years,FSc / FA / ICS / A-Levels or equivalent,PU Entry Test,85000.0,15-August-2026,https://pu.edu.pk/program/index/Graduate
University of the Punjab,Lahore,Hailey College of Commerce / Faculty of Business & Economics,BS,Commerce,4 Years,FSc / FA / ICS / A-Levels or equivalent,PU Entry Test,85000.0,15-August-2026,https://pu.edu.pk/program/index/Graduate
University of the Punjab,Lahore,Faculty of Sciences,BS,Computational Physics,4 Years,FSc / FA / ICS / A-Levels or equivalent,PU Entry Test,85000.0,15-August-2026,https://pu.edu.pk/program/index/Graduate
University of the Punjab,Lahore,Faculty of Computing & Information Technology,BS,Computer Science,4 Years,FSc / FA / ICS / A-Levels or equivalent,PU Entry Test,45000.0,15-August-2026,https://pu.edu.pk/program/index/Graduate
University of the Punjab,Lahore,Faculty of Computing & Information Technology,BS,Computer Science,4 Years,FSc / FA / ICS / A-Levels or equivalent,PU Entry Test,85000.0,15-August-2026,https://pu.edu.pk/program/index/Graduate
University of the Punjab,Lahore,University of the Punjab,BS,Electronics,4 Years,FSc / FA / ICS / A-Levels or equivalent,PU Entry Test,45000.0,15-August-2026,https://pu.edu.pk/program/index/Graduate
University of the Punjab,Lahore,Faculty of Computing & Information Technology,BS,English Literature,4 Years,FSc / FA / ICS / A-Levels or equivalent,PU Entry Test,85000.0,15-August-2026,https://pu.edu.pk/program/index/Graduate
University of the Punjab,Lahore,Faculty of Arts & Humanities,BS,English ( ),4 Years,FSc / FA / ICS / A-Levels or equivalent,PU Entry Test,85000.0,15-August-2026,https://pu.edu.pk/program/index/Graduate
University of the Punjab,Lahore,Faculty of Engineering & Technology,BS,Environmental Sciences,4 Years,FSc / FA / ICS / A-Levels or equivalent,PU Entry Test,45000.0,15-August-2026,https://pu.edu.pk/program/index/Graduate
University of the Punjab,Lahore,Faculty of Arts & Humanities,BS,French,4 Years,FSc / FA / ICS / A-Levels or equivalent,PU Entry Test,45000.0,15-August-2026,https://pu.edu.pk/program/index/Graduate
University of the Punjab,Lahore,Faculty of Computing & Information Technology,BS,Geographic Information Systems,4 Years,FSc / FA / ICS / A-Levels or equivalent,PU Entry Test,45000.0,15-August-2026,https://pu.edu.pk/program/index/Graduate
University of the Punjab,Lahore,Faculty of Sciences,BS,Geography,4 Years,FSc / FA / ICS / A-Levels or equivalent,PU Entry Test,45000.0,15-August-2026,https://pu.edu.pk/program/index/Graduate
University of the Punjab,Lahore,Faculty of Sciences,BS,General Sciences (Hons),4 Years,FSc / FA / ICS / A-Levels or equivalent,PU Entry Test,45000.0,15-August-2026,https://pu.edu.pk/program/index/Graduate
University of the Punjab,Lahore,Hailey College of Commerce / Faculty of Business & Economics,BS,Hydrology and Water Resources Management,4 Years,FSc / FA / ICS / A-Levels or equivalent,PU Entry Test,45000.0,15-August-2026,https://pu.edu.pk/program/index/Graduate
University of the Punjab,Lahore,Faculty of Computing & Information Technology,BS,Information Management,4 Years,FSc / FA / ICS / A-Levels or equivalent,PU Entry Test,45000.0,15-August-2026,https://pu.edu.pk/program/index/Graduate
University of the Punjab,Lahore,Faculty of Computing & Information Technology,BS,Information Technology,4 Years,FSc / FA / ICS / A-Levels or equivalent,PU Entry Test,85000.0,15-August-2026,https://pu.edu.pk/program/index/Graduate
University of the Punjab,Lahore,Faculty of Arts & Humanities,BS,International Relations,4 Years,FSc / FA / ICS / A-Levels or equivalent,PU Entry Test,45000.0,15-August-2026,https://pu.edu.pk/program/index/Graduate
University of the Punjab,Lahore,Faculty of Arts & Humanities,BS,Islamic Studies,4 Years,FSc / FA / ICS / A-Levels or equivalent,PU Entry Test,45000.0,15-August-2026,https://pu.edu.pk/program/index/Graduate
University of the Punjab,Lahore,Faculty of Arts & Humanities,BS,Islamic Studies,4 Years,FSc / FA / ICS / A-Levels or equivalent,PU Entry Test,45000.0,15-August-2026,https://pu.edu.pk/program/index/Graduate
University of the Punjab,Lahore,School of Communication Studies,BS,Journalism Studies ( ),4 Years,FSc / FA / ICS / A-Levels or equivalent,PU Entry Test,85000.0,15-August-2026,https://pu.edu.pk/program/index/Graduate
University of the Punjab,Lahore,Faculty of Sciences,BS,Mathematics,4 Years,FSc / FA / ICS / A-Levels or equivalent,PU Entry Test,45000.0,15-August-2026,https://pu.edu.pk/program/index/Graduate
University of the Punjab,Lahore,Hailey College of Commerce / Faculty of Business & Economics,BS,Management,4 Years,FSc / FA / ICS / A-Levels or equivalent,PU Entry Test,45000.0,15-August-2026,https://pu.edu.pk/program/index/Graduate
University of the Punjab,Lahore,Hailey College of Commerce / Faculty of Business & Economics,BS,Management ( ),4 Years,FSc / FA / ICS / A-Levels or equivalent,PU Entry Test,45000.0,15-August-2026,https://pu.edu.pk/program/index/Graduate
University of the Punjab,Lahore,Faculty of Sciences,BS,Mathematics,4 Years,FSc / FA / ICS / A-Levels or equivalent,PU Entry Test,45000.0,15-August-2026,https://pu.edu.pk/program/index/Graduate
University of the Punjab,Lahore,Faculty of Sciences,BS,Mathematics (After,4 Years,FSc / FA / ICS / A-Levels or equivalent,PU Entry Test,85000.0,15-August-2026,https://pu.edu.pk/program/index/Graduate
University of the Punjab,Lahore,Faculty of Sciences,BS,Mathematics,4 Years,FSc / FA / ICS / A-Levels or equivalent,PU Entry Test,85000.0,15-August-2026,https://pu.edu.pk/program/index/Graduate
University of the Punjab,Lahore,School of Communication Studies,BS,Media & Development Communication,4 Years,FSc / FA / ICS / A-Levels or equivalent,PU Entry Test,45000.0,15-August-2026,https://pu.edu.pk/program/index/Graduate
University of the Punjab,Lahore,School of Communication Studies,BS,Media and Development Communication,4 Years,FSc / FA / ICS / A-Levels or equivalent,PU Entry Test,45000.0,15-August-2026,https://pu.edu.pk/program/index/Graduate
University of the Punjab,Lahore,Faculty of Sciences,BS,Microbiology and Molecular Genetics,4 Years,FSc / FA / ICS / A-Levels or equivalent,PU Entry Test,45000.0,15-August-2026,https://pu.edu.pk/program/index/Graduate
University of the Punjab,Lahore,Faculty of Arts & Humanities,BS,Persian,4 Years,FSc / FA / ICS / A-Levels or equivalent,PU Entry Test,45000.0,15-August-2026,https://pu.edu.pk/program/index/Graduate
University of the Punjab,Lahore,Faculty of Arts & Humanities,BS,Philosophy,4 Years,FSc / FA / ICS / A-Levels or equivalent,PU Entry Test,45000.0,15-August-2026,https://pu.edu.pk/program/index/Graduate
University of the Punjab,Lahore,Institute of Education & Research,BS,Physical Education,4 Years,FSc / FA / ICS / A-Levels or equivalent,PU Entry Test,45000.0,15-August-2026,https://pu.edu.pk/program/index/Graduate
University of the Punjab,Lahore,Faculty of Sciences,BS,Physics,4 Years,FSc / FA / ICS / A-Levels or equivalent,PU Entry Test,45000.0,17-December-2025,https://pu.edu.pk/program/index/Graduate
University of the Punjab,Lahore,Faculty of Arts & Humanities,BS,Punjabi,4 Years,FSc / FA / ICS / A-Levels or equivalent,PU Entry Test,45000.0,15-August-2026,https://pu.edu.pk/program/index/Graduate
University of the Punjab,Lahore,Faculty of Behavioral & Social Sciences,BS,Social Entrepreneurship,4 Years,FSc / FA / ICS / A-Levels or equivalent,PU Entry Test,45000.0,15-August-2026,https://pu.edu.pk/program/index/Graduate
University of the Punjab,Lahore,Faculty of Behavioral & Social Sciences,BS,Social Entrepreneurship,4 Years,FSc / FA / ICS / A-Levels or equivalent,PU Entry Test,85000.0,15-August-2026,https://pu.edu.pk/program/index/Graduate
University of the Punjab,Lahore,Faculty of Behavioral & Social Sciences,BS,Social Work,4 Years,FSc / FA / ICS / A-Levels or equivalent,PU Entry Test,85000.0,15-August-2026,https://pu.edu.pk/program/index/Graduate
University of the Punjab,Lahore,Faculty of Sciences,BS,Space Science,4 Years,FSc / FA / ICS / A-Levels or equivalent,PU Entry Test,45000.0,15-August-2026,https://pu.edu.pk/program/index/Graduate
University of the Punjab,Lahore,Institute of Education & Research,BS,Technology Education,4 Years,FSc / FA / ICS / A-Levels or equivalent,PU Entry Test,45000.0,15-August-2026,https://pu.edu.pk/program/index/Graduate
University of the Punjab,Lahore,Faculty of Computing & Information Technology,BS,Tourism and Hospitality Management,4 Years,FSc / FA / ICS / A-Levels or equivalent,PU Entry Test,45000.0,15-August-2026,https://pu.edu.pk/program/index/Graduate
University of the Punjab,Lahore,University Law College,BS,Laws (LLB),4 Years,FSc / FA / ICS / A-Levels or equivalent,PU Entry Test,45000.0,15-August-2026,https://pu.edu.pk/program/index/Graduate
University of the Punjab,Lahore,Faculty of Sciences,MS,General Studies,2 Years,Relevant BS (16 years education),GAT (General) or Departmental Test,60000.0,15-August-2026,https://pu.edu.pk/program/index/masters
University of the Punjab,Lahore,Faculty of Computing & Information Technology,MS,Admission Related FAQs Regulations Merit of Last Year,2 Years,Relevant BS (16 years education),GAT (General) or Departmental Test,60000.0,15-August-2026,https://pu.edu.pk/program/index/masters
University of the Punjab,Lahore,Hailey College of Commerce / Faculty of Business & Economics,MS,Business Education,2 Years,Relevant BS (16 years education),GAT (General) or Departmental Test,60000.0,15-August-2026,https://pu.edu.pk/program/index/masters
University of the Punjab,Lahore,Faculty of Sciences,MS,Computational Physics,2 Years,Relevant BS (16 years education),GAT (General) or Departmental Test,60000.0,15-August-2026,https://pu.edu.pk/program/index/masters
University of the Punjab,Lahore,Faculty of Computing & Information Technology,MS,Criminology & Security Studies,2 Years,Relevant BS (16 years education),GAT (General) or Departmental Test,60000.0,15-August-2026,https://pu.edu.pk/program/index/masters
University of the Punjab,Lahore,Faculty of Arts & Humanities,MS,History,2 Years,Relevant BS (16 years education),GAT (General) or Departmental Test,60000.0,15-August-2026,https://pu.edu.pk/program/index/masters
University of the Punjab,Lahore,Institute of Education & Research,MS,Hons Elementary Education,2 Years,Relevant BS (16 years education),GAT (General) or Departmental Test,60000.0,15-August-2026,https://pu.edu.pk/program/index/masters
University of the Punjab,Lahore,Hailey College of Commerce / Faculty of Business & Economics,MS,Hydrology and Water Resources Management,2 Years,Relevant BS (16 years education),GAT (General) or Departmental Test,60000.0,15-August-2026,https://pu.edu.pk/program/index/masters
University of the Punjab,Lahore,Faculty of Computing & Information Technology,MS,Information Technology,2 Years,Relevant BS (16 years education),GAT (General) or Departmental Test,85000.0,15-August-2026,https://pu.edu.pk/program/index/masters
University of the Punjab,Lahore,Faculty of Arts & Humanities,MS,Islamic Studies,2 Years,Relevant BS (16 years education),GAT (General) or Departmental Test,60000.0,15-August-2026,https://pu.edu.pk/program/index/masters
University of the Punjab,Lahore,School of Communication Studies,MS,Journalism Studies,2 Years,Relevant BS (16 years education),GAT (General) or Departmental Test,60000.0,15-August-2026,https://pu.edu.pk/program/index/masters
University of the Punjab,Lahore,Faculty of Sciences,MS,Microbiology and Molecular Genetics,2 Years,Relevant BS (16 years education),GAT (General) or Departmental Test,60000.0,15-August-2026,https://pu.edu.pk/program/index/masters
University of the Punjab,Lahore,Faculty of Arts & Humanities,MS,Pakistan Studies,2 Years,Relevant BS (16 years education),GAT (General) or Departmental Test,60000.0,15-August-2026,https://pu.edu.pk/program/index/masters
University of the Punjab,Lahore,Faculty of Arts & Humanities,MS,Persian,2 Years,Relevant BS (16 years education),GAT (General) or Departmental Test,60000.0,15-August-2026,https://pu.edu.pk/program/index/masters
University of the Punjab,Lahore,Institute of Education & Research,MS,Physical Education,2 Years,Relevant BS (16 years education),GAT (General) or Departmental Test,60000.0,15-August-2026,https://pu.edu.pk/program/index/masters
University of the Punjab,Lahore,Faculty of Sciences,MS,Physics,2 Years,Relevant BS (16 years education),GAT (General) or Departmental Test,60000.0,17-December-2025,https://pu.edu.pk/program/index/masters
University of the Punjab,Lahore,Faculty of Computing & Information Technology,MS,Quality & Performance Management,2 Years,Relevant BS (16 years education),GAT (General) or Departmental Test,60000.0,15-August-2026,https://pu.edu.pk/program/index/masters
University of the Punjab,Lahore,Faculty of Arts & Humanities,MS,Sociology,2 Years,Relevant BS (16 years education),GAT (General) or Departmental Test,60000.0,31-August-2025,https://pu.edu.pk/program/index/masters
University of the Punjab,Lahore,Faculty of Sciences,MS,Statistics,2 Years,Relevant BS (16 years education),GAT (General) or Departmental Test,60000.0,15-August-2026,https://pu.edu.pk/program/index/masters
University of the Punjab,Lahore,Institute of Education & Research,MS,Technology Education,2 Years,Relevant BS (16 years education),GAT (General) or Departmental Test,60000.0,15-August-2026,https://pu.edu.pk/program/index/masters
University of the Punjab,Lahore,Faculty of Computing & Information Technology,MS,Tourism and Hospitality Management,2 Years,Relevant BS (16 years education),GAT (General) or Departmental Test,60000.0,15-August-2026,https://pu.edu.pk/program/index/masters
University of the Punjab,Lahore,Faculty of Computing & Information Technology,MS,Urdu Language & Literature,2 Years,Relevant BS (16 years education),GAT (General) or Departmental Test,60000.0,15-August-2026,https://pu.edu.pk/program/index/masters
University of the Punjab,Lahore,Faculty of Sciences,MS,Zoology,2 Years,Relevant BS (16 years education),GAT (General) or Departmental Test,60000.0,30-September-2025,https://pu.edu.pk/program/index/masters
University of the Punjab,Lahore,University of the Punjab,MS,Engineering,2 Years,Relevant BS (16 years education),GAT (General) or Departmental Test,60000.0,15-August-2026,https://pu.edu.pk/program/index/masters
University of the Punjab,Lahore,Faculty of Sciences,MS,General Sciences (Hons),2 Years,Relevant BS (16 years education),GAT (General) or Departmental Test,60000.0,15-August-2026,https://pu.edu.pk/program/index/masters
University of the Punjab,Lahore,Faculty of Sciences,MS,Agriculture (Soil Science,2 Years,Relevant BS (16 years education),GAT (General) or Departmental Test,60000.0,15-August-2026,https://pu.edu.pk/program/index/masters
University of the Punjab,Lahore,University of the Punjab,MS,Applied Hydrology,2 Years,Relevant BS (16 years education),GAT (General) or Departmental Test,60000.0,15-August-2026,https://pu.edu.pk/program/index/masters
University of the Punjab,Lahore,University of the Punjab,MS,Coal Technology,2 Years,Relevant BS (16 years education),GAT (General) or Departmental Test,60000.0,15-August-2026,https://pu.edu.pk/program/index/masters
University of the Punjab,Lahore,Faculty of Sciences,MS,Geography,2 Years,Relevant BS (16 years education),GAT (General) or Departmental Test,60000.0,15-August-2026,https://pu.edu.pk/program/index/masters
University of the Punjab,Lahore,Faculty of Computing & Information Technology,MS,IT ( ),2 Years,Relevant BS (16 years education),GAT (General) or Departmental Test,60000.0,15-August-2026,https://pu.edu.pk/program/index/masters
University of the Punjab,Lahore,Faculty of Sciences,MS,Microbiology & Molecular Genetics,2 Years,Relevant BS (16 years education),GAT (General) or Departmental Test,60000.0,15-August-2026,https://pu.edu.pk/program/index/masters
University of the Punjab,Lahore,University of the Punjab,MS,Seismology,2 Years,Relevant BS (16 years education),GAT (General) or Departmental Test,85000.0,15-August-2026,https://pu.edu.pk/program/index/masters
University of the Punjab,Lahore,Faculty of Sciences,MS,Space Science,2 Years,Relevant BS (16 years education),GAT (General) or Departmental Test,60000.0,15-August-2026,https://pu.edu.pk/program/index/masters
University of the Punjab,Lahore,Faculty of Engineering & Technology,MS,Environmental Sciences,2 Years,Relevant BS (16 years education),GAT (General) or Departmental Test,60000.0,15-August-2026,https://pu.edu.pk/program/index/masters
University of the Punjab,Lahore,University of the Punjab,MS,Health Administration,2 Years,Relevant BS (16 years education),GAT (General) or Departmental Test,60000.0,15-August-2026,https://pu.edu.pk/program/index/masters
University of the Punjab,Lahore,Hailey College of Commerce / Faculty of Business & Economics,MS,Human Resource Management,2 Years,Relevant BS (16 years education),GAT (General) or Departmental Test,60000.0,15-August-2026,https://pu.edu.pk/program/index/masters
University of the Punjab,Lahore,Faculty of Engineering & Technology,MS,Industrial Engineering & Management,2 Years,Relevant BS (16 years education),GAT (General) or Departmental Test,85000.0,15-August-2026,https://pu.edu.pk/program/index/masters
University of the Punjab,Lahore,Faculty of Behavioral & Social Sciences,MS,One Year in Clinical Psychology,2 Years,Relevant BS (16 years education),GAT (General) or Departmental Test,85000.0,15-August-2026,https://pu.edu.pk/program/index/masters
University of the Punjab,Lahore,Faculty of Computing & Information Technology,MS,Total Quality Management,2 Years,Relevant BS (16 years education),GAT (General) or Departmental Test,85000.0,15-August-2026,https://pu.edu.pk/program/index/masters
University of the Punjab,Lahore,Faculty of Computing & Information Technology,PhD,Admission Related FAQs Regulations Merit of Last Year,3–5 Years,Relevant MS / MPhil,GAT (Subject) + Interview,75000.0,15-August-2026,https://pu.edu.pk/program/index/Ph.%20D
University of the Punjab,Lahore,Faculty of Computing & Information Technology,PhD,Computer Science,3–5 Years,Relevant MS / MPhil,GAT (Subject) + Interview,75000.0,15-August-2026,https://pu.edu.pk/program/index/Ph.%20D
University of the Punjab,Lahore,Faculty of Sciences,PhD,Molecular Biology & Forensic Sciences,3–5 Years,Relevant MS / MPhil,GAT (Subject) + Interview,75000.0,15-August-2026,https://pu.edu.pk/program/index/Ph.%20D
University of the Punjab,Lahore,Faculty of Sciences,PhD,Applied Geology,3–5 Years,Relevant MS / MPhil,GAT (Subject) + Interview,75000.0,15-August-2026,https://pu.edu.pk/program/index/Ph.%20D
University of the Punjab,Lahore,University of the Punjab,PhD,Applied Hydrology Ph,3–5 Years,Relevant MS / MPhil,GAT (Subject) + Interview,75000.0,15-August-2026,https://pu.edu.pk/program/index/Ph.%20D
University of the Punjab,Lahore,Faculty of Behavioral & Social Sciences,PhD,Applied Psychology,3–5 Years,Relevant MS / MPhil,GAT (Subject) + Interview,75000.0,15-August-2026,https://pu.edu.pk/program/index/Ph.%20D
University of the Punjab,Lahore,Faculty of Arts & Humanities,PhD,Arabic,3–5 Years,Relevant MS / MPhil,GAT (Subject) + Interview,75000.0,15-August-2026,https://pu.edu.pk/program/index/Ph.%20D
University of the Punjab,Lahore,Faculty of Sciences,PhD,Biotechnology,3–5 Years,Relevant MS / MPhil,GAT (Subject) + Interview,75000.0,15-August-2026,https://pu.edu.pk/program/index/Ph.%20D
University of the Punjab,Lahore,Faculty of Sciences,PhD,Botany,3–5 Years,Relevant MS / MPhil,GAT (Subject) + Interview,75000.0,15-August-2026,https://pu.edu.pk/program/index/Ph.%20D
University of the Punjab,Lahore,Faculty of Engineering & Technology,PhD,Chemical Engineering,3–5 Years,Relevant MS / MPhil,GAT (Subject) + Interview,75000.0,15-August-2026,https://pu.edu.pk/program/index/Ph.%20D
University of the Punjab,Lahore,Faculty of Behavioral & Social Sciences,PhD,Gender Studies,3–5 Years,Relevant MS / MPhil,GAT (Subject) + Interview,75000.0,15-August-2026,https://pu.edu.pk/program/index/Ph.%20D
University of the Punjab,Lahore,University of the Punjab,PhD,Geomatics,3–5 Years,Relevant MS / MPhil,GAT (Subject) + Interview,75000.0,15-August-2026,https://pu.edu.pk/program/index/Ph.%20D
University of the Punjab,Lahore,Faculty of Arts & Humanities,PhD,Islamic Studies Sheikh Zayed Islamic Centre,3–5 Years,Relevant MS / MPhil,GAT (Subject) + Interview,75000.0,15-August-2026,https://pu.edu.pk/program/index/Ph.%20D
University of the Punjab,Lahore,University of the Punjab,PhD,Kashmiryat,3–5 Years,Relevant MS / MPhil,GAT (Subject) + Interview,75000.0,15-August-2026,https://pu.edu.pk/program/index/Ph.%20D
University of the Punjab,Lahore,Faculty of Sciences,PhD,Mathematics Fall,3–5 Years,Relevant MS / MPhil,GAT (Subject) + Interview,75000.0,15-August-2026,https://pu.edu.pk/program/index/Ph.%20D
University of the Punjab,Lahore,School of Communication Studies,PhD,Media & Development Communication,3–5 Years,Relevant MS / MPhil,GAT (Subject) + Interview,75000.0,15-August-2026,https://pu.edu.pk/program/index/Ph.%20D
University of the Punjab,Lahore,Faculty of Engineering & Technology,PhD,Metallurgy and Materials Engineering,3–5 Years,Relevant MS / MPhil,GAT (Subject) + Interview,75000.0,15-August-2026,https://pu.edu.pk/program/index/Ph.%20D
University of the Punjab,Lahore,Faculty of Sciences,PhD,Molecular Biology,3–5 Years,Relevant MS / MPhil,GAT (Subject) + Interview,75000.0,15-August-2026,https://pu.edu.pk/program/index/Ph.%20D
University of the Punjab,Lahore,Faculty of Arts & Humanities,PhD,Persian,3–5 Years,Relevant MS / MPhil,GAT (Subject) + Interview,75000.0,15-August-2026,https://pu.edu.pk/program/index/Ph.%20D
University of the Punjab,Lahore,Faculty of Computing & Information Technology,PhD,Political Science Ph,3–5 Years,Relevant MS / MPhil,GAT (Subject) + Interview,75000.0,15-August-2026,https://pu.edu.pk/program/index/Ph.%20D
University of the Punjab,Lahore,Faculty of Arts & Humanities,PhD,Urdu,3–5 Years,Relevant MS / MPhil,GAT (Subject) + Interview,75000.0,15-August-2026,https://pu.edu.pk/program/index/Ph.%20D
University of the Punjab,Lahore,Faculty of Sciences,PhD,Zoology Old Scheme National,3–5 Years,Relevant MS / MPhil,GAT (Subject) + Interview,75000.0,15-August-2026,https://pu.edu.pk/program/index/Ph.%20D
University of the Punjab,Lahore,Hailey College of Commerce / Faculty of Business & Economics,PhD,Business Administration,3–5 Years,Relevant MS / MPhil,GAT (Subject) + Interview,75000.0,15-August-2026,https://pu.edu.pk/program/index/Ph.%20D
University of the Punjab,Lahore,Faculty of Behavioral & Social Sciences,PhD,Clinical Psychology,3–5 Years,Relevant MS / MPhil,GAT (Subject) + Interview,75000.0,15-August-2026,https://pu.edu.pk/program/index/Ph.%20D
University of the Punjab,Lahore,Faculty of Arts & Humanities,PhD,History,3–5 Years,Relevant MS / MPhil,GAT (Subject) + Interview,75000.0,15-August-2026,https://pu.edu.pk/program/index/Ph.%20D
University of the Punjab,Lahore,Faculty of Computing & Information Technology,PhD,Information Management,3–5 Years,Relevant MS / MPhil,GAT (Subject) + Interview,75000.0,15-August-2026,https://pu.edu.pk/program/index/Ph.%20D
University of the Punjab,Lahore,Faculty of Behavioral & Social Sciences,PhD,Social Work,3–5 Years,Relevant MS / MPhil,GAT (Subject) + Interview,75000.0,15-August-2026,https://pu.edu.pk/program/index/Ph.%20D
University of the Punjab,Lahore,Faculty of Sciences,PhD,Statistics,3–5 Years,Relevant MS / MPhil,GAT (Subject) + Interview,75000.0,15-August-2026,https://pu.edu.pk/program/index/Ph.%20D
University of the Punjab,Lahore,Faculty of Sciences,PhD,General Sciences,3–5 Years,Relevant MS / MPhil,GAT (Subject) + Interview,75000.0,15-August-2026,https://pu.edu.pk/program/index/Ph.%20D
University of the Punjab,Lahore,Faculty of Sciences,PhD,General Sciences,3–5 Years,Relevant MS / MPhil,GAT (Subject) + Interview,75000.0,15-August-2026,https://pu.edu.pk/program/index/Ph.%20D
University of the Punjab,Lahore,Hailey College of Commerce / Faculty of Business & Economics,PhD,Business Management,3–5 Years,Relevant MS / MPhil,GAT (Subject) + Interview,75000.0,15-August-2026,https://pu.edu.pk/program/index/Ph.%20D
University of the Punjab,Lahore,Faculty of Sciences,PhD,General Sciences,3–5 Years,Relevant MS / MPhil,GAT (Subject) + Interview,75000.0,15-August-2026,https://pu.edu.pk/program/index/Ph.%20D
University of the Punjab,Lahore,Faculty of Sciences,PhD,General Sciences,3–5 Years,Relevant MS / MPhil,GAT (Subject) + Interview,75000.0,15-August-2026,https://pu.edu.pk/program/index/Ph.%20D
University of the Punjab,Lahore,Faculty of Engineering & Technology,PhD,High Energy Physics,3–5 Years,Relevant MS / MPhil,GAT (Subject) + Interview,75000.0,15-August-2026,https://pu.edu.pk/program/index/Ph.%20D
University of the Punjab,Lahore,Faculty of Sciences,PhD,Biochemistry Ph,3–5 Years,Relevant MS / MPhil,GAT (Subject) + Interview,75000.0,15-August-2026,https://pu.edu.pk/program/index/Ph.%20D
University of the Punjab,Lahore,University of the Punjab,PhD,Biological Sciences,3–5 Years,Relevant MS / MPhil,GAT (Subject) + Interview,75000.0,15-August-2026,https://pu.edu.pk/program/index/Ph.%20D
University of the Punjab,Lahore,Faculty of Sciences,PhD,Chemistry Allama-Iqbal Campus,3–5 Years,Relevant MS / MPhil,GAT (Subject) + Interview,75000.0,15-August-2026,https://pu.edu.pk/program/index/Ph.%20D
University of the Punjab,Lahore,Faculty of Engineering & Technology,PhD,Energy & Environmental Engineering,3–5 Years,Relevant MS / MPhil,GAT (Subject) + Interview,75000.0,15-August-2026,https://pu.edu.pk/program/index/Ph.%20D
University of the Punjab,Lahore,Faculty of Engineering & Technology,PhD,Environmental Sciences Ph,3–5 Years,Relevant MS / MPhil,GAT (Subject) + Interview,75000.0,15-August-2026,https://pu.edu.pk/program/index/Ph.%20D
University of the Punjab,Lahore,Faculty of Sciences,PhD,Geography,3–5 Years,Relevant MS / MPhil,GAT (Subject) + Interview,75000.0,15-August-2026,https://pu.edu.pk/program/index/Ph.%20D
University of the Punjab,Lahore,Faculty of Engineering & Technology,PhD,Industrial Engineering & Management,3–5 Years,Relevant MS / MPhil,GAT (Subject) + Interview,75000.0,15-August-2026,https://pu.edu.pk/program/index/Ph.%20D
University of the Punjab,Lahore,Faculty of Arts & Humanities,PhD,International Relations,3–5 Years,Relevant MS / MPhil,GAT (Subject) + Interview,85000.0,15-August-2026,https://pu.edu.pk/program/index/Ph.%20D
University of the Punjab,Lahore,Faculty of Arts & Humanities,PhD,International Relations,3–5 Years,Relevant MS / MPhil,GAT (Subject) + Interview,75000.0,15-August-2026,https://pu.edu.pk/program/index/Ph.%20D
University of the Punjab,Lahore,School of Communication Studies,PhD,Media & Communication Studies,3–5 Years,Relevant MS / MPhil,GAT (Subject) + Interview,75000.0,15-August-2026,https://pu.edu.pk/program/index/Ph.%20D
University of the Punjab,Lahore,Faculty of Sciences,PhD,Microbiology & Molecular Genetics,3–5 Years,Relevant MS / MPhil,GAT (Subject) + Interview,75000.0,15-August-2026,https://pu.edu.pk/program/index/Ph.%20D
University of the Punjab,Lahore,Faculty of Arts & Humanities,PhD,Pakistan Studies,3–5 Years,Relevant MS / MPhil,GAT (Subject) + Interview,75000.0,15-August-2026,https://pu.edu.pk/program/index/Ph.%20D
University of the Punjab,Lahore,Punjab University College of Pharmacy,PhD,Pharmacy in Pharmaceutical Chemistry Ph,3–5 Years,Relevant MS / MPhil,GAT (Subject) + Interview,75000.0,15-August-2026,https://pu.edu.pk/program/index/Ph.%20D
University of the Punjab,Lahore,Punjab University College of Pharmacy,PhD,Pharmaceutical Sciences,3–5 Years,Relevant MS / MPhil,GAT (Subject) + Interview,75000.0,15-August-2026,https://pu.edu.pk/program/index/Ph.%20D
University of the Punjab,Lahore,Punjab University College of Pharmacy,PhD,Pharmacy in Pharmacognosy Gujranwala Campus,3–5 Years,Relevant MS / MPhil,GAT (Subject) + Interview,75000.0,15-August-2026,https://pu.edu.pk/program/index/Ph.%20D
University of the Punjab,Lahore,Punjab University College of Pharmacy,PhD,Pharmacy in Pharmacology Ph,3–5 Years,Relevant MS / MPhil,GAT (Subject) + Interview,75000.0,15-August-2026,https://pu.edu.pk/program/index/Ph.%20D
University of the Punjab,Lahore,Faculty of Computing & Information Technology,PhD,Political Science,3–5 Years,Relevant MS / MPhil,GAT (Subject) + Interview,85000.0,15-August-2026,https://pu.edu.pk/program/index/Ph.%20D
University of the Punjab,Lahore,Faculty of Engineering & Technology,PhD,Polymer Technology (Regular Programme),3–5 Years,Relevant MS / MPhil,GAT (Subject) + Interview,75000.0,15-August-2026,https://pu.edu.pk/program/index/Ph.%20D
University of the Punjab,Lahore,University of the Punjab,PhD,Public Health,3–5 Years,Relevant MS / MPhil,GAT (Subject) + Interview,85000.0,15-August-2026,https://pu.edu.pk/program/index/Ph.%20D
University of the Punjab,Lahore,Faculty of Arts & Humanities,PhD,Punjabi,3–5 Years,Relevant MS / MPhil,GAT (Subject) + Interview,75000.0,15-August-2026,https://pu.edu.pk/program/index/Ph.%20D
University of the Punjab,Lahore,Faculty of Arts & Humanities,PhD,Sociology,3–5 Years,Relevant MS / MPhil,GAT (Subject) + Interview,75000.0,15-August-2026,https://pu.edu.pk/program/index/Ph.%20D
University of the Punjab,Lahore,Faculty of Sciences,PhD,Solid State Physics,3–5 Years,Relevant MS / MPhil,GAT (Subject) + Interview,75000.0,15-August-2026,https://pu.edu.pk/program/index/Ph.%20D
University of the Punjab,Lahore,Institute of Education & Research,PhD,Sports Sciences & Physical Education,3–5 Years,Relevant MS / MPhil,GAT (Subject) + Interview,75000.0,15-August-2026,https://pu.edu.pk/program/index/Ph.%20D
University of the Punjab,Lahore,Faculty of Computing & Information Technology,PhD,Total Quality Management,3–5 Years,Relevant MS / MPhil,GAT (Subject) + Interview,75000.0,15-August-2026,https://pu.edu.pk/program/index/Ph.%20D
University of the Punjab,Lahore,Faculty of Sciences,PhD,Zoology Ph,3–5 Years,Relevant MS / MPhil,GAT (Subject) + Interview,75000.0,15-August-2026,https://pu.edu.pk/program/index/Ph.%20D
University of the Punjab,Lahore,Faculty of Arts & Humanities,PhD,Islamic Studies,3–5 Years,Relevant MS / MPhil,GAT (Subject) + Interview,75000.0,15-August-2026,https://pu.edu.pk/program/index/Ph.%20D
University of the Punjab,Lahore,University Law College,PhD,Law,3–5 Years,Relevant MS / MPhil,GAT (Subject) + Interview,75000.0,15-August-2026,https://pu.edu.pk/program/index/Ph.%20D
University of the Punjab,Lahore,University of the Punjab,PhD,South Asian Studies,3–5 Years,Relevant MS / MPhil,GAT (Subject) + Interview,75000.0,15-August-2026,https://pu.edu.pk/program/index/Ph.%20D
University of the Punjab,Lahore,Faculty of Computing & Information Technology,PhD,Data Science,3–5 Years,Relevant MS / MPhil,GAT (Subject) + Interview,75000.0,15-August-2026,https://pu.edu.pk/program/index/Ph.%20D
University of the Punjab,Lahore,Faculty of Engineering & Technology,PhD,Industrial Chemistry) Ph,3–5 Years,Relevant MS / MPhil,GAT (Subject) + Interview,75000.0,15-August-2026,https://pu.edu.pk/program/index/Ph.%20D
University of the Punjab,Lahore,University of the Punjab,PhD,Artificial Intelligence,3–5 Years,Relevant MS / MPhil,GAT (Subject) + Interview,75000.0,15-August-2026,https://pu.edu.pk/program/index/Ph.%20D
University of the Punjab,Lahore,Faculty of Computing & Information Technology,PhD,English (Literature) Pakistan Study Centre,3–5 Years,Relevant MS / MPhil,GAT (Subject) + Interview,75000.0,15-August-2026,https://pu.edu.pk/program/index/Ph.%20D
University of the Punjab,Lahore,Faculty of Arts & Humanities,PhD,Philosophy,3–5 Years,Relevant MS / MPhil,GAT (Subject) + Interview,75000.0,15-August-2026,https://pu.edu.pk/program/index/Ph.%20D
University of the Punjab,Lahore,Faculty of Sciences,PhD,Physics,3–5 Years,Relevant MS / MPhil,GAT (Subject) + Interview,75000.0,15-August-2026,https://pu.edu.pk/program/index/Ph.%20D
University of the Punjab,Lahore,University of the Punjab,PhD,Administrative Sciences,3–5 Years,Relevant MS / MPhil,GAT (Subject) + Interview,75000.0,15-August-2026,https://pu.edu.pk/program/index/Ph.%20D
University of the Punjab,Lahore,Faculty of Computing & Information Technology,PhD,Geo-environmental Conservation and Sustainable Development,3–5 Years,Relevant MS / MPhil,GAT (Subject) + Interview,75000.0,15-August-2026,https://pu.edu.pk/program/index/Ph.%20D
University of the Punjab,Lahore,Institute of Education & Research,PhD,Special Education,3–5 Years,Relevant MS / MPhil,GAT (Subject) + Interview,75000.0,15-August-2026,https://pu.edu.pk/program/index/Ph.%20D
University of the Punjab,Lahore,Faculty of Arts & Humanities,PhD,PhD. Art & Design (Art History & Studio Practice),3–5 Years,Relevant MS / MPhil,GAT (Subject) + Interview,75000.0,15-August-2026,https://pu.edu.pk/program/index/Ph.%20D
Quaid-e-Azam University,Islamabad,Faculty of Health Sciences,BS,Medicine & Surgery,5 Years,"FSc (Pre-Medical) with minimum 50% marks, QAU Entry Test or relevant regulatory body test",QAU Entry Test / NTS,1300000.0,31-July-2026,https://qaui-edu.com/bachelors-undergraduate/
Quaid-e-Azam University,Islamabad,Faculty of Health Sciences,BS,Dental Surgery,4 Years,"FSc (Pre-Medical) with minimum 50% marks, QAU Entry Test or relevant regulatory body test",QAU Entry Test / NTS,1000000.0,31-July-2026,https://qaui-edu.com/bachelors-undergraduate/
Quaid-e-Azam University,Islamabad,Faculty of Health Sciences,BS,Physical Therapy,5 Years,"FSc / ICS / I.Com / A-Levels (equivalence required), minimum 45% marks, QAU Entry Test or NTS",QAU Entry Test / NTS,150000.0,31-July-2026,https://qaui-edu.com/bachelors-undergraduate/
Quaid-e-Azam University,Islamabad,Faculty of Health Sciences,BS,Occupational Therapy,4 Years,"FSc / ICS / I.Com / A-Levels (equivalence required), minimum 45% marks, QAU Entry Test or NTS",QAU Entry Test / NTS,100000.0,31-July-2026,https://qaui-edu.com/bachelors-undergraduate/
Quaid-e-Azam University,Islamabad,Faculty of Health Sciences,BS,Audiology & Speech Language Therapy,4 Years,"FSc / ICS / I.Com / A-Levels (equivalence required), minimum 45% marks, QAU Entry Test or NTS",QAU Entry Test / NTS,100000.0,31-July-2026,https://qaui-edu.com/bachelors-undergraduate/
Quaid-e-Azam University,Islamabad,Faculty of Health Sciences,BS,Podiatric Medicine,4 Years,"FSc / ICS / I.Com / A-Levels (equivalence required), minimum 45% marks, QAU Entry Test or NTS",QAU Entry Test / NTS,100000.0,31-July-2026,https://qaui-edu.com/bachelors-undergraduate/
Quaid-e-Azam University,Islamabad,Faculty of Health Sciences,BS,Medical Technology (04 Years Programme),4 Years,"FSc / ICS / I.Com / A-Levels (equivalence required), minimum 45% marks, QAU Entry Test or NTS",QAU Entry Test / NTS,100000.0,31-July-2026,https://qaui-edu.com/bachelors-undergraduate/
Quaid-e-Azam University,Islamabad,"Faculty of Law, Politics & Governance",BS,Laws (LLB),5 Years,"FSc / ICS / I.Com / A-Levels (equivalence required), minimum 45% marks, QAU Entry Test or NTS",QAU Entry Test / NTS,100000.0,31-July-2026,https://qaui-edu.com/bachelors-undergraduate/
Quaid-e-Azam University,Islamabad,Faculty of Pharmacy,BS,Pharmacy,5 Years,"FSc (Pre-Medical) with minimum 50% marks, QAU Entry Test or relevant regulatory body test",QAU Entry Test / NTS,170000.0,31-July-2026,https://qaui-edu.com/bachelors-undergraduate/
Quaid-e-Azam University,Islamabad,Faculty of Liberal Arts & Human Sciences,BS,Communication & Media Sciences,4 Years,"FSc / ICS / I.Com / A-Levels (equivalence required), minimum 45% marks, QAU Entry Test or NTS",QAU Entry Test / NTS,90000.0,31-July-2026,https://qaui-edu.com/bachelors-undergraduate/
Quaid-e-Azam University,Islamabad,Faculty of Liberal Arts & Human Sciences,BS,Digital Media Marketing,4 Years,"FSc / ICS / I.Com / A-Levels (equivalence required), minimum 45% marks, QAU Entry Test or NTS",QAU Entry Test / NTS,90000.0,31-July-2026,https://qaui-edu.com/bachelors-undergraduate/
Quaid-e-Azam University,Islamabad,Faculty of Liberal Arts & Human Sciences,BS,English,4 Years,"FSc / ICS / I.Com / A-Levels (equivalence required), minimum 45% marks, QAU Entry Test or NTS",QAU Entry Test / NTS,90000.0,31-July-2026,https://qaui-edu.com/bachelors-undergraduate/
Quaid-e-Azam University,Islamabad,Faculty of Liberal Arts & Human Sciences,BS,Clinical Psychology,4 Years,"FSc / ICS / I.Com / A-Levels (equivalence required), minimum 45% marks, QAU Entry Test or NTS",QAU Entry Test / NTS,90000.0,31-July-2026,https://qaui-edu.com/bachelors-undergraduate/
Quaid-e-Azam University,Islamabad,"Faculty of Engineering, Science, Technology & Management",BS,Applied Physics,4 Years,"FSc / ICS / I.Com / A-Levels (equivalence required), minimum 45% marks, QAU Entry Test or NTS",QAU Entry Test / NTS,100000.0,31-July-2026,https://qaui-edu.com/bachelors-undergraduate/
Quaid-e-Azam University,Islamabad,"Faculty of Engineering, Science, Technology & Management",BS,Architecture,4 Years,"FSc / ICS / I.Com / A-Levels (equivalence required), minimum 45% marks, QAU Entry Test or NTS",QAU Entry Test / NTS,180000.0,31-July-2026,https://qaui-edu.com/bachelors-undergraduate/
Quaid-e-Azam University,Islamabad,"Faculty of Engineering, Science, Technology & Management",BS,Biomedical Engineering Technology,4 Years,"FSc / ICS / I.Com / A-Levels (equivalence required), minimum 45% marks, QAU Entry Test or NTS",QAU Entry Test / NTS,130000.0,31-July-2026,https://qaui-edu.com/bachelors-undergraduate/
Quaid-e-Azam University,Islamabad,"Faculty of Engineering, Science, Technology & Management",BS,Mechanical Engineering,4 Years,"FSc / ICS / I.Com / A-Levels (equivalence required), minimum 45% marks, QAU Entry Test or NTS",QAU Entry Test / NTS,130000.0,31-July-2026,https://qaui-edu.com/bachelors-undergraduate/
Quaid-e-Azam University,Islamabad,"Faculty of Engineering, Science, Technology & Management",BS,Software Engineering,4 Years,"FSc / ICS / I.Com / A-Levels (equivalence required), minimum 45% marks, QAU Entry Test or NTS",QAU Entry Test / NTS,130000.0,31-July-2026,https://qaui-edu.com/bachelors-undergraduate/
Quaid-e-Azam University,Islamabad,"Faculty of Engineering, Science, Technology & Management",BS,Data Science,4 Years,"FSc / ICS / I.Com / A-Levels (equivalence required), minimum 45% marks, QAU Entry Test or NTS",QAU Entry Test / NTS,130000.0,31-July-2026,https://qaui-edu.com/bachelors-undergraduate/
Quaid-e-Azam University,Islamabad,"Faculty of Engineering, Science, Technology & Management",BS,Electrical Technology,4 Years,"FSc / ICS / I.Com / A-Levels (equivalence required), minimum 45% marks, QAU Entry Test or NTS",QAU Entry Test / NTS,130000.0,31-July-2026,https://qaui-edu.com/bachelors-undergraduate/
Quaid-e-Azam University,Islamabad,"Faculty of Engineering, Science, Technology & Management",BS,Civil Engineering Technology,4 Years,"FSc / ICS / I.Com / A-Levels (equivalence required), minimum 45% marks, QAU Entry Test or NTS",QAU Entry Test / NTS,130000.0,31-July-2026,https://qaui-edu.com/bachelors-undergraduate/
Quaid-e-Azam University,Islamabad,"Faculty of Engineering, Science, Technology & Management",BS,Food Science & Technology,4 Years,"FSc / ICS / I.Com / A-Levels (equivalence required), minimum 45% marks, QAU Entry Test or NTS",QAU Entry Test / NTS,100000.0,31-July-2026,https://qaui-edu.com/bachelors-undergraduate/
Quaid-e-Azam University,Islamabad,"Faculty of Engineering, Science, Technology & Management",BS,Biotechnology,4 Years,"FSc / ICS / I.Com / A-Levels (equivalence required), minimum 45% marks, QAU Entry Test or NTS",QAU Entry Test / NTS,130000.0,31-July-2026,https://qaui-edu.com/bachelors-undergraduate/
Quaid-e-Azam University,Islamabad,"Faculty of Engineering, Science, Technology & Management",BS,Business Administration,4 Years,"FSc / ICS / I.Com / A-Levels (equivalence required), minimum 45% marks, QAU Entry Test or NTS",QAU Entry Test / NTS,110000.0,31-July-2026,https://qaui-edu.com/bachelors-undergraduate/
Quaid-e-Azam University,Islamabad,Faculty of Nursing & Midwifery,BS,Nursing,4 Years,"FSc (Pre-Medical) with minimum 50% marks, QAU Entry Test or relevant regulatory body test",QAU Entry Test / NTS,100000.0,31-July-2026,https://qaui-edu.com/bachelors-undergraduate/
Quaid-e-Azam University,Islamabad,Faculty of Eastern Medicine,BS,Eastern Medicine And Surgery,4 Years,"FSc / ICS / I.Com / A-Levels (equivalence required), minimum 45% marks, QAU Entry Test or NTS",QAU Entry Test / NTS,100000.0,31-July-2026,https://qaui-edu.com/bachelors-undergraduate/
Quaid-e-Azam University,Islamabad,Faculty of Eastern Medicine,BS,Human Nutrition & Dietetics,4 Years,"FSc / ICS / I.Com / A-Levels (equivalence required), minimum 45% marks, QAU Entry Test or NTS",QAU Entry Test / NTS,100000.0,31-July-2026,https://qaui-edu.com/bachelors-undergraduate/
Quaid-e-Azam University,Islamabad,Faculty of Veterinary & Animal Sciences,BS,Veterinary Medicine,5 Years,"FSc (Pre-Medical) with minimum 50% marks, QAU Entry Test or relevant regulatory body test",QAU Entry Test / NTS,160000.0,31-July-2026,https://qaui-edu.com/bachelors-undergraduate/
Quaid-e-Azam University,Islamabad,Faculty of Health Sciences,MS,Speech Language Pathology,2 Years,"BS (16 years education) in relevant field, minimum CGPA 2.5/4.0, QAU Entry Test or NTS/GAT",QAU Entry Test / GAT,140000.0,31-July-2026,https://qaui-edu.com/masters-graduate-postgraduate-programmes/
Quaid-e-Azam University,Islamabad,Faculty of Health Sciences,MS,Healthcare Management,2 Years,"BS (16 years education) in relevant field, minimum CGPA 2.5/4.0, QAU Entry Test or NTS/GAT",QAU Entry Test / GAT,130000.0,31-July-2026,https://qaui-edu.com/masters-graduate-postgraduate-programmes/
Quaid-e-Azam University,Islamabad,Faculty of Health Sciences,PhD,Health Sciences,3–5 Years,"MS / MPhil in relevant field, minimum CGPA 3.0/4.0, QAU Entry Test or GAT Subject",QAU Entry Test / GAT,180000.0,31-July-2026,https://qaui-edu.com/masters-graduate-postgraduate-programmes/
Quaid-e-Azam University,Islamabad,Faculty of Health Sciences,PhD,Physical Therapy,3–5 Years,"MS / MPhil in relevant field, minimum CGPA 3.0/4.0, QAU Entry Test or GAT Subject",QAU Entry Test / GAT,180000.0,31-July-2026,https://qaui-edu.com/masters-graduate-postgraduate-programmes/
Quaid-e-Azam University,Islamabad,"Faculty of Engineering, Science, Technology & Management",PhD,Electrical Engineering,3–5 Years,"MS / MPhil in relevant field, minimum CGPA 3.0/4.0, QAU Entry Test or GAT Subject",QAU Entry Test / GAT,180000.0,30-June-2026,https://qaui-edu.com/masters-graduate-postgraduate-programmes/
Quaid-e-Azam University,Islamabad,"Faculty of Engineering, Science, Technology & Management",MS,Electrical Engineering,2 Years,"BS (16 years education) in relevant field, minimum CGPA 2.5/4.0, QAU Entry Test or NTS/GAT",QAU Entry Test / GAT,150000.0,31-May-2026,https://qaui-edu.com/masters-graduate-postgraduate-programmes/
Quaid-e-Azam University,Islamabad,"Faculty of Engineering, Science, Technology & Management",MS,Mechanical Engineering,2 Years,"BS (16 years education) in relevant field, minimum CGPA 2.5/4.0, QAU Entry Test or NTS/GAT",QAU Entry Test / GAT,150000.0,31-May-2026,https://qaui-edu.com/masters-graduate-postgraduate-programmes/
Quaid-e-Azam University,Islamabad,"Faculty of Engineering, Science, Technology & Management",MS,Biomedical Engineering,2 Years,"BS (16 years education) in relevant field, minimum CGPA 2.5/4.0, QAU Entry Test or NTS/GAT",QAU Entry Test / GAT,170000.0,31-May-2026,https://qaui-edu.com/masters-graduate-postgraduate-programmes/
Quaid-e-Azam University,Islamabad,Faculty of Nursing & Midwifery,MS,Nursing,2 Years,"BS (16 years education) in relevant field, minimum CGPA 2.5/4.0, QAU Entry Test or NTS/GAT",QAU Entry Test / GAT,170000.0,31-July-2026,https://qaui-edu.com/masters-graduate-postgraduate-programmes/
Quaid-e-Azam University,Islamabad,Faculty of Nursing & Midwifery,MS,Applied Psychology,2 Years,"BS (16 years education) in relevant field, minimum CGPA 2.5/4.0, QAU Entry Test or NTS/GAT",QAU Entry Test / GAT,140000.0,31-July-2026,https://qaui-edu.com/masters-graduate-postgraduate-programmes/
Quaid-e-Azam University,Islamabad,Faculty of Pharmacy,PhD,Pharmacy Practice,3–5 Years,"MS / MPhil in relevant field, minimum CGPA 3.0/4.0, QAU Entry Test or GAT Subject",QAU Entry Test / GAT,180000.0,31-July-2026,https://qaui-edu.com/masters-graduate-postgraduate-programmes/
Quaid-e-Azam University,Islamabad,Faculty of Pharmacy,PhD,Pharmaceutics,3–5 Years,"MS / MPhil in relevant field, minimum CGPA 3.0/4.0, QAU Entry Test or GAT Subject",QAU Entry Test / GAT,180000.0,31-July-2026,https://qaui-edu.com/masters-graduate-postgraduate-programmes/
Quaid-e-Azam University,Islamabad,Faculty of Pharmacy,PhD,Pharmacology,3–5 Years,"MS / MPhil in relevant field, minimum CGPA 3.0/4.0, QAU Entry Test or GAT Subject",QAU Entry Test / GAT,180000.0,31-July-2026,https://qaui-edu.com/masters-graduate-postgraduate-programmes/
Riphah International University,Islamabad,Riphah School of Computing & Innovation (RSCI),BS,Software Engineering,4 Years (8 Semesters) / 136 Credit Hours,FSc (Pre-Engineering / Pre-Medical / ICS) or equivalent with minimum 50% marks.,,150000.0,15-February-2026,https://riphah.edu.pk/programs/
Riphah International University,Islamabad,Riphah Institute of Informatics (RII),BS,Computer Science,4 Years (8 Semesters) / 136 Credit Hours,FSc (Pre-Engineering / Pre-Medical / ICS) or equivalent with minimum 50% marks.,,150000.0,15-February-2026,https://riphah.edu.pk/programs/
Riphah International University,Islamabad,Riphah Institute of Informatics (RII),BS,Cyber Security,4 Years (8 Semesters) / 136 Credit Hours,FSc (Pre-Engineering / Pre-Medical / ICS) or equivalent with minimum 50% marks.,,150000.0,15-February-2026,https://riphah.edu.pk/programs/
Riphah International University,Islamabad,Riphah Institute of Informatics (RII),BS,Data Science,4 Years (8 Semesters) / 136 Credit Hours,FSc (Pre-Engineering / Pre-Medical / ICS) or equivalent with minimum 50% marks.,,150000.0,15-February-2026,https://riphah.edu.pk/programs/
Riphah International University,Islamabad,Riphah Institute of Informatics (RII),BS,Artificial Intelligence,4 Years (8 Semesters) / 136 Credit Hours,FSc (Pre-Engineering / Pre-Medical / ICS) or equivalent with minimum 50% marks.,,150000.0,15-February-2026,https://riphah.edu.pk/programs/
Riphah International University,Islamabad,Riphah Institute of Informatics (RII),BS,Computer Arts,4 Years (8 Semesters) / 130 Credit Hours,FSc (Pre-Engineering / Pre-Medical / ICS) or equivalent with minimum 50% marks.,,150000.0,15-February-2026,https://riphah.edu.pk/programs/
Riphah International University,Islamabad,Islamic International Engineering College (IIEC),BS,Electrical Engineering,4 Years / 136 Credit Hours,FSc (Pre-Engineering / Pre-Medical / ICS) or equivalent with minimum 50% marks.,,150000.0,15-February-2026,https://riphah.edu.pk/programs/
Riphah International University,Islamabad,Islamic International Engineering College (IIEC),BS,Biomedical Engineering,8 Semesters / 138 Credit Hours,FSc (Pre-Engineering / Pre-Medical / ICS) or equivalent with minimum 50% marks.,,180000.0,15-February-2026,https://riphah.edu.pk/programs/
Riphah International University,Islamabad,Islamic International Engineering College (IIEC),BS,Computer Systems,4 Years / 137 Credit Hours,FSc (Pre-Engineering / Pre-Medical / ICS) or equivalent with minimum 50% marks.,,150000.0,15-February-2026,https://riphah.edu.pk/programs/
Riphah International University,Islamabad,Islamic International Engineering College (IIEC),BS,Robotics & Intelligent Systems,4 Years / 136 Credit Hours,FSc (Pre-Engineering / Pre-Medical / ICS) or equivalent with minimum 50% marks.,,120000.0,15-February-2026,https://riphah.edu.pk/programs/
Riphah International University,Islamabad,Islamic International Engineering College (IIEC),BS,Biomedical Sciences,8 Semesters / 138 Credit Hours,FSc (Pre-Engineering / Pre-Medical / ICS) or equivalent with minimum 50% marks.,,180000.0,15-February-2026,https://riphah.edu.pk/programs/
Riphah International University,Islamabad,Riphah College of Rehabilitation and Allied Health Sciences (RCRAHS),BS,Physical Therapy,5 Years (10 Semesters) / 193 Credit Hours,FSc (Pre-Engineering / Pre-Medical / ICS) or equivalent with minimum 50% marks.,,200000.0,15-February-2026,https://riphah.edu.pk/programs/
Riphah International University,Islamabad,Department of English Linguistics and Literature (DELL),BS,English,4 years (8 semesters) / 137 Credit Hours,FSc (Pre-Engineering / Pre-Medical / ICS) or equivalent with minimum 50% marks.,,120000.0,15-February-2026,https://riphah.edu.pk/programs/
Riphah International University,Islamabad,Riphah Institute of Public Policy (RIPP),BS,Public Administration,4 Years (8 Semesters) / 130 Credit Hours,FSc (Pre-Engineering / Pre-Medical / ICS) or equivalent with minimum 50% marks.,,120000.0,15-February-2026,https://riphah.edu.pk/programs/
Riphah International University,Islamabad,Riphah Institute of Public Policy (RIPP),BS,International Relations,4 Years (8 Semesters) / 130 Credit Hours,FSc (Pre-Engineering / Pre-Medical / ICS) or equivalent with minimum 50% marks.,,120000.0,15-February-2026,https://riphah.edu.pk/programs/
Riphah International University,Islamabad,Riphah Institute of Media Sciences (RIMS),BS,Game Design & Production (BS-GD&P),4 Years (8 Semesters) / 138 Credit Hours,FSc (Pre-Engineering / Pre-Medical / ICS) or equivalent with minimum 50% marks.,,130000.0,15-February-2026,https://riphah.edu.pk/programs/
Riphah International University,Islamabad,Riphah Institute of Media Sciences (RIMS),BS,Media Studies ( With Specialisations),4 Years (8 Semesters) / 136 Credit Hours,FSc (Pre-Engineering / Pre-Medical / ICS) or equivalent with minimum 50% marks.,,130000.0,15-February-2026,https://riphah.edu.pk/programs/
Riphah International University,Islamabad,Riphah Institute of Hospitality & Culinary Arts (RIHCA),BS,Hospitality Management,04 Years (8 Semesters) / 132 Credit Hours,FSc (Pre-Engineering / Pre-Medical / ICS) or equivalent with minimum 50% marks.,,120000.0,15-February-2026,https://riphah.edu.pk/programs/
Riphah International University,Islamabad,Islamic International Dental College (IIDC),BS,Dental Surgery,4 years,FSc (Pre-Engineering / Pre-Medical / ICS) or equivalent with minimum 50% marks.,,200000.0,15-February-2026,https://riphah.edu.pk/programs/
Riphah International University,Islamabad,Department of Psychology (DP),BS,Applied Psychology,4 years (8 semesters) / 130 Credit Hours,FSc (Pre-Engineering / Pre-Medical / ICS) or equivalent with minimum 50% marks.,,120000.0,15-February-2026,https://riphah.edu.pk/programs/
Riphah International University,Islamabad,Riphah Institute of Public Policy (RIPP),BS,International Relations (Bridging Program),2.5 (5 Semesters) / 67 Credit Hours,FSc (Pre-Engineering / Pre-Medical / ICS) or equivalent with minimum 50% marks.,,120000.0,15-February-2026,https://riphah.edu.pk/programs/
Riphah International University,Islamabad,Riphah College of Rehabilitation and Allied Health Sciences (RCRAHS),BS,Speech Language Pathology,4 years / 135 Credit Hours,FSc (Pre-Engineering / Pre-Medical / ICS) or equivalent with minimum 50% marks.,,120000.0,15-February-2026,https://riphah.edu.pk/programs/
Riphah International University,Islamabad,Riphah College of Rehabilitation and Allied Health Sciences (RCRAHS),BS,Optometry and Orthoptic (BS-O&O),4 years / 133 Credit Hours,FSc (Pre-Engineering / Pre-Medical / ICS) or equivalent with minimum 50% marks.,,180000.0,15-February-2026,https://riphah.edu.pk/programs/
Riphah International University,Islamabad,Riphah College of Rehabilitation and Allied Health Sciences (RCRAHS),BS,Medical Lab Technology,4 years / 144 Credit Hours,FSc (Pre-Engineering / Pre-Medical / ICS) or equivalent with minimum 50% marks.,,180000.0,15-February-2026,https://riphah.edu.pk/programs/
Riphah International University,Islamabad,Riphah College of Rehabilitation and Allied Health Sciences (RCRAHS),BS,Medical Imaging Technology,4 years / 133 Credit Hours,FSc (Pre-Engineering / Pre-Medical / ICS) or equivalent with minimum 50% marks.,,180000.0,15-February-2026,https://riphah.edu.pk/programs/
Riphah International University,Islamabad,Riphah School of Computing & Innovation (RSCI),BS,Human Nutrition & Dietetics,4 Years,FSc (Pre-Engineering / Pre-Medical / ICS) or equivalent with minimum 50% marks.,,180000.0,15-February-2026,https://riphah.edu.pk/programs/
Riphah International University,Islamabad,Riphah International University,BS,Public Administration (Bridging Program),4 Years,FSc (Pre-Engineering / Pre-Medical / ICS) or equivalent with minimum 50% marks.,,120000.0,15-February-2026,https://riphah.edu.pk/programs/
Riphah International University,Islamabad,Department of Psychology (DP),BS,Clinical Psychology,4 Years,FSc (Pre-Engineering / Pre-Medical / ICS) or equivalent with minimum 50% marks.,,120000.0,15-February-2026,https://riphah.edu.pk/programs/
Riphah International University,Islamabad,Riphah International University,BS,Pharmacy,4 Years,FSc (Pre-Engineering / Pre-Medical / ICS) or equivalent with minimum 50% marks.,,200000.0,15-February-2026,https://riphah.edu.pk/programs/
Riphah International University,Islamabad,Riphah School of Computing & Innovation (RSCI),BS,"International Foundation Year (Business, Engineering, Sciences, Humanities and Computing)",4 Years,FSc (Pre-Engineering / Pre-Medical / ICS) or equivalent with minimum 50% marks.,,150000.0,15-February-2026,https://riphah.edu.pk/programs/
Riphah International University,Islamabad,Riphah School of Computing & Innovation (RSCI),BS,"International Year One (Business, Electrical Engineering and Law) (IYOne)",4 Years,FSc (Pre-Engineering / Pre-Medical / ICS) or equivalent with minimum 50% marks.,,150000.0,15-February-2026,https://riphah.edu.pk/programs/
Riphah International University,Islamabad,Riphah International University,BS,Biomedicine,4 Years,FSc (Pre-Engineering / Pre-Medical / ICS) or equivalent with minimum 50% marks.,,120000.0,15-February-2026,https://riphah.edu.pk/programs/
Riphah International University,Islamabad,Riphah International University,BS,Cosmetic Sciences,4 Years,FSc (Pre-Engineering / Pre-Medical / ICS) or equivalent with minimum 50% marks.,,120000.0,15-February-2026,https://riphah.edu.pk/programs/
Riphah International University,Islamabad,Riphah International University,BS,Computational Physics (Comp Physics),4 Years,FSc (Pre-Engineering / Pre-Medical / ICS) or equivalent with minimum 50% marks.,,120000.0,15-February-2026,https://riphah.edu.pk/programs/
Riphah International University,Islamabad,Riphah Institute of Informatics (RII),MS,Software Engineering,2 Years / 34 Credit Hours,16 years of education in relevant discipline with minimum CGPA 2.5/4.0 or 60% marks.,,160000.0,15-February-2026,https://riphah.edu.pk/programs/
Riphah International University,Islamabad,Riphah Institute of Informatics (RII),MS,Computer Science,2 Years / 34 Credit Hours,16 years of education in relevant discipline with minimum CGPA 2.5/4.0 or 60% marks.,,160000.0,15-February-2026,https://riphah.edu.pk/programs/
Riphah International University,Islamabad,Riphah School of Computing & Innovation (RSCI),MS,Data Science,2 Years / 34 Credit Hours,16 years of education in relevant discipline with minimum CGPA 2.5/4.0 or 60% marks.,,160000.0,15-February-2026,https://riphah.edu.pk/programs/
Riphah International University,Islamabad,Riphah Institute of Systems Engineering (RISE),MS,Information Security,2 Years / 34 Credit Hours,16 years of education in relevant discipline with minimum CGPA 2.5/4.0 or 60% marks.,,140000.0,15-February-2026,https://riphah.edu.pk/programs/
Riphah International University,Islamabad,Islamic International Engineering College (IIEC),MS,Electrical Engineering,2 Year / 32 Credit Hours,16 years of education in relevant discipline with minimum CGPA 2.5/4.0 or 60% marks.,,160000.0,15-February-2026,https://riphah.edu.pk/programs/
Riphah International University,Islamabad,Islamic International Engineering College (IIEC),MS,Biomedical Engineering,1.5-4 years / 32 Credit Hours,16 years of education in relevant discipline with minimum CGPA 2.5/4.0 or 60% marks.,,160000.0,15-February-2026,https://riphah.edu.pk/programs/
Riphah International University,Islamabad,Department of Basic Sciences (DBS),MPhil,Mathematics,2 Years / 32 Credit Hours,16 years of education in relevant discipline with minimum CGPA 2.5/4.0 or 60% marks.,,140000.0,15-February-2026,https://riphah.edu.pk/programs/
Riphah International University,Islamabad,Riphah School of Leadership (RSL),MS,Accounting and FInance,1.5 Years / 36 Credit Hours,16 years of education in relevant discipline with minimum CGPA 2.5/4.0 or 60% marks.,,150000.0,15-February-2026,https://riphah.edu.pk/programs/
Riphah International University,Islamabad,Riphah School of Leadership (RSL),MS,Healthcare Management,1.5 Years / 36 Credit Hours,16 years of education in relevant discipline with minimum CGPA 2.5/4.0 or 60% marks.,,150000.0,15-February-2026,https://riphah.edu.pk/programs/
Riphah International University,Islamabad,Riphah School of Leadership (RSL),MS,Management Science,1.5 Years / 30 Credit Hours,16 years of education in relevant discipline with minimum CGPA 2.5/4.0 or 60% marks.,,150000.0,15-February-2026,https://riphah.edu.pk/programs/
Riphah International University,Islamabad,Riphah School of Leadership (RSL),MS,Project Management,1.5 Years / 36 Credit Hours,16 years of education in relevant discipline with minimum CGPA 2.5/4.0 or 60% marks.,,150000.0,15-February-2026,https://riphah.edu.pk/programs/
Riphah International University,Islamabad,Department of Basic Sciences (DBS),MPhil,Physics,2 Years / 32 Credit Hours,16 years of education in relevant discipline with minimum CGPA 2.5/4.0 or 60% marks.,,140000.0,15-February-2026,https://riphah.edu.pk/programs/
Riphah International University,Islamabad,Riphah School of Leadership (RSL),MBA,Business Administration,02 Years / 60 Credit Hours,16 years of education in relevant discipline with minimum CGPA 2.5/4.0 or 60% marks.,,150000.0,15-February-2026,https://riphah.edu.pk/programs/
Riphah International University,Islamabad,Department of Islamic Studies (DIS),MPhil,Islamic Studies (M.Phil Islamic Studies,2 Years / 32 Credit Hours,16 years of education in relevant discipline with minimum CGPA 2.5/4.0 or 60% marks.,,140000.0,15-February-2026,https://riphah.edu.pk/programs/
Riphah International University,Islamabad,Riphah Institute of Public Policy (RIPP),MPhil,Public Policy,1.5 Years / 32 Credit Hours,16 years of education in relevant discipline with minimum CGPA 2.5/4.0 or 60% marks.,,140000.0,15-February-2026,https://riphah.edu.pk/programs/
Riphah International University,Islamabad,Riphah Institute of Media Sciences (RIMS),MS,Media and Communication Studies,2 Years / 34 Credit Hours,16 years of education in relevant discipline with minimum CGPA 2.5/4.0 or 60% marks.,,140000.0,15-February-2026,https://riphah.edu.pk/programs/
Riphah International University,Islamabad,Islamic International Dental College (IIDC),MS,Dental Surgery Orthodontics,4 years / 93 Credit Hours,16 years of education in relevant discipline with minimum CGPA 2.5/4.0 or 60% marks.,,140000.0,15-February-2026,https://riphah.edu.pk/programs/
Riphah International University,Islamabad,Islamic International Dental College (IIDC),MS,Dental Surgery Operative Dentistry,4 years / 96 Credit Hours,16 years of education in relevant discipline with minimum CGPA 2.5/4.0 or 60% marks.,,140000.0,15-February-2026,https://riphah.edu.pk/programs/
Riphah International University,Islamabad,Islamic International Dental College (IIDC),MPhil,Dental Materials,2 years / 32 Credit Hours,16 years of education in relevant discipline with minimum CGPA 2.5/4.0 or 60% marks.,,140000.0,15-February-2026,https://riphah.edu.pk/programs/
Riphah International University,Islamabad,Department of Psychology (DP),MS,Clinical Psychology,2 years (4 semesters) / 36 Credit Hours,16 years of education in relevant discipline with minimum CGPA 2.5/4.0 or 60% marks.,,180000.0,15-February-2026,https://riphah.edu.pk/programs/
Riphah International University,Islamabad,Islamic International Dental College (IIDC),MS,Fellowship Program,4 years,16 years of education in relevant discipline with minimum CGPA 2.5/4.0 or 60% marks.,,140000.0,15-February-2026,https://riphah.edu.pk/programs/
Riphah International University,Islamabad,Riphah College of Rehabilitation and Allied Health Sciences (RCRAHS),MS,Physical Therapy - Sports Physical Therapy (MSPT,2 years / 38 Credit Hours,16 years of education in relevant discipline with minimum CGPA 2.5/4.0 or 60% marks.,,140000.0,15-February-2026,https://riphah.edu.pk/programs/
Riphah International University,Islamabad,Riphah Institute of Public Policy (RIPP),MPhil,International Relations,1.5 Years / 32 Credit Hours,16 years of education in relevant discipline with minimum CGPA 2.5/4.0 or 60% marks.,,140000.0,15-February-2026,https://riphah.edu.pk/programs/
Riphah International University,Islamabad,Riphah College of Rehabilitation and Allied Health Sciences (RCRAHS),MS,Speech Language Pathology / Therapy,2 years (4 Semester) / 70 Credit Hours,16 years of education in relevant discipline with minimum CGPA 2.5/4.0 or 60% marks.,,140000.0,15-February-2026,https://riphah.edu.pk/programs/
Riphah International University,Islamabad,Riphah College of Rehabilitation and Allied Health Sciences (RCRAHS),MS,Physical Therapy - Neuro Muscular Physical Therapy (MSPT,2 Year / 38 Credit Hours,16 years of education in relevant discipline with minimum CGPA 2.5/4.0 or 60% marks.,,140000.0,15-February-2026,https://riphah.edu.pk/programs/
Riphah International University,Islamabad,Riphah Institute of Informatics (RII),PhD,Computer Science,3 Years / 52 Credit Hours,"18 years of education (MS/MPhil) in relevant discipline with minimum CGPA 3.0/4.0, research proposal, and interview.",,180000.0,15-February-2026,https://riphah.edu.pk/programs/
Riphah International University,Islamabad,Islamic International Engineering College (IIEC),PhD,Electrical Engineering,3-8 Years / 20 Credit Hours,"18 years of education (MS/MPhil) in relevant discipline with minimum CGPA 3.0/4.0, research proposal, and interview.",,180000.0,15-February-2026,https://riphah.edu.pk/programs/
Riphah International University,Islamabad,Islamic International Engineering College (IIEC),PhD,Biomedical Engineering,3-8 Years / 20 Credit Hours,"18 years of education (MS/MPhil) in relevant discipline with minimum CGPA 3.0/4.0, research proposal, and interview.",,180000.0,15-February-2026,https://riphah.edu.pk/programs/
Riphah International University,Islamabad,Department of Basic Sciences (DBS),PhD,Mathematics,Atleast 3 Years / 50 Credit Hours,"18 years of education (MS/MPhil) in relevant discipline with minimum CGPA 3.0/4.0, research proposal, and interview.",,180000.0,15-February-2026,https://riphah.edu.pk/programs/
Riphah International University,Islamabad,Department of Basic Sciences (DBS),PhD,Physics,3 Years / 50 Credit Hours,"18 years of education (MS/MPhil) in relevant discipline with minimum CGPA 3.0/4.0, research proposal, and interview.",,180000.0,15-February-2026,https://riphah.edu.pk/programs/
Riphah International University,Islamabad,Department of Islamic Studies (DIS),PhD,Islamic Studies,3-8 Years / 50 Credit Hours,"18 years of education (MS/MPhil) in relevant discipline with minimum CGPA 3.0/4.0, research proposal, and interview.",,180000.0,15-February-2026,https://riphah.edu.pk/programs/
Riphah International University,Islamabad,Riphah Institute of Media Sciences (RIMS),PhD,Creative Arts & Communication,3-8 Years / 50 Credit Hours,"18 years of education (MS/MPhil) in relevant discipline with minimum CGPA 3.0/4.0, research proposal, and interview.",,180000.0,15-February-2026,https://riphah.edu.pk/programs/
Riphah International University,Islamabad,Department of English Linguistics and Literature (DELL),PhD,English Linguistics,3-8 Years / 50 Credit Hours,"18 years of education (MS/MPhil) in relevant discipline with minimum CGPA 3.0/4.0, research proposal, and interview.",,180000.0,15-February-2026,https://riphah.edu.pk/programs/
Riphah International University,Islamabad,Riphah College of Rehabilitation and Allied Health Sciences (RCRAHS),PhD,Rehabilitation Sciences (PhD in Rehabilitation Sciences,3-6 Years / 48 Credit Hours,"18 years of education (MS/MPhil) in relevant discipline with minimum CGPA 3.0/4.0, research proposal, and interview.",,180000.0,15-February-2026,https://riphah.edu.pk/programs/
Riphah International University,Islamabad,Riphah Institute of Pharmaceutical Sciences (RIPS),PhD,Pharmacy (PhD Pharmacy,3-6 Years / 48 Credit Hours,"18 years of education (MS/MPhil) in relevant discipline with minimum CGPA 3.0/4.0, research proposal, and interview.",,180000.0,15-February-2026,https://riphah.edu.pk/programs/
Riphah International University,Islamabad,Riphah Institute of Pharmaceutical Sciences (RIPS),PhD,Pharmaceutics (PhD Pharmaceutics,3-6 Years / 48 Credit Hours,"18 years of education (MS/MPhil) in relevant discipline with minimum CGPA 3.0/4.0, research proposal, and interview.",,180000.0,15-February-2026,https://riphah.edu.pk/programs/
Riphah International University,Islamabad,Riphah Institute of Pharmaceutical Sciences (RIPS),PhD,Pharmacology (PhD Pharmacology,3-6 Years / 48 Credit Hours,"18 years of education (MS/MPhil) in relevant discipline with minimum CGPA 3.0/4.0, research proposal, and interview.",,180000.0,15-February-2026,https://riphah.edu.pk/programs/
Riphah International University,Islamabad,Riphah Institute of Pharmaceutical Sciences (RIPS),PhD,Pharmaceutical Chemistry,3-6 Years / 48 Credit Hours,"18 years of education (MS/MPhil) in relevant discipline with minimum CGPA 3.0/4.0, research proposal, and interview.",,180000.0,15-February-2026,https://riphah.edu.pk/programs/
Riphah International University,Islamabad,Riphah Institute of Pharmaceutical Sciences (RIPS),PhD,Pharmacognosy (PhD Pharmacogosy,3-6 Years / 48 Credit Hours,"18 years of education (MS/MPhil) in relevant discipline with minimum CGPA 3.0/4.0, research proposal, and interview.",,180000.0,15-February-2026,https://riphah.edu.pk/programs/
Shaheed Zulfikar Ali Bhutto Institute of Science & Technology (SZABIST),Karachi,Department of Management Sciences,BS,Accounting and Finance,4 Years,Intermediate / A-Levels (relevant discipline),SZABIST Admission Test,120000.0,31-August-2026,https://szabist.edu.pk/bs-accounting-and-finance/
Shaheed Zulfikar Ali Bhutto Institute of Science & Technology (SZABIST),Karachi,Szabist,BS,Entrepreneurship,4 Years,Intermediate / A-Levels (relevant discipline),SZABIST Admission Test,120000.0,31-August-2026,https://szabist.edu.pk/bs-entrepreneurship/
Shaheed Zulfikar Ali Bhutto Institute of Science & Technology (SZABIST),Karachi,Department of Management Sciences,BS,Business Analytics,4 Years,Intermediate / A-Levels (relevant discipline),SZABIST Admission Test,120000.0,31-August-2026,https://szabist.edu.pk/bachelor-of-science-in-business-analytics-bsba/
Shaheed Zulfikar Ali Bhutto Institute of Science & Technology (SZABIST),Karachi,Department of Computer Science,BS,Computer Science,4 Years,Intermediate / A-Levels (relevant discipline),SZABIST Admission Test,120000.0,31-August-2026,https://szabist.edu.pk/bs-computer-science/
Shaheed Zulfikar Ali Bhutto Institute of Science & Technology (SZABIST),Karachi,Department of Computer Science,BS,Software Engineering,4 Years,Intermediate / A-Levels (relevant discipline),SZABIST Admission Test,120000.0,31-August-2026,https://szabist.edu.pk/bs-software-engineering/
Shaheed Zulfikar Ali Bhutto Institute of Science & Technology (SZABIST),Karachi,Szabist,BS,Artificial Intelligence,4 Years,Intermediate / A-Levels (relevant discipline),SZABIST Admission Test,120000.0,31-August-2026,https://szabist.edu.pk/bs-artificial-intelligence/
Shaheed Zulfikar Ali Bhutto Institute of Science & Technology (SZABIST),Karachi,Szabist,BS,Mechatronic Engineering,4 Years,Intermediate / A-Levels (relevant discipline),SZABIST Admission Test,120000.0,31-August-2026,https://szabist.edu.pk/details-semester-outlines-for-be-mechatronic/
Shaheed Zulfikar Ali Bhutto Institute of Science & Technology (SZABIST),Karachi,Szabist,BS,Autonomous Systems and Artificial Intelligence,4 Years,Intermediate / A-Levels (relevant discipline),SZABIST Admission Test,120000.0,31-August-2026,https://szabist.edu.pk/details-semester-outlines-for-systems-artificial-intelligence/
Shaheed Zulfikar Ali Bhutto Institute of Science & Technology (SZABIST),Karachi,Department of Social Sciences & Humanities,BS,Social Sciences,4 Years,Intermediate / A-Levels (relevant discipline),SZABIST Admission Test,120000.0,31-August-2026,https://szabist.edu.pk/bs-social-sciences/
Shaheed Zulfikar Ali Bhutto Institute of Science & Technology (SZABIST),Karachi,Department of Social Sciences & Humanities,BS,Psychology,4 Years,Intermediate / A-Levels (relevant discipline),SZABIST Admission Test,120000.0,31-August-2026,https://szabist.edu.pk/bs-psychology/
Shaheed Zulfikar Ali Bhutto Institute of Science & Technology (SZABIST),Karachi,Department of Social Sciences & Humanities,BS,English,4 Years,Intermediate / A-Levels (relevant discipline),SZABIST Admission Test,120000.0,31-August-2026,https://szabist.edu.pk/bs-english/
Shaheed Zulfikar Ali Bhutto Institute of Science & Technology (SZABIST),Karachi,Department of Social Sciences & Humanities,BS,Educational Psychology,4 Years,Intermediate / A-Levels (relevant discipline),SZABIST Admission Test,120000.0,31-August-2026,https://szabist.edu.pk/bs-educational-psychology/
Shaheed Zulfikar Ali Bhutto Institute of Science & Technology (SZABIST),Karachi,Department of Social Sciences & Humanities,BS,Biosciences,4 Years,Intermediate / A-Levels (relevant discipline),SZABIST Admission Test,120000.0,31-August-2026,https://szabist.edu.pk/bs-biosciences/
Shaheed Zulfikar Ali Bhutto Institute of Science & Technology (SZABIST),Karachi,Department of Social Sciences & Humanities,BS,Biotechnology,4 Years,Intermediate / A-Levels (relevant discipline),SZABIST Admission Test,120000.0,31-August-2026,https://szabist.edu.pk/bs-biotechnology/
Shaheed Zulfikar Ali Bhutto Institute of Science & Technology (SZABIST),Karachi,Department of Social Sciences & Humanities,BS,Public Health,4 Years,Intermediate / A-Levels (relevant discipline),SZABIST Admission Test,120000.0,31-August-2026,https://szabist.edu.pk/bs-public-health/
Shaheed Zulfikar Ali Bhutto Institute of Science & Technology (SZABIST),Karachi,Department of Computer Science,BS,Nutrition and Dietetics,4 Years,Intermediate / A-Levels (relevant discipline),SZABIST Admission Test,120000.0,31-August-2026,https://szabist.edu.pk/bachelor-of-science-in-nutrition-and-dietetic/
Shaheed Zulfikar Ali Bhutto Institute of Science & Technology (SZABIST),Karachi,Department of Biosciences & Health Sciences,BS,Food Science & Technology,4 Years,Intermediate / A-Levels (relevant discipline),SZABIST Admission Test,120000.0,31-August-2026,https://szabist.edu.pk/bachelor-of-science-in-food-science-and-technology-bs-fst/
Shaheed Zulfikar Ali Bhutto Institute of Science & Technology (SZABIST),Karachi,Department of Biosciences & Health Sciences,BS,Computational Biology,4 Years,Intermediate / A-Levels (relevant discipline),SZABIST Admission Test,120000.0,31-August-2026,https://szabist.edu.pk/bs-computational-biology-program/
Shaheed Zulfikar Ali Bhutto Institute of Science & Technology (SZABIST),Karachi,Department of Management Sciences,MS,Project Management,2 Years,BS / BE (relevant discipline),GAT (General) / SZABIST Test,150000.0,30-September-2026,https://szabist.edu.pk/ms-project-management/
Shaheed Zulfikar Ali Bhutto Institute of Science & Technology (SZABIST),Karachi,Department of Management Sciences,MS,Management Sciences,2 Years,BS / BE (relevant discipline),GAT (General) / SZABIST Test,150000.0,30-September-2026,https://szabist.edu.pk/ms-management-sciences/
Shaheed Zulfikar Ali Bhutto Institute of Science & Technology (SZABIST),Karachi,Department of Management Sciences,MS,Finance & Economics,2 Years,BS / BE (relevant discipline),GAT (General) / SZABIST Test,150000.0,30-September-2026,https://szabist.edu.pk/ms-in-finance-economics/
Shaheed Zulfikar Ali Bhutto Institute of Science & Technology (SZABIST),Karachi,Department of Computer Science,MS,Computer Science,2 Years,BS / BE (relevant discipline),GAT (General) / SZABIST Test,150000.0,30-September-2026,https://szabist.edu.pk/ms-computer-science/
Shaheed Zulfikar Ali Bhutto Institute of Science & Technology (SZABIST),Karachi,Department of Computer Science,MS,Cyber Security,2 Years,BS / BE (relevant discipline),GAT (General) / SZABIST Test,150000.0,30-September-2026,https://szabist.edu.pk/ms-cyber-security/
Shaheed Zulfikar Ali Bhutto Institute of Science & Technology (SZABIST),Karachi,Department of Computer Science,MS,Data Science,2 Years,BS / BE (relevant discipline),GAT (General) / SZABIST Test,150000.0,30-September-2026,https://szabist.edu.pk/ms-data-science/
Shaheed Zulfikar Ali Bhutto Institute of Science & Technology (SZABIST),Karachi,Department of Social Sciences & Humanities,MS,Social Sciences,2 Years,BS / BE (relevant discipline),GAT (General) / SZABIST Test,150000.0,30-September-2026,https://szabist.edu.pk/ms-social-sciences/
Shaheed Zulfikar Ali Bhutto Institute of Science & Technology (SZABIST),Karachi,Department of Management Sciences,MS,Economics,2 Years,BS / BE (relevant discipline),GAT (General) / SZABIST Test,150000.0,30-September-2026,https://szabist.edu.pk/ms-economics/
Shaheed Zulfikar Ali Bhutto Institute of Science & Technology (SZABIST),Karachi,Department of Social Sciences & Humanities,MS,Psychology,2 Years,BS / BE (relevant discipline),GAT (General) / SZABIST Test,150000.0,30-September-2026,https://szabist.edu.pk/ms-psychology/
Shaheed Zulfikar Ali Bhutto Institute of Science & Technology (SZABIST),Karachi,Szabist,MS,Sociology,2 Years,BS / BE (relevant discipline),GAT (General) / SZABIST Test,150000.0,30-September-2026,https://szabist.edu.pk/ms-sociology/
Shaheed Zulfikar Ali Bhutto Institute of Science & Technology (SZABIST),Karachi,Department of Management Sciences,MS,Educational Leadership and Management,2 Years,BS / BE (relevant discipline),GAT (General) / SZABIST Test,150000.0,30-September-2026,https://szabist.edu.pk/ms-educational-leadership-and-management/
Shaheed Zulfikar Ali Bhutto Institute of Science & Technology (SZABIST),Karachi,Department of Social Sciences & Humanities,MS,Biosciences,2 Years,BS / BE (relevant discipline),GAT (General) / SZABIST Test,150000.0,30-September-2026,https://szabist.edu.pk/ms-biosciences/
Shaheed Zulfikar Ali Bhutto Institute of Science & Technology (SZABIST),Karachi,Department of Social Sciences & Humanities,MS,Public Health,2 Years,BS / BE (relevant discipline),GAT (General) / SZABIST Test,150000.0,30-September-2026,https://szabist.edu.pk/ms-public-health/
Shaheed Zulfikar Ali Bhutto Institute of Science & Technology (SZABIST),Karachi,Department of Social Sciences & Humanities,MS,Biotechnology,2 Years,BS / BE (relevant discipline),GAT (General) / SZABIST Test,150000.0,30-September-2026,https://szabist.edu.pk/ms-biotechnology/
University of Central Punjab,Lahore,Faculty of Information Technology,BS,Computer Science,4 Years,At least 50% marks in F.Sc (Pre-Engineering / Pre-Medical) / ICS / A-Levels with Mathematics or equivalent,UCP Admission Test,258100.0,30-September-2025,https://ucp.edu.pk/faculty-of-information-technology-and-computer-science/programmes/undergraduate/bs-cs-2/
University of Central Punjab,Lahore,Faculty of Information Technology,BS,Software Engineering,4 Years,At least 50% marks in F.Sc (Pre-Engineering / Pre-Medical) / ICS / A-Levels with Mathematics or equivalent,UCP Admission Test,258100.0,30-September-2025,https://ucp.edu.pk/faculty-of-information-technology-and-computer-science/programmes/undergraduate/bs-software-engineering/
University of Central Punjab,Lahore,Faculty of Management Sciences,BS,Business Administration,4 Years,At least 50% marks in F.Sc (Pre-Engineering / Pre-Medical) / ICS / A-Levels with Mathematics or equivalent,UCP Admission Test,258100.0,30-September-2025,https://ucp.edu.pk/faculty-of-management-sciences/ucp-business-school/programmes/undergraduate/bba/
University of Central Punjab,Lahore,Faculty of Management Sciences,BS,Accounting and Finance,4 Years,At least 50% marks in F.Sc (Pre-Engineering / Pre-Medical) / ICS / A-Levels with Mathematics or equivalent,UCP Admission Test,258100.0,30-September-2025,https://ucp.edu.pk/faculty-of-management-sciences/ucp-business-school/programmes/undergraduate/bs-accounting-finance/
University of Central Punjab,Lahore,University of Central Punjab,BS,International Relations,4 Years,At least 50% marks in F.Sc (Pre-Engineering / Pre-Medical) / ICS / A-Levels with Mathematics or equivalent,UCP Admission Test,258100.0,30-September-2025,https://ucp.edu.pk/faculty-of-humanities-and-social-sciences/department-of-politics-and-international-relations/programmes/undergraduate/bs-international-relations/
University of Central Punjab,Lahore,Faculty of Social Sciences,BS,Psychology,4 Years,At least 50% marks in F.Sc (Pre-Engineering / Pre-Medical) / ICS / A-Levels with Mathematics or equivalent,UCP Admission Test,258100.0,30-September-2025,https://ucp.edu.pk/faculty-of-humanities-and-social-sciences/department-of-psychology/programmes/undergraduate/bs-psychology/
University of Central Punjab,Lahore,Faculty of Information Technology,BS,English Language and Literature,4 Years,At least 50% marks in F.Sc (Pre-Engineering / Pre-Medical) / ICS / A-Levels with Mathematics or equivalent,UCP Admission Test,258100.0,30-September-2025,https://ucp.edu.pk/faculty-of-languages-literature/programmes/undergraduate/bs-english-language-and-literature/
University of Central Punjab,Lahore,Faculty of Management Sciences,BS,Economics,4 Years,At least 50% marks in F.Sc (Pre-Engineering / Pre-Medical) / ICS / A-Levels with Mathematics or equivalent,UCP Admission Test,258100.0,30-September-2025,https://ucp.edu.pk/faculty-of-humanities-and-social-sciences/department-of-economics/programmes/undergraduate/bs-economics-2/
University of Central Punjab,Lahore,Faculty of Health Sciences,BS,Pharmacy,5 Years,At least 50% marks in F.Sc (Pre-Engineering / Pre-Medical) / ICS / A-Levels with Mathematics or equivalent,UCP Admission Test,258100.0,30-September-2025,https://ucp.edu.pk/faculty-of-pharmacy/programmes/undergraduate/pharm-d/
University of Central Punjab,Lahore,Faculty of Sciences,BS,Biochemistry,4 Years,At least 50% marks in F.Sc (Pre-Engineering / Pre-Medical) / ICS / A-Levels with Mathematics or equivalent,UCP Admission Test,258100.0,30-September-2025,https://ucp.edu.pk/faculty-of-science-technology/programmes/undergraduate/bs-biochemistry/
University of Central Punjab,Lahore,Faculty of Sciences,BS,Microbiology,4 Years,At least 50% marks in F.Sc (Pre-Engineering / Pre-Medical) / ICS / A-Levels with Mathematics or equivalent,UCP Admission Test,258100.0,30-September-2025,https://ucp.edu.pk/faculty-of-science-technology/programmes/undergraduate/bs-microbiology/
University of Central Punjab,Lahore,University of Central Punjab,BS,Biotechnology,4 Years,At least 50% marks in F.Sc (Pre-Engineering / Pre-Medical) / ICS / A-Levels with Mathematics or equivalent,UCP Admission Test,258100.0,30-September-2025,https://ucp.edu.pk/faculty-of-science-technology/programmes/undergraduate/bs-biotechnology/
University of Central Punjab,Lahore,University of Central Punjab,BS,Food Science & Technology,4 Years,At least 50% marks in F.Sc (Pre-Engineering / Pre-Medical) / ICS / A-Levels with Mathematics or equivalent,UCP Admission Test,258100.0,30-September-2025,https://ucp.edu.pk/faculty-of-science-technology/programmes/undergraduate/bs-food-science-technology/
University of Central Punjab,Lahore,Faculty of Sciences,BS,Physics,4 Years,At least 50% marks in F.Sc (Pre-Engineering / Pre-Medical) / ICS / A-Levels with Mathematics or equivalent,UCP Admission Test,258100.0,30-September-2025,https://ucp.edu.pk/faculty-of-sciences/programmes/undergraduate/bs-physics/
University of Central Punjab,Lahore,Faculty of Sciences,BS,Chemistry,4 Years,At least 50% marks in F.Sc (Pre-Engineering / Pre-Medical) / ICS / A-Levels with Mathematics or equivalent,UCP Admission Test,258100.0,30-September-2025,https://ucp.edu.pk/faculty-of-sciences/programmes/undergraduate/bs-chemistry/
University of Central Punjab,Lahore,Faculty of Sciences,BS,Mathematics,4 Years,At least 50% marks in F.Sc (Pre-Engineering / Pre-Medical) / ICS / A-Levels with Mathematics or equivalent,UCP Admission Test,258100.0,30-September-2025,https://ucp.edu.pk/faculty-of-sciences/programmes/undergraduate/bs-mathematics/
University of Central Punjab,Lahore,Faculty of Sciences,BS,Zoology,4 Years,At least 50% marks in F.Sc (Pre-Engineering / Pre-Medical) / ICS / A-Levels with Mathematics or equivalent,UCP Admission Test,258100.0,30-September-2025,https://ucp.edu.pk/faculty-of-sciences/programmes/undergraduate/bs-zoology/
University of Central Punjab,Lahore,Faculty of Media & Communication Studies,BS,Media and Communication Studies,4 Years,At least 50% marks in F.Sc (Pre-Engineering / Pre-Medical) / ICS / A-Levels with Mathematics or equivalent,UCP Admission Test,258100.0,30-September-2025,https://ucp.edu.pk/faculty-of-media-and-mass-communication/programmes/undergraduate/bs-honors/
University of Central Punjab,Lahore,Faculty of Information Technology,BS,Data Science,4 Years,At least 50% marks in F.Sc (Pre-Engineering / Pre-Medical) / ICS / A-Levels with Mathematics or equivalent,UCP Admission Test,258100.0,30-September-2025,https://ucp.edu.pk/faculty-of-information-technology-and-computer-science/programmes/undergraduate/bs-data-science/
University of Central Punjab,Lahore,Faculty of Management Sciences,BS,Business Analytics,4 Years,At least 50% marks in F.Sc (Pre-Engineering / Pre-Medical) / ICS / A-Levels with Mathematics or equivalent,UCP Admission Test,258100.0,30-September-2025,https://ucp.edu.pk/faculty-of-management-sciences/bs-business-analytics/
University of Central Punjab,Lahore,Faculty of Management Sciences,BS,Real Estate Management,4 Years,At least 50% marks in F.Sc (Pre-Engineering / Pre-Medical) / ICS / A-Levels with Mathematics or equivalent,UCP Admission Test,258100.0,30-September-2025,https://ucp.edu.pk/faculty-of-management-sciences/ucp-business-school/programmes/undergraduate/bs-real-estate-management/
University of Central Punjab,Lahore,Faculty of Health Sciences,BS,Medical Laboratory Technology,4 Years,At least 50% marks in F.Sc (Pre-Engineering / Pre-Medical) / ICS / A-Levels with Mathematics or equivalent,UCP Admission Test,258100.0,30-September-2025,https://ucp.edu.pk/faculty-of-science-technology/programmes/undergraduate/bs-medical-laboratory-technology/
University of Central Punjab,Lahore,University of Central Punjab,BS,Artificial Intelligence,4 Years,At least 50% marks in F.Sc (Pre-Engineering / Pre-Medical) / ICS / A-Levels with Mathematics or equivalent,UCP Admission Test,258100.0,30-September-2025,https://ucp.edu.pk/faculty-of-information-technology-and-computer-science/programmes/undergraduate/bs-artificial-intelligence-2/
University of Central Punjab,Lahore,Faculty of Information Technology,BS,Political Science,4 Years,At least 50% marks in F.Sc (Pre-Engineering / Pre-Medical) / ICS / A-Levels with Mathematics or equivalent,UCP Admission Test,258100.0,30-September-2025,https://ucp.edu.pk/faculty-of-humanities-and-social-sciences/department-of-economics/programmes/undergraduate/bs-political-science/
University of Central Punjab,Lahore,Faculty of Information Technology,BS,"Film, TV & Digital Media",4 Years,At least 50% marks in F.Sc (Pre-Engineering / Pre-Medical) / ICS / A-Levels with Mathematics or equivalent,UCP Admission Test,258100.0,30-September-2025,https://ucp.edu.pk/faculty-of-media-and-mass-communication/programmes/undergraduate/bs-film-tv-digital-media/
University of Central Punjab,Lahore,Faculty of Information Technology,BS,Audit And Taxation,4 Years,At least 50% marks in F.Sc (Pre-Engineering / Pre-Medical) / ICS / A-Levels with Mathematics or equivalent,UCP Admission Test,258100.0,30-September-2025,https://ucp.edu.pk/faculty-of-management-sciences/ucp-business-school/programmes/undergraduate/bs-audit-and-taxation/
University of Central Punjab,Lahore,Faculty of Information Technology,BS,Human Nutrition and Dietetics,4 Years,At least 50% marks in F.Sc (Pre-Engineering / Pre-Medical) / ICS / A-Levels with Mathematics or equivalent,UCP Admission Test,258100.0,30-September-2025,https://ucp.edu.pk/faculty-of-science-technology/programmes/undergraduate/bs-human-nutrition-dietetics/
University of Central Punjab,Lahore,University of Central Punjab,BS,Robotics & Intelligent Systems,4 Years,At least 50% marks in F.Sc (Pre-Engineering / Pre-Medical) / ICS / A-Levels with Mathematics or equivalent,UCP Admission Test,258100.0,30-September-2025,https://ucp.edu.pk/faculty-of-engineering/programmes-2/undergraduate/bs-robotics-intelligent-systems/
University of Central Punjab,Lahore,Faculty of Management Sciences,BS,Accounting and Finance,4 Years,At least 50% marks in F.Sc (Pre-Engineering / Pre-Medical) / ICS / A-Levels with Mathematics or equivalent,UCP Admission Test,258100.0,30-September-2025,https://ucp.edu.pk/adp/bs-accounting-finance-post-adp/
University of Central Punjab,Lahore,Faculty of Information Technology,BS,Computer Science,4 Years,At least 50% marks in F.Sc (Pre-Engineering / Pre-Medical) / ICS / A-Levels with Mathematics or equivalent,UCP Admission Test,258100.0,30-September-2025,https://ucp.edu.pk/faculty-of-information-technology-and-computer-science/programmes/postgraduate/bs-computer-science-post-adp-2/
University of Central Punjab,Lahore,Faculty of Sciences,BS,Chemistry,4 Years,At least 50% marks in F.Sc (Pre-Engineering / Pre-Medical) / ICS / A-Levels with Mathematics or equivalent,UCP Admission Test,258100.0,30-September-2025,https://ucp.edu.pk/postgraduate/bs-chemistry-post-ads/
University of Central Punjab,Lahore,Faculty of Sciences,BS,Mathematics,4 Years,At least 50% marks in F.Sc (Pre-Engineering / Pre-Medical) / ICS / A-Levels with Mathematics or equivalent,UCP Admission Test,258100.0,30-September-2025,https://ucp.edu.pk/postgraduate/bs-mathematics-post-ads/
University of Central Punjab,Lahore,Faculty of Information Technology,BS,Cyber Security,4 Years,At least 50% marks in F.Sc (Pre-Engineering / Pre-Medical) / ICS / A-Levels with Mathematics or equivalent,UCP Admission Test,258100.0,30-September-2025,https://ucp.edu.pk/faculty-of-information-technology-and-computer-science/programmes/undergraduate/bs-cyber-security-2/
University of Central Punjab,Lahore,Faculty of Information Technology,BS,Economics with Data Science,4 Years,At least 50% marks in F.Sc (Pre-Engineering / Pre-Medical) / ICS / A-Levels with Mathematics or equivalent,UCP Admission Test,258100.0,30-September-2025,https://ucp.edu.pk/faculty-of-humanities-and-social-sciences/department-of-economics/bs-economics-with-data-science/
University of Central Punjab,Lahore,University of Central Punjab,BS,FinTech (Financial Technology),4 Years,At least 50% marks in F.Sc (Pre-Engineering / Pre-Medical) / ICS / A-Levels with Mathematics or equivalent,UCP Admission Test,258100.0,30-September-2025,https://ucp.edu.pk/faculty-of-management-sciences/ucp-business-school/programmes/undergraduate/bs-fintech-financial-technology/
University of Central Punjab,Lahore,Faculty of Information Technology,BS,Digital Marketing,4 Years,At least 50% marks in F.Sc (Pre-Engineering / Pre-Medical) / ICS / A-Levels with Mathematics or equivalent,UCP Admission Test,258100.0,30-September-2025,https://ucp.edu.pk/faculty-of-management-sciences/ucp-business-school/programmes/undergraduate/bs-digital-marketing-bsdm/
University of Central Punjab,Lahore,Faculty of Management Sciences,MBA,Business Administration,2 Years,"Bachelor’s degree, interview required",UCP Admission Test and Interview,220000.0,30-September-2025,https://ucp.edu.pk/faculty-of-management-sciences/ucp-business-school/programmes/postgraduate/mba/
University of Central Punjab,Lahore,Faculty of Management Sciences,MBA,Business Administration,2 Years,"Bachelor’s degree, interview required",UCP Admission Test and Interview,220000.0,30-September-2025,https://ucp.edu.pk/faculty-of-management-sciences/school-of-accounting-and-finance/programmes/postgraduate/mba-non-business-graduates/
University of Central Punjab,Lahore,Faculty of Management Sciences,MBA,Executive MBA,2 Years,"Bachelor’s degree, interview required",UCP Admission Test and Interview,220000.0,30-September-2025,https://ucp.edu.pk/faculty-of-management-sciences/school-of-accounting-and-finance/programmes/postgraduate/emba/
University of Central Punjab,Lahore,Faculty of Management Sciences,MS,Business Administration,2 Years,"16 years education in relevant discipline, minimum CGPA 2.5",GAT / UCP Admission Test and Interview,220000.0,30-September-2025,https://ucp.edu.pk/faculty-of-management-sciences/ucp-business-school/programmes/postgraduate/ms-business-administration/
University of Central Punjab,Lahore,Faculty of Management Sciences,MS,Accounting and Finance,2 Years,"16 years education in relevant discipline, minimum CGPA 2.5",GAT / UCP Admission Test and Interview,220000.0,30-September-2025,https://ucp.edu.pk/faculty-of-management-sciences/ucp-business-school/programmes/postgraduate/ms-accounting-finance/
University of Central Punjab,Lahore,Faculty of Management Sciences,PhD,Business Administration,3–5 Years,"MS / MPhil degree in relevant field, minimum CGPA 3.0",GAT / Subject Test and Interview,75000.0,30-September-2025,https://ucp.edu.pk/faculty-of-management-sciences/ucp-business-school/programmes/doctoral/phd-business-administration/
University of Central Punjab,Lahore,Faculty of Management Sciences,PhD,Accounting and Finance,3–5 Years,"MS / MPhil degree in relevant field, minimum CGPA 3.0",GAT / Subject Test and Interview,75000.0,30-September-2025,https://ucp.edu.pk/faculty-of-management-sciences/school-of-accounting-and-finance/programmes/doctoral/phd-accounting-finance/
University of Central Punjab,Lahore,Faculty of Information Technology,MS,Computer Science,2 Years,"16 years education in relevant discipline, minimum CGPA 2.5",GAT / UCP Admission Test and Interview,220000.0,30-September-2025,https://ucp.edu.pk/faculty-of-information-technology-and-computer-science/programmes/postgraduate/mscs/
University of Central Punjab,Lahore,Faculty of Information Technology,MS,Software Engineering,2 Years,"16 years education in relevant discipline, minimum CGPA 2.5",GAT / UCP Admission Test and Interview,220000.0,30-September-2025,https://ucp.edu.pk/faculty-of-information-technology-and-computer-science/programmes/postgraduate/ms-software-engineering/
University of Central Punjab,Lahore,Faculty of Information Technology,MS,Data Science,2 Years,"16 years education in relevant discipline, minimum CGPA 2.5",GAT / UCP Admission Test and Interview,220000.0,30-September-2025,https://ucp.edu.pk/faculty-of-information-technology-and-computer-science/programmes/postgraduate/ms-data-science-2/
University of Central Punjab,Lahore,Faculty of Information Technology,PhD,Computer Science,3–5 Years,"MS / MPhil degree in relevant field, minimum CGPA 3.0",GAT / Subject Test and Interview,75000.0,30-September-2025,https://ucp.edu.pk/faculty-of-information-technology-and-computer-science/programmes/doctoral/phd-computer-science/
University of Central Punjab,Lahore,Faculty of Engineering,MS,Civil Engineering,2 Years,"16 years education in relevant discipline, minimum CGPA 2.5",GAT / UCP Admission Test and Interview,220000.0,30-September-2025,https://ucp.edu.pk/faculty-of-engineering/department-civil-engineering/programmes/postgraduate/ms-civil-engineering/
University of Central Punjab,Lahore,Faculty of Engineering,PhD,Electrical Engineering,3–5 Years,"MS / MPhil degree in relevant field, minimum CGPA 3.0",GAT / Subject Test and Interview,75000.0,30-September-2025,https://ucp.edu.pk/faculty-of-engineering/programmes-2/doctoral/ph-d-electrical-engineering/
University of Central Punjab,Lahore,Faculty of Engineering,PhD,Mechanical Engineering,3–5 Years,"MS / MPhil degree in relevant field, minimum CGPA 3.0",GAT / Subject Test and Interview,75000.0,30-September-2025,https://ucp.edu.pk/faculty-of-engineering/department-civil-engineering/programmes/postgraduate/phd-mechanical-engineering/
University of Central Punjab,Lahore,Faculty of Engineering,PhD,Civil Engineering,3–5 Years,"MS / MPhil degree in relevant field, minimum CGPA 3.0",GAT / Subject Test and Interview,75000.0,30-September-2025,https://ucp.edu.pk/faculty-of-engineering/department-civil-engineering/programmes/postgraduate/phd-civil-engineering/
University of Central Punjab,Lahore,Faculty of Social Sciences,MS,Clinical Psychology,2 Years,"16 years education in relevant discipline, minimum CGPA 2.5",GAT / UCP Admission Test and Interview,220000.0,30-September-2025,https://ucp.edu.pk/faculty-of-humanities-and-social-sciences/department-of-psychology/programmes/postgraduate/ms-psychology/
University of Central Punjab,Lahore,Faculty of Management Sciences,MPhil,Economics,2 Years,"16 years education in relevant discipline, minimum CGPA 2.5",GAT / UCP Admission Test and Interview,220000.0,30-September-2025,https://ucp.edu.pk/faculty-of-humanities-and-social-sciences/department-of-economics/programmes/postgraduate/msm-phil-economics/
University of Central Punjab,Lahore,Faculty of Social Sciences,PhD,Psychology,3–5 Years,"MS / MPhil degree in relevant field, minimum CGPA 3.0",GAT / Subject Test and Interview,75000.0,30-September-2025,https://ucp.edu.pk/faculty-of-humanities-and-social-sciences/department-of-psychology/programmes/doctoral/phd-psychology/
University of Central Punjab,Lahore,Faculty of Information Technology,MPhil,English Literature,2 Years,"16 years education in relevant discipline, minimum CGPA 2.5",GAT / UCP Admission Test and Interview,220000.0,30-September-2025,https://ucp.edu.pk/faculty-of-languages-literature/programmes/postgraduate/m-phil-ms-english-literature/
University of Central Punjab,Lahore,Faculty of Arts & Humanities,MPhil,Applied Linguistics,2 Years,"16 years education in relevant discipline, minimum CGPA 2.5",GAT / UCP Admission Test and Interview,220000.0,30-September-2025,https://ucp.edu.pk/faculty-of-languages-literature/programmes/postgraduate/m-phil-ms-applied-linguistics/
University of Central Punjab,Lahore,Faculty of Arts & Humanities,PhD,Linguistics,3–5 Years,"MS / MPhil degree in relevant field, minimum CGPA 3.0",GAT / Subject Test and Interview,75000.0,30-September-2025,https://ucp.edu.pk/faculty-of-languages-literature/programmes/postgraduate/phd-linguistics/
University of Central Punjab,Lahore,Faculty of Sciences,MS,Microbiology,2 Years,"16 years education in relevant discipline, minimum CGPA 2.5",GAT / UCP Admission Test and Interview,220000.0,30-September-2025,https://ucp.edu.pk/faculty-of-science-technology/programmes/postgraduate/ms-microbiology/
University of Central Punjab,Lahore,Faculty of Sciences,MS,Biochemistry,2 Years,"16 years education in relevant discipline, minimum CGPA 2.5",GAT / UCP Admission Test and Interview,220000.0,30-September-2025,https://ucp.edu.pk/faculty-of-science-technology/programmes/postgraduate/ms-biochemistry/
University of Central Punjab,Lahore,University of Central Punjab,MS,Biotechnology,2 Years,"16 years education in relevant discipline, minimum CGPA 2.5",GAT / UCP Admission Test and Interview,220000.0,30-September-2025,https://ucp.edu.pk/faculty-of-science-technology/programmes/postgraduate/m-sc-biotechnology/
University of Central Punjab,Lahore,University of Central Punjab,MS,Food Technology,2 Years,"16 years education in relevant discipline, minimum CGPA 2.5",GAT / UCP Admission Test and Interview,220000.0,30-September-2025,https://ucp.edu.pk/faculty-of-science-technology/programmes/postgraduate/ms-food-technology/
University of Central Punjab,Lahore,Faculty of Sciences,MS,Mathematics,2 Years,"16 years education in relevant discipline, minimum CGPA 2.5",GAT / UCP Admission Test and Interview,220000.0,30-September-2025,https://ucp.edu.pk/faculty-of-science-technology/programmes/postgraduate/ms-mathematics/
University of Central Punjab,Lahore,Faculty of Sciences,PhD,Microbiology,3–5 Years,"MS / MPhil degree in relevant field, minimum CGPA 3.0",GAT / Subject Test and Interview,75000.0,30-September-2025,https://ucp.edu.pk/faculty-of-science-technology/programmes/doctoral/phd-microbiology/
University of Central Punjab,Lahore,University of Central Punjab,PhD,Biotechnology,3–5 Years,"MS / MPhil degree in relevant field, minimum CGPA 3.0",GAT / Subject Test and Interview,75000.0,30-September-2025,https://ucp.edu.pk/faculty-of-science-technology/programmes/doctoral/phd-biotechnology/
University of Central Punjab,Lahore,Faculty of Sciences,PhD,Biochemistry,3–5 Years,"MS / MPhil degree in relevant field, minimum CGPA 3.0",GAT / Subject Test and Interview,75000.0,30-September-2025,https://ucp.edu.pk/faculty-of-science-technology/programmes/doctoral/phd-biochemistry/
University of Central Punjab,Lahore,University of Central Punjab,PhD,Food Technology,3–5 Years,"MS / MPhil degree in relevant field, minimum CGPA 3.0",GAT / Subject Test and Interview,75000.0,30-September-2025,https://ucp.edu.pk/faculty-of-science-technology/programmes/doctoral/phd-food-technology/
University of Central Punjab,Lahore,Faculty of Sciences,PhD,Mathematics,3–5 Years,"MS / MPhil degree in relevant field, minimum CGPA 3.0",GAT / Subject Test and Interview,75000.0,30-September-2025,https://ucp.edu.pk/faculty-of-sciences/programmes/postgraduate/phd-mathematic/
University of Central Punjab,Lahore,Faculty of Health Sciences,PhD,Pharmacy (Pharmacology),3–5 Years,"MS / MPhil degree in relevant field, minimum CGPA 3.0",GAT / Subject Test and Interview,75000.0,30-September-2025,https://ucp.edu.pk/faculty-of-pharmacy/programmes/postgraduate/phd-pharmacy-pharmacology/
University of Central Punjab,Lahore,Faculty of Sciences,PhD,Pharmacy (Pharmaceutical Chemistry),3–5 Years,"MS / MPhil degree in relevant field, minimum CGPA 3.0",GAT / Subject Test and Interview,75000.0,30-September-2025,https://ucp.edu.pk/faculty-of-pharmacy/programmes/postgraduate/phd-pharmacy-pharmaceutical-chemistry/
University of Central Punjab,Lahore,University of Central Punjab,PhD,Pharmaceutics,3–5 Years,"MS / MPhil degree in relevant field, minimum CGPA 3.0",GAT / Subject Test and Interview,75000.0,30-September-2025,https://ucp.edu.pk/faculty-of-pharmacy/programmes/postgraduate/phd-pharmacy-pharmaceutics/
University of Central Punjab,Lahore,Faculty of Information Technology,MS,Film & Digital Media,2 Years,"16 years education in relevant discipline, minimum CGPA 2.5",GAT / UCP Admission Test and Interview,220000.0,30-September-2025,https://ucp.edu.pk/faculty-of-media-and-mass-communication/programmes/postgraduate/ms-film-digital-media/
University of Central Punjab,Lahore,Faculty of Media & Communication Studies,MS,Advertising and Public Relations,2 Years,"16 years education in relevant discipline, minimum CGPA 2.5",GAT / UCP Admission Test and Interview,220000.0,30-September-2025,https://ucp.edu.pk/faculty-of-media-and-mass-communication/programmes/postgraduate/ms-advertising-and-public-relations/
University of Central Punjab,Lahore,Faculty of Media & Communication Studies,PhD,Media & Communication,3–5 Years,"MS / MPhil degree in relevant field, minimum CGPA 3.0",GAT / Subject Test and Interview,75000.0,30-September-2025,https://ucp.edu.pk/faculty-of-media-and-mass-communication/programmes/doctoral/phd-media-and-communication/
University of Central Punjab,Lahore,Faculty of Sciences,PhD,Chemistry,3–5 Years,"MS / MPhil degree in relevant field, minimum CGPA 3.0",GAT / Subject Test and Interview,75000.0,30-September-2025,https://ucp.edu.pk/faculty-of-science-technology/programmes/doctoral/phd-chemistry/
University of Central Punjab,Lahore,Faculty of Social Sciences,MS,Organizational Psychology,2 Years,"16 years education in relevant discipline, minimum CGPA 2.5",GAT / UCP Admission Test and Interview,220000.0,30-September-2025,https://ucp.edu.pk/faculty-of-humanities-and-social-sciences/department-of-economics/programmes/postgraduate/ms-organizational-psychology/
University of Central Punjab,Lahore,University of Central Punjab,MS,Smart Grids Energy Systems,2 Years,"16 years education in relevant discipline, minimum CGPA 2.5",GAT / UCP Admission Test and Interview,220000.0,30-September-2025,https://ucp.edu.pk/faculty-of-engineering/programmes-2/postgraduate/m-sc-smart-grids-energy-systems/
University of Central Punjab,Lahore,Faculty of Information Technology,MS,Food Safety & Quality Management,2 Years,"16 years education in relevant discipline, minimum CGPA 2.5",GAT / UCP Admission Test and Interview,220000.0,30-September-2025,https://ucp.edu.pk/faculty-of-science-technology/programmes/postgraduate/ms-food-safety-quality-management/
University of Central Punjab,Lahore,Faculty of Information Technology,MS,Climate Change & Sustainable Development,2 Years,"16 years education in relevant discipline, minimum CGPA 2.5",GAT / UCP Admission Test and Interview,220000.0,30-September-2025,https://ucp.edu.pk/faculty-of-science-technology/programmes/postgraduate/ms-climate-change-sustainable-development/
University of Central Punjab,Lahore,Faculty of Information Technology,MS,Human Nutrition and Dietetics,2 Years,"16 years education in relevant discipline, minimum CGPA 2.5",GAT / UCP Admission Test and Interview,220000.0,30-September-2025,https://ucp.edu.pk/faculty-of-science-technology/programmes/postgraduate/ms-human-nutrition-dietetics/
University of Management and Technology,Lahore,School of Business & Economics,BS,Business Administration,4 years,HSSC / A-Levels or equivalent qualification,UMT Entry Test / SAT / NTS (as per policy),2090000.0,31-August-2025,https://admissions.umt.edu.pk/prog/BBA.aspx
University of Management and Technology,Lahore,School of Business & Economics,BS,Business Administration,2 years,As per UMT admission policy,UMT Entry Test / SAT / NTS (as per policy),1201581.0,31-August-2025,https://admissions.umt.edu.pk/prog/BBA - Post ADP.aspx
University of Management and Technology,Lahore,School of Systems & Technology,BS,Business and Information Systems,4 years,HSSC / A-Levels or equivalent qualification,UMT Entry Test / SAT / NTS (as per policy),1790000.0,31-August-2025,https://admissions.umt.edu.pk/prog/BBIS.aspx
University of Management and Technology,Lahore,School of Systems & Technology,MS,Business and Information Systems,2 years,As per UMT admission policy,UMT Entry Test / SAT / NTS (as per policy),1050467.0,31-August-2025,https://admissions.umt.edu.pk/prog/BBIS - Post ADP.aspx
University of Management and Technology,Lahore,School of Business & Economics,BS,Accounting and Finance,4 Years,HSSC / A-Levels or equivalent qualification,UMT Entry Test / SAT / NTS (as per policy),1690000.0,31-August-2025,https://admissions.umt.edu.pk/prog/BSAF.aspx
University of Management and Technology,Lahore,School of Business & Economics,BS,Accounting and Finance,2 years,As per UMT admission policy,UMT Entry Test / SAT / NTS (as per policy),974862.0,31-August-2025,https://admissions.umt.edu.pk/prog/BSAF - Post ADP.aspx
University of Management and Technology,Lahore,School of Systems & Technology,BS,Business and AI,4 Years,HSSC / A-Levels or equivalent qualification,UMT Entry Test / SAT / NTS (as per policy),1990000.0,31-August-2025,https://admissions.umt.edu.pk/prog/BSBAI.aspx
University of Management and Technology,Lahore,School of Business & Economics,BS,Economics,4 Years,HSSC / A-Levels or equivalent qualification,UMT Entry Test / SAT / NTS (as per policy),1390000.0,31-August-2025,https://admissions.umt.edu.pk/prog/BS Eco.aspx
University of Management and Technology,Lahore,School of Business & Economics,BS,Economics,2 years,As per UMT admission policy,UMT Entry Test / SAT / NTS (as per policy),780848.0,31-August-2025,https://admissions.umt.edu.pk/prog/BS ECO - Post ADP.aspx
University of Management and Technology,Lahore,School of Systems & Technology,BS,Economics with Data Science,4 years,HSSC / A-Levels or equivalent qualification,UMT Entry Test / SAT / NTS (as per policy),1390000.0,31-August-2025,https://admissions.umt.edu.pk/prog/BS EDS.aspx
University of Management and Technology,Lahore,School of Systems & Technology,BS,Economics with Finance,4 years,HSSC / A-Levels or equivalent qualification,UMT Entry Test / SAT / NTS (as per policy),1390000.0,31-August-2025,https://admissions.umt.edu.pk/prog/BS EF.aspx
University of Management and Technology,Lahore,School of Systems & Technology,BS,Economics with Public Policy,4 years,HSSC / A-Levels or equivalent qualification,UMT Entry Test / SAT / NTS (as per policy),1390000.0,31-August-2025,https://admissions.umt.edu.pk/prog/BS EPP.aspx
University of Management and Technology,Lahore,University of Management and Technology,BS,Fintech and Cryptocurrency,4 Years,HSSC / A-Levels or equivalent qualification,UMT Entry Test / SAT / NTS (as per policy),1690000.0,31-August-2025,https://admissions.umt.edu.pk/prog/BSFC.aspx
University of Management and Technology,Lahore,School of Business & Economics,BS,Management and Technology,4 Years,HSSC / A-Levels or equivalent qualification,UMT Entry Test / SAT / NTS (as per policy),1390000.0,31-August-2025,https://admissions.umt.edu.pk/prog/BSMT.aspx
University of Management and Technology,Lahore,School of Systems & Technology,BS,Operations and Supply Chain Management,4 Years,HSSC / A-Levels or equivalent qualification,UMT Entry Test / SAT / NTS (as per policy),1390000.0,31-August-2025,https://admissions.umt.edu.pk/prog/BSOSCM.aspx
University of Management and Technology,Lahore,School of Systems & Technology,BS,Operations and Supply Chain Management,2 years,As per UMT admission policy,UMT Entry Test / SAT / NTS (as per policy),830604.0,31-August-2025,https://admissions.umt.edu.pk/prog/BS OSCM - Post ADP.aspx
University of Management and Technology,Lahore,School of Business & Economics,MBA,Executive MBA,2 Years,16 years education from HEC recognized institution,UMT Entry Test / SAT / NTS (as per policy),890000.0,31-August-2025,https://admissions.umt.edu.pk/prog/EMBA.aspx
University of Management and Technology,Lahore,University of Management and Technology,MBA,1.5 Years,1.5 Years,16 years education from HEC recognized institution,UMT Entry Test / SAT / NTS (as per policy),790000.0,31-August-2025,https://admissions.umt.edu.pk/prog/MBA (1.5 Years).aspx
University of Management and Technology,Lahore,School of Business & Economics,MS,Business Analytics,2 Years,16 years education from HEC recognized institution,UMT Entry Test / SAT / NTS (as per policy),790000.0,31-August-2025,https://admissions.umt.edu.pk/prog/MS BA.aspx
University of Management and Technology,Lahore,School of Business & Economics,MS,Economics,2 Years,16 years education from HEC recognized institution,UMT Entry Test / SAT / NTS (as per policy),790000.0,31-August-2025,https://admissions.umt.edu.pk/prog/MS Eco.aspx
University of Management and Technology,Lahore,School of Business & Economics,MS,Finance,2 Years,16 years education from HEC recognized institution,UMT Entry Test / SAT / NTS (as per policy),790000.0,31-August-2025,https://admissions.umt.edu.pk/prog/MS Fin.aspx
University of Management and Technology,Lahore,School of Business & Economics,MS,Higher Education Leadership and Management,2 years,16 years education from HEC recognized institution,UMT Entry Test / SAT / NTS (as per policy),490000.0,31-August-2025,https://admissions.umt.edu.pk/prog/MS HELM.aspx
University of Management and Technology,Lahore,School of Business & Economics,MS,Management,2 Years,16 years education from HEC recognized institution,UMT Entry Test / SAT / NTS (as per policy),790000.0,31-August-2025,https://admissions.umt.edu.pk/prog/MSMGT.aspx
University of Management and Technology,Lahore,School of Business & Economics,MS,Marketing,2 Years,16 years education from HEC recognized institution,UMT Entry Test / SAT / NTS (as per policy),790000.0,31-August-2025,https://admissions.umt.edu.pk/prog/MSMKT.aspx
University of Management and Technology,Lahore,School of Business & Economics,MS,Strategic Human Resource Management,2 Years,16 years education from HEC recognized institution,UMT Entry Test / SAT / NTS (as per policy),790000.0,31-August-2025,https://admissions.umt.edu.pk/prog/MS-SHRM.aspx
University of Management and Technology,Lahore,School of Systems & Technology,MS,Supply Chain Management,2 Years,16 years education from HEC recognized institution,UMT Entry Test / SAT / NTS (as per policy),790000.0,31-August-2025,https://admissions.umt.edu.pk/prog/MSSCM.aspx
University of Management and Technology,Lahore,School of Business & Economics,PhD,Economics,3 Years,MS / MPhil degree with research background,UMT Entry Test / SAT / NTS (as per policy),790000.0,31-August-2025,https://admissions.umt.edu.pk/prog/PhD Eco.aspx
University of Management and Technology,Lahore,School of Business & Economics,PhD,Management,3 Years,MS / MPhil degree with research background,UMT Entry Test / SAT / NTS (as per policy),990000.0,31-August-2025,https://admissions.umt.edu.pk/prog/PhDManagement.aspx
University of Management and Technology,Lahore,School of Sciences,PhD,Statistics,3 Years,MS / MPhil degree with research background,UMT Entry Test / SAT / NTS (as per policy),790000.0,31-August-2025,https://admissions.umt.edu.pk/prog/PhD Stats.aspx
University of Management and Technology,Lahore,School of Systems & Technology,BS,Aircraft Maintenance Engineering,2 years,As per UMT admission policy,UMT Entry Test / SAT / NTS (as per policy),490000.0,31-August-2025,https://admissions.umt.edu.pk/prog/ADP AMET.aspx
University of Management and Technology,Lahore,School of Business & Economics,BS,Aviation Business,2 years,As per UMT admission policy,UMT Entry Test / SAT / NTS (as per policy),490000.0,31-August-2025,https://admissions.umt.edu.pk/prog/ADP AB.aspx
University of Management and Technology,Lahore,School of Business & Economics,BS,Flight Operations,2 years,As per UMT admission policy,UMT Entry Test / SAT / NTS (as per policy),490000.0,31-August-2025,https://admissions.umt.edu.pk/prog/ADP FO.aspx
University of Management and Technology,Lahore,School of Systems & Technology,BS,Aircraft Maintenance Engineering Technology,4 Years,HSSC / A-Levels or equivalent qualification,UMT Entry Test / SAT / NTS (as per policy),1390000.0,31-August-2025,https://admissions.umt.edu.pk/prog/BScAMET.aspx
University of Management and Technology,Lahore,School of Business & Economics,BS,Aviation Management,4 Years,HSSC / A-Levels or equivalent qualification,UMT Entry Test / SAT / NTS (as per policy),1590000.0,31-August-2025,https://admissions.umt.edu.pk/prog/BS-AM.aspx
University of Management and Technology,Lahore,School of Business & Economics,BS,Aviation Management - PostADP/BSc/BA,2 Years,As per UMT admission policy,UMT Entry Test / SAT / NTS (as per policy),490000.0,31-August-2025,https://admissions.umt.edu.pk/prog/BSAM - Post ADP.aspx
University of Management and Technology,Lahore,School of Aviation Sciences,BS,Aviation Professional Pilot,4 Years,HSSC / A-Levels or equivalent qualification,UMT Entry Test / SAT / NTS (as per policy),1590000.0,31-August-2025,https://admissions.umt.edu.pk/prog/BS-APP.aspx
University of Management and Technology,Lahore,School of Aviation Sciences,MS,PGD in Aviation Safety,1 years,As per UMT admission policy,UMT Entry Test / SAT / NTS (as per policy),349000.0,31-August-2025,https://admissions.umt.edu.pk/prog/PGDAS.aspx
University of Management and Technology,Lahore,School of Systems & Technology,BS,Global Hospitality and Culinary Arts,4 Years,HSSC / A-Levels or equivalent qualification,UMT Entry Test / SAT / NTS (as per policy),1490000.0,31-August-2025,https://admissions.umt.edu.pk/prog/BS GHCA.aspx
University of Management and Technology,Lahore,School of Systems & Technology,BS,Global Hospitality and Tourism Management,4 Years,HSSC / A-Levels or equivalent qualification,UMT Entry Test / SAT / NTS (as per policy),1200000.0,31-August-2025,https://admissions.umt.edu.pk/prog/BS(HTM).aspx
University of Management and Technology,Lahore,School of Systems & Technology,MS,PGD International Hospitality and Tourism Management,2 Years,As per UMT admission policy,UMT Entry Test / SAT / NTS (as per policy),400000.0,31-August-2025,https://admissions.umt.edu.pk/prog/PGD IHTM.aspx
University of Management and Technology,Lahore,School of Business & Economics,MS,Islamic Banking & Finance,2 Years,16 years education from HEC recognized institution,UMT Entry Test / SAT / NTS (as per policy),690000.0,31-August-2025,https://admissions.umt.edu.pk/prog/MS IBF.aspx
University of Management and Technology,Lahore,School of Business & Economics,PhD,Islamic Banking and Finance,3 Years,MS / MPhil degree with research background,UMT Entry Test / SAT / NTS (as per policy),790000.0,31-August-2025,https://admissions.umt.edu.pk/prog/PhD-IBF.aspx
University of Management and Technology,Lahore,School of Systems & Technology,BS,Architecture,5 Years,HSSC / A-Levels or equivalent qualification,UMT Entry Test / SAT / NTS (as per policy),2090000.0,31-August-2025,https://admissions.umt.edu.pk/prog/BArch.aspx
University of Management and Technology,Lahore,School of Systems & Technology,BS,City and Regional Planning,4 Years,HSSC / A-Levels or equivalent qualification,UMT Entry Test / SAT / NTS (as per policy),1290000.0,31-August-2025,https://admissions.umt.edu.pk/prog/BSCRP.aspx
University of Management and Technology,Lahore,"School of Art, Design & Architecture",BS,Design,4 years,HSSC / A-Levels or equivalent qualification,UMT Entry Test / SAT / NTS (as per policy),890000.0,31-August-2025,https://admissions.umt.edu.pk/prog/BS D.aspx
University of Management and Technology,Lahore,School of Systems & Technology,BS,Remote Sensing and Geographic Information System,4 Years,HSSC / A-Levels or equivalent qualification,UMT Entry Test / SAT / NTS (as per policy),990000.0,31-August-2025,https://admissions.umt.edu.pk/prog/BS RSGIS.aspx
University of Management and Technology,Lahore,School of Systems & Technology,BS,Interior Architecture,4 years,HSSC / A-Levels or equivalent qualification,UMT Entry Test / SAT / NTS (as per policy),890000.0,31-August-2025,https://admissions.umt.edu.pk/prog/BS IA.aspx
University of Management and Technology,Lahore,School of Systems & Technology,MS,Architecture,2 Years,16 years education from HEC recognized institution,UMT Entry Test / SAT / NTS (as per policy),490000.0,31-August-2025,https://admissions.umt.edu.pk/prog/MS Arc(E).aspx
University of Management and Technology,Lahore,School of Systems & Technology,MS,MS- City and Regional Planning,2 Years,16 years education from HEC recognized institution,UMT Entry Test / SAT / NTS (as per policy),490000.0,31-August-2025,https://admissions.umt.edu.pk/prog/MS City and Regional Planning.aspx
University of Management and Technology,Lahore,University of Management and Technology,BS,B.Com.Com,2 Years,As per UMT admission policy,UMT Entry Test / SAT / NTS (as per policy),398668.0,31-August-2025,https://admissions.umt.edu.pk/prog/Bcom-PostADP.aspx
University of Management and Technology,Lahore,School of Business & Economics,BS,Commerce,4 Years,HSSC / A-Levels or equivalent qualification,UMT Entry Test / SAT / NTS (as per policy),790000.0,31-August-2025,https://admissions.umt.edu.pk/prog/Bcom(H).aspx
University of Management and Technology,Lahore,School of Business & Economics,BS,Accounting,4 Years,HSSC / A-Levels or equivalent qualification,UMT Entry Test / SAT / NTS (as per policy),890000.0,31-August-2025,https://admissions.umt.edu.pk/prog/BS-Act.aspx
University of Management and Technology,Lahore,School of Business & Economics,BS,Accounting,2 Years,As per UMT admission policy,UMT Entry Test / SAT / NTS (as per policy),456247.0,31-August-2025,https://admissions.umt.edu.pk/prog/BS-Acc-Post-ADP/BA/BSc.aspx
University of Management and Technology,Lahore,School of Business & Economics,BS,Business Management and Accounting,4 years,HSSC / A-Levels or equivalent qualification,UMT Entry Test / SAT / NTS (as per policy),890000.0,31-August-2025,https://admissions.umt.edu.pk/prog/BS BMA.aspx
University of Management and Technology,Lahore,School of Business & Economics,BS,Business Management and Accounting,2 Years,As per UMT admission policy,UMT Entry Test / SAT / NTS (as per policy),483075.0,31-August-2025,https://admissions.umt.edu.pk/prog/BS-BMA-Post-ADP/BA/Bsc.aspx
University of Management and Technology,Lahore,School of Systems & Technology,BS,Digital Accounting & Analytics,4 years,HSSC / A-Levels or equivalent qualification,UMT Entry Test / SAT / NTS (as per policy),790000.0,31-August-2025,https://admissions.umt.edu.pk/prog/BSDAA.aspx
University of Management and Technology,Lahore,School of Business & Economics,BS,E-Commerce,4 Years,HSSC / A-Levels or equivalent qualification,UMT Entry Test / SAT / NTS (as per policy),890000.0,31-August-2025,https://admissions.umt.edu.pk/prog/BS E-commerce.aspx
University of Management and Technology,Lahore,School of Business & Economics,BS,E-Commerce,2 years,As per UMT admission policy,UMT Entry Test / SAT / NTS (as per policy),490000.0,31-August-2025,https://admissions.umt.edu.pk/prog/BS Ecom-Post ADP.aspx
University of Management and Technology,Lahore,School of Business & Economics,MS,Accounting ( ),2 Years,16 years education from HEC recognized institution,UMT Entry Test / SAT / NTS (as per policy),590000.0,31-August-2025,https://admissions.umt.edu.pk/prog/MS-Act.aspx
University of Management and Technology,Lahore,"School of Art, Design & Architecture",BS,Fashion Design,4 Years,HSSC / A-Levels or equivalent qualification,UMT Entry Test / SAT / NTS (as per policy),1290000.0,31-August-2025,https://admissions.umt.edu.pk/prog/BFD.aspx
University of Management and Technology,Lahore,"School of Art, Design & Architecture",BS,Fine Arts,4 years,HSSC / A-Levels or equivalent qualification,UMT Entry Test / SAT / NTS (as per policy),1290000.0,31-August-2025,https://admissions.umt.edu.pk/prog/BS FA.aspx
University of Management and Technology,Lahore,"School of Art, Design & Architecture",BS,Interior Design,4 Years,HSSC / A-Levels or equivalent qualification,UMT Entry Test / SAT / NTS (as per policy),1290000.0,31-August-2025,https://admissions.umt.edu.pk/prog/BS ID.aspx
University of Management and Technology,Lahore,"School of Art, Design & Architecture",BS,Textile Design,4 Years,HSSC / A-Levels or equivalent qualification,UMT Entry Test / SAT / NTS (as per policy),1290000.0,31-August-2025,https://admissions.umt.edu.pk/prog/BS TD.aspx
University of Management and Technology,Lahore,"School of Art, Design & Architecture",BS,Textiles & Clothing,4 years,HSSC / A-Levels or equivalent qualification,UMT Entry Test / SAT / NTS (as per policy),1290000.0,31-August-2025,https://admissions.umt.edu.pk/prog/BS-Ted.aspx
University of Management and Technology,Lahore,School of Media & Communication,BS,Visual Communication Design,4 Years,HSSC / A-Levels or equivalent qualification,UMT Entry Test / SAT / NTS (as per policy),1290000.0,31-August-2025,https://admissions.umt.edu.pk/prog/BS VCD.aspx
University of Management and Technology,Lahore,"School of Art, Design & Architecture",MS,Textiles,2 Years,16 years education from HEC recognized institution,UMT Entry Test / SAT / NTS (as per policy),590000.0,31-August-2025,https://admissions.umt.edu.pk/prog/MS ATC.aspx
University of Management and Technology,Lahore,"School of Art, Design & Architecture",PhD,Textiles,3 Years,MS / MPhil degree with research background,UMT Entry Test / SAT / NTS (as per policy),690000.0,31-August-2025,https://admissions.umt.edu.pk/prog/PhDTextile.aspx
University of Management and Technology,Lahore,School of Engineering,BS,Biomedical Engineering Technology,4 Years,HSSC / A-Levels or equivalent qualification,UMT Entry Test / SAT / NTS (as per policy),1290000.0,31-August-2025,https://admissions.umt.edu.pk/prog/BS BET.aspx
University of Management and Technology,Lahore,School of Engineering,BS,Civil Engineering,4 Years,HSSC / A-Levels or equivalent qualification,UMT Entry Test / SAT / NTS (as per policy),2090000.0,31-August-2025,https://admissions.umt.edu.pk/prog/BS-CE.aspx
University of Management and Technology,Lahore,School of Systems & Technology,BS,Computer Engineering Technology,4 Years,HSSC / A-Levels or equivalent qualification,UMT Entry Test / SAT / NTS (as per policy),890000.0,31-August-2025,https://admissions.umt.edu.pk/prog/BS CET.aspx
University of Management and Technology,Lahore,School of Systems & Technology,BS,Computer Systems,4 years,HSSC / A-Levels or equivalent qualification,UMT Entry Test / SAT / NTS (as per policy),1290000.0,31-August-2025,https://admissions.umt.edu.pk/prog/BS ComS.aspx
University of Management and Technology,Lahore,School of Engineering,BS,Construction Management,4 years,HSSC / A-Levels or equivalent qualification,UMT Entry Test / SAT / NTS (as per policy),990000.0,31-August-2025,https://admissions.umt.edu.pk/prog/BS CM.aspx
University of Management and Technology,Lahore,School of Engineering,BS,Electrical Engineering,4 Years,HSSC / A-Levels or equivalent qualification,UMT Entry Test / SAT / NTS (as per policy),1890000.0,31-August-2025,https://admissions.umt.edu.pk/prog/BSEE.aspx
University of Management and Technology,Lahore,School of Systems & Technology,BS,Information Engineering Technology,4 years,HSSC / A-Levels or equivalent qualification,UMT Entry Test / SAT / NTS (as per policy),890000.0,31-August-2025,https://admissions.umt.edu.pk/prog/BS ISET.aspx
University of Management and Technology,Lahore,School of Engineering,BS,Mechanical Engineering,4 Years,HSSC / A-Levels or equivalent qualification,UMT Entry Test / SAT / NTS (as per policy),2090000.0,31-August-2025,https://admissions.umt.edu.pk/prog/BSME.aspx
University of Management and Technology,Lahore,School of Systems & Technology,BS,Robotics and Intelligent Systems,4 Years,HSSC / A-Levels or equivalent qualification,UMT Entry Test / SAT / NTS (as per policy),1290000.0,31-August-2025,https://admissions.umt.edu.pk/prog/BSRIS.aspx
University of Management and Technology,Lahore,School of Systems & Technology,BS,BS-Computer Engineering,4 years,HSSC / A-Levels or equivalent qualification,UMT Entry Test / SAT / NTS (as per policy),1390000.0,31-August-2025,https://admissions.umt.edu.pk/prog/BS CCE.aspx
University of Management and Technology,Lahore,School of Engineering,MS,Civil Engineering,2 Years,16 years education from HEC recognized institution,UMT Entry Test / SAT / NTS (as per policy),590000.0,31-August-2025,https://admissions.umt.edu.pk/prog/MSCE.aspx
University of Management and Technology,Lahore,School of Engineering,MS,Electrical Engineering,2 Years,16 years education from HEC recognized institution,UMT Entry Test / SAT / NTS (as per policy),590000.0,31-August-2025,https://admissions.umt.edu.pk/prog/MS-EE.aspx
University of Management and Technology,Lahore,School of Engineering,MS,Engineering Management,2 Years,16 years education from HEC recognized institution,UMT Entry Test / SAT / NTS (as per policy),590000.0,31-August-2025,https://admissions.umt.edu.pk/prog/MS-EM.aspx
University of Management and Technology,Lahore,School of Engineering,MS,Mechanical Engineering,2 Years,16 years education from HEC recognized institution,UMT Entry Test / SAT / NTS (as per policy),590000.0,31-August-2025,https://admissions.umt.edu.pk/prog/MS-ME.aspx
University of Management and Technology,Lahore,School of Systems & Technology,MS,Robotics and Intelligent Systems,2 Years,16 years education from HEC recognized institution,UMT Entry Test / SAT / NTS (as per policy),590000.0,31-August-2025,https://admissions.umt.edu.pk/prog/MS RIS.aspx
University of Management and Technology,Lahore,School of Engineering,PhD,Civil Engineering,3 Years,MS / MPhil degree with research background,UMT Entry Test / SAT / NTS (as per policy),890000.0,31-August-2025,https://admissions.umt.edu.pk/prog/PhD CE.aspx
University of Management and Technology,Lahore,School of Engineering,PhD,Electrical Engineering,3 Years,MS / MPhil degree with research background,UMT Entry Test / SAT / NTS (as per policy),890000.0,31-August-2025,https://admissions.umt.edu.pk/prog/PhDEE.aspx
University of Management and Technology,Lahore,School of Engineering,PhD,Mechanical Engineering,3 Years,MS / MPhil degree with research background,UMT Entry Test / SAT / NTS (as per policy),890000.0,31-August-2025,https://admissions.umt.edu.pk/prog/PhD ME.aspx
University of Management and Technology,Lahore,University of Management and Technology,BS,Agricultural Sciences,2 years,As per UMT admission policy,UMT Entry Test / SAT / NTS (as per policy),290000.0,31-August-2025,https://admissions.umt.edu.pk/prog/ADP AS.aspx
University of Management and Technology,Lahore,University of Management and Technology,BS,Horticultural Sciences,2 years,As per UMT admission policy,UMT Entry Test / SAT / NTS (as per policy),290000.0,31-August-2025,https://admissions.umt.edu.pk/prog/ADP HS.aspx
University of Management and Technology,Lahore,School of Sciences,BS,Food Science & Technology,2 years,As per UMT admission policy,UMT Entry Test / SAT / NTS (as per policy),490000.0,31-August-2025,https://admissions.umt.edu.pk/prog/ADP-FST.aspx
University of Management and Technology,Lahore,University of Management and Technology,BS,Agricultural Sciences,4 years,HSSC / A-Levels or equivalent qualification,UMT Entry Test / SAT / NTS (as per policy),690000.0,31-August-2025,https://admissions.umt.edu.pk/prog/BS AS.aspx
University of Management and Technology,Lahore,School of Systems & Technology,BS,Food Safety and Quality Management,4 Years,HSSC / A-Levels or equivalent qualification,UMT Entry Test / SAT / NTS (as per policy),690000.0,31-August-2025,https://admissions.umt.edu.pk/prog/BS-FSM.aspx
University of Management and Technology,Lahore,School of Sciences,BS,Food Science & Technology,4 Years,HSSC / A-Levels or equivalent qualification,UMT Entry Test / SAT / NTS (as per policy),990000.0,31-August-2025,https://admissions.umt.edu.pk/prog/BS FST.aspx
University of Management and Technology,Lahore,School of Sciences,BS,Food Science & Technology,2 years,As per UMT admission policy,UMT Entry Test / SAT / NTS (as per policy),583863.0,31-August-2025,https://admissions.umt.edu.pk/prog/BS FT - Post.aspx
University of Management and Technology,Lahore,University of Management and Technology,BS,Horticultural Sciences,4 years,HSSC / A-Levels or equivalent qualification,UMT Entry Test / SAT / NTS (as per policy),550000.0,31-August-2025,https://admissions.umt.edu.pk/prog/BS HS.aspx
University of Management and Technology,Lahore,School of Systems & Technology,BS,Human Nutrition and Dietetics,4 Years,HSSC / A-Levels or equivalent qualification,UMT Entry Test / SAT / NTS (as per policy),1390000.0,31-August-2025,https://admissions.umt.edu.pk/prog/BS-HND.aspx
University of Management and Technology,Lahore,School of Systems & Technology,BS,Public Health & Nutrition,4 years,HSSC / A-Levels or equivalent qualification,UMT Entry Test / SAT / NTS (as per policy),900000.0,31-August-2025,https://admissions.umt.edu.pk/prog/BS PHN.aspx
University of Management and Technology,Lahore,School of Sciences,MS,Advanced Food System,2 Years,16 years education from HEC recognized institution,UMT Entry Test / SAT / NTS (as per policy),490000.0,31-August-2025,https://admissions.umt.edu.pk/prog/MS AFD.aspx
University of Management and Technology,Lahore,University of Management and Technology,MS,Dietetics Practice,2 Years,16 years education from HEC recognized institution,UMT Entry Test / SAT / NTS (as per policy),590000.0,31-August-2025,https://admissions.umt.edu.pk/prog/MS DP.aspx
University of Management and Technology,Lahore,School of Systems & Technology,MS,Food Quality Management,2 Years,16 years education from HEC recognized institution,UMT Entry Test / SAT / NTS (as per policy),590000.0,31-August-2025,https://admissions.umt.edu.pk/prog/MS-FQM.aspx
University of Management and Technology,Lahore,School of Sciences,MS,Food Technology,2 years,16 years education from HEC recognized institution,UMT Entry Test / SAT / NTS (as per policy),590000.0,31-August-2025,https://admissions.umt.edu.pk/prog/MS-FT.aspx
University of Management and Technology,Lahore,School of Systems & Technology,MS,Human Nutrition and Dietetics,2 Years,16 years education from HEC recognized institution,UMT Entry Test / SAT / NTS (as per policy),590000.0,31-August-2025,https://admissions.umt.edu.pk/prog/MSHND.aspx
University of Management and Technology,Lahore,School of Sciences,PhD,Food Technology,3 Years,MS / MPhil degree with research background,UMT Entry Test / SAT / NTS (as per policy),790000.0,31-August-2025,https://admissions.umt.edu.pk/prog/PhD-FT.aspx
University of Management and Technology,Lahore,School of Systems & Technology,PhD,Human Nutrition and Dietetics,3 years,MS / MPhil degree with research background,UMT Entry Test / SAT / NTS (as per policy),790000.0,31-August-2025,https://admissions.umt.edu.pk/prog/PhD HND.aspx
University of Management and Technology,Lahore,School of Humanities & Social Sciences,BS,Public Administration,2 years,As per UMT admission policy,UMT Entry Test / SAT / NTS (as per policy),490000.0,31-August-2025,https://admissions.umt.edu.pk/prog/ADP - PA.aspx
University of Management and Technology,Lahore,School of Systems & Technology,BS,Digital Governance,4 years,HSSC / A-Levels or equivalent qualification,UMT Entry Test / SAT / NTS (as per policy),990000.0,31-August-2025,https://admissions.umt.edu.pk/prog/BS DG.aspx
University of Management and Technology,Lahore,School of Humanities & Social Sciences,BS,Public Administration,4 Years,HSSC / A-Levels or equivalent qualification,UMT Entry Test / SAT / NTS (as per policy),990000.0,31-August-2025,https://admissions.umt.edu.pk/prog/BS-Public-administration.aspx
University of Management and Technology,Lahore,School of Humanities & Social Sciences,BS,Public Administration,2 years,As per UMT admission policy,UMT Entry Test / SAT / NTS (as per policy),497715.0,31-August-2025,https://admissions.umt.edu.pk/prog/BSPA-PostADP.aspx
University of Management and Technology,Lahore,School of Engineering,BS,Public Administration and Civil Services Studies,4 years,HSSC / A-Levels or equivalent qualification,UMT Entry Test / SAT / NTS (as per policy),990000.0,31-August-2025,https://admissions.umt.edu.pk/prog/BS-PA-CSS.aspx
University of Management and Technology,Lahore,School of Business & Economics,BS,Public Policy and Management,4 years,HSSC / A-Levels or equivalent qualification,UMT Entry Test / SAT / NTS (as per policy),990000.0,31-August-2025,https://admissions.umt.edu.pk/prog/BS PPM.aspx
University of Management and Technology,Lahore,School of Humanities & Social Sciences,MS,Public Policy,2 Years,16 years education from HEC recognized institution,UMT Entry Test / SAT / NTS (as per policy),490000.0,31-August-2025,https://admissions.umt.edu.pk/prog/MS-PP.aspx
University of Management and Technology,Lahore,School of Humanities & Social Sciences,MS,Public Policy and Technology,2 Years,16 years education from HEC recognized institution,UMT Entry Test / SAT / NTS (as per policy),490000.0,31-August-2025,https://admissions.umt.edu.pk/prog/MS-PPT.aspx
University of Management and Technology,Lahore,School of Humanities & Social Sciences,MS,Public Policy,2 Years,16 years education from HEC recognized institution,UMT Entry Test / SAT / NTS (as per policy),390000.0,31-August-2025,https://admissions.umt.edu.pk/prog/MS-PP-GE.aspx
University of Management and Technology,Lahore,Faculty of Health Sciences,BS,Medical Laboratory Sciences,2 years,As per UMT admission policy,UMT Entry Test / SAT / NTS (as per policy),390000.0,31-August-2025,https://admissions.umt.edu.pk/prog/ADP MLS.aspx
University of Management and Technology,Lahore,University of Management and Technology,BS,Radiography And Imaging Technology,2 years,As per UMT admission policy,UMT Entry Test / SAT / NTS (as per policy),390000.0,31-August-2025,https://admissions.umt.edu.pk/prog/ADP RIT.aspx
University of Management and Technology,Lahore,University of Management and Technology,BS,Ultrasound Technology,2 years,As per UMT admission policy,UMT Entry Test / SAT / NTS (as per policy),390000.0,31-August-2025,https://admissions.umt.edu.pk/prog/ADP UT.aspx
University of Management and Technology,Lahore,University of Management and Technology,BS,Aesthetic and Skin Care Technology,4 years,HSSC / A-Levels or equivalent qualification,UMT Entry Test / SAT / NTS (as per policy),790000.0,31-August-2025,https://admissions.umt.edu.pk/prog/BS AST.aspx
University of Management and Technology,Lahore,Faculty of Health Sciences,BS,Anesthesia Technology,4 Years,HSSC / A-Levels or equivalent qualification,UMT Entry Test / SAT / NTS (as per policy),790000.0,31-August-2025,https://admissions.umt.edu.pk/prog/BS AT.aspx
University of Management and Technology,Lahore,Faculty of Health Sciences,BS,Dental Hygiene,4 Years,HSSC / A-Levels or equivalent qualification,UMT Entry Test / SAT / NTS (as per policy),790000.0,31-August-2025,https://admissions.umt.edu.pk/prog/BS DH.aspx
University of Management and Technology,Lahore,Faculty of Health Sciences,BS,Dental Technology,4 Years,HSSC / A-Levels or equivalent qualification,UMT Entry Test / SAT / NTS (as per policy),790000.0,31-August-2025,https://admissions.umt.edu.pk/prog/BS DT.aspx
University of Management and Technology,Lahore,School of Systems & Technology,BS,Human Nutrition and Dietetics (AHPC Recognized),4 years,HSSC / A-Levels or equivalent qualification,UMT Entry Test / SAT / NTS (as per policy),1290000.0,31-August-2025,https://admissions.umt.edu.pk/prog/BS NS.aspx
University of Management and Technology,Lahore,Faculty of Health Sciences,BS,Medical Imaging and Ultrasonography,4 years,HSSC / A-Levels or equivalent qualification,UMT Entry Test / SAT / NTS (as per policy),1390000.0,31-August-2025,https://admissions.umt.edu.pk/prog/BS-MIUSG.aspx
University of Management and Technology,Lahore,Faculty of Health Sciences,BS,Medical Laboratory Technology,4 Years,HSSC / A-Levels or equivalent qualification,UMT Entry Test / SAT / NTS (as per policy),1090000.0,31-August-2025,https://admissions.umt.edu.pk/prog/BS-MLS.aspx
University of Management and Technology,Lahore,Faculty of Health Sciences,BS,Operation Theatre Technology,4 Years,HSSC / A-Levels or equivalent qualification,UMT Entry Test / SAT / NTS (as per policy),790000.0,31-August-2025,https://admissions.umt.edu.pk/prog/BS OTT.aspx
University of Management and Technology,Lahore,Faculty of Health Sciences,BS,Optometry and Vision Sciences,4 years,HSSC / A-Levels or equivalent qualification,UMT Entry Test / SAT / NTS (as per policy),1190000.0,31-August-2025,https://admissions.umt.edu.pk/prog/BS OVS.aspx
University of Management and Technology,Lahore,Faculty of Health Sciences,BS,Speech Language Pathology,4 years,HSSC / A-Levels or equivalent qualification,UMT Entry Test / SAT / NTS (as per policy),790000.0,31-August-2025,https://admissions.umt.edu.pk/prog/BS SLP.aspx
University of Management and Technology,Lahore,Faculty of Health Sciences,BS,Physical Therapy,5 years,HSSC / A-Levels or equivalent qualification,UMT Entry Test / SAT / NTS (as per policy),1890000.0,31-August-2025,https://admissions.umt.edu.pk/prog/DPT.aspx
University of Management and Technology,Lahore,Faculty of Health Sciences,MS,Medical Laboratory Sciences,2 years,16 years education from HEC recognized institution,UMT Entry Test / SAT / NTS (as per policy),490000.0,31-August-2025,https://admissions.umt.edu.pk/prog/MS MLS.aspx
University of Management and Technology,Lahore,School of Systems & Technology,MS,Nutrition Science,2 years,16 years education from HEC recognized institution,UMT Entry Test / SAT / NTS (as per policy),490000.0,31-August-2025,https://admissions.umt.edu.pk/prog/MS NS.aspx
University of Management and Technology,Lahore,Faculty of Health Sciences,MS,Physical Therapy,2 years,16 years education from HEC recognized institution,UMT Entry Test / SAT / NTS (as per policy),490000.0,31-August-2025,https://admissions.umt.edu.pk/prog/MS PT.aspx
University of Management and Technology,Lahore,University of Management and Technology,MS,PGD in Dietetics,1 Year,As per UMT admission policy,UMT Entry Test / SAT / NTS (as per policy),120000.0,31-August-2025,https://admissions.umt.edu.pk/prog/PGD DT.aspx
University of Management and Technology,Lahore,School of Law,BS,Laws (LLB),4 Years,HSSC / A-Levels or equivalent qualification,UMT Entry Test / SAT / NTS (as per policy),2650000.0,31-August-2025,https://admissions.umt.edu.pk/prog/LL.B..aspx
University of Management and Technology,Lahore,School of Law,MS,Commercial Law,2 Years,16 years education from HEC recognized institution,UMT Entry Test / SAT / NTS (as per policy),890000.0,31-August-2025,https://admissions.umt.edu.pk/prog/LLMCL.aspx
University of Management and Technology,Lahore,University of Management and Technology,BS,Computational Linguistics,4 Years,HSSC / A-Levels or equivalent qualification,UMT Entry Test / SAT / NTS (as per policy),1190000.0,31-August-2025,https://admissions.umt.edu.pk/prog/BS CL.aspx
University of Management and Technology,Lahore,School of Humanities & Social Sciences,BS,English,4 Years,HSSC / A-Levels or equivalent qualification,UMT Entry Test / SAT / NTS (as per policy),1090000.0,31-August-2025,https://admissions.umt.edu.pk/prog/BSEL.aspx
University of Management and Technology,Lahore,School of Humanities & Social Sciences,BS,English,2 years,As per UMT admission policy,UMT Entry Test / SAT / NTS (as per policy),536794.0,31-August-2025,https://admissions.umt.edu.pk/prog/BS EL -Post ADP.aspx
University of Management and Technology,Lahore,University of Management and Technology,BS,Liberal Arts,4 Years,HSSC / A-Levels or equivalent qualification,UMT Entry Test / SAT / NTS (as per policy),1090000.0,31-August-2025,https://admissions.umt.edu.pk/prog/BSLA.aspx
University of Management and Technology,Lahore,School of Humanities & Social Sciences,MPhil,English Linguistics,2 Years,16 years education from HEC recognized institution,UMT Entry Test / SAT / NTS (as per policy),590000.0,31-August-2025,https://admissions.umt.edu.pk/prog/MPhil(AL).aspx
University of Management and Technology,Lahore,School of Systems & Technology,MPhil,English Literature( ),2-YEAR,16 years education from HEC recognized institution,UMT Entry Test / SAT / NTS (as per policy),790000.0,31-August-2025,https://admissions.umt.edu.pk/prog/MPhilEL.aspx
University of Management and Technology,Lahore,School of Systems & Technology,MS,PGD in Creative Writing,1 Year,As per UMT admission policy,UMT Entry Test / SAT / NTS (as per policy),345000.0,31-August-2025,https://admissions.umt.edu.pk/prog/PGD CW.aspx
University of Management and Technology,Lahore,School of Humanities & Social Sciences,PhD,English Linguistics,3 Years,MS / MPhil degree with research background,UMT Entry Test / SAT / NTS (as per policy),690000.0,31-August-2025,https://admissions.umt.edu.pk/prog/PhD-ELL.aspx
University of Management and Technology,Lahore,School of Systems & Technology,BS,Immersive Media and Digital Communication,4 Years,HSSC / A-Levels or equivalent qualification,UMT Entry Test / SAT / NTS (as per policy),1390000.0,31-August-2025,https://admissions.umt.edu.pk/prog/BS-DTIM.aspx
University of Management and Technology,Lahore,School of Media & Communication,BS,Media and Communication,4 Years,HSSC / A-Levels or equivalent qualification,UMT Entry Test / SAT / NTS (as per policy),1390000.0,31-August-2025,https://admissions.umt.edu.pk/prog/BS-MC.aspx
University of Management and Technology,Lahore,School of Media & Communication,BS,Media and Communication.Com,2 Years,As per UMT admission policy,UMT Entry Test / SAT / NTS (as per policy),786327.0,31-August-2025,https://admissions.umt.edu.pk/prog/BS MC-POSTADP.aspx
University of Management and Technology,Lahore,School of Business & Economics,BS,Media Management and Technology,4 years,HSSC / A-Levels or equivalent qualification,UMT Entry Test / SAT / NTS (as per policy),1090000.0,31-August-2025,https://admissions.umt.edu.pk/prog/BS MMT.aspx
University of Management and Technology,Lahore,School of Media & Communication,MPhil,Media and Communication,2 Years,16 years education from HEC recognized institution,UMT Entry Test / SAT / NTS (as per policy),590000.0,31-August-2025,https://admissions.umt.edu.pk/prog/MSMC.aspx
University of Management and Technology,Lahore,Faculty of Health Sciences,BS,Pharmacy,5 Years,HSSC / A-Levels or equivalent qualification,UMT Entry Test / SAT / NTS (as per policy),2690000.0,31-August-2025,https://admissions.umt.edu.pk/prog/Pharma-D.aspx
University of Management and Technology,Lahore,University of Management and Technology,MPhil,MPhill Pharmacology,2 years,16 years education from HEC recognized institution,UMT Entry Test / SAT / NTS (as per policy),590000.0,31-August-2025,https://admissions.umt.edu.pk/prog/MPhil.Pharma.aspx
University of Management and Technology,Lahore,University of Management and Technology,BS,Professional Studies,4 Years,HSSC / A-Levels or equivalent qualification,UMT Entry Test / SAT / NTS (as per policy),1090000.0,31-August-2025,https://admissions.umt.edu.pk/prog/BS(PS).aspx
University of Management and Technology,Lahore,University of Management and Technology,BS,Professional Studies,2 years,As per UMT admission policy,UMT Entry Test / SAT / NTS (as per policy),616494.0,31-August-2025,https://admissions.umt.edu.pk/prog/BPS-POSTADP.aspx
University of Management and Technology,Lahore,School of Business & Economics,BS,Sports Management,4 Years,HSSC / A-Levels or equivalent qualification,UMT Entry Test / SAT / NTS (as per policy),990000.0,31-August-2025,https://admissions.umt.edu.pk/prog/BS(SM).aspx
University of Management and Technology,Lahore,School of Business & Economics,MS,Project Management,1.5 Years,16 years education from HEC recognized institution,UMT Entry Test / SAT / NTS (as per policy),590000.0,31-August-2025,https://admissions.umt.edu.pk/prog/MS-PM.aspx
University of Management and Technology,Lahore,School of Business & Economics,MS,Project Management,1.5 Years,16 years education from HEC recognized institution,UMT Entry Test / SAT / NTS (as per policy),690000.0,31-August-2025,https://admissions.umt.edu.pk/prog/MS-PM(W).aspx
University of Management and Technology,Lahore,School of Social Sciences,BS,Psychology,4 Years,HSSC / A-Levels or equivalent qualification,UMT Entry Test / SAT / NTS (as per policy),1190000.0,31-August-2025,https://admissions.umt.edu.pk/prog/BS Psy.aspx
University of Management and Technology,Lahore,School of Social Sciences,BS,Psychology,2 years,As per UMT admission policy,UMT Entry Test / SAT / NTS (as per policy),653440.0,31-August-2025,https://admissions.umt.edu.pk/prog/BS-Psy-Post-ADP.aspx
University of Management and Technology,Lahore,School of Social Sciences,MPhil,Psychology,2 Years,16 years education from HEC recognized institution,UMT Entry Test / SAT / NTS (as per policy),590000.0,31-August-2025,https://admissions.umt.edu.pk/prog/MPhilPsychology.aspx
University of Management and Technology,Lahore,School of Social Sciences,MS,Clinical Psychology,2 Years,16 years education from HEC recognized institution,UMT Entry Test / SAT / NTS (as per policy),1090000.0,31-August-2025,https://admissions.umt.edu.pk/prog/MS CPsy.aspx
University of Management and Technology,Lahore,School of Social Sciences,MS,Counselling Psychology,2 Years,16 years education from HEC recognized institution,UMT Entry Test / SAT / NTS (as per policy),690000.0,31-August-2025,https://admissions.umt.edu.pk/prog/MS-CP.aspx
University of Management and Technology,Lahore,School of Engineering,MS,Industrial and Organizational Psychology,2 years,16 years education from HEC recognized institution,UMT Entry Test / SAT / NTS (as per policy),490000.0,31-August-2025,https://admissions.umt.edu.pk/prog/MS IOP.aspx
University of Management and Technology,Lahore,School of Social Sciences,PhD,Clinical Psychology,3 Years,MS / MPhil degree with research background,UMT Entry Test / SAT / NTS (as per policy),1090000.0,31-August-2025,https://admissions.umt.edu.pk/prog/PhD-CP.aspx
University of Management and Technology,Lahore,School of Social Sciences,PhD,Psychology,3 Years,MS / MPhil degree with research background,UMT Entry Test / SAT / NTS (as per policy),690000.0,31-August-2025,https://admissions.umt.edu.pk/prog/PhD Psy.aspx
University of Management and Technology,Lahore,School of Sciences,BS,Biochemistry,4 Years,HSSC / A-Levels or equivalent qualification,UMT Entry Test / SAT / NTS (as per policy),1090000.0,31-August-2025,https://admissions.umt.edu.pk/prog/BS-BC.aspx
University of Management and Technology,Lahore,School of Sciences,BS,Biochemistry,2 years,As per UMT admission policy,UMT Entry Test / SAT / NTS (as per policy),624672.0,31-August-2025,https://admissions.umt.edu.pk/prog/BS BC-Post.aspx
University of Management and Technology,Lahore,School of Sciences,BS,Biotechnology,4 Years,HSSC / A-Levels or equivalent qualification,UMT Entry Test / SAT / NTS (as per policy),1090000.0,31-August-2025,https://admissions.umt.edu.pk/prog/BS-BT.aspx
University of Management and Technology,Lahore,School of Sciences,BS,Biotechnology,2 years,As per UMT admission policy,UMT Entry Test / SAT / NTS (as per policy),642235.0,31-August-2025,https://admissions.umt.edu.pk/prog/BS BT- Post.aspx
University of Management and Technology,Lahore,School of Sciences,BS,Chemistry,4 Years,HSSC / A-Levels or equivalent qualification,UMT Entry Test / SAT / NTS (as per policy),1090000.0,31-August-2025,https://admissions.umt.edu.pk/prog/BS-Chem.aspx
University of Management and Technology,Lahore,School of Sciences,BS,Chemistry,2 years,As per UMT admission policy,UMT Entry Test / SAT / NTS (as per policy),604607.0,31-August-2025,https://admissions.umt.edu.pk/prog/BS Chem-Post.aspx
University of Management and Technology,Lahore,School of Systems & Technology,BS,Mathematics (Artificial Intelligence and Data Sciences),4 Years,HSSC / A-Levels or equivalent qualification,UMT Entry Test / SAT / NTS (as per policy),1090000.0,31-August-2025,https://admissions.umt.edu.pk/prog/BS-Maths.aspx
University of Management and Technology,Lahore,School of Sciences,BS,Mathematics,2 years,As per UMT admission policy,UMT Entry Test / SAT / NTS (as per policy),612455.0,31-August-2025,https://admissions.umt.edu.pk/prog/BS MAth - Post.aspx
University of Management and Technology,Lahore,School of Sciences,BS,Microbiology,4 years,HSSC / A-Levels or equivalent qualification,UMT Entry Test / SAT / NTS (as per policy),1090000.0,31-August-2025,https://admissions.umt.edu.pk/prog/BS-MB.aspx
University of Management and Technology,Lahore,School of Sciences,BS,Microbiology,2 years,As per UMT admission policy,UMT Entry Test / SAT / NTS (as per policy),620073.0,31-August-2025,https://admissions.umt.edu.pk/prog/BS MB - Post.aspx
University of Management and Technology,Lahore,School of Systems & Technology,BS,"Physics (Artificial Intelligence, Data Sciences, Industrial Electronics)",4 Years,HSSC / A-Levels or equivalent qualification,UMT Entry Test / SAT / NTS (as per policy),1090000.0,31-August-2025,https://admissions.umt.edu.pk/prog/BS-Physics.aspx
University of Management and Technology,Lahore,School of Sciences,BS,Physics,2 years,As per UMT admission policy,UMT Entry Test / SAT / NTS (as per policy),651087.0,31-August-2025,https://admissions.umt.edu.pk/prog/BS Phy-Post.aspx
University of Management and Technology,Lahore,School of Sciences,MS,Biochemistry ( ),2 Years,16 years education from HEC recognized institution,UMT Entry Test / SAT / NTS (as per policy),690000.0,31-August-2025,https://admissions.umt.edu.pk/prog/MSBio.aspx
University of Management and Technology,Lahore,School of Sciences,MS,Biotechnology ( ),2 Years,16 years education from HEC recognized institution,UMT Entry Test / SAT / NTS (as per policy),690000.0,31-August-2025,https://admissions.umt.edu.pk/prog/MSBioT.aspx
University of Management and Technology,Lahore,School of Sciences,MS,Chemistry ( ),2 Years,16 years education from HEC recognized institution,UMT Entry Test / SAT / NTS (as per policy),590000.0,31-August-2025,https://admissions.umt.edu.pk/prog/MSChem.aspx
University of Management and Technology,Lahore,School of Sciences,MS,Mathematics ( ),2 Years,16 years education from HEC recognized institution,UMT Entry Test / SAT / NTS (as per policy),490000.0,31-August-2025,https://admissions.umt.edu.pk/prog/MSMAths.aspx
University of Management and Technology,Lahore,School of Sciences,MS,Physics ( ),2 Years,16 years education from HEC recognized institution,UMT Entry Test / SAT / NTS (as per policy),490000.0,31-August-2025,https://admissions.umt.edu.pk/prog/MSPhy.aspx
University of Management and Technology,Lahore,University of Management and Technology,PhD,Biosciences,3 Years,MS / MPhil degree with research background,UMT Entry Test / SAT / NTS (as per policy),690000.0,31-August-2025,https://admissions.umt.edu.pk/prog/Phd Biosciences.aspx
University of Management and Technology,Lahore,School of Sciences,PhD,Chemistry,3 Years,MS / MPhil degree with research background,UMT Entry Test / SAT / NTS (as per policy),790000.0,31-August-2025,https://admissions.umt.edu.pk/prog/PhDChem.aspx
University of Management and Technology,Lahore,School of Sciences,PhD,Mathematics,3 Years,MS / MPhil degree with research background,UMT Entry Test / SAT / NTS (as per policy),690000.0,31-August-2025,https://admissions.umt.edu.pk/prog/PhDMAths.aspx
University of Management and Technology,Lahore,School of Sciences,PhD,Physics,3 Years,MS / MPhil degree with research background,UMT Entry Test / SAT / NTS (as per policy),790000.0,31-August-2025,https://admissions.umt.edu.pk/prog/PhDPhy.aspx
University of Management and Technology,Lahore,School of Education,BS,Education,4 Years,HSSC / A-Levels or equivalent qualification,UMT Entry Test / SAT / NTS (as per policy),790000.0,31-August-2025,https://admissions.umt.edu.pk/prog/BS-Edu.aspx
University of Management and Technology,Lahore,School of Social Sciences,BS,Gender Studies,2 Years,As per UMT admission policy,UMT Entry Test / SAT / NTS (as per policy),381026.0,31-August-2025,https://admissions.umt.edu.pk/prog/BSGS-POSTADP.aspx
University of Management and Technology,Lahore,School of Education,BS,Honors in Special Needs Education,4 Years,HSSC / A-Levels or equivalent qualification,UMT Entry Test / SAT / NTS (as per policy),790000.0,31-August-2025,https://admissions.umt.edu.pk/prog/BSSNE.aspx
University of Management and Technology,Lahore,School of Humanities & Social Sciences,BS,International Relations,4 Years,HSSC / A-Levels or equivalent qualification,UMT Entry Test / SAT / NTS (as per policy),990000.0,31-August-2025,https://admissions.umt.edu.pk/prog/BSIR.aspx
University of Management and Technology,Lahore,School of Systems & Technology,BS,Political Science,4 Years,HSSC / A-Levels or equivalent qualification,UMT Entry Test / SAT / NTS (as per policy),990000.0,31-August-2025,https://admissions.umt.edu.pk/prog/BSPOL.aspx
University of Management and Technology,Lahore,University of Management and Technology,BS,Sociology,4 Years,HSSC / A-Levels or equivalent qualification,UMT Entry Test / SAT / NTS (as per policy),790000.0,31-August-2025,https://admissions.umt.edu.pk/prog/BSSocio.aspx
University of Management and Technology,Lahore,University of Management and Technology,BS,Sociology,2 years,As per UMT admission policy,UMT Entry Test / SAT / NTS (as per policy),566842.0,31-August-2025,https://admissions.umt.edu.pk/prog/BSSOC-POSTADP.aspx
University of Management and Technology,Lahore,School of Education,BS,Special Need Education,2 years,As per UMT admission policy,UMT Entry Test / SAT / NTS (as per policy),480120.0,31-August-2025,https://admissions.umt.edu.pk/prog/BSNE-POSTADP.aspx
University of Management and Technology,Lahore,School of Education,MPhil,Education ( ),2 Years,16 years education from HEC recognized institution,UMT Entry Test / SAT / NTS (as per policy),490000.0,31-August-2025,https://admissions.umt.edu.pk/prog/MPhil-Edu.aspx
University of Management and Technology,Lahore,School of Business & Economics,MPhil,Educational Leadership and Management,2 years,16 years education from HEC recognized institution,UMT Entry Test / SAT / NTS (as per policy),590000.0,31-August-2025,https://admissions.umt.edu.pk/prog/MphilELM.aspx
University of Management and Technology,Lahore,School of Social Sciences,MPhil,Gender Studies,2 Years,16 years education from HEC recognized institution,UMT Entry Test / SAT / NTS (as per policy),490000.0,31-August-2025,https://admissions.umt.edu.pk/prog/MPhil-GS.aspx
University of Management and Technology,Lahore,School of Humanities & Social Sciences,MPhil,International Relation,2 Years,16 years education from HEC recognized institution,UMT Entry Test / SAT / NTS (as per policy),490000.0,31-August-2025,https://admissions.umt.edu.pk/prog/M.Phil-IR.aspx
University of Management and Technology,Lahore,School of Humanities & Social Sciences,MPhil,Islamic Studies (Major in Seerat-un-Nabi (SAW)),2 Years,16 years education from HEC recognized institution,UMT Entry Test / SAT / NTS (as per policy),590000.0,31-August-2025,https://admissions.umt.edu.pk/prog/M.Phil-IS.aspx
University of Management and Technology,Lahore,School of Engineering,MPhil,Islamic Thought and Civilization,2 years,16 years education from HEC recognized institution,UMT Entry Test / SAT / NTS (as per policy),590000.0,31-August-2025,https://admissions.umt.edu.pk/prog/MS-ITC.aspx
University of Management and Technology,Lahore,School of Systems & Technology,MPhil,Political Science,2 Years,16 years education from HEC recognized institution,UMT Entry Test / SAT / NTS (as per policy),490000.0,31-August-2025,https://admissions.umt.edu.pk/prog/MS-POL.aspx
University of Management and Technology,Lahore,University of Management and Technology,MPhil,Sociology,2 Years,16 years education from HEC recognized institution,UMT Entry Test / SAT / NTS (as per policy),490000.0,31-August-2025,https://admissions.umt.edu.pk/prog/MPhilSociology2years.aspx
University of Management and Technology,Lahore,School of Education,MPhil,Special Education,2 Years,16 years education from HEC recognized institution,UMT Entry Test / SAT / NTS (as per policy),490000.0,31-August-2025,https://admissions.umt.edu.pk/prog/MPhil-SEDU.aspx
University of Management and Technology,Lahore,School of Systems & Technology,MS,Security and Strategic Studies,2 Years,16 years education from HEC recognized institution,UMT Entry Test / SAT / NTS (as per policy),390000.0,31-August-2025,https://admissions.umt.edu.pk/prog/MS- Security and Strategic Studies.aspx
University of Management and Technology,Lahore,School of Humanities & Social Sciences,PhD,International Relations,3 Years,MS / MPhil degree with research background,UMT Entry Test / SAT / NTS (as per policy),690000.0,31-August-2025,https://admissions.umt.edu.pk/prog/PhD-IR.aspx
University of Management and Technology,Lahore,School of Engineering,PhD,Islamic Thought and Civilization,3 Years,MS / MPhil degree with research background,UMT Entry Test / SAT / NTS (as per policy),940000.0,31-August-2025,https://admissions.umt.edu.pk/prog/PhD ITC.aspx
University of Management and Technology,Lahore,University of Management and Technology,PhD,Sociology,3 Years,MS / MPhil degree with research background,UMT Entry Test / SAT / NTS (as per policy),690000.0,31-August-2025,https://admissions.umt.edu.pk/prog/PhD Sociology.aspx
University of Management and Technology,Lahore,University of Management and Technology,BS,Artificial Intelligence,4 years,HSSC / A-Levels or equivalent qualification,UMT Entry Test / SAT / NTS (as per policy),1890000.0,31-August-2025,https://admissions.umt.edu.pk/prog/BS AI.aspx
University of Management and Technology,Lahore,School of Systems & Technology,BS,Blockchain Technology,4 Years,HSSC / A-Levels or equivalent qualification,UMT Entry Test / SAT / NTS (as per policy),1690000.0,31-August-2025,https://admissions.umt.edu.pk/prog/BSBCT.aspx
University of Management and Technology,Lahore,School of Systems & Technology,BS,Computer Science,4 years,HSSC / A-Levels or equivalent qualification,UMT Entry Test / SAT / NTS (as per policy),2090000.0,31-August-2025,https://admissions.umt.edu.pk/prog/BSCS.aspx
University of Management and Technology,Lahore,School of Systems & Technology,BS,Computer Science,2 years,As per UMT admission policy,UMT Entry Test / SAT / NTS (as per policy),1191303.0,31-August-2025,https://admissions.umt.edu.pk/prog/BS CS- Post ADP.aspx
University of Management and Technology,Lahore,School of Systems & Technology,BS,Cyber Security,4 Years,HSSC / A-Levels or equivalent qualification,UMT Entry Test / SAT / NTS (as per policy),1690000.0,31-August-2025,https://admissions.umt.edu.pk/prog/BS Cyber security.aspx
University of Management and Technology,Lahore,School of Systems & Technology,BS,Data Science,4 Years,HSSC / A-Levels or equivalent qualification,UMT Entry Test / SAT / NTS (as per policy),1690000.0,31-August-2025,https://admissions.umt.edu.pk/prog/BS-DS.aspx
University of Management and Technology,Lahore,School of Systems & Technology,BS,Gaming and Immersive Media,4 Years,HSSC / A-Levels or equivalent qualification,UMT Entry Test / SAT / NTS (as per policy),1690000.0,31-August-2025,https://admissions.umt.edu.pk/prog/BSGIM.aspx
University of Management and Technology,Lahore,School of Systems & Technology,BS,Information Technology,4 years,HSSC / A-Levels or equivalent qualification,UMT Entry Test / SAT / NTS (as per policy),1690000.0,31-August-2025,https://admissions.umt.edu.pk/prog/BSIT.aspx
University of Management and Technology,Lahore,School of Systems & Technology,BS,Software Engineering,4 years,HSSC / A-Levels or equivalent qualification,UMT Entry Test / SAT / NTS (as per policy),1990000.0,31-August-2025,https://admissions.umt.edu.pk/prog/Bbse.aspx
University of Management and Technology,Lahore,University of Management and Technology,MS,Artificial Intelligence,2 Years,16 years education from HEC recognized institution,UMT Entry Test / SAT / NTS (as per policy),690000.0,31-August-2025,https://admissions.umt.edu.pk/prog/MS AI.aspx
University of Management and Technology,Lahore,School of Systems & Technology,MS,Computer Science,2 Years,16 years education from HEC recognized institution,UMT Entry Test / SAT / NTS (as per policy),690000.0,31-August-2025,https://admissions.umt.edu.pk/prog/MSCS.aspx
University of Management and Technology,Lahore,School of Systems & Technology,MS,Data Science,2 Years,16 years education from HEC recognized institution,UMT Entry Test / SAT / NTS (as per policy),690000.0,31-August-2025,https://admissions.umt.edu.pk/prog/MS-DS.aspx
University of Management and Technology,Lahore,School of Systems & Technology,MS,Information Security,2 years,16 years education from HEC recognized institution,UMT Entry Test / SAT / NTS (as per policy),690000.0,31-August-2025,https://admissions.umt.edu.pk/prog/MS-IS.aspx
University of Management and Technology,Lahore,School of Systems & Technology,MS,Information Technology,2 Years,16 years education from HEC recognized institution,UMT Entry Test / SAT / NTS (as per policy),690000.0,31-August-2025,https://admissions.umt.edu.pk/prog/MS-IT.aspx
University of Management and Technology,Lahore,School of Systems & Technology,MS,Software Engineering,2 Years,16 years education from HEC recognized institution,UMT Entry Test / SAT / NTS (as per policy),690000.0,31-August-2025,https://admissions.umt.edu.pk/prog/MSSE.aspx
University of Management and Technology,Lahore,School of Systems & Technology,MS,Software Project Management,2 Years,16 years education from HEC recognized institution,UMT Entry Test / SAT / NTS (as per policy),590000.0,31-August-2025,https://admissions.umt.edu.pk/prog/MS SPM.aspx
University of Management and Technology,Lahore,School of Systems & Technology,PhD,Computer Science,3 Years,MS / MPhil degree with research background,UMT Entry Test / SAT / NTS (as per policy),990000.0,31-August-2025,https://admissions.umt.edu.pk/prog/PhD-CS.aspx
University of Management and Technology,Lahore,School of Business & Economics,BS,Accounting and Finance,2 years,As per UMT admission policy,UMT Entry Test / SAT / NTS (as per policy),525000.0,31-August-2025,https://admissions.umt.edu.pk/prog/ADP-AF.aspx
University of Management and Technology,Lahore,University of Management and Technology,BS,Artificial Intelligence,2 Years,As per UMT admission policy,UMT Entry Test / SAT / NTS (as per policy),590000.0,31-August-2025,https://admissions.umt.edu.pk/prog/ADP-AI.aspx
University of Management and Technology,Lahore,School of Business & Economics,BS,Business Administration & Commerce,2 Years,As per UMT admission policy,UMT Entry Test / SAT / NTS (as per policy),525000.0,31-August-2025,https://admissions.umt.edu.pk/prog/ADP-BAC.aspx
University of Management and Technology,Lahore,School of Systems & Technology,BS,Computer Science,2 years,As per UMT admission policy,UMT Entry Test / SAT / NTS (as per policy),690000.0,31-August-2025,https://admissions.umt.edu.pk/prog/ADP-CS.aspx
University of Management and Technology,Lahore,School of Systems & Technology,BS,Digital Marketing,2 Years,As per UMT admission policy,UMT Entry Test / SAT / NTS (as per policy),525000.0,31-August-2025,https://admissions.umt.edu.pk/prog/ADP DM.aspx
University of Management and Technology,Lahore,"School of Art, Design & Architecture",BS,Fashion Design,2 Years,As per UMT admission policy,UMT Entry Test / SAT / NTS (as per policy),525000.0,31-August-2025,https://admissions.umt.edu.pk/prog/ADP-FD.aspx
University of Management and Technology,Lahore,"School of Art, Design & Architecture",BS,Graphic Design,2 Years,As per UMT admission policy,UMT Entry Test / SAT / NTS (as per policy),525000.0,31-August-2025,https://admissions.umt.edu.pk/prog/ADP-GD.aspx
University of Management and Technology,Lahore,School of Systems & Technology,BS,Information Technology Management,2 years,As per UMT admission policy,UMT Entry Test / SAT / NTS (as per policy),525000.0,31-August-2025,https://admissions.umt.edu.pk/prog/ADP-IT.aspx
University of Management and Technology,Lahore,School of Media & Communication,BS,Media & Communication Studies,2-Years,As per UMT admission policy,UMT Entry Test / SAT / NTS (as per policy),525000.0,31-August-2025,https://admissions.umt.edu.pk/prog/ADP-MCS.aspx
University of Management and Technology,Lahore,School of Social Sciences,BS,Psychology,2 years,As per UMT admission policy,UMT Entry Test / SAT / NTS (as per policy),525000.0,31-August-2025,https://admissions.umt.edu.pk/prog/ADP-Psy.aspx
University of Management and Technology,Lahore,School of Systems & Technology,BS,Software Engineering,2 Years,As per UMT admission policy,UMT Entry Test / SAT / NTS (as per policy),590000.0,31-August-2025,https://admissions.umt.edu.pk/prog/ADP SE.aspx
University of Karachi,Karachi,Chemical Engineering(Accredited with PEC),PhD,Chemical Engineering(Accredited with PEC),3–5 Years,18 years education (MS/MPhil) with minimum 3.0 CGPA.,HEC GAT (Subject) + Interview,35000.0,30-August-2026,https://www.uok.edu.pk/faculties/
University of Karachi,Karachi,Pharmaceutical Chemistry,PhD,Pharmaceutical Chemistry,3–5 Years,18 years education (MS/MPhil) with minimum 3.0 CGPA.,HEC GAT (Subject) + Interview,35000.0,30-August-2026,https://www.uok.edu.pk/faculties/
University of Karachi,Karachi,Pharmaceutics,PhD,Pharmaceutics,3–5 Years,18 years education (MS/MPhil) with minimum 3.0 CGPA.,HEC GAT (Subject) + Interview,35000.0,30-August-2026,https://www.uok.edu.pk/faculties/
University of Karachi,Karachi,Pharmacology,PhD,Pharmacology,3–5 Years,18 years education (MS/MPhil) with minimum 3.0 CGPA.,HEC GAT (Subject) + Interview,35000.0,30-August-2026,https://www.uok.edu.pk/faculties/
University of Karachi,Karachi,Pharmacognosy,PhD,Pharmacognosy,3–5 Years,18 years education (MS/MPhil) with minimum 3.0 CGPA.,HEC GAT (Subject) + Interview,35000.0,30-August-2026,https://www.uok.edu.pk/faculties/
University of Karachi,Karachi,Pharmacy Practice,PhD,Pharmacy Practice,3–5 Years,18 years education (MS/MPhil) with minimum 3.0 CGPA.,HEC GAT (Subject) + Interview,35000.0,30-August-2026,https://www.uok.edu.pk/faculties/
University of Karachi,Karachi,Arabic,PhD,Arabic,3–5 Years,18 years education (MS/MPhil) with minimum 3.0 CGPA.,HEC GAT (Subject) + Interview,35000.0,30-August-2026,https://www.uok.edu.pk/faculties/
University of Karachi,Karachi,Bengali,PhD,Bengali,3–5 Years,18 years education (MS/MPhil) with minimum 3.0 CGPA.,HEC GAT (Subject) + Interview,35000.0,30-August-2026,https://www.uok.edu.pk/faculties/
University of Karachi,Karachi,Criminology,PhD,Criminology,3–5 Years,18 years education (MS/MPhil) with minimum 3.0 CGPA.,HEC GAT (Subject) + Interview,35000.0,30-August-2026,https://www.uok.edu.pk/faculties/
University of Karachi,Karachi,Economics,PhD,Economics,3–5 Years,18 years education (MS/MPhil) with minimum 3.0 CGPA.,HEC GAT (Subject) + Interview,35000.0,30-August-2026,https://www.uok.edu.pk/faculties/
University of Karachi,Karachi,English,PhD,English,3–5 Years,18 years education (MS/MPhil) with minimum 3.0 CGPA.,HEC GAT (Subject) + Interview,35000.0,30-August-2026,https://www.uok.edu.pk/faculties/
University of Karachi,Karachi,History,PhD,History,3–5 Years,18 years education (MS/MPhil) with minimum 3.0 CGPA.,HEC GAT (Subject) + Interview,35000.0,30-August-2026,https://www.uok.edu.pk/faculties/
University of Karachi,Karachi,International Relations,PhD,International Relations,3–5 Years,18 years education (MS/MPhil) with minimum 3.0 CGPA.,HEC GAT (Subject) + Interview,35000.0,30-August-2026,https://www.uok.edu.pk/faculties/
University of Karachi,Karachi,Islamic History,PhD,Islamic History,3–5 Years,18 years education (MS/MPhil) with minimum 3.0 CGPA.,HEC GAT (Subject) + Interview,35000.0,30-August-2026,https://www.uok.edu.pk/faculties/
University of Karachi,Karachi,Library & Information Science,PhD,Library & Information Science,3–5 Years,18 years education (MS/MPhil) with minimum 3.0 CGPA.,HEC GAT (Subject) + Interview,35000.0,30-August-2026,https://www.uok.edu.pk/faculties/
University of Karachi,Karachi,Mass Communication,PhD,Mass Communication,3–5 Years,18 years education (MS/MPhil) with minimum 3.0 CGPA.,HEC GAT (Subject) + Interview,35000.0,30-August-2026,https://www.uok.edu.pk/faculties/
University of Karachi,Karachi,Persian,PhD,Persian,3–5 Years,18 years education (MS/MPhil) with minimum 3.0 CGPA.,HEC GAT (Subject) + Interview,35000.0,30-August-2026,https://www.uok.edu.pk/faculties/
University of Karachi,Karachi,Philosophy,PhD,Philosophy,3–5 Years,18 years education (MS/MPhil) with minimum 3.0 CGPA.,HEC GAT (Subject) + Interview,35000.0,30-August-2026,https://www.uok.edu.pk/faculties/
University of Karachi,Karachi,Political Science,PhD,Political Science,3–5 Years,18 years education (MS/MPhil) with minimum 3.0 CGPA.,HEC GAT (Subject) + Interview,35000.0,30-August-2026,https://www.uok.edu.pk/faculties/
University of Karachi,Karachi,Psychology,PhD,Psychology,3–5 Years,18 years education (MS/MPhil) with minimum 3.0 CGPA.,HEC GAT (Subject) + Interview,35000.0,30-August-2026,https://www.uok.edu.pk/faculties/
University of Karachi,Karachi,Sindhi,PhD,Sindhi,3–5 Years,18 years education (MS/MPhil) with minimum 3.0 CGPA.,HEC GAT (Subject) + Interview,35000.0,30-August-2026,https://www.uok.edu.pk/faculties/
University of Karachi,Karachi,Social Work,PhD,Social Work,3–5 Years,18 years education (MS/MPhil) with minimum 3.0 CGPA.,HEC GAT (Subject) + Interview,35000.0,30-August-2026,https://www.uok.edu.pk/faculties/
University of Karachi,Karachi,Sociology,PhD,Sociology,3–5 Years,18 years education (MS/MPhil) with minimum 3.0 CGPA.,HEC GAT (Subject) + Interview,35000.0,30-August-2026,https://www.uok.edu.pk/faculties/
University of Karachi,Karachi,Urdu,PhD,Urdu,3–5 Years,18 years education (MS/MPhil) with minimum 3.0 CGPA.,HEC GAT (Subject) + Interview,35000.0,30-August-2026,https://www.uok.edu.pk/faculties/
University of Karachi,Karachi,Visual Studies,PhD,Visual Studies,3–5 Years,18 years education (MS/MPhil) with minimum 3.0 CGPA.,HEC GAT (Subject) + Interview,35000.0,30-August-2026,https://www.uok.edu.pk/faculties/
Ziauddin University,Karachi,Ziauddin Medical College,BS,Medicine & Surgery,5 Years,Intermediate / A-Levels (relevant discipline),Ziauddin University Admission Test,120000.0,30-September-2026,https://zu.edu.pk/faculty-of-health-sciences/ziauddin-medical-college/bachelor-of-medicine-bachelor-of-surgery-mbbs/
Ziauddin University,Karachi,College of Dentistry,BS,Dental Surgery,5 Years,Intermediate / A-Levels (relevant discipline),Ziauddin University Admission Test,120000.0,30-September-2026,https://zu.edu.pk/faculty-of-health-sciences/college-of-dentistry/bachelors-of-dental-surgery/
Ziauddin University,Karachi,College of Public Health (Sukkur),BS,Public Health,4 Years,Intermediate / A-Levels (relevant discipline),Ziauddin University Admission Test,120000.0,30-September-2026,https://zu.edu.pk/faculty-of-health-sciences/college-of-public-health-sukkur/bachelors-in-public-health-bsph/
Ziauddin University,Karachi,College of Molecular Medicine,BS,Molecular Medicine,4 Years,Intermediate / A-Levels (relevant discipline),Ziauddin University Admission Test,120000.0,30-September-2026,https://zu.edu.pk/faculty-of-health-sciences/college-of-molecular-medicine/bs-molecular-medicine/
Ziauddin University,Karachi,College of Physical Therapy (Karachi),BS,Physical Therapy,5 Years,Intermediate / A-Levels (relevant discipline),Ziauddin University Admission Test,120000.0,30-September-2026,https://zu.edu.pk/faculty-of-allied-health-sciences/college-of-physical-therapy-karachi/doctor-of-physical-therapy-karachi/
Ziauddin University,Karachi,College of Occupational Therapy (Karachi),BS,Occupational Therapy,5 Years,Intermediate / A-Levels (relevant discipline),Ziauddin University Admission Test,120000.0,30-September-2026,https://zu.edu.pk/faculty-of-allied-health-sciences/college-of-occupational-therapy-karachi/doctor-of-occupational-therapy-karachi/
Ziauddin University,Karachi,College of Occupational Therapy (Karachi),BS,Occupational Therapy,3 Years,Intermediate / A-Levels (relevant discipline),Ziauddin University Admission Test,120000.0,30-September-2026,https://zu.edu.pk/faculty-of-allied-health-sciences/college-of-occupational-therapy-karachi/accelerated-doctor-of-occupational-therapy/
Ziauddin University,Karachi,College of Speech Language & Hearing Sciences,BS,Accelerated Audiology & Speech Language Therapy,1.5 Years,Intermediate / A-Levels (relevant discipline),Ziauddin University Admission Test,120000.0,30-September-2026,https://zu.edu.pk/faculty-of-allied-health-sciences/college-of-speech-language-hearing-sciences/bs-accelerated-audiology-and-speech-language-therapy-aaslt-1-5-year/
Ziauddin University,Karachi,College of Clinical Psychology (Karachi),BS,Clinical Psychology,4 Years,Intermediate / A-Levels (relevant discipline),Ziauddin University Admission Test,120000.0,30-September-2026,https://zu.edu.pk/faculty-of-allied-health-sciences/college-of-clinical-psychology-karachi-campus/bs-in-psychology-clinical-psychology/
Ziauddin University,Karachi,College of Clinical Psychology (Sukkur),BS,Clinical Psychology,4 Years,Intermediate / A-Levels (relevant discipline),Ziauddin University Admission Test,120000.0,30-September-2026,https://zu.edu.pk/faculty-of-allied-health-sciences/college-of-clinical-psychology-sukkur-campus/bs-in-psychology-clinical-psychology/
Ziauddin University,Karachi,College of Speech Language & Hearing Sciences,BS,Audiology & Speech Language Therapy,4 Years,Intermediate / A-Levels (relevant discipline),Ziauddin University Admission Test,120000.0,30-September-2026,https://zu.edu.pk/faculty-of-allied-health-sciences/college-of-speech-language-hearing-sciences/bs-audiology-speech-language-therapy/
Ziauddin University,Karachi,College of Podiatric Medicine,BS,Podiatric Medicine,5 Years,Intermediate / A-Levels (relevant discipline),Ziauddin University Admission Test,120000.0,30-September-2026,https://zu.edu.pk/faculty-of-allied-health-sciences/college-of-podiatric-medicine/doctor-of-podiatric-medicine/
Ziauddin University,Karachi,College of Medical Technology (Karachi),BS,Medical Technology,4 Years,Intermediate / A-Levels (relevant discipline),Ziauddin University Admission Test,120000.0,30-September-2026,https://zu.edu.pk/faculty-of-allied-health-sciences/college-of-medical-technology-karachi/b-s-medical-technology-04-years-programme/
Ziauddin University,Karachi,College of Human Nutrition & Dietetics,BS,Human Nutrition & Dietetics,4 Years,Intermediate / A-Levels (relevant discipline),Ziauddin University Admission Test,120000.0,30-September-2026,https://zu.edu.pk/faculty-of-allied-health-sciences/college-of-human-nutrition-dietetics/bs-human-nutrition-and-dietetics/
Ziauddin University,Karachi,College of Media Sciences,BS,Communication & Media Sciences,4 Years,Intermediate / A-Levels (relevant discipline),Ziauddin University Admission Test,120000.0,30-September-2026,https://zu.edu.pk/faculty-of-liberal-arts-human-sciences/college-of-media-sciences/bs-in-communication-and-media-sciences/
Ziauddin University,Karachi,College of Media Sciences,BS,Digital Media Marketing,4 Years,Intermediate / A-Levels (relevant discipline),Ziauddin University Admission Test,120000.0,30-September-2026,https://zu.edu.pk/faculty-of-liberal-arts-human-sciences/college-of-media-sciences/bs-digital-media-marketing/
Ziauddin University,Karachi,"College of Languages, Literature & Culture",BS,English,4 Years,Intermediate / A-Levels (relevant discipline),Ziauddin University Admission Test,120000.0,30-September-2026,https://zu.edu.pk/faculty-of-liberal-arts-human-sciences/college-of-languages-literature-culture/bs-english/
Ziauddin University,Karachi,College of Education,BS,Education,4 Years,Intermediate / A-Levels (relevant discipline),Ziauddin University Admission Test,120000.0,30-September-2026,https://zu.edu.pk/faculty-of-liberal-arts-human-sciences/college-of-education/bs-education-psychology/
Ziauddin University,Karachi,"College of Languages, Literature & Culture",BS,Social Change & Development,4 Years,Intermediate / A-Levels (relevant discipline),Ziauddin University Admission Test,120000.0,30-September-2026,https://zu.edu.pk/faculty-of-liberal-arts-human-sciences/college-of-languages-literature-culture/bs-in-social-change-development/
Ziauddin University,Karachi,"Faculty of Law, Politics & Governance",BS,Laws (LLB),5 Years,Intermediate / A-Levels (relevant discipline),Ziauddin University Admission Test,120000.0,30-September-2026,https://zu.edu.pk/faculty-of-law-politics-governance/bachelor-of-laws/
Ziauddin University,Karachi,Department of Biomedical Engineering,BS,Biomedical Engineering,4 Years,Intermediate / A-Levels (relevant discipline),Ziauddin University Admission Test,120000.0,30-September-2026,https://zu.edu.pk/faculty-of-engineering-science-technology-management/college-of-engineering-technology/department-of-biomedical-engineering/be-biomedical-engineering/
Ziauddin University,Karachi,Department of Electrical Engineering,BS,Electrical Engineering,4 Years,Intermediate / A-Levels (relevant discipline),Ziauddin University Admission Test,120000.0,30-September-2026,https://zu.edu.pk/faculty-of-engineering-science-technology-management/college-of-engineering-technology/department-of-electrical-engineering/be-electrical-engineering/
Ziauddin University,Karachi,Department of Computer Science,BS,Computer Science,4 Years,Intermediate / A-Levels (relevant discipline),Ziauddin University Admission Test,120000.0,30-September-2026,https://zu.edu.pk/faculty-of-engineering-science-technology-management/college-of-computing-and-software-engineering/department-of-computer-science/bs-computer-science/
Ziauddin University,Karachi,Department of Software Engineering,BS,Software Engineering,4 Years,Intermediate / A-Levels (relevant discipline),Ziauddin University Admission Test,120000.0,30-September-2026,https://zu.edu.pk/faculty-of-engineering-science-technology-management/college-of-computing-and-software-engineering/department-of-software-engineering/bs-software-engineering/
Ziauddin University,Karachi,Department of Business Administration,BS,Business Administration,4 Years,Intermediate / A-Levels (relevant discipline),Ziauddin University Admission Test,120000.0,30-September-2026,https://zu.edu.pk/faculty-of-engineering-science-technology-management/college-of-management-sciences/department-of-business-administration/bachelor-of-business-administration-bba/
Ziauddin University,Karachi,College of Medical Technology (Karachi),PhD,Medical Technology,3–5 Years,Relevant MS / MPhil / MBBS / BS degree,GAT (General/Subject) + Interview,150000.0,31-October-2026,https://zu.edu.pk/faculty-of-allied-health-sciences/college-of-medical-technology-karachi/phd-in-medical-technology/
Ziauddin University,Karachi,Ziauddin Medical College,MPhil,Anatomy,2 Years,Relevant MS / MPhil / MBBS / BS degree,GAT (General/Subject) + Interview,150000.0,31-October-2026,https://zu.edu.pk/faculty-of-health-sciences/ziauddin-medical-college/m-phil-basic-health-sciences/mphil-anatomy/
Ziauddin University,Karachi,Ziauddin Medical College,MPhil,Biochemistry,2 Years,Relevant MS / MPhil / MBBS / BS degree,GAT (General/Subject) + Interview,150000.0,31-October-2026,https://zu.edu.pk/faculty-of-health-sciences/ziauddin-medical-college/m-phil-basic-health-sciences/m-phil-biochemistry/
Ziauddin University,Karachi,Ziauddin Medical College,MPhil,Physiology,2 Years,Relevant MS / MPhil / MBBS / BS degree,GAT (General/Subject) + Interview,150000.0,31-October-2026,https://zu.edu.pk/faculty-of-health-sciences/ziauddin-medical-college/m-phil-basic-health-sciences/m-phil-physiology/
Ziauddin University,Karachi,Ziauddin Medical College,MPhil,Pharmacology,2 Years,Relevant MS / MPhil / MBBS / BS degree,GAT (General/Subject) + Interview,150000.0,31-October-2026,https://zu.edu.pk/faculty-of-health-sciences/ziauddin-medical-college/m-phil-basic-health-sciences/mphil-pharmacology/
Ziauddin University,Karachi,Ziauddin Medical College,MPhil,Molecular Medicine,2 Years,Relevant MS / MPhil / MBBS / BS degree,GAT (General/Subject) + Interview,150000.0,31-October-2026,https://zu.edu.pk/faculty-of-health-sciences/ziauddin-medical-college/m-phil-basic-health-sciences/m-phil-in-molecular-medicine/
Ziauddin University,Karachi,Ziauddin Medical College,MPhil,Forensic Medicine & Toxicology,2 Years,Relevant MS / MPhil / MBBS / BS degree,GAT (General/Subject) + Interview,150000.0,31-October-2026,https://zu.edu.pk/faculty-of-health-sciences/ziauddin-medical-college/m-phil-basic-health-sciences/m-phil-forensic-medicine-toxicology/
Ziauddin University,Karachi,College of Dentistry,MPhil,Basic Dental Sciences,2 Years,Relevant MS / MPhil / MBBS / BS degree,GAT (General/Subject) + Interview,150000.0,31-October-2026,https://zu.edu.pk/faculty-of-health-sciences/college-of-dentistry/m-phil-basic-dental-sciences/
Ziauddin University,Karachi,Ziauddin Medical College,PhD,Anatomy (Health Sciences),3–5 Years,Relevant MS / MPhil / MBBS / BS degree,GAT (General/Subject) + Interview,150000.0,31-October-2026,https://zu.edu.pk/faculty-of-health-sciences/ziauddin-medical-college/ph-d-in-health-sciences/phd-in-anatomy-in-health-sciences/
Ziauddin University,Karachi,Ziauddin Medical College,PhD,Biochemistry (Health Sciences),3–5 Years,Relevant MS / MPhil / MBBS / BS degree,GAT (General/Subject) + Interview,150000.0,31-October-2026,https://zu.edu.pk/faculty-of-health-sciences/ziauddin-medical-college/ph-d-in-health-sciences/ph-d-in-biochemistry-in-health-sciences/
Ziauddin University,Karachi,Ziauddin Medical College,PhD,Physiology (Health Sciences),3–5 Years,Relevant MS / MPhil / MBBS / BS degree,GAT (General/Subject) + Interview,150000.0,31-October-2026,https://zu.edu.pk/faculty-of-health-sciences/ziauddin-medical-college/ph-d-in-health-sciences/ph-d-in-physiology-in-health-sciences/
Ziauddin University,Karachi,Ziauddin Medical College,PhD,Pharmacology (Health Sciences),3–5 Years,Relevant MS / MPhil / MBBS / BS degree,GAT (General/Subject) + Interview,150000.0,31-October-2026,https://zu.edu.pk/faculty-of-health-sciences/ziauddin-medical-college/ph-d-in-health-sciences/ph-d-in-pharmacology-in-health-sciences-copy/
Ziauddin University,Karachi,College of Molecular Medicine,PhD,Molecular Medicine,3–5 Years,Relevant MS / MPhil / MBBS / BS degree,GAT (General/Subject) + Interview,150000.0,31-October-2026,https://zu.edu.pk/faculty-of-health-sciences/college-of-molecular-medicine/phd-molecular-medicine/
Ziauddin University,Karachi,Department of Civil Engineering,PhD,Civil Engineering,3–5 Years,Relevant MS / MPhil / MBBS / BS degree,GAT (General/Subject) + Interview,150000.0,31-October-2026,https://zu.edu.pk/faculty-of-engineering-science-technology-management/college-of-engineering-technology/department-of-civil-engineering/phd-civil-engineering/
Ziauddin University,Karachi,Department of Management Sciences,PhD,Management Sciences,3–5 Years,Relevant MS / MPhil / MBBS / BS degree,GAT (General/Subject) + Interview,150000.0,31-October-2026,https://zu.edu.pk/faculty-of-engineering-science-technology-management/college-of-management-sciences/department-of-management-sciences/ph-d-management-sciences/
Ziauddin University,Karachi,College of Education,MPhil,Education,2 Years,Relevant MS / MPhil / MBBS / BS degree,GAT (General/Subject) + Interview,150000.0,31-October-2026,https://zu.edu.pk/faculty-of-liberal-arts-human-sciences/college-of-education/m-phil-education/
Ziauddin University,Karachi,Department of Biomedical Engineering,MS,Biomedical Engineering,2 Years,Relevant MS / MPhil / MBBS / BS degree,GAT (General/Subject) + Interview,150000.0,31-October-2026,https://zu.edu.pk/faculty-of-engineering-science-technology-management/college-of-engineering-technology/department-of-biomedical-engineering/ms-biomedical-engineering/
Ziauddin University,Karachi,Department of Electrical Engineering,MS,Electrical Engineering,2 Years,Relevant MS / MPhil / MBBS / BS degree,GAT (General/Subject) + Interview,150000.0,31-October-2026,https://zu.edu.pk/faculty-of-engineering-science-technology-management/college-of-engineering-technology/department-of-electrical-engineering/ms-electrical-engineering/
Ziauddin University,Karachi,Department of Civil Engineering,MS,Civil Engineering,2 Years,Relevant MS / MPhil / MBBS / BS degree,GAT (General/Subject) + Interview,150000.0,31-October-2026,https://zu.edu.pk/faculty-of-engineering-science-technology-management/college-of-engineering-technology/department-of-civil-engineering/ms-civil-engineering/
Ziauddin University,Karachi,Department of Business Administration,MBA,Business Administration,2 Years,Relevant MS / MPhil / MBBS / BS degree,GAT (General/Subject) + Interview,150000.0,31-October-2026,https://zu.edu.pk/faculty-of-engineering-science-technology-management/college-of-management-sciences/department-of-business-administration/master-of-business-administration-mba/
Ziauddin University,Karachi,Department of Management Sciences,MS,Management Sciences,2 Years,Relevant MS / MPhil / MBBS / BS degree,GAT (General/Subject) + Interview,150000.0,31-October-2026,https://zu.edu.pk/faculty-of-engineering-science-technology-management/college-of-management-sciences/department-of-management-sciences/ms-management-sciences/
Ziauddin University,Karachi,Department of Computer Science,MS,Computer Science,2 Years,Relevant MS / MPhil / MBBS / BS degree,GAT (General/Subject) + Interview,150000.0,31-October-2026,https://zu.edu.pk/faculty-of-engineering-science-technology-management/college-of-computing-and-software-engineering/department-of-computer-science/ms-computer-science/
Ziauddin University,Karachi,Department of Biomedical Engineering,MPhil,Biotechnology,2 Years,Relevant MS / MPhil / MBBS / BS degree,GAT (General/Subject) + Interview,150000.0,31-October-2026,https://zu.edu.pk/faculty-of-engineering-science-technology-management/college-of-engineering-technology/department-of-biomedical-engineering/mphil-biotechnology/
Ziauddin University,Karachi,Department of Biomedical Engineering,MPhil,Food Science & Technology,2 Years,Relevant MS / MPhil / MBBS / BS degree,GAT (General/Subject) + Interview,150000.0,31-October-2026,https://zu.edu.pk/faculty-of-engineering-science-technology-management/college-of-engineering-technology/department-of-biomedical-engineering/m-phil-in-food-science-and-technology/
Ziauddin University,Karachi,Department of Electrical Engineering,PhD,Electrical Engineering,3–5 Years,Relevant MS / MPhil / MBBS / BS degree,GAT (General/Subject) + Interview,150000.0,31-October-2026,https://zu.edu.pk/faculty-of-engineering-science-technology-management/college-of-engineering-technology/department-of-electrical-engineering/ph-d-electrical-engineering/
Ziauddin University,Karachi,Faculty of Nursing & Midwifery,MS,Nursing,2 Years,Relevant MS / MPhil / MBBS / BS degree,GAT (General/Subject) + Interview,150000.0,31-October-2026,https://zu.edu.pk/faculty-of-nursing-midwifery/master-of-science-in-nursing-2-years/
Ziauddin University,Karachi,Faculty of Nursing & Midwifery,PhD,Nursing,3 Years,Relevant MS / MPhil / MBBS / BS degree,GAT (General/Subject) + Interview,150000.0,31-October-2026,https://zu.edu.pk/faculty-of-nursing-midwifery/doctor-of-philosophy-in-nursing-ph-d-3-years/
Ziauddin University,Karachi,College of Pharmacy (Karachi),PhD,Pharmacy,3–5 Years,Relevant MS / MPhil / MBBS / BS degree,GAT (General/Subject) + Interview,150000.0,31-October-2026,https://zu.edu.pk/faculty-of-pharmacy-and-pharmaceutical-sciences/college-of-pharmacy-karachi/doctor-of-philosophy-ph-d/
Ziauddin University,Karachi,College of Pharmacy (Karachi),MPhil,Pharmacy,2 Years,Relevant MS / MPhil / MBBS / BS degree,GAT (General/Subject) + Interview,150000.0,31-October-2026,https://zu.edu.pk/faculty-of-pharmacy-and-pharmaceutical-sciences/college-of-pharmacy-karachi/master-of-philosophy-mphil/
Beaconhouse National University,Lahore,Mariam Dawood School of Visual Arts & Design,BS,Fine Arts in Visual Arts,4 Years,Minimum 50% marks in HSSC / A-Levels / Equivalent. FA / FSc / ICS / ICom / A-Levels accepted. Architecture requires NATA. Media & Design programs require portfolio and interview.,Portfolio + Interview + Admission Test,300000.0,15-August-2026,https://www.bnu.edu.pk/program/bachelor-of-fine-arts-in-visual-arts
Beaconhouse National University,Lahore,Mariam Dawood School of Visual Arts & Design,BS,"Design in Textile, Fashion & Accessories Design Specialization: Textile & Fibre",4 Years,Minimum 50% marks in HSSC / A-Levels / Equivalent. FA / FSc / ICS / ICom / A-Levels accepted. Architecture requires NATA. Media & Design programs require portfolio and interview.,Portfolio + Interview + Admission Test,300000.0,15-August-2026,https://www.bnu.edu.pk/program/bachelor-of-design-in-textile-fashion-accessories-design-specialization-textile-fibre
Beaconhouse National University,Lahore,Mariam Dawood School of Visual Arts & Design,BS,"Design in Textile, Fashion & Accessories Design Specialization: Jewellery & Accessories",4 Years,Minimum 50% marks in HSSC / A-Levels / Equivalent. FA / FSc / ICS / ICom / A-Levels accepted. Architecture requires NATA. Media & Design programs require portfolio and interview.,Portfolio + Interview + Admission Test,300000.0,15-August-2026,https://www.bnu.edu.pk/program/bachelor-of-design-in-textile-fashion-accessories-design-specialization-jewellery-accessories-
Beaconhouse National University,Lahore,Mariam Dawood School of Visual Arts & Design,BS,"Design in Textile, Fashion & Accessories Design Specialization: Fashion",4 Years,Minimum 50% marks in HSSC / A-Levels / Equivalent. FA / FSc / ICS / ICom / A-Levels accepted. Architecture requires NATA. Media & Design programs require portfolio and interview.,Portfolio + Interview + Admission Test,300000.0,15-August-2026,https://www.bnu.edu.pk/program/bachelor-of-design-in-textile-fashion-accessories-design-specialization-fashion
Beaconhouse National University,Lahore,Mariam Dawood School of Visual Arts & Design,BS,Design in Visual Communication Design,4 Years,Minimum 50% marks in HSSC / A-Levels / Equivalent. FA / FSc / ICS / ICom / A-Levels accepted. Architecture requires NATA. Media & Design programs require portfolio and interview.,Portfolio + Interview + Admission Test,300000.0,15-August-2026,https://www.bnu.edu.pk/program/bachelor-of-design-in-visual-communication-design
Beaconhouse National University,Lahore,Mariam Dawood School of Visual Arts & Design,BS,Terdisciplinary Expanded Design & Art,4 Years,Minimum 50% marks in HSSC / A-Levels / Equivalent. FA / FSc / ICS / ICom / A-Levels accepted. Architecture requires NATA. Media & Design programs require portfolio and interview.,Portfolio + Interview + Admission Test,300000.0,15-August-2026,https://www.bnu.edu.pk/program/bachelor-of-arts-hons-interdisciplinary-expanded-design-art
Beaconhouse National University,Lahore,Razia Hassan School of Architecture,BS,Architecture,5 Years,Minimum 50% marks in HSSC / A-Levels / Equivalent. FA / FSc / ICS / ICom / A-Levels accepted. Architecture requires NATA. Media & Design programs require portfolio and interview.,NATA + Interview,350000.0,15-August-2026,https://www.bnu.edu.pk/program/bachelor-of-architecture-barch
Beaconhouse National University,Lahore,Razia Hassan School of Architecture,BS,Interior Design,4 Years,Minimum 50% marks in HSSC / A-Levels / Equivalent. FA / FSc / ICS / ICom / A-Levels accepted. Architecture requires NATA. Media & Design programs require portfolio and interview.,Portfolio + Interview + Admission Test,300000.0,15-August-2026,https://www.bnu.edu.pk/program/bachelor-in-interior-design
Beaconhouse National University,Lahore,School of Liberal Arts & Social Sciences,BS,Liberal Arts & Social Sciences,4 Years,Minimum 50% marks in HSSC / A-Levels / Equivalent. FA / FSc / ICS / ICom / A-Levels accepted. Architecture requires NATA. Media & Design programs require portfolio and interview.,BNU Admission Test + Interview,170000.0,15-August-2026,https://www.bnu.edu.pk/program/bs-in-liberal-arts-social-sciences
Beaconhouse National University,Lahore,Beaconhouse National University,BS,Political Science,4 Years,Minimum 50% marks in HSSC / A-Levels / Equivalent. FA / FSc / ICS / ICom / A-Levels accepted. Architecture requires NATA. Media & Design programs require portfolio and interview.,BNU Admission Test + Interview,170000.0,15-August-2026,https://www.bnu.edu.pk/program/bs-in-political-science
Beaconhouse National University,Lahore,School of Media & Communication,BS,"Theatre, Film & TV",4 Years,Minimum 50% marks in HSSC / A-Levels / Equivalent. FA / FSc / ICS / ICom / A-Levels accepted. Architecture requires NATA. Media & Design programs require portfolio and interview.,Portfolio + Interview + Admission Test,250000.0,15-August-2026,https://www.bnu.edu.pk/program/bs-in-theatre-film-tv
Beaconhouse National University,Lahore,School of Media & Communication,BS,Journalism & Media Studies,4 Years,Minimum 50% marks in HSSC / A-Levels / Equivalent. FA / FSc / ICS / ICom / A-Levels accepted. Architecture requires NATA. Media & Design programs require portfolio and interview.,Portfolio + Interview + Admission Test,250000.0,15-August-2026,https://www.bnu.edu.pk/program/bs-journalism-and-media-studies
Beaconhouse National University,Lahore,School of Media & Communication,BS,Communication and Immersive Media,4 Years,Minimum 50% marks in HSSC / A-Levels / Equivalent. FA / FSc / ICS / ICom / A-Levels accepted. Architecture requires NATA. Media & Design programs require portfolio and interview.,Portfolio + Interview + Admission Test,250000.0,15-August-2026,https://www.bnu.edu.pk/program/bs-communication-and-immersive-media
Beaconhouse National University,Lahore,School of Computer & Information Technology,BS,Computer Science,4 Years,Minimum 50% marks in HSSC / A-Levels / Equivalent. FA / FSc / ICS / ICom / A-Levels accepted. Architecture requires NATA. Media & Design programs require portfolio and interview.,BNU Admission Test + Interview,200000.0,15-August-2026,https://www.bnu.edu.pk/program/bs-computer-science
Beaconhouse National University,Lahore,School of Computer & Information Technology,BS,Management & Business Computing,4 Years,Minimum 50% marks in HSSC / A-Levels / Equivalent. FA / FSc / ICS / ICom / A-Levels accepted. Architecture requires NATA. Media & Design programs require portfolio and interview.,BNU Admission Test + Interview,200000.0,15-August-2026,https://www.bnu.edu.pk/program/bs-management-business-computing
Beaconhouse National University,Lahore,School of Computer & Information Technology,BS,Software Engineering,4 Years,Minimum 50% marks in HSSC / A-Levels / Equivalent. FA / FSc / ICS / ICom / A-Levels accepted. Architecture requires NATA. Media & Design programs require portfolio and interview.,BNU Admission Test + Interview,200000.0,15-August-2026,https://www.bnu.edu.pk/program/bs-software-engineering
Beaconhouse National University,Lahore,School of Computer & Information Technology,BS,Artificial Intelligence,4 Years,Minimum 50% marks in HSSC / A-Levels / Equivalent. FA / FSc / ICS / ICom / A-Levels accepted. Architecture requires NATA. Media & Design programs require portfolio and interview.,BNU Admission Test + Interview,200000.0,15-August-2026,https://www.bnu.edu.pk/program/bs-artificial-intelligence
Beaconhouse National University,Lahore,School of Management Sciences,BS,Business Administration,4 Years,Minimum 50% marks in HSSC / A-Levels / Equivalent. FA / FSc / ICS / ICom / A-Levels accepted. Architecture requires NATA. Media & Design programs require portfolio and interview.,BNU Admission Test + Interview,190000.0,15-August-2026,https://www.bnu.edu.pk/program/bba-hons
Beaconhouse National University,Lahore,School of Management Sciences,BS,Business Intelligence and Analytics,4 Years,Minimum 50% marks in HSSC / A-Levels / Equivalent. FA / FSc / ICS / ICom / A-Levels accepted. Architecture requires NATA. Media & Design programs require portfolio and interview.,BNU Admission Test + Interview,190000.0,15-August-2026,https://www.bnu.edu.pk/program/bs-business-intelligence-and-analytics
Beaconhouse National University,Lahore,School of Management Sciences,BS,Hospitality Management,4 Years,Minimum 50% marks in HSSC / A-Levels / Equivalent. FA / FSc / ICS / ICom / A-Levels accepted. Architecture requires NATA. Media & Design programs require portfolio and interview.,BNU Admission Test + Interview,190000.0,15-August-2026,https://www.bnu.edu.pk/program/bs-hospitality-management
Beaconhouse National University,Lahore,School of Management Sciences,BS,Economics,4 Years,Minimum 50% marks in HSSC / A-Levels / Equivalent. FA / FSc / ICS / ICom / A-Levels accepted. Architecture requires NATA. Media & Design programs require portfolio and interview.,BNU Admission Test + Interview,190000.0,15-August-2026,https://www.bnu.edu.pk/program/bs-economics
Beaconhouse National University,Lahore,School of Management Sciences,BS,Economics and Finance,4 Years,Minimum 50% marks in HSSC / A-Levels / Equivalent. FA / FSc / ICS / ICom / A-Levels accepted. Architecture requires NATA. Media & Design programs require portfolio and interview.,BNU Admission Test + Interview,190000.0,15-August-2026,https://www.bnu.edu.pk/program/bs-economics-and-finance
Beaconhouse National University,Lahore,School of Management Sciences,BS,Economics With Data Science,4 Years,Minimum 50% marks in HSSC / A-Levels / Equivalent. FA / FSc / ICS / ICom / A-Levels accepted. Architecture requires NATA. Media & Design programs require portfolio and interview.,BNU Admission Test + Interview,190000.0,15-August-2026,https://www.bnu.edu.pk/program/bs-economics-with-data-science
Beaconhouse National University,Lahore,Institute of Psychology,BS,Applied Psychology,4 Years,Minimum 50% marks in HSSC / A-Levels / Equivalent. FA / FSc / ICS / ICom / A-Levels accepted. Architecture requires NATA. Media & Design programs require portfolio and interview.,BNU Admission Test + Interview,180000.0,15-August-2026,https://www.bnu.edu.pk/program/bs-in-applied-psychology
Beaconhouse National University,Lahore,School of Media & Communication,MS,Film & TV,2 Years,Minimum 16 years of education (BS / Bachelors) in relevant field with minimum 2.0 CGPA or equivalent. Entry test and interview required.,BNU Graduate Admission Test + Interview,280000.0,15-August-2026,https://www.bnu.edu.pk/program/ms-film-tv
Beaconhouse National University,Lahore,School of Media & Communication,MS,Public Relations & Advertising,2 Years,Minimum 16 years of education (BS / Bachelors) in relevant field with minimum 2.0 CGPA or equivalent. Entry test and interview required.,BNU Graduate Admission Test + Interview,260000.0,15-August-2026,https://www.bnu.edu.pk/program/ms-public-relations-and-advertising
Beaconhouse National University,Lahore,Institute of Psychology,MS,Clinical and Counseling Psychology,2 Years,Minimum 16 years of education (BS / Bachelors) in relevant field with minimum 2.0 CGPA or equivalent. Entry test and interview required.,BNU Graduate Admission Test + Interview,250000.0,15-August-2026,https://www.bnu.edu.pk/program/ms-clinical-and-counseling-psychology
Beaconhouse National University,Lahore,Mariam Dawood School of Visual Arts & Design,BS,Fine Arts in Visual Arts,4 Years,Minimum 50% marks in HSSC / A-Levels / Equivalent. FA / FSc / ICS / ICom / A-Levels accepted. Architecture requires NATA. Media & Design programs require portfolio and interview.,Portfolio + Interview + Admission Test,300000.0,15-August-2026,https://www.bnu.edu.pk/program/bachelor-of-fine-arts-in-visual-arts
Beaconhouse National University,Lahore,Mariam Dawood School of Visual Arts & Design,BS,"Design in Textile, Fashion & Accessories Design Specialization: Textile & Fibre",4 Years,Minimum 50% marks in HSSC / A-Levels / Equivalent. FA / FSc / ICS / ICom / A-Levels accepted. Architecture requires NATA. Media & Design programs require portfolio and interview.,Portfolio + Interview + Admission Test,300000.0,15-August-2026,https://www.bnu.edu.pk/program/bachelor-of-design-in-textile-fashion-accessories-design-specialization-textile-fibre
Beaconhouse National University,Lahore,Mariam Dawood School of Visual Arts & Design,BS,"Design in Textile, Fashion & Accessories Design Specialization: Jewellery & Accessories",4 Years,Minimum 50% marks in HSSC / A-Levels / Equivalent. FA / FSc / ICS / ICom / A-Levels accepted. Architecture requires NATA. Media & Design programs require portfolio and interview.,Portfolio + Interview + Admission Test,300000.0,15-August-2026,https://www.bnu.edu.pk/program/bachelor-of-design-in-textile-fashion-accessories-design-specialization-jewellery-accessories-
Beaconhouse National University,Lahore,Mariam Dawood School of Visual Arts & Design,BS,"Design in Textile, Fashion & Accessories Design Specialization: Fashion",4 Years,Minimum 50% marks in HSSC / A-Levels / Equivalent. FA / FSc / ICS / ICom / A-Levels accepted. Architecture requires NATA. Media & Design programs require portfolio and interview.,Portfolio + Interview + Admission Test,300000.0,15-August-2026,https://www.bnu.edu.pk/program/bachelor-of-design-in-textile-fashion-accessories-design-specialization-fashion
Beaconhouse National University,Lahore,Mariam Dawood School of Visual Arts & Design,BS,Design in Visual Communication Design,4 Years,Minimum 50% marks in HSSC / A-Levels / Equivalent. FA / FSc / ICS / ICom / A-Levels accepted. Architecture requires NATA. Media & Design programs require portfolio and interview.,Portfolio + Interview + Admission Test,300000.0,15-August-2026,https://www.bnu.edu.pk/program/bachelor-of-design-in-visual-communication-design
Beaconhouse National University,Lahore,Mariam Dawood School of Visual Arts & Design,BS,Terdisciplinary Expanded Design & Art,4 Years,Minimum 50% marks in HSSC / A-Levels / Equivalent. FA / FSc / ICS / ICom / A-Levels accepted. Architecture requires NATA. Media & Design programs require portfolio and interview.,Portfolio + Interview + Admission Test,300000.0,15-August-2026,https://www.bnu.edu.pk/program/bachelor-of-arts-hons-interdisciplinary-expanded-design-art
Beaconhouse National University,Lahore,Razia Hassan School of Architecture,BS,Architecture,5 Years,Minimum 50% marks in HSSC / A-Levels / Equivalent. FA / FSc / ICS / ICom / A-Levels accepted. Architecture requires NATA. Media & Design programs require portfolio and interview.,NATA + Interview,350000.0,15-August-2026,https://www.bnu.edu.pk/program/bachelor-of-architecture-barch
Beaconhouse National University,Lahore,Razia Hassan School of Architecture,BS,Interior Design,4 Years,Minimum 50% marks in HSSC / A-Levels / Equivalent. FA / FSc / ICS / ICom / A-Levels accepted. Architecture requires NATA. Media & Design programs require portfolio and interview.,Portfolio + Interview + Admission Test,300000.0,15-August-2026,https://www.bnu.edu.pk/program/bachelor-in-interior-design
Beaconhouse National University,Lahore,School of Liberal Arts & Social Sciences,BS,Liberal Arts & Social Sciences,4 Years,Minimum 50% marks in HSSC / A-Levels / Equivalent. FA / FSc / ICS / ICom / A-Levels accepted. Architecture requires NATA. Media & Design programs require portfolio and interview.,BNU Admission Test + Interview,170000.0,15-August-2026,https://www.bnu.edu.pk/program/bs-in-liberal-arts-social-sciences
Beaconhouse National University,Lahore,Beaconhouse National University,BS,Political Science,4 Years,Minimum 50% marks in HSSC / A-Levels / Equivalent. FA / FSc / ICS / ICom / A-Levels accepted. Architecture requires NATA. Media & Design programs require portfolio and interview.,BNU Admission Test + Interview,170000.0,15-August-2026,https://www.bnu.edu.pk/program/bs-in-political-science
Beaconhouse National University,Lahore,School of Media & Communication,BS,"Theatre, Film & TV",4 Years,Minimum 50% marks in HSSC / A-Levels / Equivalent. FA / FSc / ICS / ICom / A-Levels accepted. Architecture requires NATA. Media & Design programs require portfolio and interview.,Portfolio + Interview + Admission Test,250000.0,15-August-2026,https://www.bnu.edu.pk/program/bs-in-theatre-film-tv
Beaconhouse National University,Lahore,School of Media & Communication,BS,Journalism & Media Studies,4 Years,Minimum 50% marks in HSSC / A-Levels / Equivalent. FA / FSc / ICS / ICom / A-Levels accepted. Architecture requires NATA. Media & Design programs require portfolio and interview.,Portfolio + Interview + Admission Test,250000.0,15-August-2026,https://www.bnu.edu.pk/program/bs-journalism-and-media-studies
Beaconhouse National University,Lahore,School of Media & Communication,BS,Communication and Immersive Media,4 Years,Minimum 50% marks in HSSC / A-Levels / Equivalent. FA / FSc / ICS / ICom / A-Levels accepted. Architecture requires NATA. Media & Design programs require portfolio and interview.,Portfolio + Interview + Admission Test,250000.0,15-August-2026,https://www.bnu.edu.pk/program/bs-communication-and-immersive-media
Beaconhouse National University,Lahore,School of Computer & Information Technology,BS,Computer Science,4 Years,Minimum 50% marks in HSSC / A-Levels / Equivalent. FA / FSc / ICS / ICom / A-Levels accepted. Architecture requires NATA. Media & Design programs require portfolio and interview.,BNU Admission Test + Interview,200000.0,15-August-2026,https://www.bnu.edu.pk/program/bs-computer-science
Beaconhouse National University,Lahore,School of Computer & Information Technology,BS,Management & Business Computing,4 Years,Minimum 50% marks in HSSC / A-Levels / Equivalent. FA / FSc / ICS / ICom / A-Levels accepted. Architecture requires NATA. Media & Design programs require portfolio and interview.,BNU Admission Test + Interview,200000.0,15-August-2026,https://www.bnu.edu.pk/program/bs-management-business-computing
Beaconhouse National University,Lahore,School of Computer & Information Technology,BS,Software Engineering,4 Years,Minimum 50% marks in HSSC / A-Levels / Equivalent. FA / FSc / ICS / ICom / A-Levels accepted. Architecture requires NATA. Media & Design programs require portfolio and interview.,BNU Admission Test + Interview,200000.0,15-August-2026,https://www.bnu.edu.pk/program/bs-software-engineering
Beaconhouse National University,Lahore,School of Computer & Information Technology,BS,Artificial Intelligence,4 Years,Minimum 50% marks in HSSC / A-Levels / Equivalent. FA / FSc / ICS / ICom / A-Levels accepted. Architecture requires NATA. Media & Design programs require portfolio and interview.,BNU Admission Test + Interview,200000.0,15-August-2026,https://www.bnu.edu.pk/program/bs-artificial-intelligence
Beaconhouse National University,Lahore,School of Management Sciences,BS,Business Administration,4 Years,Minimum 50% marks in HSSC / A-Levels / Equivalent. FA / FSc / ICS / ICom / A-Levels accepted. Architecture requires NATA. Media & Design programs require portfolio and interview.,BNU Admission Test + Interview,190000.0,15-August-2026,https://www.bnu.edu.pk/program/bba-hons
Beaconhouse National University,Lahore,School of Management Sciences,BS,Business Intelligence and Analytics,4 Years,Minimum 50% marks in HSSC / A-Levels / Equivalent. FA / FSc / ICS / ICom / A-Levels accepted. Architecture requires NATA. Media & Design programs require portfolio and interview.,BNU Admission Test + Interview,190000.0,15-August-2026,https://www.bnu.edu.pk/program/bs-business-intelligence-and-analytics
Beaconhouse National University,Lahore,School of Management Sciences,BS,Hospitality Management,4 Years,Minimum 50% marks in HSSC / A-Levels / Equivalent. FA / FSc / ICS / ICom / A-Levels accepted. Architecture requires NATA. Media & Design programs require portfolio and interview.,BNU Admission Test + Interview,190000.0,15-August-2026,https://www.bnu.edu.pk/program/bs-hospitality-management
Beaconhouse National University,Lahore,School of Management Sciences,BS,Economics,4 Years,Minimum 50% marks in HSSC / A-Levels / Equivalent. FA / FSc / ICS / ICom / A-Levels accepted. Architecture requires NATA. Media & Design programs require portfolio and interview.,BNU Admission Test + Interview,190000.0,15-August-2026,https://www.bnu.edu.pk/program/bs-economics
Beaconhouse National University,Lahore,School of Management Sciences,BS,Economics and Finance,4 Years,Minimum 50% marks in HSSC / A-Levels / Equivalent. FA / FSc / ICS / ICom / A-Levels accepted. Architecture requires NATA. Media & Design programs require portfolio and interview.,BNU Admission Test + Interview,190000.0,15-August-2026,https://www.bnu.edu.pk/program/bs-economics-and-finance
Beaconhouse National University,Lahore,School of Management Sciences,BS,Economics With Data Science,4 Years,Minimum 50% marks in HSSC / A-Levels / Equivalent. FA / FSc / ICS / ICom / A-Levels accepted. Architecture requires NATA. Media & Design programs require portfolio and interview.,BNU Admission Test + Interview,190000.0,15-August-2026,https://www.bnu.edu.pk/program/bs-economics-with-data-science
Beaconhouse National University,Lahore,Institute of Psychology,BS,Applied Psychology,4 Years,Minimum 50% marks in HSSC / A-Levels / Equivalent. FA / FSc / ICS / ICom / A-Levels accepted. Architecture requires NATA. Media & Design programs require portfolio and interview.,BNU Admission Test + Interview,180000.0,15-August-2026,https://www.bnu.edu.pk/program/bs-in-applied-psychology
Beaconhouse National University,Lahore,School of Media & Communication,MS,Film & TV,2 Years,Minimum 16 years of education (BS / Bachelors) in relevant field with minimum 2.0 CGPA or equivalent. Entry test and interview required.,BNU Graduate Admission Test + Interview,280000.0,15-August-2026,https://www.bnu.edu.pk/program/ms-film-tv
Beaconhouse National University,Lahore,School of Media & Communication,MS,Public Relations & Advertising,2 Years,Minimum 16 years of education (BS / Bachelors) in relevant field with minimum 2.0 CGPA or equivalent. Entry test and interview required.,BNU Graduate Admission Test + Interview,260000.0,15-August-2026,https://www.bnu.edu.pk/program/ms-public-relations-and-advertising
Beaconhouse National University,Lahore,Institute of Psychology,MS,Clinical and Counseling Psychology,2 Years,Minimum 16 years of education (BS / Bachelors) in relevant field with minimum 2.0 CGPA or equivalent. Entry test and interview required.,BNU Graduate Admission Test + Interview,250000.0,15-August-2026,https://www.bnu.edu.pk/program/ms-clinical-and-counseling-psychology
Sir Syed CASE Institute of Technology,Islamabad,Department of Computer Science,BS,Computer Science,4 Years,Minimum 50% marks in HSSC with Math or equivalent; remedial math courses if non-math background.,Admission Test (SS-CASE-IT / HAT / Equivalent),184000.0,13-January-2026,https://case.edu.pk/undergraduate-programs/bs-computer-science/
Sir Syed CASE Institute of Technology,Islamabad,Department of Computer Science,BS,AD Computer Science,2 Years,Minimum 50% marks in HSSC or equivalent.,Admission Test (SS-CASE-IT / HAT / Equivalent),150000.0,13-January-2026,https://case.edu.pk/undergraduate-programs/ad-computer-science/
Sir Syed CASE Institute of Technology,Islamabad,Department of Cyber Security,BS,Cyber Security,4 Years,Minimum 50% marks in HSSC with Math or equivalent.,Admission Test (SS-CASE-IT / HAT / Equivalent),184000.0,13-January-2026,https://case.edu.pk/undergraduate-programs/bs-cyber-security/
Sir Syed CASE Institute of Technology,Islamabad,Department of Artificial Intelligence,BS,Artificial Intelligence,4 Years,Minimum 50% marks in HSSC with Math or equivalent.,Admission Test (SS-CASE-IT / HAT / Equivalent),184000.0,13-January-2026,https://case.edu.pk/undergraduate-programs/bs-artificial-intelligence/
Sir Syed CASE Institute of Technology,Islamabad,Department of Artificial Intelligence and Data Science,BS,Data Science,4 Years,Minimum 50% marks in HSSC with Math or equivalent.,Admission Test (SS-CASE-IT / HAT / Equivalent),184000.0,13-January-2026,https://case.edu.pk/undergraduate-programs/bs-data-science/
Sir Syed CASE Institute of Technology,Islamabad,Department of Software Engineering,BS,Software Engineering,4 Years,Minimum 50% marks in HSSC with Math or equivalent.,Admission Test (SS-CASE-IT / HAT / Equivalent),184000.0,13-January-2026,https://case.edu.pk/undergraduate-programs/bs-software-engineering/
Sir Syed CASE Institute of Technology,Islamabad,Department of Business and Finance,BS,Business Administration,4 Years,Minimum 50% marks in HSSC or equivalent.,Admission Test (SS-CASE-IT / HAT / Equivalent),180000.0,13-January-2026,https://case.edu.pk/undergraduate-programs/bs-business-administration/
Sir Syed CASE Institute of Technology,Islamabad,Department of Business and Finance,BS,Accounting and Finance,4 Years,Minimum 50% marks in HSSC or equivalent.,Admission Test (SS-CASE-IT / HAT / Equivalent),180000.0,13-January-2026,https://case.edu.pk/undergraduate-programs/bs-accounting-finance/
Sir Syed CASE Institute of Technology,Islamabad,Department of Business and Finance,BS,AD Business Administration,2 Years,Minimum 50% marks in HSSC or equivalent.,Admission Test (SS-CASE-IT / HAT / Equivalent),150000.0,13-January-2026,https://case.edu.pk/undergraduate-programs/ad-business-administration/
Sir Syed CASE Institute of Technology,Islamabad,Department of Allied Health Sciences,BS,Medical Imaging Technology,4 Years,Minimum 50% marks in HSSC or equivalent.,Admission Test (SS-CASE-IT / HAT / Equivalent),190000.0,13-January-2026,https://case.edu.pk/undergraduate-programs/bs-medical-imaging-technology/
Sir Syed CASE Institute of Technology,Islamabad,Department of Allied Health Sciences,BS,Medical Laboratory Technology,4 Years,Minimum 50% marks in HSSC or equivalent.,Admission Test (SS-CASE-IT / HAT / Equivalent),190000.0,13-January-2026,https://case.edu.pk/undergraduate-programs/bs-medical-laboratory-technology/
Sir Syed CASE Institute of Technology,Islamabad,Department of Allied Health Sciences,BS,Physical Therapy,5 Years,Minimum 50% marks in HSSC or equivalent.,Admission Test (SS-CASE-IT / HAT / Equivalent),300000.0,13-January-2026,https://case.edu.pk/undergraduate-programs/doctor-of-physical-therapy-2/
Sir Syed CASE Institute of Technology,Islamabad,Department of Computer Science,MS,Computer Science,2 Years,16 years relevant education with 2.0 CGPA or 50% marks; test required.,Admission Test (SS-CASE-IT / HAT / Equivalent),260000.0,13-January-2026,https://case.edu.pk/graduate-programs/ms-computer-science/
Sir Syed CASE Institute of Technology,Islamabad,Department of Electrical Engineering,MS,Electrical Engineering,2 Years,16 years relevant education with 2.0 CGPA or 50% marks; test required.,Admission Test (SS-CASE-IT / HAT / Equivalent),260000.0,13-January-2026,https://case.edu.pk/graduate-programs/ms-electrical-engineering/
Sir Syed CASE Institute of Technology,Islamabad,Department of Engineering Management,MS,Engineering Management,2 Years,16 years relevant education with 2.0 CGPA or 50% marks; test required.,Admission Test (SS-CASE-IT / HAT / Equivalent),260000.0,13-January-2026,https://case.edu.pk/graduate-programs/ms-engineering-management/
Sir Syed CASE Institute of Technology,Islamabad,Department of Engineering Management,MS,Project Management,2 Years,16 years relevant education with 2.0 CGPA or 50% marks; test required.,Admission Test (SS-CASE-IT / HAT / Equivalent),260000.0,13-January-2026,https://case.edu.pk/graduate-programs/ms-project-management/
Sir Syed CASE Institute of Technology,Islamabad,Department of Sciences and Humanities,MS,Mathematics,2 Years,16 years relevant education with 2.0 CGPA or 50% marks; test required.,Admission Test (SS-CASE-IT / HAT / Equivalent),260000.0,13-January-2026,https://case.edu.pk/graduate-programs/ms-mathematics/
Sir Syed CASE Institute of Technology,Islamabad,Department of Business and Finance,MS,Management,2 Years,16 years relevant education with 2.0 CGPA or 50% marks; test required.,Admission Test (SS-CASE-IT / HAT / Equivalent),260000.0,13-January-2026,https://case.edu.pk/graduate-programs/m-s-m/
Sir Syed CASE Institute of Technology,Islamabad,Department of Electrical Engineering,PhD,Electrical Engineering,3–5 Years,"MS/MPhil (18 years), CGPA ≥3.0 or 60%, test ≥60%, supervisor consent.",Admission Test (SS-CASE-IT / HAT / Equivalent),320000.0,13-January-2026,https://case.edu.pk/graduate-programs/phd-programs/
Sir Syed CASE Institute of Technology,Islamabad,Department of Engineering Management,PhD,Engineering Management,3–5 Years,"MS/MPhil (18 years), CGPA ≥3.0 or 60%, test ≥60%, supervisor consent.",Admission Test (SS-CASE-IT / HAT / Equivalent),320000.0,13-January-2026,https://case.edu.pk/graduate-programs/phd-programs/
Forman Christian College (Chartered University),Lahore,Faculty of Natural Sciences,BS,Studies in Biotechnology,4 Years,Minimum 50% marks in HSSC / A-Levels / Equivalent.,FCCU Admission Test + Interview,570000.0,15-August-2026,https://www.fccollege.edu.pk/academics/
Forman Christian College (Chartered University),Lahore,School of Management,BS,Studies in Business - Accounting and Finance,4 Years,Minimum 50% marks in HSSC / A-Levels / Equivalent.,FCCU Admission Test + Interview,570000.0,15-August-2026,https://www.fccollege.edu.pk/academics/
Forman Christian College (Chartered University),Lahore,School of Management,BS,Studies in Business - Human Resource Management,4 Years,Minimum 50% marks in HSSC / A-Levels / Equivalent.,FCCU Admission Test + Interview,570000.0,15-August-2026,https://www.fccollege.edu.pk/academics/
Forman Christian College (Chartered University),Lahore,School of Management,BS,Studies in Business - Marketing and Sales Management,4 Years,Minimum 50% marks in HSSC / A-Levels / Equivalent.,FCCU Admission Test + Interview,570000.0,15-August-2026,https://www.fccollege.edu.pk/academics/
Forman Christian College (Chartered University),Lahore,School of Management,BS,Studies in Business - Operations Management,4 Years,Minimum 50% marks in HSSC / A-Levels / Equivalent.,FCCU Admission Test + Interview,570000.0,15-August-2026,https://www.fccollege.edu.pk/academics/
Forman Christian College (Chartered University),Lahore,School of Computer Science,BS,Studies in Computer Science,4 Years,Minimum 50% marks in HSSC / A-Levels / Equivalent.,FCCU Admission Test + Interview,570000.0,15-August-2026,https://www.fccollege.edu.pk/academics/
Forman Christian College (Chartered University),Lahore,Faculty of Natural Sciences,BS,Biological Sciences,4 Years,Minimum 50% marks in HSSC / A-Levels / Equivalent.,FCCU Admission Test + Interview,570000.0,15-August-2026,https://www.fccollege.edu.pk/academics/
Forman Christian College (Chartered University),Lahore,Faculty of Natural Sciences,BS,Studies - Chemistry (Inorganic and Analytical Chemistry),4 Years,Minimum 50% marks in HSSC / A-Levels / Equivalent.,FCCU Admission Test + Interview,570000.0,15-August-2026,https://www.fccollege.edu.pk/academics/
Forman Christian College (Chartered University),Lahore,Faculty of Natural Sciences,BS,Studies - Chemistry (Organic and Biochemistry),4 Years,Minimum 50% marks in HSSC / A-Levels / Equivalent.,FCCU Admission Test + Interview,570000.0,15-August-2026,https://www.fccollege.edu.pk/academics/
Forman Christian College (Chartered University),Lahore,Faculty of Natural Sciences,BS,Chemistry (Physical),4 Years,Minimum 50% marks in HSSC / A-Levels / Equivalent.,FCCU Admission Test + Interview,570000.0,15-August-2026,https://www.fccollege.edu.pk/academics/
Forman Christian College (Chartered University),Lahore,Faculty of Social Sciences,BS,Economics,4 Years,Minimum 50% marks in HSSC / A-Levels / Equivalent.,FCCU Admission Test + Interview,570000.0,15-August-2026,https://www.fccollege.edu.pk/academics/
Forman Christian College (Chartered University),Lahore,Faculty of Social Sciences,BS,Education,4 Years,Minimum 50% marks in HSSC / A-Levels / Equivalent.,FCCU Admission Test + Interview,570000.0,15-August-2026,https://www.fccollege.edu.pk/academics/
Forman Christian College (Chartered University),Lahore,Faculty of Humanities,BS,English,4 Years,Minimum 50% marks in HSSC / A-Levels / Equivalent.,FCCU Admission Test + Interview,570000.0,15-August-2026,https://www.fccollege.edu.pk/academics/
Forman Christian College (Chartered University),Lahore,Faculty of Humanities,BS,English Linguistics,4 Years,Minimum 50% marks in HSSC / A-Levels / Equivalent.,FCCU Admission Test + Interview,570000.0,15-August-2026,https://www.fccollege.edu.pk/academics/
Forman Christian College (Chartered University),Lahore,Faculty of Natural Sciences,BS,Environmental Sciences,4 Years,Minimum 50% marks in HSSC / A-Levels / Equivalent.,FCCU Admission Test + Interview,570000.0,15-August-2026,https://www.fccollege.edu.pk/academics/
Forman Christian College (Chartered University),Lahore,Faculty of Social Sciences,BS,Human Geography,4 Years,Minimum 50% marks in HSSC / A-Levels / Equivalent.,FCCU Admission Test + Interview,570000.0,15-August-2026,https://www.fccollege.edu.pk/academics/
Forman Christian College (Chartered University),Lahore,Faculty of Social Sciences,BS,Physical Geography,4 Years,Minimum 50% marks in HSSC / A-Levels / Equivalent.,FCCU Admission Test + Interview,570000.0,15-August-2026,https://www.fccollege.edu.pk/academics/
Forman Christian College (Chartered University),Lahore,Faculty of Social Sciences,BS,History,4 Years,Minimum 50% marks in HSSC / A-Levels / Equivalent.,FCCU Admission Test + Interview,570000.0,15-August-2026,https://www.fccollege.edu.pk/academics/
Forman Christian College (Chartered University),Lahore,Faculty of Social Sciences,BS,Studies - Mass Communication (Advertising and PR),4 Years,Minimum 50% marks in HSSC / A-Levels / Equivalent.,FCCU Admission Test + Interview,570000.0,15-August-2026,https://www.fccollege.edu.pk/academics/
Forman Christian College (Chartered University),Lahore,Faculty of Social Sciences,BS,Studies - Mass Communication (Print and Electronic Media),4 Years,Minimum 50% marks in HSSC / A-Levels / Equivalent.,FCCU Admission Test + Interview,570000.0,15-August-2026,https://www.fccollege.edu.pk/academics/
Forman Christian College (Chartered University),Lahore,Faculty of Natural Sciences,BS,Mathematics,4 Years,Minimum 50% marks in HSSC / A-Levels / Equivalent.,FCCU Admission Test + Interview,570000.0,15-August-2026,https://www.fccollege.edu.pk/academics/
Forman Christian College (Chartered University),Lahore,Faculty of Natural Sciences,BS,Microbiology,4 Years,Minimum 50% marks in HSSC / A-Levels / Equivalent.,FCCU Admission Test + Interview,570000.0,15-August-2026,https://www.fccollege.edu.pk/academics/
Forman Christian College (Chartered University),Lahore,Faculty of Humanities,BS,Philosophy,4 Years,Minimum 50% marks in HSSC / A-Levels / Equivalent.,FCCU Admission Test + Interview,570000.0,15-August-2026,https://www.fccollege.edu.pk/academics/
Forman Christian College (Chartered University),Lahore,Faculty of Natural Sciences,BS,Physics,4 Years,Minimum 50% marks in HSSC / A-Levels / Equivalent.,FCCU Admission Test + Interview,570000.0,15-August-2026,https://www.fccollege.edu.pk/academics/
Forman Christian College (Chartered University),Lahore,Faculty of Social Sciences,BS,Political Science,4 Years,Minimum 50% marks in HSSC / A-Levels / Equivalent.,FCCU Admission Test + Interview,570000.0,15-August-2026,https://www.fccollege.edu.pk/academics/
Forman Christian College (Chartered University),Lahore,Faculty of Social Sciences,BS,International Relations,4 Years,Minimum 50% marks in HSSC / A-Levels / Equivalent.,FCCU Admission Test + Interview,570000.0,15-August-2026,https://www.fccollege.edu.pk/academics/
Forman Christian College (Chartered University),Lahore,Faculty of Social Sciences,BS,Political Science,4 Years,Minimum 50% marks in HSSC / A-Levels / Equivalent.,FCCU Admission Test + Interview,570000.0,15-August-2026,https://www.fccollege.edu.pk/academics/
Forman Christian College (Chartered University),Lahore,Faculty of Social Sciences,BS,Political Philosophy,4 Years,Minimum 50% marks in HSSC / A-Levels / Equivalent.,FCCU Admission Test + Interview,570000.0,15-August-2026,https://www.fccollege.edu.pk/academics/
Forman Christian College (Chartered University),Lahore,Faculty of Social Sciences,BS,Psychology,4 Years,Minimum 50% marks in HSSC / A-Levels / Equivalent.,FCCU Admission Test + Interview,570000.0,15-August-2026,https://www.fccollege.edu.pk/academics/
Forman Christian College (Chartered University),Lahore,Faculty of Social Sciences,BS,Applied Psychology,4 Years,Minimum 50% marks in HSSC / A-Levels / Equivalent.,FCCU Admission Test + Interview,570000.0,15-August-2026,https://www.fccollege.edu.pk/academics/
Forman Christian College (Chartered University),Lahore,Faculty of Humanities,BS,Islamic Studies,4 Years,Minimum 50% marks in HSSC / A-Levels / Equivalent.,FCCU Admission Test + Interview,570000.0,15-August-2026,https://www.fccollege.edu.pk/academics/
Forman Christian College (Chartered University),Lahore,Faculty of Humanities,BS,Christian Studies,4 Years,Minimum 50% marks in HSSC / A-Levels / Equivalent.,FCCU Admission Test + Interview,570000.0,15-August-2026,https://www.fccollege.edu.pk/academics/
Forman Christian College (Chartered University),Lahore,Faculty of Social Sciences,BS,Sociology,4 Years,Minimum 50% marks in HSSC / A-Levels / Equivalent.,FCCU Admission Test + Interview,570000.0,15-August-2026,https://www.fccollege.edu.pk/academics/
Forman Christian College (Chartered University),Lahore,Faculty of Natural Sciences,BS,Statistics,4 Years,Minimum 50% marks in HSSC / A-Levels / Equivalent.,FCCU Admission Test + Interview,570000.0,15-August-2026,https://www.fccollege.edu.pk/academics/
Forman Christian College (Chartered University),Lahore,Faculty of Humanities,BS,Urdu Language & Literature,4 Years,Minimum 50% marks in HSSC / A-Levels / Equivalent.,FCCU Admission Test + Interview,570000.0,15-August-2026,https://www.fccollege.edu.pk/academics/
Forman Christian College (Chartered University),Lahore,School of Management,MBA,Business Administration,2 Years,Minimum 16 years of education in relevant field with minimum 2.0 CGPA.,FCCU Admission Test + Interview,750000.0,15-August-2026,https://www.fccollege.edu.pk/academics/
Forman Christian College (Chartered University),Lahore,Faculty of Social Sciences,MS,Clinical Psychology,2 Years,Minimum 16 years of education in relevant field with minimum 2.0 CGPA.,FCCU Admission Test + Interview,355000.0,15-August-2026,https://www.fccollege.edu.pk/academics/
Forman Christian College (Chartered University),Lahore,School of Computer Science,MS,Computer Science,2 Years,Minimum 16 years of education in relevant field with minimum 2.0 CGPA.,FCCU Admission Test + Interview,355000.0,15-August-2026,https://www.fccollege.edu.pk/academics/
Forman Christian College (Chartered University),Lahore,School of Computer Science,MS,Data Science,2 Years,Minimum 16 years of education in relevant field with minimum 2.0 CGPA.,FCCU Admission Test + Interview,355000.0,15-August-2026,https://www.fccollege.edu.pk/academics/
Forman Christian College (Chartered University),Lahore,School of Computer Science,MS,Software Engineering,2 Years,Minimum 16 years of education in relevant field with minimum 2.0 CGPA.,FCCU Admission Test + Interview,355000.0,15-August-2026,https://www.fccollege.edu.pk/academics/
Forman Christian College (Chartered University),Lahore,Faculty of Social Sciences,MS,Public Policy ( ),2 Years,Minimum 16 years of education in relevant field with minimum 2.0 CGPA.,FCCU Admission Test + Interview,355000.0,15-August-2026,https://www.fccollege.edu.pk/academics/
Forman Christian College (Chartered University),Lahore,Faculty of Social Sciences,MPhil,Applied Economics,2 Years,Minimum 16 years of education in relevant field with minimum 2.0 CGPA.,FCCU Admission Test + Interview,300000.0,15-August-2026,https://www.fccollege.edu.pk/academics/
Forman Christian College (Chartered University),Lahore,Faculty of Humanities,MPhil,Biblical Studies,2 Years,Minimum 16 years of education in relevant field with minimum 2.0 CGPA.,FCCU Admission Test + Interview,300000.0,15-August-2026,https://www.fccollege.edu.pk/academics/
Forman Christian College (Chartered University),Lahore,Faculty of Natural Sciences,MPhil,Biotechnology,2 Years,Minimum 16 years of education in relevant field with minimum 2.0 CGPA.,FCCU Admission Test + Interview,300000.0,15-August-2026,https://www.fccollege.edu.pk/academics/
Forman Christian College (Chartered University),Lahore,Faculty of Natural Sciences,MPhil,Chemistry,2 Years,Minimum 16 years of education in relevant field with minimum 2.0 CGPA.,FCCU Admission Test + Interview,300000.0,15-August-2026,https://www.fccollege.edu.pk/academics/
Forman Christian College (Chartered University),Lahore,Faculty of Social Sciences,MPhil,Education ( ),2 Years,Minimum 16 years of education in relevant field with minimum 2.0 CGPA.,FCCU Admission Test + Interview,300000.0,15-August-2026,https://www.fccollege.edu.pk/academics/
Forman Christian College (Chartered University),Lahore,Faculty of Humanities,MPhil,English ( ),2 Years,Minimum 16 years of education in relevant field with minimum 2.0 CGPA.,FCCU Admission Test + Interview,300000.0,15-August-2026,https://www.fccollege.edu.pk/academics/
Forman Christian College (Chartered University),Lahore,Faculty of Natural Sciences,MPhil,Environmental Sciences ( ),2 Years,Minimum 16 years of education in relevant field with minimum 2.0 CGPA.,FCCU Admission Test + Interview,300000.0,15-August-2026,https://www.fccollege.edu.pk/academics/
Forman Christian College (Chartered University),Lahore,Faculty of Natural Sciences,MPhil,Food Safety and Quality Management ( ),2 Years,Minimum 16 years of education in relevant field with minimum 2.0 CGPA.,FCCU Admission Test + Interview,300000.0,15-August-2026,https://www.fccollege.edu.pk/academics/
Forman Christian College (Chartered University),Lahore,Faculty of Social Sciences,MPhil,Mass Communication ( ),2 Years,Minimum 16 years of education in relevant field with minimum 2.0 CGPA.,FCCU Admission Test + Interview,300000.0,15-August-2026,https://www.fccollege.edu.pk/academics/
Forman Christian College (Chartered University),Lahore,Faculty of Natural Sciences,MPhil,Molecular Pathology and Genomics ( ),2 Years,Minimum 16 years of education in relevant field with minimum 2.0 CGPA.,FCCU Admission Test + Interview,300000.0,15-August-2026,https://www.fccollege.edu.pk/academics/
Forman Christian College (Chartered University),Lahore,Faculty of Social Sciences,MPhil,Political Science ( ),2 Years,Minimum 16 years of education in relevant field with minimum 2.0 CGPA.,FCCU Admission Test + Interview,300000.0,15-August-2026,https://www.fccollege.edu.pk/academics/
Forman Christian College (Chartered University),Lahore,Faculty of Natural Sciences,MPhil,Physics,2 Years,Minimum 16 years of education in relevant field with minimum 2.0 CGPA.,FCCU Admission Test + Interview,300000.0,15-August-2026,https://www.fccollege.edu.pk/academics/
Forman Christian College (Chartered University),Lahore,Faculty of Social Sciences,MPhil,Public Policy,2 Years,Minimum 16 years of education in relevant field with minimum 2.0 CGPA.,FCCU Admission Test + Interview,300000.0,15-August-2026,https://www.fccollege.edu.pk/academics/
Forman Christian College (Chartered University),Lahore,Faculty of Social Sciences,MPhil,Sociology ( ),2 Years,Minimum 16 years of education in relevant field with minimum 2.0 CGPA.,FCCU Admission Test + Interview,300000.0,15-August-2026,https://www.fccollege.edu.pk/academics/
Forman Christian College (Chartered University),Lahore,Faculty of Natural Sciences,MPhil,Statistics ( ),2 Years,Minimum 16 years of education in relevant field with minimum 2.0 CGPA.,FCCU Admission Test + Interview,300000.0,15-August-2026,https://www.fccollege.edu.pk/academics/
Forman Christian College (Chartered University),Lahore,Faculty of Humanities,MPhil,Urdu ( ),2 Years,Minimum 16 years of education in relevant field with minimum 2.0 CGPA.,FCCU Admission Test + Interview,300000.0,15-August-2026,https://www.fccollege.edu.pk/academics/
Forman Christian College (Chartered University),Lahore,Faculty of Social Sciences,PhD,Applied Economics,3-5 Years,Minimum 18 years of education (MS/MPhil) in relevant field.,FCCU Admission Test + Interview,385000.0,15-August-2026,https://www.fccollege.edu.pk/academics/
Forman Christian College (Chartered University),Lahore,Faculty of Natural Sciences,PhD,Biotechnology,3-5 Years,Minimum 18 years of education (MS/MPhil) in relevant field.,FCCU Admission Test + Interview,385000.0,15-August-2026,https://www.fccollege.edu.pk/academics/
Forman Christian College (Chartered University),Lahore,Faculty of Natural Sciences,PhD,Chemistry,3-5 Years,Minimum 18 years of education (MS/MPhil) in relevant field.,FCCU Admission Test + Interview,385000.0,15-August-2026,https://www.fccollege.edu.pk/academics/
Forman Christian College (Chartered University),Lahore,Faculty of Natural Sciences,PhD,Physics,3-5 Years,Minimum 18 years of education (MS/MPhil) in relevant field.,FCCU Admission Test + Interview,385000.0,15-August-2026,https://www.fccollege.edu.pk/academics/
Forman Christian College (Chartered University),Lahore,Faculty of Social Sciences,PhD,Public Policy,3-5 Years,Minimum 18 years of education (MS/MPhil) in relevant field.,FCCU Admission Test + Interview,385000.0,15-August-2026,https://www.fccollege.edu.pk/academics/
Foundation University Islamabad,Islamabad,School of Management Sciences,BS,Business Administration,4 Years,FSc / A-Level or equivalent with minimum required percentage.,University Entry Test / Interview (as applicable),250000.0,31-July-2026,https://www.fui.edu.pk/
Foundation University Islamabad,Islamabad,School of Management Sciences,BS,Accounting and Finance,4 Years,FSc / A-Level or equivalent with minimum required percentage.,University Entry Test / Interview (as applicable),250000.0,31-July-2026,https://www.fui.edu.pk/
Foundation University Islamabad,Islamabad,School of Management Sciences,BS,Economics,4 Years,FSc / A-Level or equivalent with minimum required percentage.,University Entry Test / Interview (as applicable),250000.0,31-July-2026,https://www.fui.edu.pk/
Foundation University Islamabad,Islamabad,School of Science & Technology,BS,Computer Science,4 Years,FSc / A-Level or equivalent with minimum required percentage.,University Entry Test / Interview (as applicable),250000.0,31-July-2026,https://www.fui.edu.pk/
Foundation University Islamabad,Islamabad,School of Science & Technology,BS,Software Engineering,4 Years,FSc / A-Level or equivalent with minimum required percentage.,University Entry Test / Interview (as applicable),250000.0,31-July-2026,https://www.fui.edu.pk/
Foundation University Islamabad,Islamabad,School of Science & Technology,BS,Information Technology,4 Years,FSc / A-Level or equivalent with minimum required percentage.,University Entry Test / Interview (as applicable),250000.0,31-July-2026,https://www.fui.edu.pk/
Foundation University Islamabad,Islamabad,School of Science & Technology,BS,Artificial Intelligence,4 Years,FSc / A-Level or equivalent with minimum required percentage.,University Entry Test / Interview (as applicable),250000.0,31-July-2026,https://www.fui.edu.pk/
Foundation University Islamabad,Islamabad,School of Science & Technology,BS,Data Science,4 Years,FSc / A-Level or equivalent with minimum required percentage.,University Entry Test / Interview (as applicable),250000.0,31-July-2026,https://www.fui.edu.pk/
Foundation University Islamabad,Islamabad,School of Engineering,BS,Electrical Engineering,4 Years,FSc / A-Level or equivalent with minimum required percentage.,University Entry Test / Interview (as applicable),250000.0,31-July-2026,https://www.fui.edu.pk/
Foundation University Islamabad,Islamabad,School of Engineering,BS,Civil Engineering,4 Years,FSc / A-Level or equivalent with minimum required percentage.,University Entry Test / Interview (as applicable),250000.0,31-July-2026,https://www.fui.edu.pk/
Foundation University Islamabad,Islamabad,School of Arts & Social Sciences,BS,English,4 Years,FSc / A-Level or equivalent with minimum required percentage.,University Entry Test / Interview (as applicable),250000.0,31-July-2026,https://www.fui.edu.pk/
Foundation University Islamabad,Islamabad,School of Arts & Social Sciences,BS,Psychology,4 Years,FSc / A-Level or equivalent with minimum required percentage.,University Entry Test / Interview (as applicable),250000.0,31-July-2026,https://www.fui.edu.pk/
Foundation University Islamabad,Islamabad,School of Arts & Social Sciences,BS,Media & Communication Studies,4 Years,FSc / A-Level or equivalent with minimum required percentage.,University Entry Test / Interview (as applicable),250000.0,31-July-2026,https://www.fui.edu.pk/
Foundation University Islamabad,Islamabad,School of Health Sciences,BS,Nursing,4 Years,FSc / A-Level or equivalent with minimum required percentage.,University Entry Test / Interview (as applicable),250000.0,31-July-2026,https://www.fui.edu.pk/
Foundation University Islamabad,Islamabad,School of Health Sciences,BS,Medical Laboratory Technology,4 Years,FSc / A-Level or equivalent with minimum required percentage.,University Entry Test / Interview (as applicable),250000.0,31-July-2026,https://www.fui.edu.pk/
Foundation University Islamabad,Islamabad,Foundation University Medical College,BS,Medicine & Surgery,5 Years,FSc / A-Level or equivalent with minimum required percentage.,University Entry Test / Interview (as applicable),1200000.0,31-July-2026,https://www.fui.edu.pk/
Foundation University Islamabad,Islamabad,Foundation University College of Dentistry,BS,Dental Surgery,4 Years,FSc / A-Level or equivalent with minimum required percentage.,University Entry Test / Interview (as applicable),1200000.0,31-July-2026,https://www.fui.edu.pk/
Foundation University Islamabad,Islamabad,School of Management Sciences,MS,Management Sciences,2 Years,16 years relevant education with required CGPA.,University Entry Test / Interview (as applicable),300000.0,31-July-2026,https://www.fui.edu.pk/
Foundation University Islamabad,Islamabad,School of Management Sciences,MS,Accounting and Finance,2 Years,16 years relevant education with required CGPA.,University Entry Test / Interview (as applicable),300000.0,31-July-2026,https://www.fui.edu.pk/
Foundation University Islamabad,Islamabad,School of Science & Technology,MS,Computer Science,2 Years,16 years relevant education with required CGPA.,University Entry Test / Interview (as applicable),300000.0,31-July-2026,https://www.fui.edu.pk/
Foundation University Islamabad,Islamabad,School of Science & Technology,MS,Software Engineering,2 Years,16 years relevant education with required CGPA.,University Entry Test / Interview (as applicable),300000.0,31-July-2026,https://www.fui.edu.pk/
Foundation University Islamabad,Islamabad,School of Engineering,MS,Electrical Engineering,2 Years,16 years relevant education with required CGPA.,University Entry Test / Interview (as applicable),300000.0,31-July-2026,https://www.fui.edu.pk/
Foundation University Islamabad,Islamabad,School of Engineering,MS,Civil Engineering,2 Years,16 years relevant education with required CGPA.,University Entry Test / Interview (as applicable),300000.0,31-July-2026,https://www.fui.edu.pk/
Foundation University Islamabad,Islamabad,School of Arts & Social Sciences,MS,English,2 Years,16 years relevant education with required CGPA.,University Entry Test / Interview (as applicable),300000.0,31-July-2026,https://www.fui.edu.pk/
Foundation University Islamabad,Islamabad,School of Arts & Social Sciences,MS,Psychology,2 Years,16 years relevant education with required CGPA.,University Entry Test / Interview (as applicable),300000.0,31-July-2026,https://www.fui.edu.pk/
Foundation University Islamabad,Islamabad,School of Health Sciences,MS,Nursing,2 Years,16 years relevant education with required CGPA.,University Entry Test / Interview (as applicable),300000.0,31-July-2026,https://www.fui.edu.pk/
Foundation University Islamabad,Islamabad,School of Health Sciences,MS,Medical Laboratory Sciences,2 Years,16 years relevant education with required CGPA.,University Entry Test / Interview (as applicable),300000.0,31-July-2026,https://www.fui.edu.pk/
Foundation University Islamabad,Islamabad,School of Management Sciences,MPhil,Management Sciences,2 Years,MS/Equivalent degree with required CGPA.,University Entry Test / Interview (as applicable),300000.0,31-July-2026,https://www.fui.edu.pk/
Foundation University Islamabad,Islamabad,School of Science & Technology,MPhil,Computer Science,2 Years,MS/Equivalent degree with required CGPA.,University Entry Test / Interview (as applicable),300000.0,31-July-2026,https://www.fui.edu.pk/
Foundation University Islamabad,Islamabad,School of Arts & Social Sciences,MPhil,English,2 Years,MS/Equivalent degree with required CGPA.,University Entry Test / Interview (as applicable),300000.0,31-July-2026,https://www.fui.edu.pk/
Foundation University Islamabad,Islamabad,School of Arts & Social Sciences,MPhil,Psychology,2 Years,MS/Equivalent degree with required CGPA.,University Entry Test / Interview (as applicable),300000.0,31-July-2026,https://www.fui.edu.pk/
Foundation University Islamabad,Islamabad,School of Health Sciences,MPhil,Nursing,2 Years,MS/Equivalent degree with required CGPA.,University Entry Test / Interview (as applicable),300000.0,31-July-2026,https://www.fui.edu.pk/
Foundation University Islamabad,Islamabad,School of Management Sciences,PhD,Management Sciences,3–5 Years,MPhil/MS in relevant field with required CGPA.,University Entry Test / Interview (as applicable),350000.0,31-July-2026,https://www.fui.edu.pk/
Foundation University Islamabad,Islamabad,School of Science & Technology,PhD,Computer Science,3–5 Years,MPhil/MS in relevant field with required CGPA.,University Entry Test / Interview (as applicable),350000.0,31-July-2026,https://www.fui.edu.pk/
Foundation University Islamabad,Islamabad,School of Engineering,PhD,Electrical Engineering,3–5 Years,MPhil/MS in relevant field with required CGPA.,University Entry Test / Interview (as applicable),350000.0,31-July-2026,https://www.fui.edu.pk/
Foundation University Islamabad,Islamabad,School of Arts & Social Sciences,PhD,English,3–5 Years,MPhil/MS in relevant field with required CGPA.,University Entry Test / Interview (as applicable),350000.0,31-July-2026,https://www.fui.edu.pk/
Foundation University Islamabad,Islamabad,School of Arts & Social Sciences,PhD,Psychology,3–5 Years,MPhil/MS in relevant field with required CGPA.,University Entry Test / Interview (as applicable),350000.0,31-July-2026,https://www.fui.edu.pk/
Jinnah Sindh Medical University,Karachi,Faculty of Medicine,BS,Medicine & Surgery,5 Years,Minimum 60% F.Sc (Pre-Medical) + MDCAT,MDCAT (for MBBS/BDS) / University Entry Test,70000.0,15-January-2026,https://www.jsmu.edu.pk/
Jinnah Sindh Medical University,Karachi,Faculty of Dentistry,BS,Dental Surgery,4 Years,Minimum 60% F.Sc (Pre-Medical) + MDCAT,MDCAT (for MBBS/BDS) / University Entry Test,60000.0,15-January-2026,https://www.jsmu.edu.pk/
Jinnah Sindh Medical University,Karachi,Faculty of Pharmacy,BS,Pharmacy,5 Years,Minimum 60% F.Sc (Pre-Medical),MDCAT (for MBBS/BDS) / University Entry Test,40000.0,15-January-2026,https://www.jsmu.edu.pk/
Jinnah Sindh Medical University,Karachi,Faculty of Physical Therapy,BS,Physical Therapy,5 Years,Minimum 60% F.Sc (Pre-Medical),MDCAT (for MBBS/BDS) / University Entry Test,35000.0,15-January-2026,https://www.jsmu.edu.pk/
Jinnah Sindh Medical University,Karachi,Faculty of Allied Health Sciences,BS,Medical Laboratory Technology,4 Years,Minimum 50% F.Sc (Pre-Medical),MDCAT (for MBBS/BDS) / University Entry Test,30000.0,15-January-2026,https://www.jsmu.edu.pk/
Jinnah Sindh Medical University,Karachi,Faculty of Allied Health Sciences,BS,Medical Imaging Technology,4 Years,Minimum 50% F.Sc (Pre-Medical),MDCAT (for MBBS/BDS) / University Entry Test,30000.0,15-January-2026,https://www.jsmu.edu.pk/
Jinnah Sindh Medical University,Karachi,Faculty of Allied Health Sciences,BS,Operation Theatre Technology,4 Years,Minimum 50% F.Sc (Pre-Medical),MDCAT (for MBBS/BDS) / University Entry Test,30000.0,15-January-2026,https://www.jsmu.edu.pk/
Jinnah Sindh Medical University,Karachi,Faculty of Allied Health Sciences,BS,Anesthesia Technology,4 Years,Minimum 50% F.Sc (Pre-Medical),MDCAT (for MBBS/BDS) / University Entry Test,30000.0,15-January-2026,https://www.jsmu.edu.pk/
Jinnah Sindh Medical University,Karachi,Faculty of Allied Health Sciences,BS,Respiratory Therapy,4 Years,Minimum 50% F.Sc (Pre-Medical),MDCAT (for MBBS/BDS) / University Entry Test,30000.0,15-January-2026,https://www.jsmu.edu.pk/
Jinnah Sindh Medical University,Karachi,Faculty of Allied Health Sciences,BS,Cardiac Perfusion Technology,4 Years,Minimum 50% F.Sc (Pre-Medical),MDCAT (for MBBS/BDS) / University Entry Test,30000.0,15-January-2026,https://www.jsmu.edu.pk/
Jinnah Sindh Medical University,Karachi,Faculty of Allied Health Sciences,BS,Dialysis Technology,4 Years,Minimum 50% F.Sc (Pre-Medical),MDCAT (for MBBS/BDS) / University Entry Test,30000.0,15-January-2026,https://www.jsmu.edu.pk/
Jinnah Sindh Medical University,Karachi,Faculty of Allied Health Sciences,BS,Dental Technology,4 Years,Minimum 50% F.Sc (Pre-Medical),MDCAT (for MBBS/BDS) / University Entry Test,30000.0,15-January-2026,https://www.jsmu.edu.pk/
Jinnah Sindh Medical University,Karachi,Faculty of Allied Health Sciences,BS,Nuclear Medicine Technology,4 Years,Minimum 50% F.Sc (Pre-Medical),MDCAT (for MBBS/BDS) / University Entry Test,30000.0,15-January-2026,https://www.jsmu.edu.pk/
Jinnah Sindh Medical University,Karachi,Faculty of Public Health,BS,Public Health,4 Years,Minimum 50% F.Sc (Pre-Medical),MDCAT (for MBBS/BDS) / University Entry Test,30000.0,15-January-2026,https://www.jsmu.edu.pk/
Jinnah Sindh Medical University,Karachi,Faculty of Public Health,BS,Health Informatics,4 Years,Minimum 50% F.Sc (Pre-Medical),MDCAT (for MBBS/BDS) / University Entry Test,30000.0,15-January-2026,https://www.jsmu.edu.pk/
Jinnah Sindh Medical University,Karachi,Faculty of Public Health,BS,Nutrition & Dietetics,4 Years,Minimum 50% F.Sc (Pre-Medical),MDCAT (for MBBS/BDS) / University Entry Test,30000.0,15-January-2026,https://www.jsmu.edu.pk/
Jinnah Sindh Medical University,Karachi,Faculty of Nursing,BS,Nursing,4 Years,Minimum 50% F.Sc (Pre-Medical),MDCAT (for MBBS/BDS) / University Entry Test,30000.0,15-January-2026,https://www.jsmu.edu.pk/
Jinnah Sindh Medical University,Karachi,Faculty of Nursing,BS,Post RN BS Nursing,2 Years,Registered Nurse + Diploma in Nursing,MDCAT (for MBBS/BDS) / University Entry Test,30000.0,15-January-2026,https://www.jsmu.edu.pk/
Jinnah Sindh Medical University,Karachi,Faculty of Basic Medical Sciences,MPhil,Biochemistry,2 Years,16 years relevant education with minimum 2.5 CGPA,Entry Test + Interview,55000.0,15-January-2026,https://www.jsmu.edu.pk/
Jinnah Sindh Medical University,Karachi,Faculty of Basic Medical Sciences,MPhil,Physiology,2 Years,16 years relevant education with minimum 2.5 CGPA,Entry Test + Interview,55000.0,15-January-2026,https://www.jsmu.edu.pk/
Jinnah Sindh Medical University,Karachi,Faculty of Basic Medical Sciences,MPhil,Anatomy,2 Years,16 years relevant education with minimum 2.5 CGPA,Entry Test + Interview,55000.0,15-January-2026,https://www.jsmu.edu.pk/
Jinnah Sindh Medical University,Karachi,Faculty of Basic Medical Sciences,MPhil,Pharmacology,2 Years,16 years relevant education with minimum 2.5 CGPA,Entry Test + Interview,55000.0,15-January-2026,https://www.jsmu.edu.pk/
Jinnah Sindh Medical University,Karachi,Faculty of Basic Medical Sciences,MPhil,Microbiology,2 Years,16 years relevant education with minimum 2.5 CGPA,Entry Test + Interview,55000.0,15-January-2026,https://www.jsmu.edu.pk/
Jinnah Sindh Medical University,Karachi,Faculty of Medicine,MPhil,Clinical Pathology,2 Years,16 years relevant education with minimum 2.5 CGPA,Entry Test + Interview,55000.0,15-January-2026,https://www.jsmu.edu.pk/
Jinnah Sindh Medical University,Karachi,Faculty of Medicine,MPhil,Hematology,2 Years,16 years relevant education with minimum 2.5 CGPA,Entry Test + Interview,55000.0,15-January-2026,https://www.jsmu.edu.pk/
Jinnah Sindh Medical University,Karachi,Faculty of Medicine,MPhil,Chemical Pathology,2 Years,16 years relevant education with minimum 2.5 CGPA,Entry Test + Interview,55000.0,15-January-2026,https://www.jsmu.edu.pk/
Jinnah Sindh Medical University,Karachi,Faculty of Public Health,MS,Public Health,2 Years,16 years relevant education with minimum 2.5 CGPA,Entry Test + Interview,55000.0,15-January-2026,https://www.jsmu.edu.pk/
Jinnah Sindh Medical University,Karachi,Faculty of Public Health,MPhil,Public Health,2 Years,16 years relevant education with minimum 2.5 CGPA,Entry Test + Interview,55000.0,15-January-2026,https://www.jsmu.edu.pk/
Jinnah Sindh Medical University,Karachi,Faculty of Pharmacy,MPhil,Pharmaceutics,2 Years,16 years relevant education with minimum 2.5 CGPA,Entry Test + Interview,55000.0,15-January-2026,https://www.jsmu.edu.pk/
Jinnah Sindh Medical University,Karachi,Faculty of Pharmacy,MPhil,Pharmacology,2 Years,16 years relevant education with minimum 2.5 CGPA,Entry Test + Interview,55000.0,15-January-2026,https://www.jsmu.edu.pk/
Jinnah Sindh Medical University,Karachi,Faculty of Nursing,MS,Nursing,2 Years,16 years relevant education with minimum 2.5 CGPA,Entry Test + Interview,55000.0,15-January-2026,https://www.jsmu.edu.pk/
Jinnah Sindh Medical University,Karachi,Faculty of Basic Medical Sciences,PhD,Biochemistry,3-5 Years,MS/MPhil with minimum 3.0 CGPA + GRE + Interview,HEC GRE + Interview,70000.0,15-January-2026,https://www.jsmu.edu.pk/
Jinnah Sindh Medical University,Karachi,Faculty of Basic Medical Sciences,PhD,Physiology,3-5 Years,MS/MPhil with minimum 3.0 CGPA + GRE + Interview,HEC GRE + Interview,70000.0,15-January-2026,https://www.jsmu.edu.pk/
Jinnah Sindh Medical University,Karachi,Faculty of Basic Medical Sciences,PhD,Pharmacology,3-5 Years,MS/MPhil with minimum 3.0 CGPA + GRE + Interview,HEC GRE + Interview,70000.0,15-January-2026,https://www.jsmu.edu.pk/
Jinnah Sindh Medical University,Karachi,Faculty of Public Health,PhD,Public Health,3-5 Years,MS/MPhil with minimum 3.0 CGPA + GRE + Interview,HEC GRE + Interview,70000.0,15-January-2026,https://www.jsmu.edu.pk/
Jinnah Sindh Medical University,Karachi,Faculty of Dentistry,PhD,Dental Sciences,3-5 Years,MS/MPhil with minimum 3.0 CGPA + GRE + Interview,HEC GRE + Interview,70000.0,15-January-2026,https://www.jsmu.edu.pk/
Jinnah Sindh Medical University,Karachi,Faculty of Medicine,PhD,Clinical Sciences,3-5 Years,MS/MPhil with minimum 3.0 CGPA + GRE + Interview,HEC GRE + Interview,70000.0,15-January-2026,https://www.jsmu.edu.pk/
Millennium Institute of Technology & Entrepreneurship,Karachi,Faculty of Business & Management Science,BS,Business Administration,4 Years,Minimum 50% marks in Intermediate or equivalent.,MITE Entry Test + Interview,207000.0,15-January-2026,https://mite.edu.pk/bachelor-of-business-administration-bbahons
Millennium Institute of Technology & Entrepreneurship,Karachi,Faculty of Business & Management Science,BS,Accounting and Finance,4 Years,Minimum 50% marks in Intermediate or equivalent.,MITE Entry Test + Interview,207000.0,15-January-2026,https://mite.edu.pk/bs-accounting-finance/
Millennium Institute of Technology & Entrepreneurship,Karachi,Faculty of Business & Management Science,BS,Business Analytics & Data Science,4 Years,Minimum 50% marks in Intermediate or equivalent.,MITE Entry Test + Interview,207000.0,15-January-2026,https://mite.edu.pk/
Millennium Institute of Technology & Entrepreneurship,Karachi,Faculty of Engineering & Computer Science,BS,Computer Science,4 Years,Minimum 50% marks in Intermediate with Mathematics.,MITE Entry Test + Interview,172500.0,15-January-2026,https://mite.edu.pk/faculty-of-engineering-and-computer-science/
Millennium Institute of Technology & Entrepreneurship,Karachi,Faculty of Engineering & Computer Science,BS,Program (Computer Science),2 Years,Minimum 45% marks in Intermediate.,MITE Entry Test,150000.0,15-January-2026,https://mite.edu.pk/faculty-of-engineering-and-computer-science/adp-cs/
Millennium Institute of Technology & Entrepreneurship,Karachi,Faculty of Arts & Design,BS,Fashion Design,4 Years,Minimum 50% marks in Intermediate or equivalent.,MITE Entry Test + Interview,207000.0,15-January-2026,https://mite.edu.pk/faculty-of-arts-and-design/
Millennium Institute of Technology & Entrepreneurship,Karachi,Faculty of Arts & Design,BS,Interior Design,4 Years,Minimum 50% marks in Intermediate or equivalent.,MITE Entry Test + Interview,207000.0,15-January-2026,https://mite.edu.pk/faculty-of-arts-and-design/
Sir Syed University of Engineering and Technology,Karachi,Faculty of Engineering & Computing,BS,Electronic Engineering,4 Years,Minimum 60% in HSC Pre-Engineering or equivalent.,University Admission Test,130000.0,23-January-2026,https://www.ssuet.edu.pk/
Sir Syed University of Engineering and Technology,Karachi,Faculty of Engineering & Computing,BS,Biomedical Engineering,4 Years,Minimum 60% in HSC Pre-Engineering or equivalent.,University Admission Test,130000.0,23-January-2026,https://www.ssuet.edu.pk/
Sir Syed University of Engineering and Technology,Karachi,Faculty of Engineering & Computing,BS,Civil Engineering,4 Years,Minimum 60% in HSC Pre-Engineering or equivalent.,University Admission Test,130000.0,23-January-2026,https://www.ssuet.edu.pk/
Sir Syed University of Engineering and Technology,Karachi,Faculty of Engineering & Computing,BS,Electrical Engineering,4 Years,Minimum 60% in HSC Pre-Engineering or equivalent.,University Admission Test,130000.0,23-January-2026,https://www.ssuet.edu.pk/
Sir Syed University of Engineering and Technology,Karachi,Faculty of Engineering & Computing,BS,Computer Engineering,4 Years,Minimum 60% in HSC Pre-Engineering or equivalent.,University Admission Test,130000.0,23-January-2026,https://www.ssuet.edu.pk/
Sir Syed University of Engineering and Technology,Karachi,Faculty of Engineering & Computing,BS,Telecommunication Engineering,4 Years,Minimum 60% in HSC Pre-Engineering or equivalent.,University Admission Test,130000.0,23-January-2026,https://www.ssuet.edu.pk/
Sir Syed University of Engineering and Technology,Karachi,Faculty of Engineering & Computing,BS,Computer Science,4 Years,Minimum 60% in HSC Pre-Engineering or equivalent.,University Admission Test,130000.0,23-January-2026,https://www.ssuet.edu.pk/
Sir Syed University of Engineering and Technology,Karachi,Faculty of Engineering & Computing,BS,Information Technology,4 Years,Minimum 60% in HSC Pre-Engineering or equivalent.,University Admission Test,130000.0,23-January-2026,https://www.ssuet.edu.pk/
Sir Syed University of Engineering and Technology,Karachi,Faculty of Engineering & Computing,BS,Software Engineering,4 Years,Minimum 60% in HSC Pre-Engineering or equivalent.,University Admission Test,130000.0,23-January-2026,https://www.ssuet.edu.pk/
Sir Syed University of Engineering and Technology,Karachi,Faculty of Engineering & Computing,BS,Cyber Security,4 Years,Minimum 60% in HSC Pre-Engineering or equivalent.,University Admission Test,130000.0,23-January-2026,https://www.ssuet.edu.pk/
Sir Syed University of Engineering and Technology,Karachi,Faculty of Engineering & Computing,BS,Data Science,4 Years,Minimum 60% in HSC Pre-Engineering or equivalent.,University Admission Test,130000.0,23-January-2026,https://www.ssuet.edu.pk/
Sir Syed University of Engineering and Technology,Karachi,Faculty of Engineering & Computing,BS,Artificial Intelligence,4 Years,Minimum 60% in HSC Pre-Engineering or equivalent.,University Admission Test,130000.0,23-January-2026,https://www.ssuet.edu.pk/
Sir Syed University of Engineering and Technology,Karachi,Faculty of Engineering & Computing,BS,Robotics & Intelligent Machines,4 Years,Minimum 60% in HSC Pre-Engineering or equivalent.,University Admission Test,130000.0,23-January-2026,https://www.ssuet.edu.pk/
Sir Syed University of Engineering and Technology,Karachi,Faculty of Engineering & Computing,BS,Renewable Energy Systems,4 Years,Minimum 60% in HSC Pre-Engineering or equivalent.,University Admission Test,130000.0,23-January-2026,https://www.ssuet.edu.pk/
Sir Syed University of Engineering and Technology,Karachi,Faculty of Engineering & Computing,BS,Cloud Computing & Information Science,4 Years,Minimum 60% in HSC Pre-Engineering or equivalent.,University Admission Test,130000.0,23-January-2026,https://www.ssuet.edu.pk/
Sir Syed University of Engineering and Technology,Karachi,Faculty of Engineering & Computing,BS,Game Engineering,4 Years,Minimum 60% in HSC Pre-Engineering or equivalent.,University Admission Test,130000.0,23-January-2026,https://www.ssuet.edu.pk/
Sir Syed University of Engineering and Technology,Karachi,Faculty of Engineering & Computing,BS,Computer Networks & Security,4 Years,Minimum 60% in HSC Pre-Engineering or equivalent.,University Admission Test,130000.0,23-January-2026,https://www.ssuet.edu.pk/
Sir Syed University of Engineering and Technology,Karachi,Faculty of Business Administration,BS,Business Administration,4 Years,Minimum 45–50% in HSC or equivalent.,University Admission Test,91000.0,23-January-2026,https://www.ssuet.edu.pk/
Sir Syed University of Engineering and Technology,Karachi,Faculty of Business Administration,BS,Business & Data Analytics,4 Years,Minimum 45–50% in HSC or equivalent.,University Admission Test,91000.0,23-January-2026,https://www.ssuet.edu.pk/
Sir Syed University of Engineering and Technology,Karachi,Faculty of Business Administration,BS,Business & Information Technology,4 Years,Minimum 45–50% in HSC or equivalent.,University Admission Test,91000.0,23-January-2026,https://www.ssuet.edu.pk/
Sir Syed University of Engineering and Technology,Karachi,Faculty of Applied Sciences,BS,Biotechnology,4 Years,Minimum 50% in HSC Pre-Medical or equivalent.,University Admission Test,118800.0,23-January-2026,https://www.ssuet.edu.pk/
Sir Syed University of Engineering and Technology,Karachi,Faculty of Applied Sciences,BS,Clinical Psychology,4 Years,Minimum 50% in HSC Pre-Medical or equivalent.,University Admission Test,118800.0,23-January-2026,https://www.ssuet.edu.pk/
Sir Syed University of Engineering and Technology,Karachi,Faculty of Applied Sciences,BS,Food Science & Technology,4 Years,Minimum 50% in HSC Pre-Medical or equivalent.,University Admission Test,118800.0,23-January-2026,https://www.ssuet.edu.pk/
Sir Syed University of Engineering and Technology,Karachi,Faculty of Applied Sciences,BS,Medical Technology,4 Years,Minimum 50% in HSC Pre-Medical or equivalent.,University Admission Test,118800.0,23-January-2026,https://www.ssuet.edu.pk/
Sir Syed University of Engineering and Technology,Karachi,Faculty of Applied Sciences,BS,Medical Technology (Radiological Imaging),4 Years,Minimum 50% in HSC Pre-Medical or equivalent.,University Admission Test,118800.0,23-January-2026,https://www.ssuet.edu.pk/
Sir Syed University of Engineering and Technology,Karachi,Postgraduate Engineering,MS,Biomedical Engineering,2 Years,16 years relevant education with minimum 2.5 CGPA.,University Admission Test,118800.0,23-January-2026,https://www.ssuet.edu.pk/
Sir Syed University of Engineering and Technology,Karachi,Postgraduate Engineering,MS,Civil Engineering,2 Years,16 years relevant education with minimum 2.5 CGPA.,University Admission Test,118800.0,23-January-2026,https://www.ssuet.edu.pk/
Sir Syed University of Engineering and Technology,Karachi,Postgraduate Engineering,MS,Computer Engineering,2 Years,16 years relevant education with minimum 2.5 CGPA.,University Admission Test,118800.0,23-January-2026,https://www.ssuet.edu.pk/
Sir Syed University of Engineering and Technology,Karachi,Postgraduate Engineering,MS,Computer Science,2 Years,16 years relevant education with minimum 2.5 CGPA.,University Admission Test,118800.0,23-January-2026,https://www.ssuet.edu.pk/
Sir Syed University of Engineering and Technology,Karachi,Postgraduate Engineering,MS,Electronic Engineering,2 Years,16 years relevant education with minimum 2.5 CGPA.,University Admission Test,118800.0,23-January-2026,https://www.ssuet.edu.pk/
Sir Syed University of Engineering and Technology,Karachi,Postgraduate Engineering,MS,Electrical Engineering,2 Years,16 years relevant education with minimum 2.5 CGPA.,University Admission Test,118800.0,23-January-2026,https://www.ssuet.edu.pk/
Sir Syed University of Engineering and Technology,Karachi,Postgraduate Engineering,MS,Mathematics,2 Years,16 years relevant education with minimum 2.5 CGPA.,University Admission Test,118800.0,23-January-2026,https://www.ssuet.edu.pk/
Sir Syed University of Engineering and Technology,Karachi,Postgraduate Engineering,MS,Software Engineering,2 Years,16 years relevant education with minimum 2.5 CGPA.,University Admission Test,118800.0,23-January-2026,https://www.ssuet.edu.pk/
Sir Syed University of Engineering and Technology,Karachi,Business Administration,MBA,Business Administration,1.5–2 Years,16 years education (Business or Non-Business background).,University Admission Test,118800.0,23-January-2026,https://www.ssuet.edu.pk/
Sir Syed University of Engineering and Technology,Karachi,Doctoral Programs,PhD,Biomedical Engineering,3–5 Years,MS/MPhil with minimum 3.0 CGPA and admission test required.,University Admission Test,130000.0,23-January-2026,https://www.ssuet.edu.pk/
Sir Syed University of Engineering and Technology,Karachi,Doctoral Programs,PhD,Computer Engineering,3–5 Years,MS/MPhil with minimum 3.0 CGPA and admission test required.,University Admission Test,130000.0,23-January-2026,https://www.ssuet.edu.pk/
Sir Syed University of Engineering and Technology,Karachi,Doctoral Programs,PhD,Electronic Engineering,3–5 Years,MS/MPhil with minimum 3.0 CGPA and admission test required.,University Admission Test,130000.0,23-January-2026,https://www.ssuet.edu.pk/
Sir Syed University of Engineering and Technology,Karachi,Doctoral Programs,PhD,Mathematics,3–5 Years,MS/MPhil with minimum 3.0 CGPA and admission test required.,University Admission Test,130000.0,23-January-2026,https://www.ssuet.edu.pk/
University of Health Sciences,Lahore,Faculty of Medicine,BS,Medicine & Surgery,5 Years,Minimum 60% marks in FSc (Pre-Medical) or equivalent.,MDCAT / UHS Entry Test / Interview (as applicable),600000.0,15-August-2026,https://www.uhs.edu.pk/
University of Health Sciences,Lahore,Faculty of Dentistry,BS,Dental Surgery,4 Years,Minimum 60% marks in FSc (Pre-Medical) or equivalent.,MDCAT / UHS Entry Test / Interview (as applicable),550000.0,15-August-2026,https://www.uhs.edu.pk/
University of Health Sciences,Lahore,Faculty of Allied Health Sciences,BS,Physical Therapy,5 Years,Minimum 60% marks in FSc (Pre-Medical) or equivalent.,MDCAT / UHS Entry Test / Interview (as applicable),500000.0,15-August-2026,https://www.uhs.edu.pk/
University of Health Sciences,Lahore,Faculty of Nursing,BS,Nursing,4 Years,Minimum 60% marks in FSc (Pre-Medical) or equivalent.,MDCAT / UHS Entry Test / Interview (as applicable),300000.0,15-August-2026,https://www.uhs.edu.pk/
University of Health Sciences,Lahore,Faculty of Allied Health Sciences,BS,Medical Laboratory Technology,4 Years,Minimum 60% marks in FSc (Pre-Medical) or equivalent.,MDCAT / UHS Entry Test / Interview (as applicable),350000.0,15-August-2026,https://www.uhs.edu.pk/
University of Health Sciences,Lahore,Faculty of Basic Medical Sciences,MS,Anatomy,2 Years,Minimum 16 years of education in relevant medical field.,UHS Entry Test + Interview,450000.0,15-August-2026,https://www.uhs.edu.pk/
University of Health Sciences,Lahore,Faculty of Basic Medical Sciences,MS,Physiology,2 Years,Minimum 16 years of education in relevant medical field.,UHS Entry Test + Interview,450000.0,15-August-2026,https://www.uhs.edu.pk/
University of Health Sciences,Lahore,Faculty of Basic Medical Sciences,MS,Biochemistry,2 Years,Minimum 16 years of education in relevant medical field.,UHS Entry Test + Interview,450000.0,15-August-2026,https://www.uhs.edu.pk/
University of Health Sciences,Lahore,Faculty of Basic Medical Sciences,MS,Pharmacology,2 Years,Minimum 16 years of education in relevant medical field.,UHS Entry Test + Interview,450000.0,15-August-2026,https://www.uhs.edu.pk/
University of Health Sciences,Lahore,Faculty of Basic Medical Sciences,MS,Public Health,2 Years,Minimum 16 years of education in relevant medical field.,UHS Entry Test + Interview,450000.0,15-August-2026,https://www.uhs.edu.pk/
University of Health Sciences,Lahore,Faculty of Basic Medical Sciences,MS,Medical Education,2 Years,Minimum 16 years of education in relevant medical field.,UHS Entry Test + Interview,450000.0,15-August-2026,https://www.uhs.edu.pk/
University of Health Sciences,Lahore,Faculty of Basic Medical Sciences,MPhil,Anatomy,2 Years,Minimum 16 years of education in relevant field with required CGPA.,UHS Entry Test + Interview,350000.0,15-August-2026,https://www.uhs.edu.pk/
University of Health Sciences,Lahore,Faculty of Basic Medical Sciences,MPhil,Physiology,2 Years,Minimum 16 years of education in relevant field with required CGPA.,UHS Entry Test + Interview,350000.0,15-August-2026,https://www.uhs.edu.pk/
University of Health Sciences,Lahore,Faculty of Basic Medical Sciences,MPhil,Biochemistry,2 Years,Minimum 16 years of education in relevant field with required CGPA.,UHS Entry Test + Interview,350000.0,15-August-2026,https://www.uhs.edu.pk/
University of Health Sciences,Lahore,Faculty of Basic Medical Sciences,MPhil,Pharmacology,2 Years,Minimum 16 years of education in relevant field with required CGPA.,UHS Entry Test + Interview,350000.0,15-August-2026,https://www.uhs.edu.pk/
University of Health Sciences,Lahore,Faculty of Basic Medical Sciences,MPhil,Public Health,2 Years,Minimum 16 years of education in relevant field with required CGPA.,UHS Entry Test + Interview,350000.0,15-August-2026,https://www.uhs.edu.pk/
University of Health Sciences,Lahore,Faculty of Basic Medical Sciences,PhD,Anatomy,3-5 Years,Minimum 18 years of education (MPhil/MS) in relevant field.,UHS Entry Test + Interview,400000.0,15-August-2026,https://www.uhs.edu.pk/
University of Health Sciences,Lahore,Faculty of Basic Medical Sciences,PhD,Physiology,3-5 Years,Minimum 18 years of education (MPhil/MS) in relevant field.,UHS Entry Test + Interview,400000.0,15-August-2026,https://www.uhs.edu.pk/
University of Health Sciences,Lahore,Faculty of Basic Medical Sciences,PhD,Biochemistry,3-5 Years,Minimum 18 years of education (MPhil/MS) in relevant field.,UHS Entry Test + Interview,400000.0,15-August-2026,https://www.uhs.edu.pk/
University of Health Sciences,Lahore,Faculty of Basic Medical Sciences,PhD,Pharmacology,3-5 Years,Minimum 18 years of education (MPhil/MS) in relevant field.,UHS Entry Test + Interview,400000.0,15-August-2026,https://www.uhs.edu.pk/
University of Health Sciences,Lahore,Faculty of Basic Medical Sciences,PhD,Public Health,3-5 Years,Minimum 18 years of education (MPhil/MS) in relevant field.,UHS Entry Test + Interview,400000.0,15-August-2026,https://www.uhs.edu.pk/
University of Veterinary and Animal Sciences,Lahore,College of Veterinary Sciences,BS,Veterinary Medicine,5 Years,F.Sc (Pre-Medical or Equivalent) with minimum required percentage.,UVAS Entry Test / Interview (as applicable),180000.0,1-August-2026,https://uvas.edu.pk/
University of Veterinary and Animal Sciences,Lahore,Faculty of Pharmaceutical Sciences,BS,Pharmacy,5 Years,F.Sc (Pre-Medical or Equivalent) with minimum required percentage.,UVAS Entry Test / Interview (as applicable),180000.0,1-August-2026,https://uvas.edu.pk/
University of Veterinary and Animal Sciences,Lahore,Faculty of Life Sciences,BS,Applied Microbiology,4 Years,F.Sc (Pre-Medical or Equivalent) with minimum required percentage.,UVAS Entry Test / Interview (as applicable),180000.0,1-August-2026,https://uvas.edu.pk/
University of Veterinary and Animal Sciences,Lahore,Faculty of Pharmaceutical Sciences,BS,Biochemistry,4 Years,F.Sc (Pre-Medical or Equivalent) with minimum required percentage.,UVAS Entry Test / Interview (as applicable),180000.0,1-August-2026,https://uvas.edu.pk/
University of Veterinary and Animal Sciences,Lahore,Faculty of Life Sciences,BS,Biotechnology,4 Years,F.Sc (Pre-Medical or Equivalent) with minimum required percentage.,UVAS Entry Test / Interview (as applicable),180000.0,1-August-2026,https://uvas.edu.pk/
University of Veterinary and Animal Sciences,Lahore,Faculty of Life Sciences,BS,Biotechnology & Informatics,4 Years,F.Sc (Pre-Medical or Equivalent) with minimum required percentage.,UVAS Entry Test / Interview (as applicable),180000.0,1-August-2026,https://uvas.edu.pk/
University of Veterinary and Animal Sciences,Lahore,Faculty of Life Sciences,BS,Environmental Sciences,4 Years,F.Sc (Pre-Medical or Equivalent) with minimum required percentage.,UVAS Entry Test / Interview (as applicable),180000.0,1-August-2026,https://uvas.edu.pk/
University of Veterinary and Animal Sciences,Lahore,Faculty of Life Sciences,BS,Zoology,4 Years,F.Sc (Pre-Medical or Equivalent) with minimum required percentage.,UVAS Entry Test / Interview (as applicable),180000.0,1-August-2026,https://uvas.edu.pk/
University of Veterinary and Animal Sciences,Lahore,Faculty of Life Sciences,BS,Nutrition & Dietetics,4 Years,F.Sc (Pre-Medical or Equivalent) with minimum required percentage.,UVAS Entry Test / Interview (as applicable),180000.0,1-August-2026,https://uvas.edu.pk/
University of Veterinary and Animal Sciences,Lahore,University of Veterinary and Animal Sciences,BS,Medical Laboratory Technology,4 Years,F.Sc (Pre-Medical or Equivalent) with minimum required percentage.,UVAS Entry Test / Interview (as applicable),180000.0,1-August-2026,https://uvas.edu.pk/
University of Veterinary and Animal Sciences,Lahore,Faculty of Life Sciences,BS,Food Science & Technology,4 Years,F.Sc (Pre-Medical or Equivalent) with minimum required percentage.,UVAS Entry Test / Interview (as applicable),180000.0,1-August-2026,https://uvas.edu.pk/
University of Veterinary and Animal Sciences,Lahore,College of Veterinary Sciences,BS,Poultry Science,4 Years,F.Sc (Pre-Medical or Equivalent) with minimum required percentage.,UVAS Entry Test / Interview (as applicable),180000.0,1-August-2026,https://uvas.edu.pk/
University of Veterinary and Animal Sciences,Lahore,College of Veterinary Sciences,BS,Dairy Technology,4 Years,F.Sc (Pre-Medical or Equivalent) with minimum required percentage.,UVAS Entry Test / Interview (as applicable),180000.0,1-August-2026,https://uvas.edu.pk/
University of Veterinary and Animal Sciences,Lahore,College of Veterinary Sciences,BS,Animal Nutrition,4 Years,F.Sc (Pre-Medical or Equivalent) with minimum required percentage.,UVAS Entry Test / Interview (as applicable),180000.0,1-August-2026,https://uvas.edu.pk/
University of Veterinary and Animal Sciences,Lahore,College of Veterinary Sciences,BS,Livestock Management,4 Years,F.Sc (Pre-Medical or Equivalent) with minimum required percentage.,UVAS Entry Test / Interview (as applicable),180000.0,1-August-2026,https://uvas.edu.pk/
University of Veterinary and Animal Sciences,Lahore,College of Veterinary Sciences,BS,Animal Products Technology,4 Years,F.Sc (Pre-Medical or Equivalent) with minimum required percentage.,UVAS Entry Test / Interview (as applicable),180000.0,1-August-2026,https://uvas.edu.pk/
University of Veterinary and Animal Sciences,Lahore,College of Veterinary Sciences,BS,Theriogenology,4 Years,F.Sc (Pre-Medical or Equivalent) with minimum required percentage.,UVAS Entry Test / Interview (as applicable),180000.0,1-August-2026,https://uvas.edu.pk/
University of Veterinary and Animal Sciences,Lahore,College of Veterinary Sciences,BS,Clinical Sciences,4 Years,F.Sc (Pre-Medical or Equivalent) with minimum required percentage.,UVAS Entry Test / Interview (as applicable),180000.0,1-August-2026,https://uvas.edu.pk/
University of Veterinary and Animal Sciences,Lahore,College of Veterinary Sciences,BS,Veterinary & Biomedical Sciences,4 Years,F.Sc (Pre-Medical or Equivalent) with minimum required percentage.,UVAS Entry Test / Interview (as applicable),180000.0,1-August-2026,https://uvas.edu.pk/
University of Veterinary and Animal Sciences,Lahore,College of Veterinary Sciences,BS,Pathology,4 Years,F.Sc (Pre-Medical or Equivalent) with minimum required percentage.,UVAS Entry Test / Interview (as applicable),180000.0,1-August-2026,https://uvas.edu.pk/
University of Veterinary and Animal Sciences,Lahore,College of Veterinary Sciences,BS,Parasitology,4 Years,F.Sc (Pre-Medical or Equivalent) with minimum required percentage.,UVAS Entry Test / Interview (as applicable),180000.0,1-August-2026,https://uvas.edu.pk/
University of Veterinary and Animal Sciences,Lahore,Faculty of Life Sciences,BS,Epidemiology & Public Health,4 Years,F.Sc (Pre-Medical or Equivalent) with minimum required percentage.,UVAS Entry Test / Interview (as applicable),180000.0,1-August-2026,https://uvas.edu.pk/
University of Veterinary and Animal Sciences,Lahore,Faculty of Life Sciences,BS,Wildlife & Ecology,4 Years,F.Sc (Pre-Medical or Equivalent) with minimum required percentage.,UVAS Entry Test / Interview (as applicable),180000.0,1-August-2026,https://uvas.edu.pk/
University of Veterinary and Animal Sciences,Lahore,Faculty of Life Sciences,BS,Fisheries & Aquaculture,4 Years,F.Sc (Pre-Medical or Equivalent) with minimum required percentage.,UVAS Entry Test / Interview (as applicable),180000.0,1-August-2026,https://uvas.edu.pk/
University of Veterinary and Animal Sciences,Lahore,Faculty of Life Sciences,MS,Applied Microbiology,2 Years,16 years relevant education with required CGPA.,UVAS Entry Test / Interview (as applicable),220000.0,1-August-2026,https://uvas.edu.pk/
University of Veterinary and Animal Sciences,Lahore,Faculty of Life Sciences,MS,Biotechnology,2 Years,16 years relevant education with required CGPA.,UVAS Entry Test / Interview (as applicable),220000.0,1-August-2026,https://uvas.edu.pk/
University of Veterinary and Animal Sciences,Lahore,Faculty of Pharmaceutical Sciences,MS,Biochemistry,2 Years,16 years relevant education with required CGPA.,UVAS Entry Test / Interview (as applicable),220000.0,1-August-2026,https://uvas.edu.pk/
University of Veterinary and Animal Sciences,Lahore,Faculty of Life Sciences,MS,Environmental Sciences,2 Years,16 years relevant education with required CGPA.,UVAS Entry Test / Interview (as applicable),220000.0,1-August-2026,https://uvas.edu.pk/
University of Veterinary and Animal Sciences,Lahore,Faculty of Life Sciences,MS,Zoology,2 Years,16 years relevant education with required CGPA.,UVAS Entry Test / Interview (as applicable),220000.0,1-August-2026,https://uvas.edu.pk/
University of Veterinary and Animal Sciences,Lahore,Faculty of Life Sciences,MS,Nutrition,2 Years,16 years relevant education with required CGPA.,UVAS Entry Test / Interview (as applicable),220000.0,1-August-2026,https://uvas.edu.pk/
University of Veterinary and Animal Sciences,Lahore,University of Veterinary and Animal Sciences,MS,Medical Laboratory Sciences,2 Years,16 years relevant education with required CGPA.,UVAS Entry Test / Interview (as applicable),220000.0,1-August-2026,https://uvas.edu.pk/
University of Veterinary and Animal Sciences,Lahore,Faculty of Life Sciences,MS,Food Science,2 Years,16 years relevant education with required CGPA.,UVAS Entry Test / Interview (as applicable),220000.0,1-August-2026,https://uvas.edu.pk/
University of Veterinary and Animal Sciences,Lahore,College of Veterinary Sciences,MS,Poultry Science,2 Years,16 years relevant education with required CGPA.,UVAS Entry Test / Interview (as applicable),220000.0,1-August-2026,https://uvas.edu.pk/
University of Veterinary and Animal Sciences,Lahore,College of Veterinary Sciences,MS,Dairy Technology,2 Years,16 years relevant education with required CGPA.,UVAS Entry Test / Interview (as applicable),220000.0,1-August-2026,https://uvas.edu.pk/
University of Veterinary and Animal Sciences,Lahore,College of Veterinary Sciences,MS,Animal Nutrition,2 Years,16 years relevant education with required CGPA.,UVAS Entry Test / Interview (as applicable),220000.0,1-August-2026,https://uvas.edu.pk/
University of Veterinary and Animal Sciences,Lahore,College of Veterinary Sciences,MS,Livestock Management,2 Years,16 years relevant education with required CGPA.,UVAS Entry Test / Interview (as applicable),220000.0,1-August-2026,https://uvas.edu.pk/
University of Veterinary and Animal Sciences,Lahore,College of Veterinary Sciences,MS,Animal Breeding & Genetics,2 Years,16 years relevant education with required CGPA.,UVAS Entry Test / Interview (as applicable),220000.0,1-August-2026,https://uvas.edu.pk/
University of Veterinary and Animal Sciences,Lahore,College of Veterinary Sciences,MS,Theriogenology,2 Years,16 years relevant education with required CGPA.,UVAS Entry Test / Interview (as applicable),220000.0,1-August-2026,https://uvas.edu.pk/
University of Veterinary and Animal Sciences,Lahore,College of Veterinary Sciences,MS,Clinical Medicine,2 Years,16 years relevant education with required CGPA.,UVAS Entry Test / Interview (as applicable),220000.0,1-August-2026,https://uvas.edu.pk/
University of Veterinary and Animal Sciences,Lahore,College of Veterinary Sciences,MS,Veterinary Surgery,2 Years,16 years relevant education with required CGPA.,UVAS Entry Test / Interview (as applicable),220000.0,1-August-2026,https://uvas.edu.pk/
University of Veterinary and Animal Sciences,Lahore,College of Veterinary Sciences,MS,Veterinary Pathology,2 Years,16 years relevant education with required CGPA.,UVAS Entry Test / Interview (as applicable),220000.0,1-August-2026,https://uvas.edu.pk/
University of Veterinary and Animal Sciences,Lahore,College of Veterinary Sciences,MS,Parasitology,2 Years,16 years relevant education with required CGPA.,UVAS Entry Test / Interview (as applicable),220000.0,1-August-2026,https://uvas.edu.pk/
University of Veterinary and Animal Sciences,Lahore,Faculty of Life Sciences,MS,Epidemiology & Public Health,2 Years,16 years relevant education with required CGPA.,UVAS Entry Test / Interview (as applicable),220000.0,1-August-2026,https://uvas.edu.pk/
University of Veterinary and Animal Sciences,Lahore,Faculty of Life Sciences,MS,Wildlife & Ecology,2 Years,16 years relevant education with required CGPA.,UVAS Entry Test / Interview (as applicable),220000.0,1-August-2026,https://uvas.edu.pk/
University of Veterinary and Animal Sciences,Lahore,Faculty of Life Sciences,MS,Fisheries & Aquaculture,2 Years,16 years relevant education with required CGPA.,UVAS Entry Test / Interview (as applicable),220000.0,1-August-2026,https://uvas.edu.pk/
University of Veterinary and Animal Sciences,Lahore,University of Veterinary and Animal Sciences,MS,Pharmacology,2 Years,16 years relevant education with required CGPA.,UVAS Entry Test / Interview (as applicable),220000.0,1-August-2026,https://uvas.edu.pk/
University of Veterinary and Animal Sciences,Lahore,Faculty of Life Sciences,MS,Toxicology,2 Years,16 years relevant education with required CGPA.,UVAS Entry Test / Interview (as applicable),220000.0,1-August-2026,https://uvas.edu.pk/
University of Veterinary and Animal Sciences,Lahore,Faculty of Life Sciences,MS,Immunology,2 Years,16 years relevant education with required CGPA.,UVAS Entry Test / Interview (as applicable),220000.0,1-August-2026,https://uvas.edu.pk/
University of Veterinary and Animal Sciences,Lahore,Faculty of Life Sciences,MS,Molecular Biology,2 Years,16 years relevant education with required CGPA.,UVAS Entry Test / Interview (as applicable),220000.0,1-August-2026,https://uvas.edu.pk/
University of Veterinary and Animal Sciences,Lahore,Faculty of Life Sciences,MPhil,Applied Microbiology,2 Years,MS/Relevant degree with required CGPA.,UVAS Entry Test / Interview (as applicable),220000.0,1-August-2026,https://uvas.edu.pk/
University of Veterinary and Animal Sciences,Lahore,Faculty of Life Sciences,MPhil,Biotechnology,2 Years,MS/Relevant degree with required CGPA.,UVAS Entry Test / Interview (as applicable),220000.0,1-August-2026,https://uvas.edu.pk/
University of Veterinary and Animal Sciences,Lahore,Faculty of Pharmaceutical Sciences,MPhil,Biochemistry,2 Years,MS/Relevant degree with required CGPA.,UVAS Entry Test / Interview (as applicable),220000.0,1-August-2026,https://uvas.edu.pk/
University of Veterinary and Animal Sciences,Lahore,Faculty of Life Sciences,MPhil,Environmental Sciences,2 Years,MS/Relevant degree with required CGPA.,UVAS Entry Test / Interview (as applicable),220000.0,1-August-2026,https://uvas.edu.pk/
University of Veterinary and Animal Sciences,Lahore,Faculty of Life Sciences,MPhil,Zoology,2 Years,MS/Relevant degree with required CGPA.,UVAS Entry Test / Interview (as applicable),220000.0,1-August-2026,https://uvas.edu.pk/
University of Veterinary and Animal Sciences,Lahore,Faculty of Life Sciences,MPhil,Nutrition,2 Years,MS/Relevant degree with required CGPA.,UVAS Entry Test / Interview (as applicable),220000.0,1-August-2026,https://uvas.edu.pk/
University of Veterinary and Animal Sciences,Lahore,University of Veterinary and Animal Sciences,MPhil,Medical Laboratory Sciences,2 Years,MS/Relevant degree with required CGPA.,UVAS Entry Test / Interview (as applicable),220000.0,1-August-2026,https://uvas.edu.pk/
University of Veterinary and Animal Sciences,Lahore,Faculty of Life Sciences,MPhil,Food Science,2 Years,MS/Relevant degree with required CGPA.,UVAS Entry Test / Interview (as applicable),220000.0,1-August-2026,https://uvas.edu.pk/
University of Veterinary and Animal Sciences,Lahore,College of Veterinary Sciences,MPhil,Poultry Science,2 Years,MS/Relevant degree with required CGPA.,UVAS Entry Test / Interview (as applicable),220000.0,1-August-2026,https://uvas.edu.pk/
University of Veterinary and Animal Sciences,Lahore,College of Veterinary Sciences,MPhil,Dairy Technology,2 Years,MS/Relevant degree with required CGPA.,UVAS Entry Test / Interview (as applicable),220000.0,1-August-2026,https://uvas.edu.pk/
University of Veterinary and Animal Sciences,Lahore,College of Veterinary Sciences,MPhil,Animal Nutrition,2 Years,MS/Relevant degree with required CGPA.,UVAS Entry Test / Interview (as applicable),220000.0,1-August-2026,https://uvas.edu.pk/
University of Veterinary and Animal Sciences,Lahore,College of Veterinary Sciences,MPhil,Livestock Management,2 Years,MS/Relevant degree with required CGPA.,UVAS Entry Test / Interview (as applicable),220000.0,1-August-2026,https://uvas.edu.pk/
University of Veterinary and Animal Sciences,Lahore,College of Veterinary Sciences,MPhil,Animal Breeding & Genetics,2 Years,MS/Relevant degree with required CGPA.,UVAS Entry Test / Interview (as applicable),220000.0,1-August-2026,https://uvas.edu.pk/
University of Veterinary and Animal Sciences,Lahore,College of Veterinary Sciences,MPhil,Theriogenology,2 Years,MS/Relevant degree with required CGPA.,UVAS Entry Test / Interview (as applicable),220000.0,1-August-2026,https://uvas.edu.pk/
University of Veterinary and Animal Sciences,Lahore,College of Veterinary Sciences,MPhil,Clinical Medicine,2 Years,MS/Relevant degree with required CGPA.,UVAS Entry Test / Interview (as applicable),220000.0,1-August-2026,https://uvas.edu.pk/
University of Veterinary and Animal Sciences,Lahore,College of Veterinary Sciences,MPhil,Veterinary Surgery,2 Years,MS/Relevant degree with required CGPA.,UVAS Entry Test / Interview (as applicable),220000.0,1-August-2026,https://uvas.edu.pk/
University of Veterinary and Animal Sciences,Lahore,College of Veterinary Sciences,MPhil,Veterinary Pathology,2 Years,MS/Relevant degree with required CGPA.,UVAS Entry Test / Interview (as applicable),220000.0,1-August-2026,https://uvas.edu.pk/
University of Veterinary and Animal Sciences,Lahore,College of Veterinary Sciences,MPhil,Parasitology,2 Years,MS/Relevant degree with required CGPA.,UVAS Entry Test / Interview (as applicable),220000.0,1-August-2026,https://uvas.edu.pk/
University of Veterinary and Animal Sciences,Lahore,Faculty of Life Sciences,MPhil,Epidemiology & Public Health,2 Years,MS/Relevant degree with required CGPA.,UVAS Entry Test / Interview (as applicable),220000.0,1-August-2026,https://uvas.edu.pk/
University of Veterinary and Animal Sciences,Lahore,Faculty of Life Sciences,MPhil,Wildlife & Ecology,2 Years,MS/Relevant degree with required CGPA.,UVAS Entry Test / Interview (as applicable),220000.0,1-August-2026,https://uvas.edu.pk/
University of Veterinary and Animal Sciences,Lahore,Faculty of Life Sciences,MPhil,Fisheries & Aquaculture,2 Years,MS/Relevant degree with required CGPA.,UVAS Entry Test / Interview (as applicable),220000.0,1-August-2026,https://uvas.edu.pk/
University of Veterinary and Animal Sciences,Lahore,University of Veterinary and Animal Sciences,MPhil,Pharmacology,2 Years,MS/Relevant degree with required CGPA.,UVAS Entry Test / Interview (as applicable),220000.0,1-August-2026,https://uvas.edu.pk/
University of Veterinary and Animal Sciences,Lahore,Faculty of Life Sciences,MPhil,Toxicology,2 Years,MS/Relevant degree with required CGPA.,UVAS Entry Test / Interview (as applicable),220000.0,1-August-2026,https://uvas.edu.pk/
University of Veterinary and Animal Sciences,Lahore,Faculty of Life Sciences,MPhil,Immunology,2 Years,MS/Relevant degree with required CGPA.,UVAS Entry Test / Interview (as applicable),220000.0,1-August-2026,https://uvas.edu.pk/
University of Veterinary and Animal Sciences,Lahore,Faculty of Life Sciences,MPhil,Molecular Biology,2 Years,MS/Relevant degree with required CGPA.,UVAS Entry Test / Interview (as applicable),220000.0,1-August-2026,https://uvas.edu.pk/
University of Veterinary and Animal Sciences,Lahore,Faculty of Life Sciences,PhD,Applied Microbiology,3–5 Years,MPhil/MS in relevant field with required CGPA.,UVAS Entry Test / Interview (as applicable),250000.0,1-August-2026,https://uvas.edu.pk/
University of Veterinary and Animal Sciences,Lahore,Faculty of Life Sciences,PhD,Biotechnology,3–5 Years,MPhil/MS in relevant field with required CGPA.,UVAS Entry Test / Interview (as applicable),250000.0,1-August-2026,https://uvas.edu.pk/
University of Veterinary and Animal Sciences,Lahore,Faculty of Pharmaceutical Sciences,PhD,Biochemistry,3–5 Years,MPhil/MS in relevant field with required CGPA.,UVAS Entry Test / Interview (as applicable),250000.0,1-August-2026,https://uvas.edu.pk/
University of Veterinary and Animal Sciences,Lahore,Faculty of Life Sciences,PhD,Environmental Sciences,3–5 Years,MPhil/MS in relevant field with required CGPA.,UVAS Entry Test / Interview (as applicable),250000.0,1-August-2026,https://uvas.edu.pk/
University of Veterinary and Animal Sciences,Lahore,College of Veterinary Sciences,PhD,Animal Nutrition,3–5 Years,MPhil/MS in relevant field with required CGPA.,UVAS Entry Test / Interview (as applicable),250000.0,1-August-2026,https://uvas.edu.pk/
University of Veterinary and Animal Sciences,Lahore,College of Veterinary Sciences,PhD,Dairy Technology,3–5 Years,MPhil/MS in relevant field with required CGPA.,UVAS Entry Test / Interview (as applicable),250000.0,1-August-2026,https://uvas.edu.pk/
University of Veterinary and Animal Sciences,Lahore,College of Veterinary Sciences,PhD,Veterinary Medicine,3–5 Years,MPhil/MS in relevant field with required CGPA.,UVAS Entry Test / Interview (as applicable),250000.0,1-August-2026,https://uvas.edu.pk/
University of Veterinary and Animal Sciences,Lahore,College of Veterinary Sciences,PhD,Veterinary Surgery,3–5 Years,MPhil/MS in relevant field with required CGPA.,UVAS Entry Test / Interview (as applicable),250000.0,1-August-2026,https://uvas.edu.pk/
University of Veterinary and Animal Sciences,Lahore,College of Veterinary Sciences,PhD,Veterinary Pathology,3–5 Years,MPhil/MS in relevant field with required CGPA.,UVAS Entry Test / Interview (as applicable),250000.0,1-August-2026,https://uvas.edu.pk/
University of Veterinary and Animal Sciences,Lahore,College of Veterinary Sciences,PhD,Parasitology,3–5 Years,MPhil/MS in relevant field with required CGPA.,UVAS Entry Test / Interview (as applicable),250000.0,1-August-2026,https://uvas.edu.pk/
University of Veterinary and Animal Sciences,Lahore,Faculty of Life Sciences,PhD,Epidemiology & Public Health,3–5 Years,MPhil/MS in relevant field with required CGPA.,UVAS Entry Test / Interview (as applicable),250000.0,1-August-2026,https://uvas.edu.pk/
University of Veterinary and Animal Sciences,Lahore,Faculty of Life Sciences,PhD,Wildlife & Ecology,3–5 Years,MPhil/MS in relevant field with required CGPA.,UVAS Entry Test / Interview (as applicable),250000.0,1-August-2026,https://uvas.edu.pk/
University of Veterinary and Animal Sciences,Lahore,Faculty of Life Sciences,PhD,Fisheries & Aquaculture,3–5 Years,MPhil/MS in relevant field with required CGPA.,UVAS Entry Test / Interview (as applicable),250000.0,1-August-2026,https://uvas.edu.pk/
University of Veterinary and Animal Sciences,Lahore,University of Veterinary and Animal Sciences,PhD,Pharmacology,3–5 Years,MPhil/MS in relevant field with required CGPA.,UVAS Entry Test / Interview (as applicable),250000.0,1-August-2026,https://uvas.edu.pk/
University of Veterinary and Animal Sciences,Lahore,Faculty of Life Sciences,PhD,Immunology,3–5 Years,MPhil/MS in relevant field with required CGPA.,UVAS Entry Test / Interview (as applicable),250000.0,1-August-2026,https://uvas.edu.pk/
University of Veterinary and Animal Sciences,Lahore,Faculty of Life Sciences,PhD,Molecular Biology,3–5 Years,MPhil/MS in relevant field with required CGPA.,UVAS Entry Test / Interview (as applicable),250000.0,1-August-2026,https://uvas.edu.pk/
